,flop,board_type,0b,1b,2b,profit
0,"[14, 14, 10]",two-tone,1,1,1,1.3045114815217393
1,"[14, 14, 10]",two-tone,2,2,2,1.3049257717391307
2,"[14, 14, 10]",two-tone,3,2,2,1.4446305312252967
3,"[14, 14, 10]",two-tone,4,3,2,2.123048381571147
4,"[14, 14, 10]",two-tone,8,6,4,2.460704622134388
5,"[14, 14, 10]",two-tone,15,10,7,4.105098874456522
6,"[14, 14, 10]",two-tone,16,11,8,4.105128211166008
