,flop,board_type,0b,1b,2b,profit
0,"[14, 14, 6]",two-tone,1,1,1,1.127380795271839
1,"[14, 14, 6]",two-tone,8,6,4,1.1908718733243644
2,"[14, 14, 6]",two-tone,10,7,5,1.213842366314486
3,"[14, 14, 6]",two-tone,15,10,7,1.5744222756557862
4,"[14, 14, 6]",two-tone,16,11,8,1.6829536416142736
