,flop,board_type,0b,1b,2b,profit
0,"[14, 14, 5]",two-tone,1,1,1,0.5594930829953777
1,"[14, 14, 5]",two-tone,8,6,4,0.6168247925855159
2,"[14, 14, 5]",two-tone,10,7,5,0.6390018118767333
3,"[14, 14, 5]",two-tone,15,10,7,0.9756397349337442
4,"[14, 14, 5]",two-tone,16,11,8,1.0704578427057012
