,flop,board_type,0b,1b,2b,profit
0,"[14, 14, 3]",two-tone,1,1,1,0.6427642417040361
1,"[14, 14, 3]",two-tone,2,2,2,0.6448213080717494
2,"[14, 14, 3]",two-tone,8,6,4,0.7092220955156955
3,"[14, 14, 3]",two-tone,10,7,5,0.7311821210762334
4,"[14, 14, 3]",two-tone,15,10,7,1.0562000878923774
5,"[14, 14, 3]",two-tone,16,11,8,1.1545282578475338
