,flop,board_type,0b,1b,2b,profit
0,"[14, 14, 2]",two-tone,1,1,1,0.6460413784753366
1,"[14, 14, 2]",two-tone,2,2,2,0.6465632789237673
2,"[14, 14, 2]",two-tone,8,6,4,0.7067775242152469
3,"[14, 14, 2]",two-tone,10,7,5,0.7289815766816147
4,"[14, 14, 2]",two-tone,15,10,7,1.0583643780269063
5,"[14, 14, 2]",two-tone,16,11,8,1.1541797762331842
