,flop,board_type,0b,1b,2b,profit
0,"[14, 13, 7]",two-tone,1,1,1,1.1190002362711862
1,"[14, 13, 7]",two-tone,2,2,2,1.4794869807627116
2,"[14, 13, 7]",two-tone,3,2,2,1.573065551694915
3,"[14, 13, 7]",two-tone,4,3,2,1.8539829152542373
4,"[14, 13, 7]",two-tone,8,6,4,2.181798779152542
5,"[14, 13, 7]",two-tone,15,10,7,3.5606256055932195
