,flop,board_type,0b,1b,2b,profit
0,"[14, 13, 2]",two-tone,1,1,1,0.8949737429245281
1,"[14, 13, 2]",two-tone,2,2,2,1.2159948066037733
2,"[14, 13, 2]",two-tone,3,2,2,1.3023246037735847
3,"[14, 13, 2]",two-tone,4,3,2,1.5506693160377354
4,"[14, 13, 2]",two-tone,8,6,4,1.937345860849056
5,"[14, 13, 2]",two-tone,10,7,5,1.9379404198113206
6,"[14, 13, 2]",two-tone,15,10,7,3.4728411603773575
7,"[14, 13, 2]",two-tone,16,11,8,3.473439667452829
