,flop,board_type,0b,1b,2b,profit
0,"[14, 12, 4]",two-tone,1,1,1,1.27163085449827
1,"[14, 12, 4]",two-tone,2,2,2,1.5840146828719721
2,"[14, 12, 4]",two-tone,3,2,2,1.681112982871972
3,"[14, 12, 4]",two-tone,4,3,2,1.9141310307958477
4,"[14, 12, 4]",two-tone,8,6,4,2.356485731747405
5,"[14, 12, 4]",two-tone,10,7,5,2.3581725447231827
6,"[14, 12, 4]",two-tone,15,10,7,3.865580802941176
7,"[14, 12, 4]",two-tone,16,11,8,3.8660819124567474
