,flop,board_type,0b,1b,2b,profit
0,"[14, 11, 6]",two-tone,1,1,1,1.1118106836538462
1,"[14, 11, 6]",two-tone,2,2,2,1.113722569230769
2,"[14, 11, 6]",two-tone,8,6,4,1.4417099644230766
3,"[14, 11, 6]",two-tone,15,10,7,2.7572354855769223
4,"[14, 11, 6]",two-tone,16,11,8,2.758071486538461
