,flop,board_type,0b,1b,2b,profit
0,"[14, 11, 5]",two-tone,1,1,1,0.7274895517647056
1,"[14, 11, 5]",two-tone,8,6,4,1.1340371752941172
2,"[14, 11, 5]",two-tone,10,7,5,1.1341948576470589
3,"[14, 11, 5]",two-tone,15,10,7,2.6864116811764696
4,"[14, 11, 5]",two-tone,16,11,8,2.6888004847058813
