,flop,board_type,0b,1b,2b,profit
0,"[14, 10, 10]",two-tone,1,1,1,1.5079831263081402
1,"[14, 10, 10]",two-tone,2,2,2,1.5090649539970933
2,"[14, 10, 10]",two-tone,3,2,2,1.6705863109738375
3,"[14, 10, 10]",two-tone,4,3,2,2.2459342125000004
4,"[14, 10, 10]",two-tone,8,6,4,2.6120816792877912
5,"[14, 10, 10]",two-tone,15,10,7,4.112160940843024
