,flop,board_type,0b,1b,2b,profit
0,"[14, 10, 9]",two-tone,1,1,1,1.360193127636032
1,"[14, 10, 9]",two-tone,2,2,2,1.7617267227284559
2,"[14, 10, 9]",two-tone,3,2,2,1.882898575117157
3,"[14, 10, 9]",two-tone,4,3,2,2.1739281964267114
4,"[14, 10, 9]",two-tone,8,6,4,2.591753166024472
5,"[14, 10, 9]",two-tone,10,7,5,2.5921423517052844
6,"[14, 10, 9]",two-tone,15,10,7,3.8202653049140842
