,flop,board_type,0b,1b,2b,profit
0,"[14, 9, 7]",two-tone,1,1,1,1.7663937788461543
1,"[14, 9, 7]",two-tone,2,2,2,1.7669005192307699
2,"[14, 9, 7]",two-tone,3,2,2,1.8864494447115392
3,"[14, 9, 7]",two-tone,4,3,2,2.156776631009616
4,"[14, 9, 7]",two-tone,8,6,4,2.470057887019231
5,"[14, 9, 7]",two-tone,10,7,5,2.648673303285257
6,"[14, 9, 7]",two-tone,15,10,7,3.4436411446314112
7,"[14, 9, 7]",two-tone,16,11,8,3.5027389883814113
