,flop,board_type,0b,1b,2b,profit
0,"[14, 9, 2]",two-tone,1,1,1,1.433652593711968
1,"[14, 9, 2]",two-tone,2,2,2,1.4359812984787022
2,"[14, 9, 2]",two-tone,3,2,2,1.4367280482758624
3,"[14, 9, 2]",two-tone,4,3,2,1.556300200895876
4,"[14, 9, 2]",two-tone,8,6,4,2.151576700163399
5,"[14, 9, 2]",two-tone,10,7,5,2.185735007865675
6,"[14, 9, 2]",two-tone,15,10,7,3.377231283119226
7,"[14, 9, 2]",two-tone,16,11,8,3.4285463866745554
