,flop,board_type,0b,1b,2b,profit
0,"[14, 8, 3]",two-tone,1,1,1,1.620712690063144
1,"[14, 8, 3]",two-tone,2,2,2,1.6231413613825196
2,"[14, 8, 3]",two-tone,8,6,4,1.8814639497950596
3,"[14, 8, 3]",two-tone,10,7,5,1.9132174031571958
4,"[14, 8, 3]",two-tone,15,10,7,2.8160288531959683
5,"[14, 8, 3]",two-tone,16,11,8,2.931435635294119
