,flop,board_type,0b,1b,2b,profit
0,"[14, 7, 3]",two-tone,1,1,1,1.599800080425391
1,"[14, 7, 3]",two-tone,2,2,2,1.6002587116982394
2,"[14, 7, 3]",two-tone,8,6,4,1.7684403035892329
3,"[14, 7, 3]",two-tone,10,7,5,1.805341123296777
4,"[14, 7, 3]",two-tone,15,10,7,2.3935894865957685
5,"[14, 7, 3]",two-tone,16,11,8,2.5172997972748425
