,flop,board_type,0b,1b,2b,profit
0,"[14, 7, 2]",two-tone,1,1,1,1.6075794420073115
1,"[14, 7, 2]",two-tone,2,2,2,1.6097404813891663
2,"[14, 7, 2]",two-tone,8,6,4,1.78118583006536
3,"[14, 7, 2]",two-tone,10,7,5,1.808099065304088
4,"[14, 7, 2]",two-tone,15,10,7,2.406531509360807
5,"[14, 7, 2]",two-tone,16,11,8,2.525902394981722
