,flop,board_type,0b,1b,2b,profit
0,"[14, 6, 3]",two-tone,1,1,1,1.6101087357567743
1,"[14, 6, 3]",two-tone,2,2,2,1.6144495414408462
2,"[14, 6, 3]",two-tone,8,6,4,1.6887414164573693
3,"[14, 6, 3]",two-tone,10,7,5,1.7209047128056847
4,"[14, 6, 3]",two-tone,15,10,7,1.99289187962657
5,"[14, 6, 3]",two-tone,16,11,8,2.1155339427792472
