,flop,board_type,0b,1b,2b,profit
0,"[13, 13, 12]",two-tone,1,1,1,0.8378025985004685
1,"[13, 13, 12]",two-tone,2,2,2,1.1030539031396445
2,"[13, 13, 12]",two-tone,3,2,2,1.104485742736645
3,"[13, 13, 12]",two-tone,4,3,2,1.1060086279287726
4,"[13, 13, 12]",two-tone,8,6,4,1.5645404375820058
5,"[13, 13, 12]",two-tone,10,7,5,1.5654980387066546
6,"[13, 13, 12]",two-tone,15,10,7,2.8216488165885667
7,"[13, 13, 12]",two-tone,16,11,8,2.8219922084348648
