,flop,board_type,0b,1b,2b,profit
0,"[13, 13, 11]",two-tone,1,1,1,0.39950072105455253
1,"[13, 13, 11]",two-tone,2,2,2,0.4007800583835068
2,"[13, 13, 11]",two-tone,3,2,2,0.403388915982485
3,"[13, 13, 11]",two-tone,4,3,2,0.40545656467797836
4,"[13, 13, 11]",two-tone,8,6,4,0.8583266267469447
5,"[13, 13, 11]",two-tone,15,10,7,2.181719598777596
6,"[13, 13, 11]",two-tone,16,11,8,2.1827917961320935
