,flop,board_type,0b,1b,2b,profit
0,"[13, 13, 10]",two-tone,1,1,1,0.8994039473110607
1,"[13, 13, 10]",two-tone,2,2,2,1.1771970663874614
2,"[13, 13, 10]",two-tone,8,6,4,1.5612256317945303
3,"[13, 13, 10]",two-tone,15,10,7,2.668786979830573
