,flop,board_type,0b,1b,2b,profit
0,"[13, 12, 12]",two-tone,1,1,1,1.4632835127108645
1,"[13, 12, 12]",two-tone,2,2,2,1.7672487593488264
2,"[13, 12, 12]",two-tone,8,6,4,2.2074847462250795
3,"[13, 12, 12]",two-tone,15,10,7,3.637459802082105
4,"[13, 12, 12]",two-tone,16,11,8,3.6375687213636905
