,flop,board_type,0b,1b,2b,profit
0,"[13, 12, 10]",two-tone,1,1,1,2.2809872166249994
1,"[13, 12, 10]",two-tone,8,6,4,3.211684634499999
2,"[13, 12, 10]",two-tone,15,10,7,4.358999868999999
