,flop,board_type,0b,1b,2b,profit
0,"[13, 12, 8]",two-tone,1,1,1,1.4499220150000003
1,"[13, 12, 8]",two-tone,2,2,2,1.7272008832857146
2,"[13, 12, 8]",two-tone,3,2,2,1.8257881809999996
3,"[13, 12, 8]",two-tone,4,3,2,1.9841259524285713
4,"[13, 12, 8]",two-tone,8,6,4,2.401906699857142
5,"[13, 12, 8]",two-tone,15,10,7,3.3982705488571425
