,flop,board_type,0b,1b,2b,profit
0,"[13, 12, 7]",two-tone,1,1,1,1.4881458147142859
1,"[13, 12, 7]",two-tone,2,2,2,1.7630480118571432
2,"[13, 12, 7]",two-tone,3,2,2,1.862688326285714
3,"[13, 12, 7]",two-tone,4,3,2,2.021857884142857
4,"[13, 12, 7]",two-tone,8,6,4,2.4163461099999997
5,"[13, 12, 7]",two-tone,10,7,5,2.4171784535714282
6,"[13, 12, 7]",two-tone,15,10,7,3.398418331
7,"[13, 12, 7]",two-tone,16,11,8,3.3988744471428562
