,flop,board_type,0b,1b,2b,profit
0,"[13, 11, 11]",two-tone,1,1,1,0.9854557855113635
1,"[13, 11, 11]",two-tone,2,2,2,0.9884106224431818
2,"[13, 11, 11]",two-tone,3,2,2,0.988646707386364
3,"[13, 11, 11]",two-tone,8,6,4,1.3948803640625003
4,"[13, 11, 11]",two-tone,15,10,7,2.7708250999999997
