,flop,board_type,0b,1b,2b,profit
0,"[13, 10, 7]",two-tone,1,1,1,1.4327492409523814
1,"[13, 10, 7]",two-tone,2,2,2,1.7138375986394556
2,"[13, 10, 7]",two-tone,8,6,4,2.0439729514965985
3,"[13, 10, 7]",two-tone,15,10,7,2.850488070748299
