,flop,board_type,0b,1b,2b,profit
0,"[13, 10, 4]",two-tone,1,1,1,1.3614838900000001
1,"[13, 10, 4]",two-tone,2,2,2,1.6080873902702697
2,"[13, 10, 4]",two-tone,3,2,2,1.6115941093243245
3,"[13, 10, 4]",two-tone,8,6,4,2.0027391278378377
4,"[13, 10, 4]",two-tone,10,7,5,2.003278736621622
5,"[13, 10, 4]",two-tone,15,10,7,2.934355762162162
6,"[13, 10, 4]",two-tone,16,11,8,2.935270681486487
