,flop,board_type,0b,1b,2b,profit
0,"[12, 12, 11]",two-tone,1,1,1,1.231989709051724
1,"[12, 12, 11]",two-tone,8,6,4,1.634197988505747
2,"[12, 12, 11]",two-tone,10,7,5,1.6342973096264366
3,"[12, 12, 11]",two-tone,15,10,7,3.11174838362069
4,"[12, 12, 11]",two-tone,16,11,8,3.112241393678161
