,flop,board_type,0b,1b,2b,profit
0,"[12, 12, 5]",two-tone,1,1,1,1.103992220835971
1,"[12, 12, 5]",two-tone,2,2,2,1.1060488263390142
2,"[12, 12, 5]",two-tone,8,6,4,1.7230325451500306
