,flop,board_type,0b,1b,2b,profit
0,"[12, 12, 4]",two-tone,1,1,1,1.18971529179895
1,"[12, 12, 4]",two-tone,2,2,2,1.1904009322400597
2,"[12, 12, 4]",two-tone,3,2,2,1.1916835274928732
3,"[12, 12, 4]",two-tone,4,3,2,1.2812433695288825
4,"[12, 12, 4]",two-tone,8,6,4,1.788486223182295
5,"[12, 12, 4]",two-tone,10,7,5,1.7887131114313575
