,flop,board_type,0b,1b,2b,profit
0,"[12, 11, 11]",two-tone,1,1,1,1.2348809076066796
1,"[12, 11, 11]",two-tone,2,2,2,1.2361867588126159
2,"[12, 11, 11]",two-tone,8,6,4,1.6468818217996297
3,"[12, 11, 11]",two-tone,15,10,7,3.1931921476808904
4,"[12, 11, 11]",two-tone,16,11,8,3.1939384248608538
