,flop,board_type,0b,1b,2b,profit
0,"[12, 11, 8]",two-tone,1,1,1,2.0048964942511787
1,"[12, 11, 8]",two-tone,2,2,2,2.3183872859227592
2,"[12, 11, 8]",two-tone,3,2,2,2.53318470001474
3,"[12, 11, 8]",two-tone,4,3,2,3.527190675103183
4,"[12, 11, 8]",two-tone,8,6,4,3.686547167791862
5,"[12, 11, 8]",two-tone,10,7,5,3.687009224660966
6,"[12, 11, 8]",two-tone,15,10,7,4.315542014033019
