,flop,board_type,0b,1b,2b,profit
0,"[12, 11, 7]",two-tone,1,1,1,1.5963934317620052
1,"[12, 11, 7]",two-tone,2,2,2,1.597015156073446
2,"[12, 11, 7]",two-tone,3,2,2,1.6911566528954798
3,"[12, 11, 7]",two-tone,4,3,2,1.884835926112288
4,"[12, 11, 7]",two-tone,8,6,4,2.264003868908898
5,"[12, 11, 7]",two-tone,10,7,5,2.2645419585098865
6,"[12, 11, 7]",two-tone,15,10,7,3.3640490798022595
7,"[12, 11, 7]",two-tone,16,11,8,3.3651373524011294
