,flop,board_type,0b,1b,2b,profit
0,"[12, 10, 10]",two-tone,1,1,1,1.6740773468085108
1,"[12, 10, 10]",two-tone,2,2,2,1.9957047379939215
2,"[12, 10, 10]",two-tone,8,6,4,2.401183113069909
3,"[12, 10, 10]",two-tone,15,10,7,3.637307577507599
