,flop,board_type,0b,1b,2b,profit
0,"[12, 10, 9]",two-tone,1,1,1,2.006740280368234
1,"[12, 10, 9]",two-tone,2,2,2,2.008692239884649
2,"[12, 10, 9]",two-tone,3,2,2,2.1531294025732026
3,"[12, 10, 9]",two-tone,4,3,2,2.7485000804791477
4,"[12, 10, 9]",two-tone,8,6,4,2.910717427950309
5,"[12, 10, 9]",two-tone,10,7,5,2.9109286447870435
6,"[12, 10, 9]",two-tone,15,10,7,3.6412477248225366
7,"[12, 10, 9]",two-tone,16,11,8,3.641642265882874
