,flop,board_type,0b,1b,2b,profit
0,"[12, 9, 6]",two-tone,1,1,1,1.8629079550694443
1,"[12, 9, 6]",two-tone,2,2,2,2.185581364479167
2,"[12, 9, 6]",two-tone,3,2,2,2.3266157351388888
3,"[12, 9, 6]",two-tone,4,3,2,2.519543883611111
4,"[12, 9, 6]",two-tone,8,6,4,2.746769441197916
5,"[12, 9, 6]",two-tone,10,7,5,2.7946258697222217
6,"[12, 9, 6]",two-tone,15,10,7,3.5348461416087957
