,flop,board_type,0b,1b,2b,profit
0,"[12, 8, 7]",two-tone,1,1,1,1.9696804499999998
1,"[12, 8, 7]",two-tone,2,2,2,1.9703605656249996
2,"[12, 8, 7]",two-tone,3,2,2,2.117600425
3,"[12, 8, 7]",two-tone,4,3,2,2.4671277874999995
4,"[12, 8, 7]",two-tone,8,6,4,2.82012500625
5,"[12, 8, 7]",two-tone,10,7,5,2.885756532291666
6,"[12, 8, 7]",two-tone,15,10,7,3.2541140916666658
