,flop,board_type,0b,1b,2b,profit
0,"[12, 7, 4]",two-tone,1,1,1,1.8006741470588241
1,"[12, 7, 4]",two-tone,2,2,2,1.802817235294118
2,"[12, 7, 4]",two-tone,8,6,4,2.5309926657754023
3,"[12, 7, 4]",two-tone,10,7,5,2.5659033894830676
4,"[12, 7, 4]",two-tone,15,10,7,2.9396373770053486
5,"[12, 7, 4]",two-tone,16,11,8,2.9425403743315517
