,flop,board_type,0b,1b,2b,profit
0,"[12, 6, 4]",two-tone,1,1,1,1.8153440112953696
1,"[12, 6, 4]",two-tone,8,6,4,2.438735071120151
2,"[12, 6, 4]",two-tone,10,7,5,2.4734190812891117
3,"[12, 6, 4]",two-tone,15,10,7,2.587220858385482
4,"[12, 6, 4]",two-tone,16,11,8,2.58746391445557
