,flop,board_type,0b,1b,2b,profit
0,"[12, 6, 3]",two-tone,1,1,1,1.823512671526909
1,"[12, 6, 3]",two-tone,8,6,4,2.4427839630162707
2,"[12, 6, 3]",two-tone,10,7,5,2.4821882928452235
3,"[12, 6, 3]",two-tone,15,10,7,2.590224863078849
