,flop,board_type,0b,1b,2b,profit
0,"[12, 4, 2]",two-tone,1,1,1,1.6064612965277782
1,"[12, 4, 2]",two-tone,2,2,2,1.607156318055556
2,"[12, 4, 2]",two-tone,8,6,4,2.162220342361111
3,"[12, 4, 2]",two-tone,10,7,5,2.1976824916666664
4,"[12, 4, 2]",two-tone,15,10,7,2.2983916078703706
