,flop,board_type,0b,1b,2b,profit
0,"[11, 11, 6]",two-tone,1,1,1,1.0838066196660479
1,"[11, 11, 6]",two-tone,8,6,4,1.0842070983302414
2,"[11, 11, 6]",two-tone,10,7,5,1.084285810760668
