,flop,board_type,0b,1b,2b,profit
0,"[11, 10, 9]",two-tone,1,1,1,1.7151262993417928
1,"[11, 10, 9]",two-tone,2,2,2,2.4353689092109416
2,"[11, 10, 9]",two-tone,3,2,2,2.5918793050086966
3,"[11, 10, 9]",two-tone,4,3,2,3.171875435416666
4,"[11, 10, 9]",two-tone,8,6,4,3.263689215836495
5,"[11, 10, 9]",two-tone,15,10,7,3.6345186722782246
6,"[11, 10, 9]",two-tone,16,11,8,3.636424813877687
