,flop,board_type,0b,1b,2b,profit
0,"[11, 10, 7]",two-tone,1,1,1,1.8273239499390428
1,"[11, 10, 7]",two-tone,2,2,2,1.8276710006095704
2,"[11, 10, 7]",two-tone,3,2,2,2.134137962282841
3,"[11, 10, 7]",two-tone,4,3,2,3.020587343950015
4,"[11, 10, 7]",two-tone,8,6,4,3.12473765818348
5,"[11, 10, 7]",two-tone,15,10,7,3.4419083447881738
6,"[11, 10, 7]",two-tone,16,11,8,3.442297814843035
