,flop,board_type,0b,1b,2b,profit
0,"[11, 7, 3]",two-tone,1,1,1,1.5723626073684216
1,"[11, 7, 3]",two-tone,2,2,2,1.5787992944736846
2,"[11, 7, 3]",two-tone,8,6,4,1.670345839868421
3,"[11, 7, 3]",two-tone,10,7,5,1.7065473615789468
4,"[11, 7, 3]",two-tone,15,10,7,2.050841638157894
5,"[11, 7, 3]",two-tone,16,11,8,2.0512191321052624
