,flop,board_type,0b,1b,2b,profit
0,"[11, 4, 4]",two-tone,1,1,1,1.1940811706060603
1,"[11, 4, 4]",two-tone,2,2,2,1.196296743939394
2,"[11, 4, 4]",two-tone,3,2,2,1.1975013569696964
3,"[11, 4, 4]",two-tone,16,11,8,1.1985119012121213
