,flop,board_type,0b,1b,2b,profit
0,"[10, 9, 5]",two-tone,1,1,1,1.3728039662139038
1,"[10, 9, 5]",two-tone,2,2,2,1.6545378084919788
2,"[10, 9, 5]",two-tone,3,2,2,1.7976031001925135
3,"[10, 9, 5]",two-tone,4,3,2,1.9549373882139038
4,"[10, 9, 5]",two-tone,8,6,4,2.303431495144385
5,"[10, 9, 5]",two-tone,10,7,5,2.3043769014438498
6,"[10, 9, 5]",two-tone,15,10,7,3.1084595611978605
7,"[10, 9, 5]",two-tone,16,11,8,3.111035381893047
