,flop,board_type,0b,1b,2b,profit
0,"[10, 9, 4]",two-tone,1,1,1,1.4428203567999998
1,"[10, 9, 4]",two-tone,2,2,2,1.7172184764210527
2,"[10, 9, 4]",two-tone,3,2,2,1.8627758265684213
3,"[10, 9, 4]",two-tone,4,3,2,2.006188758021052
4,"[10, 9, 4]",two-tone,8,6,4,2.357845925263157
5,"[10, 9, 4]",two-tone,10,7,5,2.3590700199052623
6,"[10, 9, 4]",two-tone,15,10,7,3.1315570315789474
7,"[10, 9, 4]",two-tone,16,11,8,3.131951333894736
