,flop,board_type,0b,1b,2b,profit
0,"[10, 8, 4]",two-tone,1,1,1,1.671992366632124
1,"[10, 8, 4]",two-tone,2,2,2,2.1798740172020725
2,"[10, 8, 4]",two-tone,3,2,2,2.3221506729533674
3,"[10, 8, 4]",two-tone,4,3,2,2.4666931276683934
4,"[10, 8, 4]",two-tone,8,6,4,2.5660773490155435
5,"[10, 8, 4]",two-tone,10,7,5,2.721510131398963
6,"[10, 8, 4]",two-tone,15,10,7,3.109165613056994
