,flop,board_type,0b,1b,2b,profit
0,"[10, 7, 7]",two-tone,1,1,1,1.5777270089005238
1,"[10, 7, 7]",two-tone,2,2,2,1.582104389319372
2,"[10, 7, 7]",two-tone,3,2,2,1.5837133720942413
3,"[10, 7, 7]",two-tone,4,3,2,1.7359182718848172
4,"[10, 7, 7]",two-tone,8,6,4,2.063719791623037
5,"[10, 7, 7]",two-tone,10,7,5,2.205351736282723
6,"[10, 7, 7]",two-tone,15,10,7,2.5855996351832466
