,flop,board_type,0b,1b,2b,profit
0,"[10, 6, 2]",two-tone,1,1,1,1.7795353417525774
1,"[10, 6, 2]",two-tone,2,2,2,1.7802490055670104
2,"[10, 6, 2]",two-tone,8,6,4,2.0785019759793815
3,"[10, 6, 2]",two-tone,10,7,5,2.229819406804124
4,"[10, 6, 2]",two-tone,15,10,7,2.37257599185567
