,flop,board_type,0b,1b,2b,profit
0,"[10, 5, 5]",two-tone,1,1,1,1.5138362947169812
1,"[10, 5, 5]",two-tone,2,2,2,1.515377417358491
2,"[10, 5, 5]",two-tone,3,2,2,1.517627470943397
3,"[10, 5, 5]",two-tone,4,3,2,1.6556780901886794
4,"[10, 5, 5]",two-tone,8,6,4,1.793939273962264
5,"[10, 5, 5]",two-tone,10,7,5,1.9282903630188677
6,"[10, 5, 5]",two-tone,15,10,7,2.062669195094339
7,"[10, 5, 5]",two-tone,16,11,8,2.0655877486792447
