,flop,board_type,0b,1b,2b,profit
0,"[10, 5, 3]",two-tone,1,1,1,1.515187158490566
1,"[10, 5, 3]",two-tone,8,6,4,1.7935780452830186
2,"[10, 5, 3]",two-tone,10,7,5,1.9221198037735854
3,"[10, 5, 3]",two-tone,15,10,7,2.0612243981132083
4,"[10, 5, 3]",two-tone,16,11,8,2.0623755830188686
