,flop,board_type,0b,1b,2b,profit
0,"[10, 4, 4]",two-tone,1,1,1,1.600531949685535
1,"[10, 4, 4]",two-tone,8,6,4,1.8705231569182392
2,"[10, 4, 4]",two-tone,10,7,5,2.0035727974842765
3,"[10, 4, 4]",two-tone,15,10,7,2.135094255345912
4,"[10, 4, 4]",two-tone,16,11,8,2.1361964427672957
