,flop,board_type,0b,1b,2b,profit
0,"[9, 9, 8]",two-tone,1,1,1,1.460877053448276
1,"[9, 9, 8]",two-tone,2,2,2,1.7620788034482762
2,"[9, 9, 8]",two-tone,3,2,2,1.8789215931034486
3,"[9, 9, 8]",two-tone,4,3,2,2.066088020689656
4,"[9, 9, 8]",two-tone,8,6,4,2.313390503448276
5,"[9, 9, 8]",two-tone,10,7,5,2.452008803448276
6,"[9, 9, 8]",two-tone,15,10,7,3.1399250000000007
7,"[9, 9, 8]",two-tone,16,11,8,3.141351944827587
