,flop,board_type,0b,1b,2b,profit
0,"[9, 9, 5]",two-tone,1,1,1,1.0303793116073785
1,"[9, 9, 5]",two-tone,8,6,4,1.3802891805928856
2,"[9, 9, 5]",two-tone,10,7,5,1.5566078560210808
3,"[9, 9, 5]",two-tone,15,10,7,1.8063904572068514
