,flop,board_type,0b,1b,2b,profit
0,"[9, 9, 3]",two-tone,1,1,1,1.1165966979999995
1,"[9, 9, 3]",two-tone,2,2,2,1.1166822332727269
2,"[9, 9, 3]",two-tone,3,2,2,1.1177687401818184
3,"[9, 9, 3]",two-tone,4,3,2,1.241742048909091
4,"[9, 9, 3]",two-tone,8,6,4,1.457139879727273
5,"[9, 9, 3]",two-tone,10,7,5,1.5764849036363633
6,"[9, 9, 3]",two-tone,15,10,7,1.8689771887272728
7,"[9, 9, 3]",two-tone,16,11,8,1.8718289325454547
