,flop,board_type,0b,1b,2b,profit
0,"[9, 8, 8]",two-tone,1,1,1,1.6898312551047123
1,"[9, 8, 8]",two-tone,2,2,2,1.9764681086387434
2,"[9, 8, 8]",two-tone,3,2,2,2.0966326767015704
3,"[9, 8, 8]",two-tone,4,3,2,2.2747738460732982
4,"[9, 8, 8]",two-tone,8,6,4,2.505585139267016
5,"[9, 8, 8]",two-tone,10,7,5,2.6424690020942405
6,"[9, 8, 8]",two-tone,15,10,7,3.29926090052356
