,flop,board_type,0b,1b,2b,profit
0,"[9, 8, 7]",two-tone,1,1,1,2.388580300053424
1,"[9, 8, 7]",two-tone,2,2,2,3.0038341502190398
2,"[9, 8, 7]",two-tone,3,2,2,3.2457483375574308
3,"[9, 8, 7]",two-tone,4,3,2,3.684426407094774
4,"[9, 8, 7]",two-tone,8,6,4,3.686656476461159
