,flop,board_type,0b,1b,2b,profit
0,"[9, 7, 3]",two-tone,1,1,1,1.606729549609375
1,"[9, 7, 3]",two-tone,8,6,4,1.9618194132812499
2,"[9, 7, 3]",two-tone,10,7,5,2.1015677874999996
3,"[9, 7, 3]",two-tone,15,10,7,2.40561205625
4,"[9, 7, 3]",two-tone,16,11,8,2.4062700234374996
