,flop,board_type,0b,1b,2b,profit
0,"[9, 7, 2]",two-tone,1,1,1,1.6083689285156246
1,"[9, 7, 2]",two-tone,2,2,2,1.60941426171875
2,"[9, 7, 2]",two-tone,3,2,2,1.7426951781249997
3,"[9, 7, 2]",two-tone,4,3,2,1.91111080703125
4,"[9, 7, 2]",two-tone,8,6,4,1.9629726601562494
5,"[9, 7, 2]",two-tone,10,7,5,2.0958753320312495
6,"[9, 7, 2]",two-tone,15,10,7,2.4067317171875
7,"[9, 7, 2]",two-tone,16,11,8,2.4080674593749998
