,flop,board_type,0b,1b,2b,profit
0,"[9, 6, 6]",two-tone,1,1,1,1.6704955285156253
1,"[9, 6, 6]",two-tone,2,2,2,1.6719253872395834
2,"[9, 6, 6]",two-tone,8,6,4,2.0823428473958336
3,"[9, 6, 6]",two-tone,10,7,5,2.286413363541667
4,"[9, 6, 6]",two-tone,15,10,7,2.4835053765625004
