,flop,board_type,0b,1b,2b,profit
0,"[9, 3, 3]",two-tone,1,1,1,1.4636621887771113
1,"[9, 3, 3]",two-tone,2,2,2,1.4648170868204895
2,"[9, 3, 3]",two-tone,3,2,2,1.465444238375635
3,"[9, 3, 3]",two-tone,4,3,2,1.5967036858144898
4,"[9, 3, 3]",two-tone,8,6,4,1.799998126626673
5,"[9, 3, 3]",two-tone,10,7,5,1.9182998092478083
6,"[9, 3, 3]",two-tone,15,10,7,2.191575689164744
