,flop,board_type,0b,1b,2b,profit
0,"[8, 7, 3]",two-tone,1,1,1,2.214686032051282
1,"[8, 7, 3]",two-tone,8,6,4,2.5458582772435894
2,"[8, 7, 3]",two-tone,10,7,5,2.5979570096153846
3,"[8, 7, 3]",two-tone,15,10,7,2.773774621794871
4,"[8, 7, 3]",two-tone,16,11,8,2.855977772435897
