,flop,board_type,0b,1b,2b,profit
0,"[8, 6, 3]",two-tone,1,1,1,2.276822228316326
1,"[8, 6, 3]",two-tone,2,2,2,2.277388527168367
2,"[8, 6, 3]",two-tone,3,2,2,2.2830225143494896
3,"[8, 6, 3]",two-tone,8,6,4,2.384457343048469
4,"[8, 6, 3]",two-tone,10,7,5,2.517786490688775
5,"[8, 6, 3]",two-tone,15,10,7,2.851293885586734
6,"[8, 6, 3]",two-tone,16,11,8,2.930028812882652
