,flop,board_type,0b,1b,2b,profit
0,"[8, 6, 2]",two-tone,1,1,1,2.2774174281249997
1,"[8, 6, 2]",two-tone,2,2,2,2.2781402528061223
2,"[8, 6, 2]",two-tone,3,2,2,2.27837417257653
3,"[8, 6, 2]",two-tone,4,3,2,2.2793048254464283
4,"[8, 6, 2]",two-tone,8,6,4,2.3838858042729587
5,"[8, 6, 2]",two-tone,10,7,5,2.5143295807397954
6,"[8, 6, 2]",two-tone,15,10,7,2.848997174362244
7,"[8, 6, 2]",two-tone,16,11,8,2.9318818653061216
