,flop,board_type,0b,1b,2b,profit
0,"[7, 7, 2]",two-tone,1,1,1,2.369213324901186
1,"[7, 7, 2]",two-tone,8,6,4,2.457160255204216
2,"[7, 7, 2]",two-tone,10,7,5,2.49994822740448
3,"[7, 7, 2]",two-tone,15,10,7,2.7292547341238476
4,"[7, 7, 2]",two-tone,16,11,8,2.870642908827405
