,flop,board_type,0b,1b,2b,profit
0,"[7, 6, 5]",two-tone,1,1,1,2.6779731178756476
1,"[7, 6, 5]",two-tone,8,6,4,2.7737083568652845
2,"[7, 6, 5]",two-tone,10,7,5,2.9477960098445584
3,"[7, 6, 5]",two-tone,15,10,7,3.0815415590673565
4,"[7, 6, 5]",two-tone,16,11,8,3.23547185181347
