,flop,board_type,0b,1b,2b,profit
0,"[7, 6, 3]",two-tone,1,1,1,2.771036185
1,"[7, 6, 3]",two-tone,8,6,4,2.8679144137499994
2,"[7, 6, 3]",two-tone,10,7,5,2.9111946974999987
3,"[7, 6, 3]",two-tone,15,10,7,3.161229099999999
4,"[7, 6, 3]",two-tone,16,11,8,3.311871919999999
