,flop,board_type,0b,1b,2b,profit
0,"[7, 2, 2]",two-tone,1,1,1,2.492849549527273
1,"[7, 2, 2]",two-tone,2,2,2,2.4970568941090905
2,"[7, 2, 2]",two-tone,8,6,4,2.588383128872727
3,"[7, 2, 2]",two-tone,10,7,5,2.6259344211636364
4,"[7, 2, 2]",two-tone,15,10,7,2.8490839602909093
5,"[7, 2, 2]",two-tone,16,11,8,2.993093626327273
