,flop,board_type,0b,1b,2b,profit
0,"[6, 5, 4]",two-tone,1,1,1,2.8838107055371895
1,"[6, 5, 4]",two-tone,8,6,4,2.9706736645638196
2,"[6, 5, 4]",two-tone,10,7,5,3.0703246177043155
3,"[6, 5, 4]",two-tone,15,10,7,3.2567551122497695
4,"[6, 5, 4]",two-tone,16,11,8,3.393492895500459
