,flop,board_type,0b,1b,2b,profit
0,"[5, 4, 2]",two-tone,1,1,1,3.234544508620689
1,"[5, 4, 2]",two-tone,2,2,2,3.2347205797413787
2,"[5, 4, 2]",two-tone,8,6,4,3.305154084698275
3,"[5, 4, 2]",two-tone,10,7,5,3.3363511159482746
4,"[5, 4, 2]",two-tone,15,10,7,3.580700774999999
5,"[5, 4, 2]",two-tone,16,11,8,3.691918199999999
