,flop,board_type,0b,1b,2b,profit
0,"[5, 3, 2]",two-tone,1,1,1,3.257178042241379
1,"[5, 3, 2]",two-tone,8,6,4,3.3264114329741368
2,"[5, 3, 2]",two-tone,10,7,5,3.3546220543103438
3,"[5, 3, 2]",two-tone,15,10,7,3.60006901551724
4,"[5, 3, 2]",two-tone,16,11,8,3.7079298379310335
