,flop,board_type,0b,1b,2b,profit
0,"[4, 4, 2]",two-tone,1,1,1,3.135967092941811
1,"[4, 4, 2]",two-tone,8,6,4,3.215068706357759
2,"[4, 4, 2]",two-tone,10,7,5,3.247934975754311
3,"[4, 4, 2]",two-tone,15,10,7,3.4715616411637935
4,"[4, 4, 2]",two-tone,16,11,8,3.594424375
