,flop,board_type,0b,1b,2b,profit
0,"[4, 3, 2]",two-tone,1,1,1,3.204950815904121
1,"[4, 3, 2]",two-tone,8,6,4,3.2819973366442383
2,"[4, 3, 2]",two-tone,10,7,5,3.3136236560639185
3,"[4, 3, 2]",two-tone,15,10,7,3.5429594338435653
4,"[4, 3, 2]",two-tone,16,11,8,3.662540617190916
