,flop,board_type,0b,1b,2b,profit
0,"[3, 3, 2]",two-tone,1,1,1,3.1380310390625006
1,"[3, 3, 2]",two-tone,8,6,4,3.215344304956897
2,"[3, 3, 2]",two-tone,10,7,5,3.249646044719828
3,"[3, 3, 2]",two-tone,15,10,7,3.473074544181035
4,"[3, 3, 2]",two-tone,16,11,8,3.5955646767241385
