,flop,board_type,0b,1b,2b,profit
0,"[14, 14, 4]",rainbow,1,1,1,-4.724072676184021
1,"[14, 14, 4]",rainbow,8,6,4,-4.298256721416546
2,"[14, 14, 4]",rainbow,10,7,5,-4.164633555996577
