,flop,board_type,0b,1b,2b,profit
0,"[14, 12, 12]",rainbow,1,1,1,-6.8919470970524355
1,"[14, 12, 12]",rainbow,15,10,7,-6.641005988223938
2,"[14, 12, 12]",rainbow,16,11,8,-6.638346451737451
