,flop,board_type,0b,1b,2b,profit
0,"[14, 10, 5]",rainbow,1,1,1,-4.675560265319554
1,"[14, 10, 5]",rainbow,2,2,2,-4.671591906070082
