,flop,board_type,0b,1b,2b,profit
0,"[14, 8, 8]",rainbow,1,1,1,-6.374303358390949
1,"[14, 8, 8]",rainbow,8,6,4,-4.932234576175441
