,flop,board_type,0b,1b,2b,profit
0,"[14, 8, 6]",rainbow,1,1,1,-6.03980719203855
1,"[14, 8, 6]",rainbow,8,6,4,-4.766454410643202
2,"[14, 8, 6]",rainbow,10,7,5,-4.442281820064234
