,flop,board_type,0b,1b,2b,profit
0,"[14, 6, 3]",rainbow,1,1,1,-8.274647219476744
1,"[14, 6, 3]",rainbow,8,6,4,-6.95186347238372
2,"[14, 6, 3]",rainbow,10,7,5,-6.806617523982558
