,flop,board_type,0b,1b,2b,profit
0,"[14, 5, 4]",rainbow,1,1,1,-8.044207153585273
1,"[14, 5, 4]",rainbow,2,2,2,-8.04130703875969
2,"[14, 5, 4]",rainbow,8,6,4,-6.723731463905039
3,"[14, 5, 4]",rainbow,10,7,5,-6.564566398498061
