,flop,board_type,0b,1b,2b,profit
0,"[14, 5, 2]",rainbow,1,1,1,-8.198981686288759
1,"[14, 5, 2]",rainbow,2,2,2,-8.19395808381783
2,"[14, 5, 2]",rainbow,3,2,2,-8.192734997335272
3,"[14, 5, 2]",rainbow,8,6,4,-6.887852335271316
4,"[14, 5, 2]",rainbow,10,7,5,-6.7443579290213185
