,flop,board_type,0b,1b,2b,profit
0,"[13, 13, 13]",rainbow,1,1,1,-4.690447605089176
1,"[13, 13, 13]",rainbow,2,2,2,-4.685356788095712
2,"[13, 13, 13]",rainbow,8,6,4,-4.480553321609149
