,flop,board_type,0b,1b,2b,profit
0,"[13, 13, 4]",rainbow,1,1,1,-5.953893327748887
1,"[13, 13, 4]",rainbow,2,2,2,-5.9537825870081456
