,flop,board_type,0b,1b,2b,profit
0,"[13, 7, 4]",rainbow,1,1,1,-8.406293275830574
1,"[13, 7, 4]",rainbow,2,2,2,-8.400707489269307
