,flop,board_type,0b,1b,2b,profit
0,"[13, 6, 4]",rainbow,1,1,1,-9.580288426130277
1,"[13, 6, 4]",rainbow,2,2,2,-9.576251926130277
