,flop,board_type,0b,1b,2b,profit
0,"[13, 3, 3]",rainbow,1,1,1,-9.747645021432184
1,"[13, 3, 3]",rainbow,8,6,4,-9.74480258036708
