,flop,board_type,0b,1b,2b,profit
0,"[12, 12, 10]",rainbow,1,1,1,1.8078270630647109
1,"[12, 12, 10]",rainbow,2,2,2,1.8203194051055291
2,"[12, 12, 10]",rainbow,8,6,4,1.8203354286589493
