,flop,board_type,0b,1b,2b,profit
0,"[12, 11, 11]",rainbow,1,1,1,-3.1085598632756124
1,"[12, 11, 11]",rainbow,2,2,2,-3.1040942561327576
