,flop,board_type,0b,1b,2b,profit
0,"[12, 11, 2]",rainbow,1,1,1,-5.098635696277093
1,"[12, 11, 2]",rainbow,2,2,2,-5.098434446986111
2,"[12, 11, 2]",rainbow,3,2,2,-5.0970383111381246
