,flop,board_type,0b,1b,2b,profit
0,"[12, 9, 8]",rainbow,1,1,1,1.9217778080901868
1,"[12, 9, 8]",rainbow,2,2,2,1.9317923516362852
2,"[12, 9, 8]",rainbow,15,10,7,1.971931988799407
