,flop,board_type,0b,1b,2b,profit
0,"[12, 8, 8]",rainbow,1,1,1,-6.404173754067544
1,"[12, 8, 8]",rainbow,2,2,2,-6.381604601166188
