,flop,board_type,0b,1b,2b,profit
0,"[11, 11, 9]",rainbow,1,1,1,4.5895566011156985
1,"[11, 11, 9]",rainbow,2,2,2,4.592303276821694
