,flop,board_type,0b,1b,2b,profit
0,"[11, 10, 9]",rainbow,1,1,1,-2.5874321347047795
1,"[11, 10, 9]",rainbow,2,2,2,-2.4983811061780106
