,flop,board_type,0b,1b,2b,profit
0,"[11, 7, 4]",rainbow,1,1,1,-5.543800982302468
1,"[11, 7, 4]",rainbow,2,2,2,-5.540753370107345
2,"[11, 7, 4]",rainbow,3,2,2,-5.534594390229296
