,flop,board_type,0b,1b,2b,profit
0,"[10, 6, 2]",rainbow,1,1,1,-6.521216010303752
1,"[10, 6, 2]",rainbow,2,2,2,-6.518985418999404
2,"[10, 6, 2]",rainbow,3,2,2,-6.517948475521143
