,flop,board_type,0b,1b,2b,profit
0,"[9, 9, 4]",rainbow,1,1,1,-6.432602058701222
1,"[9, 9, 4]",rainbow,2,2,2,-6.4287738033820725
