,flop,board_type,0b,1b,2b,profit
0,"[9, 6, 5]",rainbow,1,1,1,-5.965333764023213
1,"[9, 6, 5]",rainbow,2,2,2,-5.965200232108319
2,"[9, 6, 5]",rainbow,3,2,2,-5.955697636363639
