,flop,board_type,0b,1b,2b,profit
0,"[8, 5, 5]",rainbow,1,1,1,-6.430728405907174
1,"[8, 5, 5]",rainbow,2,2,2,-6.429505446332706
2,"[8, 5, 5]",rainbow,3,2,2,-6.41974022292845
