,flop,board_type,0b,1b,2b,profit
0,"[7, 3, 2]",rainbow,1,1,1,-8.578269316615025
1,"[7, 3, 2]",rainbow,2,2,2,-8.564515478317151
