,flop,board_type,0b,1b,2b,profit
0,"[6, 6, 4]",rainbow,1,1,1,-9.126613833333336
1,"[6, 6, 4]",rainbow,2,2,2,-9.126532773333334
