,flop,board_type,0b,1b,2b,profit
0,"[14, 14, 12]",rainbow,1,1,1,7.997890276687414
1,"[14, 14, 12]",rainbow,2,2,2,8.000497119926477
2,"[14, 14, 12]",rainbow,8,6,4,9.13484146040372
3,"[14, 14, 12]",rainbow,10,7,5,9.625893631782327
4,"[14, 14, 12]",rainbow,15,10,7,10.011538186576848
5,"[14, 14, 12]",rainbow,16,11,8,10.117623270536194
