,flop,board_type,0b,1b,2b,profit
0,"[14, 14, 2]",rainbow,1,1,1,6.243059125687825
1,"[14, 14, 2]",rainbow,3,2,2,6.244194409778734
2,"[14, 14, 2]",rainbow,8,6,4,7.068013063187825
3,"[14, 14, 2]",rainbow,10,7,5,7.071050566028735
4,"[14, 14, 2]",rainbow,15,10,7,7.696719015226595
5,"[14, 14, 2]",rainbow,16,11,8,7.784097745340231
