,flop,board_type,0b,1b,2b,profit
0,"[14, 13, 7]",rainbow,1,1,1,5.785964278302577
1,"[14, 13, 7]",rainbow,2,2,2,5.797642296854816
2,"[14, 13, 7]",rainbow,8,6,4,6.596621869213025
3,"[14, 13, 7]",rainbow,10,7,5,7.101146070683853
4,"[14, 13, 7]",rainbow,15,10,7,7.104515361012212
5,"[14, 13, 7]",rainbow,16,11,8,7.193386708221166
