,flop,board_type,0b,1b,2b,profit
0,"[14, 13, 5]",rainbow,1,1,1,6.781885858219178
1,"[14, 13, 5]",rainbow,8,6,4,7.755413065068494
2,"[14, 13, 5]",rainbow,15,10,7,8.178943537671232
3,"[14, 13, 5]",rainbow,16,11,8,8.287923543835616
