,flop,board_type,0b,1b,2b,profit
0,"[14, 12, 12]",rainbow,1,1,1,5.8505809502572905
1,"[14, 12, 12]",rainbow,2,2,2,5.851160799313894
2,"[14, 12, 12]",rainbow,8,6,4,6.850609796740997
3,"[14, 12, 12]",rainbow,10,7,5,7.389453101629503
4,"[14, 12, 12]",rainbow,15,10,7,7.568607500857633
5,"[14, 12, 12]",rainbow,16,11,8,7.646686102915952
