,flop,board_type,0b,1b,2b,profit
0,"[14, 12, 7]",rainbow,1,1,1,5.615205176987789
1,"[14, 12, 7]",rainbow,2,2,2,5.618048153161466
2,"[14, 12, 7]",rainbow,8,6,4,6.655271599050202
3,"[14, 12, 7]",rainbow,10,7,5,7.110276627598372
4,"[14, 12, 7]",rainbow,15,10,7,7.120081099538671
5,"[14, 12, 7]",rainbow,16,11,8,7.224126658453189
