,flop,board_type,0b,1b,2b,profit
0,"[14, 12, 4]",rainbow,1,1,1,6.573633761111109
1,"[14, 12, 4]",rainbow,2,2,2,6.574925868253967
2,"[14, 12, 4]",rainbow,3,2,2,6.579210108531745
3,"[14, 12, 4]",rainbow,8,6,4,7.825930753769839
4,"[14, 12, 4]",rainbow,10,7,5,7.830340119047618
5,"[14, 12, 4]",rainbow,15,10,7,8.200599864087302
6,"[14, 12, 4]",rainbow,16,11,8,8.333243401190476
