,flop,board_type,0b,1b,2b,profit
0,"[14, 11, 7]",rainbow,1,1,1,4.044236739130435
1,"[14, 11, 7]",rainbow,8,6,4,5.527223896176912
2,"[14, 11, 7]",rainbow,10,7,5,5.529729022488755
3,"[14, 11, 7]",rainbow,15,10,7,5.536013786731633
