,flop,board_type,0b,1b,2b,profit
0,"[14, 10, 8]",rainbow,1,1,1,1.8220373232786888
1,"[14, 10, 8]",rainbow,15,10,7,1.8308729567213125
