,flop,board_type,0b,1b,2b,profit
0,"[14, 10, 2]",rainbow,1,1,1,3.1557172565091616
1,"[14, 10, 2]",rainbow,2,2,2,3.1678909729990363
