,flop,board_type,0b,1b,2b,profit
0,"[14, 8, 8]",rainbow,1,1,1,4.21107554264251
1,"[14, 8, 8]",rainbow,2,2,2,4.218079894387981
2,"[14, 8, 8]",rainbow,8,6,4,5.757023220503755
3,"[14, 8, 8]",rainbow,16,11,8,5.759242039162615
