,flop,board_type,0b,1b,2b,profit
0,"[14, 8, 3]",rainbow,1,1,1,4.085820174988953
1,"[14, 8, 3]",rainbow,8,6,4,5.7016208984754755
2,"[14, 8, 3]",rainbow,10,7,5,5.704643516957579
