,flop,board_type,0b,1b,2b,profit
0,"[14, 4, 3]",rainbow,1,1,1,5.670526766702038
1,"[14, 4, 3]",rainbow,8,6,4,6.856524851421901
2,"[14, 4, 3]",rainbow,10,7,5,6.8583132042020365
3,"[14, 4, 3]",rainbow,15,10,7,7.2200764187393895
4,"[14, 4, 3]",rainbow,16,11,8,7.347975025848898
