,flop,board_type,0b,1b,2b,profit
0,"[13, 13, 13]",rainbow,1,1,1,3.953595562294483
1,"[13, 13, 13]",rainbow,2,2,2,3.965516974059188
2,"[13, 13, 13]",rainbow,8,6,4,4.684824621118011
3,"[13, 13, 13]",rainbow,10,7,5,4.952833906832299
4,"[13, 13, 13]",rainbow,15,10,7,5.546660583302886
5,"[13, 13, 13]",rainbow,16,11,8,5.653575495067592
