,flop,board_type,0b,1b,2b,profit
0,"[13, 12, 11]",rainbow,1,1,1,4.655856746651785
1,"[13, 12, 11]",rainbow,2,2,2,4.662594475446429
2,"[13, 12, 11]",rainbow,3,2,2,4.663416261160713
