,flop,board_type,0b,1b,2b,profit
0,"[13, 11, 9]",rainbow,1,1,1,3.0179620873204516
1,"[13, 11, 9]",rainbow,8,6,4,3.02262265367647
2,"[13, 11, 9]",rainbow,10,7,5,3.0249152544716145
