,flop,board_type,0b,1b,2b,profit
0,"[13, 11, 6]",rainbow,1,1,1,3.118471187434895
1,"[13, 11, 6]",rainbow,8,6,4,4.324472787792969
2,"[13, 11, 6]",rainbow,15,10,7,4.327911672460937
3,"[13, 11, 6]",rainbow,16,11,8,4.328499257226563
