,flop,board_type,0b,1b,2b,profit
0,"[13, 9, 9]",rainbow,1,1,1,3.5480141793611795
1,"[13, 9, 9]",rainbow,2,2,2,3.5497218707002456
2,"[13, 9, 9]",rainbow,15,10,7,3.55262469963145
3,"[13, 9, 9]",rainbow,16,11,8,3.5565783525798533
