,flop,board_type,0b,1b,2b,profit
0,"[13, 9, 7]",rainbow,1,1,1,2.6588902527985088
1,"[13, 9, 7]",rainbow,2,2,2,2.666210277518657
