,flop,board_type,0b,1b,2b,profit
0,"[13, 8, 4]",rainbow,1,1,1,3.9917811028279653
1,"[13, 8, 4]",rainbow,2,2,2,3.996102419245876
2,"[13, 8, 4]",rainbow,8,6,4,5.373914872034564
3,"[13, 8, 4]",rainbow,16,11,8,5.379239015396701
