,flop,board_type,0b,1b,2b,profit
0,"[13, 7, 7]",rainbow,1,1,1,3.6462239767801856
1,"[13, 7, 7]",rainbow,8,6,4,4.499106170085139
2,"[13, 7, 7]",rainbow,10,7,5,4.705555386803406
3,"[13, 7, 7]",rainbow,16,11,8,4.837109080495355
