,flop,board_type,0b,1b,2b,profit
0,"[13, 4, 4]",rainbow,1,1,1,4.637538018613347
1,"[13, 4, 4]",rainbow,8,6,4,5.7011442017548895
2,"[13, 4, 4]",rainbow,10,7,5,5.705578964010355
3,"[13, 4, 4]",rainbow,15,10,7,5.867635560040277
4,"[13, 4, 4]",rainbow,16,11,8,6.01129613095512
