,flop,board_type,0b,1b,2b,profit
0,"[13, 4, 3]",rainbow,1,1,1,4.6856147204232
1,"[13, 4, 3]",rainbow,8,6,4,5.738321580861514
2,"[13, 4, 3]",rainbow,10,7,5,5.74700799198942
3,"[13, 4, 3]",rainbow,15,10,7,5.903953768146609
4,"[13, 4, 3]",rainbow,16,11,8,6.04341009193274
