,flop,board_type,0b,1b,2b,profit
0,"[13, 3, 3]",rainbow,1,1,1,3.999292786206255
1,"[13, 3, 3]",rainbow,2,2,2,4.004701164929263
2,"[13, 3, 3]",rainbow,8,6,4,4.933803573529411
3,"[13, 3, 3]",rainbow,15,10,7,5.080784130212211
4,"[13, 3, 3]",rainbow,16,11,8,5.234870153667163
