,flop,board_type,0b,1b,2b,profit
0,"[12, 12, 9]",rainbow,1,1,1,2.545827340881737
1,"[12, 12, 9]",rainbow,15,10,7,2.547815802989477
2,"[12, 12, 9]",rainbow,16,11,8,2.548228090837379
