,flop,board_type,0b,1b,2b,profit
0,"[12, 12, 5]",rainbow,1,1,1,3.3960561142277
1,"[12, 12, 5]",rainbow,2,2,2,3.398509694983479
2,"[12, 12, 5]",rainbow,3,2,2,3.4008907620561764
3,"[12, 12, 5]",rainbow,8,6,4,3.9549810120473503
4,"[12, 12, 5]",rainbow,10,7,5,4.547041791291665
5,"[12, 12, 5]",rainbow,16,11,8,4.627901262776369
