,flop,board_type,0b,1b,2b,profit
0,"[12, 10, 8]",rainbow,1,1,1,2.7693526374205084
1,"[12, 10, 8]",rainbow,8,6,4,2.7695127420310004
2,"[12, 10, 8]",rainbow,10,7,5,2.7753694267488074
