,flop,board_type,0b,1b,2b,profit
0,"[12, 9, 5]",rainbow,1,1,1,3.3338227167733665
1,"[12, 9, 5]",rainbow,2,2,2,3.3553116618437904
