,flop,board_type,0b,1b,2b,profit
0,"[12, 8, 6]",rainbow,1,1,1,2.5129760436061384
1,"[12, 8, 6]",rainbow,2,2,2,3.688178861796676
2,"[12, 8, 6]",rainbow,3,2,2,3.6925301134910486
3,"[12, 8, 6]",rainbow,15,10,7,3.698613256937341
