,flop,board_type,0b,1b,2b,profit
0,"[12, 8, 4]",rainbow,1,1,1,3.4992518164179103
1,"[12, 8, 4]",rainbow,2,2,2,3.501304982089552
2,"[12, 8, 4]",rainbow,3,2,2,4.1866792044776115
3,"[12, 8, 4]",rainbow,4,3,2,4.803183559701493
4,"[12, 8, 4]",rainbow,10,7,5,4.803208531343284
5,"[12, 8, 4]",rainbow,15,10,7,4.8075977776119405
