,flop,board_type,0b,1b,2b,profit
0,"[12, 7, 6]",rainbow,1,1,1,2.6505032933823545
1,"[12, 7, 6]",rainbow,2,2,2,2.656847392710998
2,"[12, 7, 6]",rainbow,3,2,2,3.236923640217393
3,"[12, 7, 6]",rainbow,4,3,2,3.948567701854221
4,"[12, 7, 6]",rainbow,8,6,4,3.949295114194374
5,"[12, 7, 6]",rainbow,10,7,5,3.9592445590473155
