,flop,board_type,0b,1b,2b,profit
0,"[12, 7, 3]",rainbow,1,1,1,3.160494230147059
1,"[12, 7, 3]",rainbow,8,6,4,3.8182263816176465
2,"[12, 7, 3]",rainbow,10,7,5,3.8192556183823516
3,"[12, 7, 3]",rainbow,15,10,7,4.293008032352942
4,"[12, 7, 3]",rainbow,16,11,8,4.392003730147058
