,flop,board_type,0b,1b,2b,profit
0,"[12, 4, 2]",rainbow,1,1,1,4.3874546007761195
1,"[12, 4, 2]",rainbow,8,6,4,5.173664837373135
2,"[12, 4, 2]",rainbow,15,10,7,5.562831396895522
3,"[12, 4, 2]",rainbow,16,11,8,5.67659222919403
