,flop,board_type,0b,1b,2b,profit
0,"[11, 11, 10]",rainbow,1,1,1,1.3115407978473592
1,"[11, 11, 10]",rainbow,15,10,7,1.3132644389792976
2,"[11, 11, 10]",rainbow,16,11,8,1.3156806563832544
