,flop,board_type,0b,1b,2b,profit
0,"[11, 11, 5]",rainbow,1,1,1,2.5890410513675883
1,"[11, 11, 5]",rainbow,2,2,2,2.5959299737040915
2,"[11, 11, 5]",rainbow,3,2,2,2.6009889864174225
3,"[11, 11, 5]",rainbow,8,6,4,3.8627438355914085
4,"[11, 11, 5]",rainbow,10,7,5,3.8740940338301555
