,flop,board_type,0b,1b,2b,profit
0,"[11, 11, 2]",rainbow,1,1,1,2.348118042970583
1,"[11, 11, 2]",rainbow,8,6,4,3.556709908959731
2,"[11, 11, 2]",rainbow,10,7,5,3.5635675002213167
3,"[11, 11, 2]",rainbow,15,10,7,3.5654290573870635
4,"[11, 11, 2]",rainbow,16,11,8,3.5661268958932753
