,flop,board_type,0b,1b,2b,profit
0,"[11, 10, 4]",rainbow,1,1,1,2.7597594604285716
1,"[11, 10, 4]",rainbow,2,2,2,2.768510013000001
2,"[11, 10, 4]",rainbow,8,6,4,2.7719941337142857
