,flop,board_type,0b,1b,2b,profit
0,"[11, 9, 3]",rainbow,1,1,1,3.309403168110011
1,"[11, 9, 3]",rainbow,10,7,5,3.309740352207842
