,flop,board_type,0b,1b,2b,profit
0,"[11, 8, 8]",rainbow,1,1,1,3.497592352916667
1,"[11, 8, 8]",rainbow,2,2,2,4.394622940833333
2,"[11, 8, 8]",rainbow,8,6,4,4.394907034166666
