,flop,board_type,0b,1b,2b,profit
0,"[11, 8, 3]",rainbow,1,1,1,3.3550943533333326
1,"[11, 8, 3]",rainbow,2,2,2,4.248865424166667
2,"[11, 8, 3]",rainbow,15,10,7,4.251620915
