,flop,board_type,0b,1b,2b,profit
0,"[11, 6, 4]",rainbow,1,1,1,3.926010910140845
1,"[11, 6, 4]",rainbow,8,6,4,5.242441024225353
2,"[11, 6, 4]",rainbow,10,7,5,5.25182915915493
