,flop,board_type,0b,1b,2b,profit
0,"[11, 5, 5]",rainbow,1,1,1,4.269671155714285
1,"[11, 5, 5]",rainbow,8,6,4,5.565668974285714
