,flop,board_type,0b,1b,2b,profit
0,"[11, 3, 2]",rainbow,1,1,1,4.160042679166667
1,"[11, 3, 2]",rainbow,2,2,2,4.170541766666667
2,"[11, 3, 2]",rainbow,8,6,4,5.380973462499999
3,"[11, 3, 2]",rainbow,10,7,5,5.383088120833333
4,"[11, 3, 2]",rainbow,15,10,7,5.383452358333334
5,"[11, 3, 2]",rainbow,16,11,8,5.384992083333335
