,flop,board_type,0b,1b,2b,profit
0,"[10, 10, 10]",rainbow,1,1,1,1.7000416864864865
1,"[10, 10, 10]",rainbow,2,2,2,1.7031734918918917
2,"[10, 10, 10]",rainbow,8,6,4,1.7058406702702702
