,flop,board_type,0b,1b,2b,profit
0,"[10, 10, 4]",rainbow,1,1,1,2.210205580136987
1,"[10, 10, 4]",rainbow,8,6,4,2.21230306780822
