,flop,board_type,0b,1b,2b,profit
0,"[10, 9, 6]",rainbow,1,1,1,3.2684715042253516
1,"[10, 9, 6]",rainbow,2,2,2,3.2710358366197183
2,"[10, 9, 6]",rainbow,3,2,2,3.2754531887323943
3,"[10, 9, 6]",rainbow,4,3,2,3.281778405633802
