,flop,board_type,0b,1b,2b,profit
0,"[10, 8, 8]",rainbow,1,1,1,3.421443570845071
1,"[10, 8, 8]",rainbow,2,2,2,3.4236937741690143
2,"[10, 8, 8]",rainbow,8,6,4,3.4287474963380284
