,flop,board_type,0b,1b,2b,profit
0,"[10, 7, 5]",rainbow,1,1,1,3.8321121569280545
1,"[10, 7, 5]",rainbow,2,2,2,3.835141114864865
