,flop,board_type,0b,1b,2b,profit
0,"[10, 7, 4]",rainbow,1,1,1,3.833320793205176
1,"[10, 7, 4]",rainbow,2,2,2,3.8395722244956216
