,flop,board_type,0b,1b,2b,profit
0,"[10, 7, 2]",rainbow,1,1,1,3.355750710760563
1,"[10, 7, 2]",rainbow,8,6,4,3.36666023569014
