,flop,board_type,0b,1b,2b,profit
0,"[10, 6, 5]",rainbow,1,1,1,3.8256818890369235
1,"[10, 6, 5]",rainbow,8,6,4,3.828897904453749
2,"[10, 6, 5]",rainbow,10,7,5,3.8425894542253514
