,flop,board_type,0b,1b,2b,profit
0,"[10, 4, 2]",rainbow,1,1,1,4.3340647817750195
1,"[10, 4, 2]",rainbow,8,6,4,4.336016384222062
