,flop,board_type,0b,1b,2b,profit
0,"[9, 9, 7]",rainbow,1,1,1,4.031883833766235
1,"[9, 9, 7]",rainbow,16,11,8,4.033205666830467
