,flop,board_type,0b,1b,2b,profit
0,"[9, 8, 4]",rainbow,1,1,1,4.5715480743243235
1,"[9, 8, 4]",rainbow,16,11,8,4.5740883445945935
