,flop,board_type,0b,1b,2b,profit
0,"[9, 7, 5]",rainbow,1,1,1,4.915268777027027
1,"[9, 7, 5]",rainbow,2,2,2,4.916997425675675
2,"[9, 7, 5]",rainbow,8,6,4,4.9242761959459465
