,flop,board_type,0b,1b,2b,profit
0,"[8, 8, 4]",rainbow,1,1,1,4.61149478658228
1,"[8, 8, 4]",rainbow,2,2,2,4.617681628101268
2,"[8, 8, 4]",rainbow,3,2,2,4.622179443797469
3,"[8, 8, 4]",rainbow,4,3,2,5.508946719240509
4,"[8, 8, 4]",rainbow,8,6,4,5.825165854430381
5,"[8, 8, 4]",rainbow,10,7,5,5.827688278987343
6,"[8, 8, 4]",rainbow,16,11,8,5.832203182278481
