,flop,board_type,0b,1b,2b,profit
0,"[8, 7, 7]",rainbow,1,1,1,3.887160985803325
1,"[8, 7, 7]",rainbow,2,2,2,4.772773155955679
2,"[8, 7, 7]",rainbow,8,6,4,4.78102787867036
