,flop,board_type,0b,1b,2b,profit
0,"[8, 5, 3]",rainbow,1,1,1,4.791132498987342
1,"[8, 5, 3]",rainbow,2,2,2,4.792586734936709
2,"[8, 5, 3]",rainbow,8,6,4,6.049001450632912
3,"[8, 5, 3]",rainbow,15,10,7,6.050181840759495
