,flop,board_type,0b,1b,2b,profit
0,"[8, 4, 4]",rainbow,1,1,1,4.6941051173451935
1,"[8, 4, 4]",rainbow,2,2,2,4.699807496407801
2,"[8, 4, 4]",rainbow,8,6,4,5.965162616489907
3,"[8, 4, 4]",rainbow,15,10,7,5.9698306883339045
