,flop,board_type,0b,1b,2b,profit
0,"[8, 3, 2]",rainbow,1,1,1,4.637532731512326
1,"[8, 3, 2]",rainbow,2,2,2,4.651398023984012
2,"[8, 3, 2]",rainbow,8,6,4,5.843792390406396
3,"[8, 3, 2]",rainbow,10,7,5,5.844591201865423
4,"[8, 3, 2]",rainbow,15,10,7,5.845927698867423
