,flop,board_type,0b,1b,2b,profit
0,"[7, 6, 6]",rainbow,1,1,1,3.7218758015235465
1,"[7, 6, 6]",rainbow,2,2,2,3.7320329355955684
2,"[7, 6, 6]",rainbow,3,2,2,4.335350830470914
3,"[7, 6, 6]",rainbow,4,3,2,4.860490130193906
4,"[7, 6, 6]",rainbow,16,11,8,4.860637530747923
