,flop,board_type,0b,1b,2b,profit
0,"[7, 6, 4]",rainbow,1,1,1,4.389697964842105
1,"[7, 6, 4]",rainbow,8,6,4,5.569168482631579
2,"[7, 6, 4]",rainbow,10,7,5,5.577128847894736
