,flop,board_type,0b,1b,2b,profit
0,"[7, 5, 4]",rainbow,1,1,1,4.657025605165925
1,"[7, 5, 4]",rainbow,8,6,4,5.46327691811495
2,"[7, 5, 4]",rainbow,10,7,5,5.894418532466643
3,"[7, 5, 4]",rainbow,15,10,7,6.00755832434143
