,flop,board_type,0b,1b,2b,profit
0,"[7, 4, 2]",rainbow,1,1,1,4.634429484
1,"[7, 4, 2]",rainbow,2,2,2,4.646115578278481
2,"[7, 4, 2]",rainbow,8,6,4,5.419498925164556
3,"[7, 4, 2]",rainbow,10,7,5,5.509938824607596
4,"[7, 4, 2]",rainbow,15,10,7,5.953689604050633
