,flop,board_type,0b,1b,2b,profit
0,"[6, 5, 5]",rainbow,1,1,1,4.361618199863155
1,"[6, 5, 5]",rainbow,8,6,4,5.095016552822443
2,"[6, 5, 5]",rainbow,10,7,5,5.529975152411906
3,"[6, 5, 5]",rainbow,15,10,7,5.53997144748546
4,"[6, 5, 5]",rainbow,16,11,8,5.624515618132058
