,flop,board_type,0b,1b,2b,profit
0,"[6, 4, 3]",rainbow,1,1,1,4.5419140226582275
1,"[6, 4, 3]",rainbow,8,6,4,5.256296239291139
2,"[6, 4, 3]",rainbow,10,7,5,5.685643025316455
3,"[6, 4, 3]",rainbow,16,11,8,5.762776948531645
