,flop,board_type,0b,1b,2b,profit
0,"[6, 3, 2]",rainbow,1,1,1,4.22865507901399
1,"[6, 3, 2]",rainbow,2,2,2,4.234704095936042
2,"[6, 3, 2]",rainbow,3,2,2,4.237208950832777
3,"[6, 3, 2]",rainbow,8,6,4,4.914186682045302
4,"[6, 3, 2]",rainbow,15,10,7,5.339477775549634
5,"[6, 3, 2]",rainbow,16,11,8,5.416006030912724
