,flop,board_type,0b,1b,2b,profit
0,"[5, 5, 4]",rainbow,1,1,1,4.979645951867955
1,"[5, 5, 4]",rainbow,8,6,4,5.720116351231822
2,"[5, 5, 4]",rainbow,10,7,5,6.186733531468162
3,"[5, 5, 4]",rainbow,15,10,7,6.187197274983734
4,"[5, 5, 4]",rainbow,16,11,8,6.264829052732692
