,flop,board_type,0b,1b,2b,profit
0,"[5, 4, 2]",rainbow,1,1,1,6.455773981240148
1,"[5, 4, 2]",rainbow,2,2,2,6.45777329161047
2,"[5, 4, 2]",rainbow,3,2,2,6.458750606603726
3,"[5, 4, 2]",rainbow,8,6,4,7.2373477485741216
4,"[5, 4, 2]",rainbow,15,10,7,7.68496592784485
5,"[5, 4, 2]",rainbow,16,11,8,7.770462380770544
