,flop,board_type,0b,1b,2b,profit
0,"[3, 3, 2]",rainbow,1,1,1,4.340537302952503
1,"[3, 3, 2]",rainbow,8,6,4,4.997303479621311
2,"[3, 3, 2]",rainbow,15,10,7,5.451762919929399
3,"[3, 3, 2]",rainbow,16,11,8,5.521796587933249
