,flop,board_type,0b,1b,2b,profit
0,"[14, 14, 4]",two-tone,1,1,1,0.8965822636214968
1,"[14, 14, 4]",two-tone,2,2,2,0.8967176087571532
2,"[14, 14, 4]",two-tone,8,6,4,0.954620230966965
3,"[14, 14, 4]",two-tone,10,7,5,1.0416231158660467
