,flop,board_type,0b,1b,2b,profit
0,"[14, 13, 4]",two-tone,1,1,1,1.5917728580628454
1,"[14, 13, 4]",two-tone,2,2,2,1.745717943456548
2,"[14, 13, 4]",two-tone,3,2,2,1.8859556419218904
3,"[14, 13, 4]",two-tone,8,6,4,1.941821447622324
4,"[14, 13, 4]",two-tone,16,11,8,1.9975465485363626
