,flop,board_type,0b,1b,2b,profit
0,"[14, 12, 3]",two-tone,1,1,1,1.6317511207713626
1,"[14, 12, 3]",two-tone,2,2,2,1.6550399442680868
