,flop,board_type,0b,1b,2b,profit
0,"[14, 11, 9]",two-tone,1,1,1,1.7367282414265552
1,"[14, 11, 9]",two-tone,2,2,2,2.0179903949762905
2,"[14, 11, 9]",two-tone,8,6,4,2.0454071152236573
3,"[14, 11, 9]",two-tone,16,11,8,2.1016423982807
