,flop,board_type,0b,1b,2b,profit
0,"[14, 11, 8]",two-tone,1,1,1,1.6247338487779
1,"[14, 11, 8]",two-tone,2,2,2,1.7558245599190736
