,flop,board_type,0b,1b,2b,profit
0,"[14, 10, 10]",two-tone,1,1,1,1.6424077555094836
1,"[14, 10, 10]",two-tone,8,6,4,2.224784608259159
2,"[14, 10, 10]",two-tone,15,10,7,2.289002792835741
3,"[14, 10, 10]",two-tone,16,11,8,2.3671392149629873
