,flop,board_type,0b,1b,2b,profit
0,"[14, 10, 4]",two-tone,1,1,1,1.39821573450503
1,"[14, 10, 4]",two-tone,2,2,2,1.4002493157464093
