,flop,board_type,0b,1b,2b,profit
0,"[14, 9, 4]",two-tone,1,1,1,0.7393040370271977
1,"[14, 9, 4]",two-tone,2,2,2,0.743723086140101
