,flop,board_type,0b,1b,2b,profit
0,"[14, 8, 8]",two-tone,1,1,1,0.8325908129720452
1,"[14, 8, 8]",two-tone,2,2,2,0.8328396771949191
2,"[14, 8, 8]",two-tone,3,2,2,0.8338336447413508
3,"[14, 8, 8]",two-tone,8,6,4,1.2211816638286743
4,"[14, 8, 8]",two-tone,16,11,8,1.3172644237718356
