,flop,board_type,0b,1b,2b,profit
0,"[14, 6, 6]",two-tone,1,1,1,1.2916646938816518
1,"[14, 6, 6]",two-tone,2,2,2,1.2928282914729037
2,"[14, 6, 6]",two-tone,8,6,4,1.3039839327984601
3,"[14, 6, 6]",two-tone,10,7,5,1.4018304723051813
