,flop,board_type,0b,1b,2b,profit
0,"[14, 4, 4]",two-tone,1,1,1,1.0821340192188225
1,"[14, 4, 4]",two-tone,2,2,2,1.0844985504316902
