,flop,board_type,0b,1b,2b,profit
0,"[13, 12, 12]",two-tone,1,1,1,1.823230719911929
1,"[13, 12, 12]",two-tone,2,2,2,1.954258738938769
2,"[13, 12, 12]",two-tone,3,2,2,2.075093090483812
3,"[13, 12, 12]",two-tone,4,3,2,2.078094780463376
4,"[13, 12, 12]",two-tone,8,6,4,2.4095787032979246
5,"[13, 12, 12]",two-tone,10,7,5,2.4341698568829573
6,"[13, 12, 12]",two-tone,15,10,7,2.6419587177677504
7,"[13, 12, 12]",two-tone,16,11,8,2.660330316155431
