,flop,board_type,0b,1b,2b,profit
0,"[13, 12, 3]",two-tone,1,1,1,1.352716472202211
1,"[13, 12, 3]",two-tone,2,2,2,1.3800487205935577
