,flop,board_type,0b,1b,2b,profit
0,"[13, 10, 10]",two-tone,1,1,1,1.6772145194644146
1,"[13, 10, 10]",two-tone,2,2,2,1.7846579955221789
2,"[13, 10, 10]",two-tone,3,2,2,1.7924218443459254
3,"[13, 10, 10]",two-tone,4,3,2,1.792572140441099
4,"[13, 10, 10]",two-tone,8,6,4,2.1012741873888654
5,"[13, 10, 10]",two-tone,10,7,5,2.128133609419046
6,"[13, 10, 10]",two-tone,15,10,7,2.3521830701551
7,"[13, 10, 10]",two-tone,16,11,8,2.4069915102236945
