,flop,board_type,0b,1b,2b,profit
0,"[13, 10, 5]",two-tone,1,1,1,1.2551814624571795
1,"[13, 10, 5]",two-tone,2,2,2,1.3066802635497132
