,flop,board_type,0b,1b,2b,profit
0,"[13, 9, 7]",two-tone,1,1,1,1.1421019053641408
1,"[13, 9, 7]",two-tone,8,6,4,1.2014284144210978
2,"[13, 9, 7]",two-tone,10,7,5,1.204356125274338
