,flop,board_type,0b,1b,2b,profit
0,"[13, 8, 8]",two-tone,1,1,1,0.7591482613094368
1,"[13, 8, 8]",two-tone,2,2,2,0.76038431892652
2,"[13, 8, 8]",two-tone,3,2,2,0.7624277069154811
3,"[13, 8, 8]",two-tone,8,6,4,1.1207006903294752
4,"[13, 8, 8]",two-tone,16,11,8,1.211633717742854
