,flop,board_type,0b,1b,2b,profit
0,"[13, 5, 5]",two-tone,1,1,1,1.3627294659603084
1,"[13, 5, 5]",two-tone,2,2,2,1.3644302456442274
2,"[13, 5, 5]",two-tone,8,6,4,1.4622297550024252
3,"[13, 5, 5]",two-tone,10,7,5,1.5188541900710313
