,flop,board_type,0b,1b,2b,profit
0,"[12, 12, 8]",two-tone,1,1,1,1.0996387372366705
1,"[12, 12, 8]",two-tone,2,2,2,1.1689303992362938
2,"[12, 12, 8]",two-tone,3,2,2,1.1885281237991543
3,"[12, 12, 8]",two-tone,4,3,2,1.2496817602617243
4,"[12, 12, 8]",two-tone,8,6,4,1.3371425265083559
5,"[12, 12, 8]",two-tone,15,10,7,1.3585421498245138
