,flop,board_type,0b,1b,2b,profit
0,"[12, 9, 3]",two-tone,1,1,1,1.32252612543256
1,"[12, 9, 3]",two-tone,2,2,2,1.3324455987907091
