,flop,board_type,0b,1b,2b,profit
0,"[12, 8, 3]",two-tone,1,1,1,0.7415837730556875
1,"[12, 8, 3]",two-tone,2,2,2,0.7464233667622023
