,flop,board_type,0b,1b,2b,profit
0,"[11, 11, 8]",two-tone,1,1,1,1.6413236458016192
1,"[11, 11, 8]",two-tone,8,6,4,1.8108639134562736
2,"[11, 11, 8]",two-tone,10,7,5,1.8614122200210672
