,flop,board_type,0b,1b,2b,profit
0,"[11, 11, 7]",two-tone,1,1,1,1.746566534604877
1,"[11, 11, 7]",two-tone,8,6,4,1.818546389002059
2,"[11, 11, 7]",two-tone,10,7,5,1.868493879013369
