,flop,board_type,0b,1b,2b,profit
0,"[11, 11, 4]",two-tone,1,1,1,1.3121554919584897
1,"[11, 11, 4]",two-tone,2,2,2,1.3138149021902006
