,flop,board_type,0b,1b,2b,profit
0,"[11, 11, 3]",two-tone,1,1,1,1.267437990244021
1,"[11, 11, 3]",two-tone,2,2,2,1.2716271129435666
