,flop,board_type,0b,1b,2b,profit
0,"[11, 4, 2]",two-tone,1,1,1,0.9532115225417574
1,"[11, 4, 2]",two-tone,2,2,2,0.9544778033498384
