,flop,board_type,0b,1b,2b,profit
0,"[10, 10, 8]",two-tone,1,1,1,0.9381193441179242
1,"[10, 10, 8]",two-tone,8,6,4,1.0369702729203678
2,"[10, 10, 8]",two-tone,10,7,5,1.1130751574605153
