,flop,board_type,0b,1b,2b,profit
0,"[10, 8, 8]",two-tone,1,1,1,0.667202688966795
1,"[10, 8, 8]",two-tone,8,6,4,0.9620881511458508
2,"[10, 8, 8]",two-tone,10,7,5,1.0584882492208352
3,"[10, 8, 8]",two-tone,15,10,7,1.0585059195250974
