,flop,board_type,0b,1b,2b,profit
0,"[9, 7, 6]",two-tone,1,1,1,0.3177364410142849
1,"[9, 7, 6]",two-tone,8,6,4,0.3980269297034641
