,flop,board_type,0b,1b,2b,profit
0,"[8, 8, 7]",two-tone,1,1,1,-0.22935395212522772
1,"[8, 8, 7]",two-tone,8,6,4,-0.007221686534748195
2,"[8, 8, 7]",two-tone,15,10,7,0.12746520925958071
3,"[8, 8, 7]",two-tone,16,11,8,0.1924268353759091
