,flop,board_type,0b,1b,2b,profit
0,"[8, 8, 6]",two-tone,1,1,1,0.24622737448826898
1,"[8, 8, 6]",two-tone,15,10,7,0.3287718218307705
2,"[8, 8, 6]",two-tone,16,11,8,0.3921711432279203
