,flop,board_type,0b,1b,2b,profit
0,"[14, 14, 12]",rainbow,1,1,1,-4.822771907124278
1,"[14, 14, 12]",rainbow,2,2,2,-3.303472698014545
2,"[14, 14, 12]",rainbow,3,2,2,-2.909247465095291
3,"[14, 14, 12]",rainbow,4,3,2,-1.701451830519722
4,"[14, 14, 12]",rainbow,8,6,4,-1.1954821736874237
5,"[14, 14, 12]",rainbow,10,7,5,-0.2915541333147531
6,"[14, 14, 12]",rainbow,16,11,8,2.5567555824610166
