,flop,board_type,0b,1b,2b,profit
0,"[14, 14, 11]",rainbow,1,1,1,-4.4512451564393185
1,"[14, 14, 11]",rainbow,8,6,4,-2.6350249718272836
2,"[14, 14, 11]",rainbow,10,7,5,-2.632169437783515
3,"[14, 14, 11]",rainbow,16,11,8,0.013081890505213245
