,flop,board_type,0b,1b,2b,profit
0,"[14, 14, 3]",rainbow,1,1,1,-7.555929904404991
1,"[14, 14, 3]",rainbow,8,6,4,-6.400400316169696
2,"[14, 14, 3]",rainbow,10,7,5,-6.097331641961551
3,"[14, 14, 3]",rainbow,16,11,8,-2.58847574282274
