,flop,board_type,0b,1b,2b,profit
0,"[14, 13, 5]",rainbow,1,1,1,-6.510758488095238
1,"[14, 13, 5]",rainbow,2,2,2,-4.987008337301588
2,"[14, 13, 5]",rainbow,3,2,2,-4.521431115575397
3,"[14, 13, 5]",rainbow,4,3,2,-3.3509891195436516
4,"[14, 13, 5]",rainbow,8,6,4,-2.7566853189484135
5,"[14, 13, 5]",rainbow,16,11,8,0.34223158482142724
