,flop,board_type,0b,1b,2b,profit
0,"[14, 12, 7]",rainbow,1,1,1,-4.231761555084745
1,"[14, 12, 7]",rainbow,2,2,2,-2.7148048180196245
2,"[14, 12, 7]",rainbow,3,2,2,-2.157037170160571
3,"[14, 12, 7]",rainbow,4,3,2,-1.1010458572702952
4,"[14, 12, 7]",rainbow,8,6,4,-0.4087593541480836
5,"[14, 12, 7]",rainbow,10,7,5,0.38718788046387065
6,"[14, 12, 7]",rainbow,16,11,8,2.997474442462085
