,flop,board_type,0b,1b,2b,profit
0,"[14, 11, 8]",rainbow,1,1,1,-2.745129844055945
1,"[14, 11, 8]",rainbow,2,2,2,0.5110197730769226
2,"[14, 11, 8]",rainbow,3,2,2,0.5147570188811184
3,"[14, 11, 8]",rainbow,16,11,8,2.924031184551812
