,flop,board_type,0b,1b,2b,profit
0,"[14, 11, 4]",rainbow,1,1,1,-4.461117279177718
1,"[14, 11, 4]",rainbow,2,2,2,-2.9076312921087535
2,"[14, 11, 4]",rainbow,8,6,4,-1.1275494045092844
3,"[14, 11, 4]",rainbow,10,7,5,-1.1271475079575608
4,"[14, 11, 4]",rainbow,16,11,8,1.8388725921951605
