,flop,board_type,0b,1b,2b,profit
0,"[14, 9, 3]",rainbow,1,1,1,-5.1095661124121765
1,"[14, 9, 3]",rainbow,8,6,4,-3.0648183887587823
2,"[14, 9, 3]",rainbow,10,7,5,-2.0364064562060893
3,"[14, 9, 3]",rainbow,16,11,8,2.6463118313831293
