,flop,board_type,0b,1b,2b,profit
0,"[14, 9, 2]",rainbow,1,1,1,-5.111433130679156
1,"[14, 9, 2]",rainbow,2,2,2,-5.105122438407493
2,"[14, 9, 2]",rainbow,8,6,4,-3.0656865283372365
3,"[14, 9, 2]",rainbow,10,7,5,-2.027954079156909
4,"[14, 9, 2]",rainbow,16,11,8,2.646105948479148
