,flop,board_type,0b,1b,2b,profit
0,"[14, 8, 6]",rainbow,1,1,1,-4.021933466585955
1,"[14, 8, 6]",rainbow,2,2,2,-4.017466379539951
2,"[14, 8, 6]",rainbow,3,2,2,-3.451137517070218
3,"[14, 8, 6]",rainbow,4,3,2,-2.586635186803874
4,"[14, 8, 6]",rainbow,8,6,4,-1.4372915951573848
5,"[14, 8, 6]",rainbow,10,7,5,-0.2309024518694387
6,"[14, 8, 6]",rainbow,16,11,8,3.7040902047878674
