,flop,board_type,0b,1b,2b,profit
0,"[14, 8, 4]",rainbow,1,1,1,-5.4478756109447
1,"[14, 8, 4]",rainbow,2,2,2,-5.443728149654377
2,"[14, 8, 4]",rainbow,8,6,4,-2.820823099078342
3,"[14, 8, 4]",rainbow,10,7,5,-1.704734015898618
4,"[14, 8, 4]",rainbow,16,11,8,2.885100893643452
