,flop,board_type,0b,1b,2b,profit
0,"[14, 6, 3]",rainbow,1,1,1,-6.009067155990784
1,"[14, 6, 3]",rainbow,2,2,2,-5.995233627534562
2,"[14, 6, 3]",rainbow,8,6,4,-4.266147236175115
3,"[14, 6, 3]",rainbow,10,7,5,-3.155275464170507
4,"[14, 6, 3]",rainbow,16,11,8,0.5182700024799902
