,flop,board_type,0b,1b,2b,profit
0,"[14, 2, 2]",rainbow,1,1,1,-7.465910797802198
1,"[14, 2, 2]",rainbow,2,2,2,-7.462041516703295
2,"[14, 2, 2]",rainbow,8,6,4,-5.762016458791209
3,"[14, 2, 2]",rainbow,10,7,5,-5.239860541538461
4,"[14, 2, 2]",rainbow,16,11,8,-2.389988793076922
