,flop,board_type,0b,1b,2b,profit
0,"[13, 13, 12]",rainbow,1,1,1,-6.426300208034893
1,"[13, 13, 12]",rainbow,2,2,2,-4.90984922857235
2,"[13, 13, 12]",rainbow,3,2,2,-4.551339303040436
3,"[13, 13, 12]",rainbow,4,3,2,-3.2455538792243757
4,"[13, 13, 12]",rainbow,16,11,8,-0.9209653554927879
