,flop,board_type,0b,1b,2b,profit
0,"[13, 13, 10]",rainbow,1,1,1,-5.226708304463003
1,"[13, 13, 10]",rainbow,2,2,2,-3.5897784910201165
2,"[13, 13, 10]",rainbow,3,2,2,-3.5881328067079745
3,"[13, 13, 10]",rainbow,16,11,8,-2.172405127604167
