,flop,board_type,0b,1b,2b,profit
0,"[13, 13, 4]",rainbow,1,1,1,-8.232751365546218
1,"[13, 13, 4]",rainbow,8,6,4,-6.020885328431373
2,"[13, 13, 4]",rainbow,16,11,8,-4.269953946463585
