,flop,board_type,0b,1b,2b,profit
0,"[13, 12, 7]",rainbow,1,1,1,-5.076637660000001
1,"[13, 12, 7]",rainbow,2,2,2,-3.5724605317948726
2,"[13, 12, 7]",rainbow,3,2,2,-2.721613408205129
3,"[13, 12, 7]",rainbow,4,3,2,-0.2978033102564108
4,"[13, 12, 7]",rainbow,16,11,8,2.169122348098484
