,flop,board_type,0b,1b,2b,profit
0,"[13, 12, 4]",rainbow,1,1,1,-6.336272218803419
1,"[13, 12, 4]",rainbow,2,2,2,-4.91957168778999
2,"[13, 12, 4]",rainbow,3,2,2,-4.0945827736263745
3,"[13, 12, 4]",rainbow,4,3,2,-1.7789343989010997
4,"[13, 12, 4]",rainbow,16,11,8,1.1046386235858574
