,flop,board_type,0b,1b,2b,profit
0,"[13, 10, 7]",rainbow,1,1,1,-4.197634560526317
1,"[13, 10, 7]",rainbow,2,2,2,-2.570721399824563
2,"[13, 10, 7]",rainbow,3,2,2,-2.564700772807018
3,"[13, 10, 7]",rainbow,16,11,8,-1.237336269122808
