,flop,board_type,0b,1b,2b,profit
0,"[13, 9, 3]",rainbow,1,1,1,-5.42022820663916
1,"[13, 9, 3]",rainbow,8,6,4,-2.6387378480307584
2,"[13, 9, 3]",rainbow,10,7,5,-2.1180690530195054
3,"[13, 9, 3]",rainbow,16,11,8,0.3058066510315076
