,flop,board_type,0b,1b,2b,profit
0,"[13, 8, 8]",rainbow,1,1,1,-6.6292311953488365
1,"[13, 8, 8]",rainbow,8,6,4,-3.2244504871539315
2,"[13, 8, 8]",rainbow,10,7,5,-2.5372337543004804
3,"[13, 8, 8]",rainbow,16,11,8,-1.2723685893687708
