,flop,board_type,0b,1b,2b,profit
0,"[13, 8, 4]",rainbow,1,1,1,-6.29469442923588
1,"[13, 8, 4]",rainbow,8,6,4,-2.9212545239202656
2,"[13, 8, 4]",rainbow,10,7,5,-2.4083795511258757
3,"[13, 8, 4]",rainbow,16,11,8,0.24896812476928787
