,flop,board_type,0b,1b,2b,profit
0,"[13, 8, 2]",rainbow,1,1,1,-6.314023548837209
1,"[13, 8, 2]",rainbow,2,2,2,-6.310100393355482
2,"[13, 8, 2]",rainbow,8,6,4,-2.9361240262827604
3,"[13, 8, 2]",rainbow,10,7,5,-2.418158007825765
4,"[13, 8, 2]",rainbow,16,11,8,0.2525383065337765
