,flop,board_type,0b,1b,2b,profit
0,"[13, 6, 4]",rainbow,1,1,1,-6.9173633645625685
1,"[13, 6, 4]",rainbow,2,2,2,-6.909008912070874
2,"[13, 6, 4]",rainbow,8,6,4,-4.523389919084533
3,"[13, 6, 4]",rainbow,10,7,5,-4.01546913839055
4,"[13, 6, 4]",rainbow,16,11,8,-1.6161026294573642
