,flop,board_type,0b,1b,2b,profit
0,"[13, 6, 2]",rainbow,1,1,1,-6.966692305426356
1,"[13, 6, 2]",rainbow,8,6,4,-4.596813380140274
2,"[13, 6, 2]",rainbow,10,7,5,-4.076248285825027
3,"[13, 6, 2]",rainbow,16,11,8,-1.67860031148025
