,flop,board_type,0b,1b,2b,profit
0,"[14, 14, 14]",rainbow,1,1,1,0.7115522935779814
1,"[14, 14, 14]",rainbow,2,2,2,0.7135757798165139
2,"[14, 14, 14]",rainbow,4,3,2,0.713890642201835
3,"[14, 14, 14]",rainbow,8,6,4,1.8863846605504586
4,"[14, 14, 14]",rainbow,10,7,5,1.9406949266055047
5,"[14, 14, 14]",rainbow,15,10,7,2.6716859908256883
6,"[14, 14, 14]",rainbow,16,11,8,3.366653798165138
