,flop,board_type,0b,1b,2b,profit
0,"[14, 13, 13]",rainbow,1,1,1,1.1552817731193925
1,"[14, 13, 13]",rainbow,2,2,2,1.3339484254658385
2,"[14, 13, 13]",rainbow,3,2,2,1.6741952387853691
3,"[14, 13, 13]",rainbow,4,3,2,1.7262575184610076
4,"[14, 13, 13]",rainbow,8,6,4,2.755456469289165
5,"[14, 13, 13]",rainbow,10,7,5,2.8002115376121464
6,"[14, 13, 13]",rainbow,15,10,7,3.2710518740510697
7,"[14, 13, 13]",rainbow,16,11,8,3.364470765010352
