,flop,board_type,0b,1b,2b,profit
0,"[14, 13, 10]",rainbow,1,1,1,2.718826284835053
1,"[14, 13, 10]",rainbow,8,6,4,3.358540181420967
2,"[14, 13, 10]",rainbow,10,7,5,3.408573972639738
3,"[14, 13, 10]",rainbow,15,10,7,3.711506073219181
4,"[14, 13, 10]",rainbow,16,11,8,3.7331263478527275
