,flop,board_type,0b,1b,2b,profit
0,"[14, 13, 7]",rainbow,1,1,1,0.8317342349286898
1,"[14, 13, 7]",rainbow,2,2,2,1.02321269021038
2,"[14, 13, 7]",rainbow,3,2,2,1.3542365902103803
3,"[14, 13, 7]",rainbow,4,3,2,1.5918615195237606
4,"[14, 13, 7]",rainbow,8,6,4,2.2779427734850275
5,"[14, 13, 7]",rainbow,10,7,5,2.323576576301929
6,"[14, 13, 7]",rainbow,15,10,7,2.6163926601047462
7,"[14, 13, 7]",rainbow,16,11,8,2.6867278851047462
