,flop,board_type,0b,1b,2b,profit
0,"[14, 13, 5]",rainbow,1,1,1,0.7196219137251724
1,"[14, 13, 5]",rainbow,2,2,2,0.9211760296424766
2,"[14, 13, 5]",rainbow,3,2,2,1.2501578110183158
3,"[14, 13, 5]",rainbow,4,3,2,1.4130185368126553
4,"[14, 13, 5]",rainbow,8,6,4,2.203654714365807
5,"[14, 13, 5]",rainbow,15,10,7,2.4655278150580684
6,"[14, 13, 5]",rainbow,16,11,8,2.5634451613667926
