,flop,board_type,0b,1b,2b,profit
0,"[14, 11, 5]",rainbow,1,1,1,0.7767970607497741
1,"[14, 11, 5]",rainbow,2,2,2,0.7800903168473352
2,"[14, 11, 5]",rainbow,3,2,2,1.0877437619692867
3,"[14, 11, 5]",rainbow,4,3,2,1.2470937741644088
4,"[14, 11, 5]",rainbow,8,6,4,1.8859170998757906
5,"[14, 11, 5]",rainbow,10,7,5,2.1766453971318884
6,"[14, 11, 5]",rainbow,15,10,7,2.442732713188799
7,"[14, 11, 5]",rainbow,16,11,8,2.5400424408310753
