,flop,board_type,0b,1b,2b,profit
0,"[14, 11, 4]",rainbow,1,1,1,1.0266846137931032
1,"[14, 11, 4]",rainbow,2,2,2,1.0304509586206896
2,"[14, 11, 4]",rainbow,3,2,2,1.3582990689655172
3,"[14, 11, 4]",rainbow,4,3,2,1.4484593103448273
4,"[14, 11, 4]",rainbow,8,6,4,2.284928248275862
5,"[14, 11, 4]",rainbow,10,7,5,2.6255355965517246
6,"[14, 11, 4]",rainbow,15,10,7,2.7748401448275866
7,"[14, 11, 4]",rainbow,16,11,8,2.8956558344827585
