,flop,board_type,0b,1b,2b,profit
0,"[14, 10, 8]",rainbow,1,1,1,0.35129104788732424
1,"[14, 10, 8]",rainbow,2,2,2,0.7095848774647888
2,"[14, 10, 8]",rainbow,3,2,2,0.9910585718309862
3,"[14, 10, 8]",rainbow,4,3,2,1.1228661992957747
4,"[14, 10, 8]",rainbow,8,6,4,1.5009259130281691
5,"[14, 10, 8]",rainbow,10,7,5,1.6188797732394367
6,"[14, 10, 8]",rainbow,15,10,7,2.0762718035211267
7,"[14, 10, 8]",rainbow,16,11,8,2.12953521971831
