,flop,board_type,0b,1b,2b,profit
0,"[14, 10, 7]",rainbow,1,1,1,0.22131001048951068
1,"[14, 10, 7]",rainbow,2,2,2,0.28446796153846154
2,"[14, 10, 7]",rainbow,3,2,2,0.7710293006993008
3,"[14, 10, 7]",rainbow,4,3,2,1.0180304160839162
4,"[14, 10, 7]",rainbow,8,6,4,1.478228604895105
5,"[14, 10, 7]",rainbow,10,7,5,1.6216813426573427
6,"[14, 10, 7]",rainbow,15,10,7,2.005873958041958
7,"[14, 10, 7]",rainbow,16,11,8,2.0580745174825177
