,flop,board_type,0b,1b,2b,profit
0,"[14, 9, 9]",rainbow,1,1,1,0.9242959976438764
1,"[14, 9, 9]",rainbow,2,2,2,0.924854150348012
2,"[14, 9, 9]",rainbow,8,6,4,2.068861325158356
3,"[14, 9, 9]",rainbow,10,7,5,2.193100493769173
4,"[14, 9, 9]",rainbow,15,10,7,2.775046217237645
5,"[14, 9, 9]",rainbow,16,11,8,3.1036655158753796
