,flop,board_type,0b,1b,2b,profit
0,"[14, 9, 5]",rainbow,1,1,1,0.6817140293889085
1,"[14, 9, 5]",rainbow,2,2,2,0.6841748026492405
2,"[14, 9, 5]",rainbow,3,2,2,0.8708650389614977
3,"[14, 9, 5]",rainbow,4,3,2,1.163689038643589
4,"[14, 9, 5]",rainbow,8,6,4,1.440160367679265
5,"[14, 9, 5]",rainbow,10,7,5,1.644140118897916
6,"[14, 9, 5]",rainbow,15,10,7,2.0839046317908867
7,"[14, 9, 5]",rainbow,16,11,8,2.38382804097492
