,flop,board_type,0b,1b,2b,profit
0,"[14, 6, 4]",rainbow,1,1,1,0.7401263864252124
1,"[14, 6, 4]",rainbow,2,2,2,0.79566805109974
2,"[14, 6, 4]",rainbow,3,2,2,0.8600225242058616
3,"[14, 6, 4]",rainbow,4,3,2,0.8693895117684526
4,"[14, 6, 4]",rainbow,8,6,4,1.539821044315699
5,"[14, 6, 4]",rainbow,10,7,5,1.762254516937246
6,"[14, 6, 4]",rainbow,15,10,7,2.2093903290839108
7,"[14, 6, 4]",rainbow,16,11,8,2.7200744560423993
