,flop,board_type,0b,1b,2b,profit
0,"[14, 6, 3]",rainbow,1,1,1,0.6851658076805551
1,"[14, 6, 3]",rainbow,2,2,2,0.741670938808302
2,"[14, 6, 3]",rainbow,3,2,2,0.8045545978278624
3,"[14, 6, 3]",rainbow,4,3,2,0.8946982906556817
4,"[14, 6, 3]",rainbow,8,6,4,1.5802009315636751
5,"[14, 6, 3]",rainbow,10,7,5,1.8153855652270416
6,"[14, 6, 3]",rainbow,15,10,7,2.2044604147802893
7,"[14, 6, 3]",rainbow,16,11,8,2.7266193754178167
