,flop,board_type,0b,1b,2b,profit
0,"[14, 4, 4]",rainbow,1,1,1,0.8347452330097092
1,"[14, 4, 4]",rainbow,8,6,4,1.9169547378640779
2,"[14, 4, 4]",rainbow,10,7,5,2.236437475728155
3,"[14, 4, 4]",rainbow,15,10,7,2.628561281553398
4,"[14, 4, 4]",rainbow,16,11,8,3.2147539999999997
