,flop,board_type,0b,1b,2b,profit
0,"[14, 4, 2]",rainbow,1,1,1,0.8170878928571429
1,"[14, 4, 2]",rainbow,2,2,2,0.8187332467532469
2,"[14, 4, 2]",rainbow,3,2,2,0.9443413863636358
3,"[14, 4, 2]",rainbow,8,6,4,1.8869671688311687
4,"[14, 4, 2]",rainbow,10,7,5,2.2372910876623378
5,"[14, 4, 2]",rainbow,15,10,7,2.4991192045454547
6,"[14, 4, 2]",rainbow,16,11,8,3.1227410974025975
