,flop,board_type,0b,1b,2b,profit
0,"[13, 13, 8]",rainbow,1,1,1,0.5231130020122439
1,"[13, 13, 8]",rainbow,2,2,2,0.5235571314970151
2,"[13, 13, 8]",rainbow,3,2,2,0.525349191328948
3,"[13, 13, 8]",rainbow,4,3,2,0.6301314801384086
4,"[13, 13, 8]",rainbow,8,6,4,1.3083237345906689
5,"[13, 13, 8]",rainbow,10,7,5,1.3826252189239134
6,"[13, 13, 8]",rainbow,15,10,7,1.732307541117153
7,"[13, 13, 8]",rainbow,16,11,8,1.9880963284961404
