,flop,board_type,0b,1b,2b,profit
0,"[13, 12, 8]",rainbow,1,1,1,0.19949616025641026
1,"[13, 12, 8]",rainbow,2,2,2,0.4438673557692307
2,"[13, 12, 8]",rainbow,3,2,2,0.5429456955128202
3,"[13, 12, 8]",rainbow,4,3,2,0.6623591346153848
4,"[13, 12, 8]",rainbow,8,6,4,1.002286603365385
5,"[13, 12, 8]",rainbow,10,7,5,1.0046415024038464
6,"[13, 12, 8]",rainbow,15,10,7,1.4651469447115386
7,"[13, 12, 8]",rainbow,16,11,8,1.5062218173076922
