,flop,board_type,0b,1b,2b,profit
0,"[13, 12, 2]",rainbow,1,1,1,0.22634473200968533
1,"[13, 12, 2]",rainbow,2,2,2,0.4363059462954
2,"[13, 12, 2]",rainbow,3,2,2,0.5416926387409202
3,"[13, 12, 2]",rainbow,4,3,2,0.5592030118644068
4,"[13, 12, 2]",rainbow,8,6,4,1.3002123348184018
5,"[13, 12, 2]",rainbow,10,7,5,1.3024771517675542
6,"[13, 12, 2]",rainbow,15,10,7,1.370671802566586
7,"[13, 12, 2]",rainbow,16,11,8,1.4991797794673123
