,flop,board_type,0b,1b,2b,profit
0,"[13, 11, 5]",rainbow,1,1,1,0.3005822166438354
1,"[13, 11, 5]",rainbow,2,2,2,0.521746155479452
2,"[13, 11, 5]",rainbow,3,2,2,0.6297578836301372
3,"[13, 11, 5]",rainbow,4,3,2,0.7435017460958904
4,"[13, 11, 5]",rainbow,8,6,4,1.15034146630137
5,"[13, 11, 5]",rainbow,15,10,7,1.434559422191781
6,"[13, 11, 5]",rainbow,16,11,8,1.4986336973287673
