,flop,board_type,0b,1b,2b,profit
0,"[13, 8, 8]",rainbow,1,1,1,0.5717222624916947
1,"[13, 8, 8]",rainbow,8,6,4,1.4160662418604653
2,"[13, 8, 8]",rainbow,10,7,5,1.4722172212292362
3,"[13, 8, 8]",rainbow,15,10,7,1.848004112458472
4,"[13, 8, 8]",rainbow,16,11,8,2.1398063444518276
