,flop,board_type,0b,1b,2b,profit
0,"[13, 8, 7]",rainbow,1,1,1,0.3560578327759198
1,"[13, 8, 7]",rainbow,2,2,2,0.5025363019072585
2,"[13, 8, 7]",rainbow,3,2,2,0.7442860479074394
3,"[13, 8, 7]",rainbow,4,3,2,0.9288471987706769
4,"[13, 8, 7]",rainbow,8,6,4,1.2447690901202204
5,"[13, 8, 7]",rainbow,10,7,5,1.2932931407394017
6,"[13, 8, 7]",rainbow,15,10,7,1.5195964819669165
7,"[13, 8, 7]",rainbow,16,11,8,1.630037079996384
