,flop,board_type,0b,1b,2b,profit
0,"[13, 8, 5]",rainbow,1,1,1,0.2119362126245849
1,"[13, 8, 5]",rainbow,2,2,2,0.27841954023525195
2,"[13, 8, 5]",rainbow,3,2,2,0.3324870398850678
3,"[13, 8, 5]",rainbow,4,3,2,0.42639096011493216
4,"[13, 8, 5]",rainbow,8,6,4,0.8478254580228071
5,"[13, 8, 5]",rainbow,15,10,7,1.0890518586693003
6,"[13, 8, 5]",rainbow,16,11,8,1.3208417668312835
