,flop,board_type,0b,1b,2b,profit
0,"[13, 7, 7]",rainbow,1,1,1,0.42806253681967243
1,"[13, 7, 7]",rainbow,2,2,2,0.4362219329836066
2,"[13, 7, 7]",rainbow,8,6,4,1.3595223441967212
3,"[13, 7, 7]",rainbow,10,7,5,1.4718706142295082
4,"[13, 7, 7]",rainbow,15,10,7,1.7795566920327872
5,"[13, 7, 7]",rainbow,16,11,8,2.0907937815081965
