,flop,board_type,0b,1b,2b,profit
0,"[13, 6, 6]",rainbow,1,1,1,0.31943919690553746
1,"[13, 6, 6]",rainbow,8,6,4,1.3191573555700327
2,"[13, 6, 6]",rainbow,10,7,5,1.4568652022801305
3,"[13, 6, 6]",rainbow,15,10,7,1.6970023775244298
4,"[13, 6, 6]",rainbow,16,11,8,2.0256554787622156
