,flop,board_type,0b,1b,2b,profit
0,"[13, 6, 3]",rainbow,1,1,1,0.24502973498371328
1,"[13, 6, 3]",rainbow,2,2,2,0.3012543452117262
2,"[13, 6, 3]",rainbow,3,2,2,0.3564842426058633
3,"[13, 6, 3]",rainbow,4,3,2,0.4437560603908796
4,"[13, 6, 3]",rainbow,8,6,4,1.1975735111400652
5,"[13, 6, 3]",rainbow,10,7,5,1.2008777005863192
6,"[13, 6, 3]",rainbow,15,10,7,1.397026978110749
7,"[13, 6, 3]",rainbow,16,11,8,1.7379778693159609
