,flop,board_type,0b,1b,2b,profit
0,"[13, 5, 5]",rainbow,1,1,1,0.2992193882467531
1,"[13, 5, 5]",rainbow,2,2,2,0.3016870392207793
2,"[13, 5, 5]",rainbow,8,6,4,1.2527411163636368
3,"[13, 5, 5]",rainbow,10,7,5,1.2537071202597405
4,"[13, 5, 5]",rainbow,15,10,7,1.6043531340909092
5,"[13, 5, 5]",rainbow,16,11,8,1.9584642722077918
