,flop,board_type,0b,1b,2b,profit
0,"[13, 3, 3]",rainbow,1,1,1,0.32020311435342896
1,"[13, 3, 3]",rainbow,2,2,2,0.3209784114945935
2,"[13, 3, 3]",rainbow,8,6,4,1.4809653526884903
3,"[13, 3, 3]",rainbow,10,7,5,1.481029295659902
4,"[13, 3, 3]",rainbow,15,10,7,1.6431953203969785
5,"[13, 3, 3]",rainbow,16,11,8,2.066686307658125
