,flop,board_type,0b,1b,2b,profit
0,"[12, 11, 10]",rainbow,1,1,1,1.6520291623232841
1,"[12, 11, 10]",rainbow,2,2,2,1.9556083016805768
2,"[12, 11, 10]",rainbow,3,2,2,2.1273599721512517
3,"[12, 11, 10]",rainbow,4,3,2,2.1881108796188764
4,"[12, 11, 10]",rainbow,8,6,4,2.435267519487156
5,"[12, 11, 10]",rainbow,10,7,5,2.471416462125083
6,"[12, 11, 10]",rainbow,15,10,7,2.877620575662089
7,"[12, 11, 10]",rainbow,16,11,8,2.920594651884197
