,flop,board_type,0b,1b,2b,profit
0,"[12, 11, 5]",rainbow,1,1,1,0.2669515081632652
1,"[12, 11, 5]",rainbow,2,2,2,0.5553124053061225
2,"[12, 11, 5]",rainbow,3,2,2,0.7168528099999999
3,"[12, 11, 5]",rainbow,4,3,2,0.8518017836734695
4,"[12, 11, 5]",rainbow,8,6,4,1.0576629034693876
5,"[12, 11, 5]",rainbow,10,7,5,1.2863540030612244
6,"[12, 11, 5]",rainbow,15,10,7,1.5389503270408162
7,"[12, 11, 5]",rainbow,16,11,8,1.5998787371428569
