,flop,board_type,0b,1b,2b,profit
0,"[12, 11, 4]",rainbow,1,1,1,0.4775184112507853
1,"[12, 11, 4]",rainbow,2,2,2,0.7208087604336897
2,"[12, 11, 4]",rainbow,3,2,2,0.8941495300439971
3,"[12, 11, 4]",rainbow,4,3,2,1.0026114941231927
4,"[12, 11, 4]",rainbow,8,6,4,1.35585685194846
5,"[12, 11, 4]",rainbow,10,7,5,1.5601876238214956
6,"[12, 11, 4]",rainbow,15,10,7,1.7719942879321182
7,"[12, 11, 4]",rainbow,16,11,8,1.859496286832181
