,flop,board_type,0b,1b,2b,profit
0,"[12, 11, 2]",rainbow,1,1,1,0.4280997970401693
1,"[12, 11, 2]",rainbow,2,2,2,0.6754432243363871
2,"[12, 11, 2]",rainbow,3,2,2,0.8438607564012216
3,"[12, 11, 2]",rainbow,4,3,2,0.8718329671129905
4,"[12, 11, 2]",rainbow,8,6,4,1.3774360476861638
5,"[12, 11, 2]",rainbow,10,7,5,1.5826816262626262
6,"[12, 11, 2]",rainbow,15,10,7,1.6613791529245945
7,"[12, 11, 2]",rainbow,16,11,8,1.7732923720930236
