,flop,board_type,0b,1b,2b,profit
0,"[12, 10, 3]",rainbow,1,1,1,0.048978589314194715
1,"[12, 10, 3]",rainbow,2,2,2,0.32745558665603414
2,"[12, 10, 3]",rainbow,3,2,2,0.466878639287613
3,"[12, 10, 3]",rainbow,4,3,2,0.593759672780436
4,"[12, 10, 3]",rainbow,8,6,4,0.9816417161084529
5,"[12, 10, 3]",rainbow,10,7,5,1.164663058213716
6,"[12, 10, 3]",rainbow,15,10,7,1.3714607958532694
7,"[12, 10, 3]",rainbow,16,11,8,1.4694748088782563
