,flop,board_type,0b,1b,2b,profit
0,"[12, 9, 6]",rainbow,1,1,1,0.16269904629381854
1,"[12, 9, 6]",rainbow,2,2,2,0.5524377950227456
2,"[12, 9, 6]",rainbow,3,2,2,0.8962060551244317
3,"[12, 9, 6]",rainbow,4,3,2,1.2042835450896443
4,"[12, 9, 6]",rainbow,8,6,4,1.4029189831415576
5,"[12, 9, 6]",rainbow,10,7,5,1.4479574824725714
6,"[12, 9, 6]",rainbow,15,10,7,1.6616892255820177
7,"[12, 9, 6]",rainbow,16,11,8,1.681034126839711
