,flop,board_type,0b,1b,2b,profit
0,"[12, 9, 4]",rainbow,1,1,1,0.33910160882352935
1,"[12, 9, 4]",rainbow,2,2,2,0.5563472152941175
2,"[12, 9, 4]",rainbow,3,2,2,0.9442333114705879
3,"[12, 9, 4]",rainbow,4,3,2,1.2017141757843137
4,"[12, 9, 4]",rainbow,8,6,4,1.4703178935294117
5,"[12, 9, 4]",rainbow,10,7,5,1.650667419705882
6,"[12, 9, 4]",rainbow,15,10,7,1.863581341764706
7,"[12, 9, 4]",rainbow,16,11,8,1.915521833529412
