,flop,board_type,0b,1b,2b,profit
0,"[12, 9, 3]",rainbow,1,1,1,0.298174688859935
1,"[12, 9, 3]",rainbow,2,2,2,0.5212015495765473
2,"[12, 9, 3]",rainbow,3,2,2,0.912517750814332
3,"[12, 9, 3]",rainbow,4,3,2,1.1693052246905538
4,"[12, 9, 3]",rainbow,8,6,4,1.4987487414983711
5,"[12, 9, 3]",rainbow,10,7,5,1.680700046156352
6,"[12, 9, 3]",rainbow,15,10,7,1.8461292798045603
7,"[12, 9, 3]",rainbow,16,11,8,1.9130441947882735
