,flop,board_type,0b,1b,2b,profit
0,"[12, 6, 6]",rainbow,1,1,1,0.28804248636363644
1,"[12, 6, 6]",rainbow,2,2,2,0.29061285519480495
2,"[12, 6, 6]",rainbow,3,2,2,0.29077864025974015
3,"[12, 6, 6]",rainbow,4,3,2,0.5791309103896104
4,"[12, 6, 6]",rainbow,8,6,4,1.5331845675324678
5,"[12, 6, 6]",rainbow,10,7,5,1.6699741551948053
6,"[12, 6, 6]",rainbow,15,10,7,2.0569941095779223
7,"[12, 6, 6]",rainbow,16,11,8,2.197225113636364
