,flop,board_type,0b,1b,2b,profit
0,"[11, 11, 8]",rainbow,1,1,1,1.0484129662013775
1,"[11, 11, 8]",rainbow,2,2,2,1.0992347945216092
2,"[11, 11, 8]",rainbow,3,2,2,1.3519676730151966
3,"[11, 11, 8]",rainbow,4,3,2,1.4095053405420426
4,"[11, 11, 8]",rainbow,8,6,4,1.8355133134245099
5,"[11, 11, 8]",rainbow,10,7,5,1.8872598341162528
6,"[11, 11, 8]",rainbow,15,10,7,2.3107161259095657
7,"[11, 11, 8]",rainbow,16,11,8,2.389819845365465
