,flop,board_type,0b,1b,2b,profit
0,"[11, 11, 5]",rainbow,1,1,1,0.8098530491331606
1,"[11, 11, 5]",rainbow,8,6,4,1.5272572600400711
2,"[11, 11, 5]",rainbow,10,7,5,1.766039714253762
3,"[11, 11, 5]",rainbow,15,10,7,2.101622437331968
4,"[11, 11, 5]",rainbow,16,11,8,2.2253698445124366
