,flop,board_type,0b,1b,2b,profit
0,"[11, 8, 8]",rainbow,1,1,1,0.7884280396039605
1,"[11, 8, 8]",rainbow,2,2,2,0.8374643124849069
2,"[11, 8, 8]",rainbow,3,2,2,1.1152918377203576
3,"[11, 8, 8]",rainbow,4,3,2,1.1738596831683172
4,"[11, 8, 8]",rainbow,8,6,4,1.648118406182082
5,"[11, 8, 8]",rainbow,10,7,5,1.6957644337116644
6,"[11, 8, 8]",rainbow,15,10,7,2.1749748814296073
7,"[11, 8, 8]",rainbow,16,11,8,2.258204710456412
