,flop,board_type,0b,1b,2b,profit
0,"[11, 7, 7]",rainbow,1,1,1,0.7949585986822629
1,"[11, 7, 7]",rainbow,2,2,2,0.7961897005473995
2,"[11, 7, 7]",rainbow,3,2,2,0.9712044523407993
3,"[11, 7, 7]",rainbow,4,3,2,1.2416535322068922
4,"[11, 7, 7]",rainbow,8,6,4,1.735169917190154
5,"[11, 7, 7]",rainbow,10,7,5,1.7833765169032099
6,"[11, 7, 7]",rainbow,15,10,7,2.1951506503321907
7,"[11, 7, 7]",rainbow,16,11,8,2.2699603260854198
