,flop,board_type,0b,1b,2b,profit
0,"[11, 7, 4]",rainbow,1,1,1,0.8256975718439664
1,"[11, 7, 4]",rainbow,2,2,2,0.8827725734170176
2,"[11, 7, 4]",rainbow,3,2,2,1.1214436001588945
3,"[11, 7, 4]",rainbow,4,3,2,1.3179934115516008
4,"[11, 7, 4]",rainbow,8,6,4,1.4836930621752606
5,"[11, 7, 4]",rainbow,10,7,5,1.658176289123699
6,"[11, 7, 4]",rainbow,15,10,7,1.9339885039485187
7,"[11, 7, 4]",rainbow,16,11,8,1.996818053229523
