,flop,board_type,0b,1b,2b,profit
0,"[11, 7, 3]",rainbow,1,1,1,0.7581384464364906
1,"[11, 7, 3]",rainbow,2,2,2,0.7621967488913526
2,"[11, 7, 3]",rainbow,3,2,2,1.061854152312322
3,"[11, 7, 3]",rainbow,4,3,2,1.341847470082357
4,"[11, 7, 3]",rainbow,8,6,4,1.5210743678017105
5,"[11, 7, 3]",rainbow,10,7,5,1.7000542684985747
6,"[11, 7, 3]",rainbow,15,10,7,1.9201521022014572
7,"[11, 7, 3]",rainbow,16,11,8,1.9861315255464047
