,flop,board_type,0b,1b,2b,profit
0,"[11, 7, 2]",rainbow,1,1,1,0.7179305798226163
1,"[11, 7, 2]",rainbow,8,6,4,1.4952537887234716
2,"[11, 7, 2]",rainbow,10,7,5,1.6731901742952173
3,"[11, 7, 2]",rainbow,15,10,7,1.8456774516154584
4,"[11, 7, 2]",rainbow,16,11,8,1.921350452011403
