,flop,board_type,0b,1b,2b,profit
0,"[11, 5, 2]",rainbow,1,1,1,0.5875906575893206
1,"[11, 5, 2]",rainbow,2,2,2,0.5881068506656382
2,"[11, 5, 2]",rainbow,8,6,4,1.3950656083367639
3,"[11, 5, 2]",rainbow,10,7,5,1.6213745066845215
4,"[11, 5, 2]",rainbow,15,10,7,1.830605746180981
5,"[11, 5, 2]",rainbow,16,11,8,1.9592373428764962
