,flop,board_type,0b,1b,2b,profit
0,"[11, 3, 3]",rainbow,1,1,1,0.6810653987341773
1,"[11, 3, 3]",rainbow,3,2,2,0.6837541012658231
2,"[11, 3, 3]",rainbow,4,3,2,0.9473480569620253
3,"[11, 3, 3]",rainbow,8,6,4,1.673793670886076
4,"[11, 3, 3]",rainbow,10,7,5,1.9062630537974685
5,"[11, 3, 3]",rainbow,15,10,7,2.112653417721519
6,"[11, 3, 3]",rainbow,16,11,8,2.2540247341772153
