,flop,board_type,0b,1b,2b,profit
0,"[10, 9, 7]",rainbow,1,1,1,0.5409810675546043
1,"[10, 9, 7]",rainbow,2,2,2,1.3247370357216648
2,"[10, 9, 7]",rainbow,3,2,2,1.4253696172151713
3,"[10, 9, 7]",rainbow,4,3,2,1.6232368361791618
4,"[10, 9, 7]",rainbow,8,6,4,1.667525870026564
5,"[10, 9, 7]",rainbow,10,7,5,1.7100277263282175
6,"[10, 9, 7]",rainbow,15,10,7,1.8785782341204253
7,"[10, 9, 7]",rainbow,16,11,8,1.8842604311171784
