,flop,board_type,0b,1b,2b,profit
0,"[10, 9, 6]",rainbow,1,1,1,0.18646686101398618
1,"[10, 9, 6]",rainbow,2,2,2,0.6508803356643359
2,"[10, 9, 6]",rainbow,3,2,2,0.8528472430069929
3,"[10, 9, 6]",rainbow,4,3,2,1.243347381993007
4,"[10, 9, 6]",rainbow,8,6,4,1.3500239029720276
5,"[10, 9, 6]",rainbow,10,7,5,1.3500862657342654
6,"[10, 9, 6]",rainbow,15,10,7,1.5340114064685313
