,flop,board_type,0b,1b,2b,profit
0,"[10, 9, 2]",rainbow,1,1,1,-0.03102256156351807
1,"[10, 9, 2]",rainbow,2,2,2,0.3730164429967429
2,"[10, 9, 2]",rainbow,3,2,2,0.6046857120521172
3,"[10, 9, 2]",rainbow,4,3,2,0.8964363856677522
4,"[10, 9, 2]",rainbow,8,6,4,1.0445483674267098
5,"[10, 9, 2]",rainbow,10,7,5,1.1624032469055374
6,"[10, 9, 2]",rainbow,15,10,7,1.3576916182410423
7,"[10, 9, 2]",rainbow,16,11,8,1.4099031426710096
