,flop,board_type,0b,1b,2b,profit
0,"[10, 6, 3]",rainbow,1,1,1,-0.34071663430420707
1,"[10, 6, 3]",rainbow,2,2,2,-0.2678479223300971
2,"[10, 6, 3]",rainbow,3,2,2,-0.11604495145631083
3,"[10, 6, 3]",rainbow,4,3,2,0.22672001294498378
4,"[10, 6, 3]",rainbow,8,6,4,0.5303715210355987
5,"[10, 6, 3]",rainbow,10,7,5,0.7741971779935276
6,"[10, 6, 3]",rainbow,15,10,7,1.2052664919093847
7,"[10, 6, 3]",rainbow,16,11,8,1.2619604789644012
