,flop,board_type,0b,1b,2b,profit
0,"[9, 8, 5]",rainbow,1,1,1,0.43794829084475884
1,"[9, 8, 5]",rainbow,2,2,2,0.7208977089783284
2,"[9, 8, 5]",rainbow,3,2,2,0.9468745673595753
3,"[9, 8, 5]",rainbow,4,3,2,1.4584067322423706
4,"[9, 8, 5]",rainbow,10,7,5,1.5902002282176029
5,"[9, 8, 5]",rainbow,15,10,7,2.080200324458205
