,flop,board_type,0b,1b,2b,profit
0,"[9, 6, 6]",rainbow,1,1,1,0.1853440434251774
1,"[9, 6, 6]",rainbow,2,2,2,0.25473140247483933
2,"[9, 6, 6]",rainbow,3,2,2,0.34893656706814047
3,"[9, 6, 6]",rainbow,4,3,2,0.549567784359017
4,"[9, 6, 6]",rainbow,8,6,4,1.0356606539844915
5,"[9, 6, 6]",rainbow,10,7,5,1.4445940418412806
6,"[9, 6, 6]",rainbow,15,10,7,1.9847167249628777
7,"[9, 6, 6]",rainbow,16,11,8,2.1375628459990104
