,flop,board_type,0b,1b,2b,profit
0,"[9, 4, 2]",rainbow,1,1,1,0.2591507519444235
1,"[9, 4, 2]",rainbow,8,6,4,1.0652996644264898
2,"[9, 4, 2]",rainbow,10,7,5,1.5002265444385712
3,"[9, 4, 2]",rainbow,15,10,7,2.0164802851317676
4,"[9, 4, 2]",rainbow,16,11,8,2.1642165648267007
