,flop,board_type,0b,1b,2b,profit
0,"[9, 2, 2]",rainbow,1,1,1,0.10041735815618719
1,"[9, 2, 2]",rainbow,8,6,4,0.9353257031103158
2,"[9, 2, 2]",rainbow,10,7,5,1.4011698279257108
3,"[9, 2, 2]",rainbow,15,10,7,1.9160191097784747
4,"[9, 2, 2]",rainbow,16,11,8,2.0812730720519137
