,flop,board_type,0b,1b,2b,profit
0,"[8, 8, 7]",rainbow,1,1,1,0.24117311422225318
1,"[8, 8, 7]",rainbow,2,2,2,0.40790801731116827
2,"[8, 8, 7]",rainbow,3,2,2,0.5603579449017039
3,"[8, 8, 7]",rainbow,4,3,2,0.909875598137546
4,"[8, 8, 7]",rainbow,8,6,4,1.0292382818458994
5,"[8, 8, 7]",rainbow,10,7,5,1.4528323225991588
6,"[8, 8, 7]",rainbow,15,10,7,2.0159380245788783
7,"[8, 8, 7]",rainbow,16,11,8,2.0739355437097333
