,flop,board_type,0b,1b,2b,profit
0,"[8, 8, 6]",rainbow,1,1,1,0.14573190843015282
1,"[8, 8, 6]",rainbow,2,2,2,0.6228093526250793
2,"[8, 8, 6]",rainbow,3,2,2,0.6945328860337012
3,"[8, 8, 6]",rainbow,4,3,2,0.8100123987065534
4,"[8, 8, 6]",rainbow,8,6,4,0.9724200080401685
5,"[8, 8, 6]",rainbow,10,7,5,1.4106812157748494
6,"[8, 8, 6]",rainbow,15,10,7,1.8336873811377785
7,"[8, 8, 6]",rainbow,16,11,8,2.0825412010692057
