,flop,board_type,0b,1b,2b,profit
0,"[7, 7, 5]",rainbow,1,1,1,-0.19914869758164588
1,"[7, 7, 5]",rainbow,2,2,2,-0.006231344573256803
2,"[7, 7, 5]",rainbow,3,2,2,0.013706615617540163
3,"[7, 7, 5]",rainbow,4,3,2,0.08873228955626689
4,"[7, 7, 5]",rainbow,8,6,4,0.2501534945960461
5,"[7, 7, 5]",rainbow,10,7,5,0.7788180432596113
6,"[7, 7, 5]",rainbow,15,10,7,1.2680213143282626
7,"[7, 7, 5]",rainbow,16,11,8,1.677282177893203
