,flop,board_type,0b,1b,2b,profit
0,"[7, 6, 3]",rainbow,1,1,1,0.057161008981168826
1,"[7, 6, 3]",rainbow,2,2,2,0.14759262346692448
2,"[7, 6, 3]",rainbow,3,2,2,0.19826440714630655
3,"[7, 6, 3]",rainbow,4,3,2,0.3459496482858525
4,"[7, 6, 3]",rainbow,8,6,4,0.4845072096571704
5,"[7, 6, 3]",rainbow,10,7,5,0.5574517220666348
6,"[7, 6, 3]",rainbow,15,10,7,1.3472585047802994
7,"[7, 6, 3]",rainbow,16,11,8,1.7250928645098984
