,flop,board_type,0b,1b,2b,profit
0,"[6, 3, 3]",rainbow,1,1,1,-0.4142190690192006
1,"[6, 3, 3]",rainbow,2,2,2,-0.32662551649492155
2,"[6, 3, 3]",rainbow,3,2,2,-0.3054420712432352
3,"[6, 3, 3]",rainbow,4,3,2,-0.20538302551708765
4,"[6, 3, 3]",rainbow,8,6,4,0.09400187333382792
5,"[6, 3, 3]",rainbow,10,7,5,0.38399925184965555
6,"[6, 3, 3]",rainbow,15,10,7,1.189544931381126
7,"[6, 3, 3]",rainbow,16,11,8,1.6349885184372455
