,flop,board_type,0b,1b,2b,profit
0,"[6, 2, 2]",rainbow,1,1,1,-0.4571990935132325
1,"[6, 2, 2]",rainbow,2,2,2,-0.4566800026836678
2,"[6, 2, 2]",rainbow,3,2,2,-0.4398424450589363
3,"[6, 2, 2]",rainbow,4,3,2,-0.3096938855511896
4,"[6, 2, 2]",rainbow,8,6,4,0.06456259003632647
5,"[6, 2, 2]",rainbow,10,7,5,0.24296949360219477
6,"[6, 2, 2]",rainbow,15,10,7,1.146205271050486
7,"[6, 2, 2]",rainbow,16,11,8,1.5900092236192458
