,flop,board_type,0b,1b,2b,profit
0,"[5, 5, 5]",rainbow,1,1,1,-0.24448661057300325
1,"[5, 5, 5]",rainbow,8,6,4,0.007337183015385884
2,"[5, 5, 5]",rainbow,10,7,5,0.9551889845230922
3,"[5, 5, 5]",rainbow,15,10,7,1.4681883474827668
4,"[5, 5, 5]",rainbow,16,11,8,1.9071698859683628
