,flop,board_type,0b,1b,2b,profit
0,"[5, 4, 2]",rainbow,1,1,1,0.43218435108767284
1,"[5, 4, 2]",rainbow,2,2,2,0.6346946427818059
2,"[5, 4, 2]",rainbow,3,2,2,0.6490591291364531
3,"[5, 4, 2]",rainbow,4,3,2,0.8380609521643594
4,"[5, 4, 2]",rainbow,8,6,4,0.9767930906833662
5,"[5, 4, 2]",rainbow,10,7,5,1.1581052439244122
6,"[5, 4, 2]",rainbow,15,10,7,2.2090173130301034
7,"[5, 4, 2]",rainbow,16,11,8,2.6519249527356625
