,flop,board_type,0b,1b,2b,profit
0,"[4, 3, 2]",rainbow,1,1,1,0.22917029334070183
1,"[4, 3, 2]",rainbow,2,2,2,0.3319773203647418
2,"[4, 3, 2]",rainbow,3,2,2,0.3562355428571431
3,"[4, 3, 2]",rainbow,4,3,2,0.6451497097540755
4,"[4, 3, 2]",rainbow,8,6,4,0.7844524982591876
5,"[4, 3, 2]",rainbow,10,7,5,1.0327215851892788
6,"[4, 3, 2]",rainbow,15,10,7,2.057776558828406
7,"[4, 3, 2]",rainbow,16,11,8,2.4986828036474162
