,flop,board_type,0b,1b,2b,profit
0,"[3, 3, 2]",rainbow,1,1,1,-0.09706096007370979
1,"[3, 3, 2]",rainbow,2,2,2,0.0031814404615657654
2,"[3, 3, 2]",rainbow,3,2,2,0.01099494762197284
3,"[3, 3, 2]",rainbow,4,3,2,0.10523224614777127
4,"[3, 3, 2]",rainbow,8,6,4,0.2751234279396282
5,"[3, 3, 2]",rainbow,10,7,5,0.7364339624605127
6,"[3, 3, 2]",rainbow,15,10,7,1.8419073551597056
7,"[3, 3, 2]",rainbow,16,11,8,2.2864184095121103
