,flop,board_type,0b,1b,2b,profit
0,"[14, 14, 14]",rainbow,1,1,1,-4.640459285591437
1,"[14, 14, 14]",rainbow,3,2,2,-4.639561535591437
2,"[14, 14, 14]",rainbow,4,3,2,-4.638566135591436
3,"[14, 14, 14]",rainbow,8,6,4,-3.3961405822109714
