,flop,board_type,0b,1b,2b,profit
0,"[14, 14, 9]",rainbow,1,1,1,-3.054403192546978
1,"[14, 14, 9]",rainbow,2,2,2,-3.0512227027510592
