,flop,board_type,0b,1b,2b,profit
0,"[14, 14, 6]",rainbow,1,1,1,-4.727651076184022
1,"[14, 14, 6]",rainbow,8,6,4,-4.301969221416546
2,"[14, 14, 6]",rainbow,10,7,5,-4.164779580996576
