,flop,board_type,0b,1b,2b,profit
0,"[14, 13, 12]",rainbow,1,1,1,-7.099025125338158
1,"[14, 13, 12]",rainbow,2,2,2,-6.448570863425779
