,flop,board_type,0b,1b,2b,profit
0,"[14, 13, 11]",rainbow,1,1,1,-12.451499192636756
1,"[14, 13, 11]",rainbow,2,2,2,-12.42309022763676
