,flop,board_type,0b,1b,2b,profit
0,"[14, 12, 10]",rainbow,1,1,1,-10.866467900309072
1,"[14, 12, 10]",rainbow,2,2,2,-10.85887955030907
