,flop,board_type,0b,1b,2b,profit
0,"[14, 9, 6]",rainbow,1,1,1,-6.128957330163653
1,"[14, 9, 6]",rainbow,2,2,2,-6.119016502256676
