,flop,board_type,0b,1b,2b,profit
0,"[14, 8, 4]",rainbow,1,1,1,-6.223043968405615
1,"[14, 8, 4]",rainbow,2,2,2,-6.222808517242825
2,"[14, 8, 4]",rainbow,3,2,2,-6.219244824219569
3,"[14, 8, 4]",rainbow,8,6,4,-4.943305405614918
4,"[14, 8, 4]",rainbow,10,7,5,-4.644676616956847
