,flop,board_type,0b,1b,2b,profit
0,"[14, 7, 7]",rainbow,1,1,1,-7.007515637209303
1,"[14, 7, 7]",rainbow,8,6,4,-5.526968199816542
