,flop,board_type,0b,1b,2b,profit
0,"[14, 7, 5]",rainbow,1,1,1,-6.732138135400517
1,"[14, 7, 5]",rainbow,8,6,4,-5.440700842377262
2,"[14, 7, 5]",rainbow,10,7,5,-5.138343752062686
