,flop,board_type,0b,1b,2b,profit
0,"[14, 6, 4]",rainbow,1,1,1,-8.185990752906978
1,"[14, 6, 4]",rainbow,2,2,2,-8.184602738372094
2,"[14, 6, 4]",rainbow,3,2,2,-8.173380148255813
3,"[14, 6, 4]",rainbow,8,6,4,-6.837073547965117
4,"[14, 6, 4]",rainbow,10,7,5,-6.685574363372092
