,flop,board_type,0b,1b,2b,profit
0,"[14, 5, 4]",rainbow,1,1,1,-8.054981725532944
1,"[14, 5, 4]",rainbow,2,2,2,-8.044623370881784
2,"[14, 5, 4]",rainbow,3,2,2,-8.042593415213178
3,"[14, 5, 4]",rainbow,8,6,4,-6.7392895729166655
4,"[14, 5, 4]",rainbow,10,7,5,-6.570919713905039
