,flop,board_type,0b,1b,2b,profit
0,"[14, 5, 2]",rainbow,1,1,1,-8.19802298352713
1,"[14, 5, 2]",rainbow,2,2,2,-8.194275157218993
2,"[14, 5, 2]",rainbow,3,2,2,-8.186513250242246
3,"[14, 5, 2]",rainbow,8,6,4,-6.891161808381782
4,"[14, 5, 2]",rainbow,10,7,5,-6.735242302567828
