,flop,board_type,0b,1b,2b,profit
0,"[14, 4, 3]",rainbow,1,1,1,-8.151318726259689
1,"[14, 4, 3]",rainbow,2,2,2,-8.145902601259689
2,"[14, 4, 3]",rainbow,3,2,2,-8.141266844718992
3,"[14, 4, 3]",rainbow,8,6,4,-6.836847789486432
4,"[14, 4, 3]",rainbow,10,7,5,-6.679825853439922
