,flop,board_type,0b,1b,2b,profit
0,"[13, 13, 9]",rainbow,1,1,1,-4.318335607366946
1,"[13, 13, 9]",rainbow,2,2,2,-4.3178902369965755
