,flop,board_type,0b,1b,2b,profit
0,"[13, 8, 4]",rainbow,1,1,1,-7.755348204733732
1,"[13, 8, 4]",rainbow,2,2,2,-7.752453676374049
