,flop,board_type,0b,1b,2b,profit
0,"[13, 7, 4]",rainbow,1,1,1,-8.41441403734243
1,"[13, 7, 4]",rainbow,2,2,2,-8.406481965306856
2,"[13, 7, 4]",rainbow,3,2,2,-8.401587145445196
