,flop,board_type,0b,1b,2b,profit
0,"[13, 3, 3]",rainbow,1,1,1,-9.75377399805556
1,"[13, 3, 3]",rainbow,2,2,2,-9.750472564845914
2,"[13, 3, 3]",rainbow,8,6,4,-9.735383309773386
