,flop,board_type,0b,1b,2b,profit
0,"[12, 12, 11]",rainbow,1,1,1,0.6125298408571092
1,"[12, 12, 11]",rainbow,10,7,5,0.614059138729449
