,flop,board_type,0b,1b,2b,profit
0,"[12, 12, 2]",rainbow,1,1,1,0.45179953071409584
1,"[12, 12, 2]",rainbow,2,2,2,0.4534745251647061
