,flop,board_type,0b,1b,2b,profit
0,"[12, 11, 6]",rainbow,1,1,1,-5.101174125091614
1,"[12, 11, 6]",rainbow,2,2,2,-5.0992484033105585
2,"[12, 11, 6]",rainbow,10,7,5,-5.098827156855651
