,flop,board_type,0b,1b,2b,profit
0,"[12, 11, 2]",rainbow,1,1,1,-5.097573372113733
1,"[12, 11, 2]",rainbow,2,2,2,-5.096488815959451
2,"[12, 11, 2]",rainbow,3,2,2,-5.092808757819916
