,flop,board_type,0b,1b,2b,profit
0,"[11, 7, 6]",rainbow,1,1,1,-5.48337566644881
1,"[11, 7, 6]",rainbow,2,2,2,-5.473340871326856
