,flop,board_type,0b,1b,2b,profit
0,"[11, 4, 2]",rainbow,1,1,1,-6.833987077165705
1,"[11, 4, 2]",rainbow,2,2,2,-6.821857038458321
