,flop,board_type,0b,1b,2b,profit
0,"[10, 10, 8]",rainbow,1,1,1,1.515812029047619
1,"[10, 10, 8]",rainbow,2,2,2,1.5160619290476185
