,flop,board_type,0b,1b,2b,profit
0,"[10, 10, 7]",rainbow,1,1,1,1.3238382065608454
1,"[10, 10, 7]",rainbow,2,2,2,1.3255358465608456
