,flop,board_type,0b,1b,2b,profit
0,"[10, 10, 6]",rainbow,1,1,1,-0.5527887816027932
1,"[10, 10, 6]",rainbow,2,2,2,-0.552699531602793
