,flop,board_type,0b,1b,2b,profit
0,"[10, 7, 6]",rainbow,1,1,1,-3.9951749876881
1,"[10, 7, 6]",rainbow,2,2,2,-3.992196894664843
2,"[10, 7, 6]",rainbow,3,2,2,-3.987774755129961
