,flop,board_type,0b,1b,2b,profit
0,"[10, 6, 6]",rainbow,1,1,1,-6.637782595265039
1,"[10, 6, 6]",rainbow,2,2,2,-6.63510382352591
