,flop,board_type,0b,1b,2b,profit
0,"[10, 3, 2]",rainbow,1,1,1,-6.485550789130434
1,"[10, 3, 2]",rainbow,2,2,2,-6.481198310869566
