,flop,board_type,0b,1b,2b,profit
0,"[9, 9, 5]",rainbow,1,1,1,-6.434625207637391
1,"[9, 9, 5]",rainbow,3,2,2,-6.4312687821054775
