,flop,board_type,0b,1b,2b,profit
0,"[9, 6, 6]",rainbow,1,1,1,-5.915838366181411
1,"[9, 6, 6]",rainbow,2,2,2,-5.905868919372901
