,flop,board_type,0b,1b,2b,profit
0,"[9, 5, 2]",rainbow,1,1,1,-6.551267747124099
1,"[9, 5, 2]",rainbow,2,2,2,-6.543141449251758
