,flop,board_type,0b,1b,2b,profit
0,"[9, 2, 2]",rainbow,1,1,1,-6.076073170823578
1,"[9, 2, 2]",rainbow,2,2,2,-6.070154745291663
