,flop,board_type,0b,1b,2b,profit
0,"[7, 6, 2]",rainbow,1,1,1,-7.823008780004132
1,"[7, 6, 2]",rainbow,2,2,2,-7.822319980004133
2,"[7, 6, 2]",rainbow,3,2,2,-7.8192228821317915
