,flop,board_type,0b,1b,2b,profit
0,"[7, 2, 2]",rainbow,1,1,1,-6.954395998340563
1,"[7, 2, 2]",rainbow,2,2,2,-6.952619979191628
