,flop,board_type,0b,1b,2b,profit
0,"[6, 5, 4]",rainbow,1,1,1,-8.350900446956523
1,"[6, 5, 4]",rainbow,2,2,2,-8.339333226956525
