,flop,board_type,0b,1b,2b,profit
0,"[6, 5, 2]",rainbow,1,1,1,-10.984499786956524
1,"[6, 5, 2]",rainbow,2,2,2,-10.980628646956522
2,"[6, 5, 2]",rainbow,3,2,2,-10.980421586956522
