,flop,board_type,0b,1b,2b,profit
0,"[3, 3, 3]",rainbow,1,1,1,-9.502133588985508
1,"[3, 3, 3]",rainbow,2,2,2,-9.487082468985507
