,flop,board_type,0b,1b,2b,profit
0,"[14, 14, 13]",two-tone,1,1,1,0.9529093858531062
1,"[14, 14, 13]",two-tone,2,2,2,1.184755310606353
2,"[14, 14, 13]",two-tone,3,2,2,1.2650494632876805
3,"[14, 14, 13]",two-tone,4,3,2,1.661045638724923
4,"[14, 14, 13]",two-tone,8,6,4,1.965016112960552
5,"[14, 14, 13]",two-tone,10,7,5,2.1640234870507014
6,"[14, 14, 13]",two-tone,15,10,7,3.5559178724432554
7,"[14, 14, 13]",two-tone,16,11,8,3.6131517493987912
