,flop,board_type,0b,1b,2b,profit
0,"[14, 14, 7]",two-tone,1,1,1,0.9805445171414781
1,"[14, 14, 7]",two-tone,2,2,2,0.9808688003681799
2,"[14, 14, 7]",two-tone,8,6,4,1.4303015505643413
3,"[14, 14, 7]",two-tone,10,7,5,1.8189441665258332
4,"[14, 14, 7]",two-tone,15,10,7,2.343241318369749
5,"[14, 14, 7]",two-tone,16,11,8,2.5889530976581363
