,flop,board_type,0b,1b,2b,profit
0,"[14, 14, 6]",two-tone,1,1,1,1.0553279130565074
1,"[14, 14, 6]",two-tone,2,2,2,1.0559176262366823
2,"[14, 14, 6]",two-tone,8,6,4,1.4543756732329725
3,"[14, 14, 6]",two-tone,10,7,5,1.4803316961448822
4,"[14, 14, 6]",two-tone,15,10,7,2.2013368300038056
5,"[14, 14, 6]",two-tone,16,11,8,2.482706881240488
