,flop,board_type,0b,1b,2b,profit
0,"[14, 14, 3]",two-tone,1,1,1,0.7468005885310506
1,"[14, 14, 3]",two-tone,2,2,2,0.747080209833764
2,"[14, 14, 3]",two-tone,8,6,4,0.8657636700865157
3,"[14, 14, 3]",two-tone,10,7,5,0.8894362084295877
4,"[14, 14, 3]",two-tone,15,10,7,1.3984615503691629
5,"[14, 14, 3]",two-tone,16,11,8,1.7089613567287223
