,flop,board_type,0b,1b,2b,profit
0,"[14, 13, 12]",two-tone,1,1,1,1.8886049310129132
1,"[14, 13, 12]",two-tone,8,6,4,2.908557938307102
2,"[14, 13, 12]",two-tone,10,7,5,3.0537257846179706
3,"[14, 13, 12]",two-tone,15,10,7,4.319227323681732
4,"[14, 13, 12]",two-tone,16,11,8,4.359784884782753
