,flop,board_type,0b,1b,2b,profit
0,"[14, 13, 11]",two-tone,1,1,1,1.5885079072495774
1,"[14, 13, 11]",two-tone,8,6,4,2.5792507585357924
2,"[14, 13, 11]",two-tone,10,7,5,2.710051878722229
3,"[14, 13, 11]",two-tone,15,10,7,3.8871846299077557
4,"[14, 13, 11]",two-tone,16,11,8,3.9316476725022724
