,flop,board_type,0b,1b,2b,profit
0,"[14, 13, 9]",two-tone,1,1,1,0.6475596935870479
1,"[14, 13, 9]",two-tone,2,2,2,0.8768153646341461
2,"[14, 13, 9]",two-tone,3,2,2,0.9854352461942806
3,"[14, 13, 9]",two-tone,4,3,2,1.3445617115643393
4,"[14, 13, 9]",two-tone,8,6,4,1.8578251457317072
5,"[14, 13, 9]",two-tone,10,7,5,1.858268926808242
6,"[14, 13, 9]",two-tone,15,10,7,2.9849412371951214
