,flop,board_type,0b,1b,2b,profit
0,"[14, 13, 6]",two-tone,1,1,1,1.0676998844301766
1,"[14, 13, 6]",two-tone,2,2,2,1.2757543323635634
2,"[14, 13, 6]",two-tone,3,2,2,1.376363918539326
3,"[14, 13, 6]",two-tone,4,3,2,1.7767769237560187
4,"[14, 13, 6]",two-tone,8,6,4,2.225073710072231
5,"[14, 13, 6]",two-tone,10,7,5,2.2252546476056714
6,"[14, 13, 6]",two-tone,15,10,7,3.3633080074906356
7,"[14, 13, 6]",two-tone,16,11,8,3.407247009363295
