,flop,board_type,0b,1b,2b,profit
0,"[14, 12, 11]",two-tone,1,1,1,2.0028112080405456
1,"[14, 12, 11]",two-tone,2,2,2,2.241397505201644
2,"[14, 12, 11]",two-tone,3,2,2,2.3805395306723898
3,"[14, 12, 11]",two-tone,4,3,2,2.9486826495274507
4,"[14, 12, 11]",two-tone,8,6,4,3.2530857161207702
5,"[14, 12, 11]",two-tone,10,7,5,3.316465046843661
6,"[14, 12, 11]",two-tone,15,10,7,4.487604741678089
7,"[14, 12, 11]",two-tone,16,11,8,4.512094608462592
