,flop,board_type,0b,1b,2b,profit
0,"[14, 11, 9]",two-tone,1,1,1,0.7714737968574638
1,"[14, 11, 9]",two-tone,2,2,2,1.2140932227833892
2,"[14, 11, 9]",two-tone,3,2,2,1.3454234320987652
3,"[14, 11, 9]",two-tone,4,3,2,1.6678331638608306
4,"[14, 11, 9]",two-tone,8,6,4,1.98951340375982
5,"[14, 11, 9]",two-tone,10,7,5,1.9902048914141408
6,"[14, 11, 9]",two-tone,15,10,7,3.081285476992143
7,"[14, 11, 9]",two-tone,16,11,8,3.081614635241301
