,flop,board_type,0b,1b,2b,profit
0,"[14, 11, 8]",two-tone,1,1,1,0.8684937905643737
1,"[14, 11, 8]",two-tone,2,2,2,1.507692280864197
2,"[14, 11, 8]",two-tone,3,2,2,1.568666390652557
3,"[14, 11, 8]",two-tone,4,3,2,1.7236020987654317
4,"[14, 11, 8]",two-tone,8,6,4,2.037747752204585
5,"[14, 11, 8]",two-tone,10,7,5,2.0393196488095233
6,"[14, 11, 8]",two-tone,15,10,7,3.0951134135802465
7,"[14, 11, 8]",two-tone,16,11,8,3.0954155833333328
