,flop,board_type,0b,1b,2b,profit
0,"[14, 11, 6]",two-tone,1,1,1,1.1572277373493975
1,"[14, 11, 6]",two-tone,2,2,2,1.35644910407785
2,"[14, 11, 6]",two-tone,3,2,2,1.4672232553753473
3,"[14, 11, 6]",two-tone,4,3,2,1.8455411151065801
4,"[14, 11, 6]",two-tone,8,6,4,2.5031171126969407
5,"[14, 11, 6]",two-tone,10,7,5,2.5046539461538457
6,"[14, 11, 6]",two-tone,15,10,7,3.5324414938832245
7,"[14, 11, 6]",two-tone,16,11,8,3.559298468396663
