,flop,board_type,0b,1b,2b,profit
0,"[14, 10, 10]",two-tone,1,1,1,1.474964654651163
1,"[14, 10, 10]",two-tone,8,6,4,2.496107194379845
2,"[14, 10, 10]",two-tone,10,7,5,2.5553287775193803
3,"[14, 10, 10]",two-tone,15,10,7,3.708925759883722
4,"[14, 10, 10]",two-tone,16,11,8,3.7451170893410852
