,flop,board_type,0b,1b,2b,profit
0,"[14, 10, 2]",two-tone,1,1,1,1.1494411622160274
1,"[14, 10, 2]",two-tone,8,6,4,2.293500151052265
2,"[14, 10, 2]",two-tone,15,10,7,3.3278441895052255
3,"[14, 10, 2]",two-tone,16,11,8,3.36082834927526
