,flop,board_type,0b,1b,2b,profit
0,"[14, 9, 7]",two-tone,1,1,1,1.1827027350427355
1,"[14, 9, 7]",two-tone,8,6,4,1.7387463447293454
2,"[14, 9, 7]",two-tone,10,7,5,2.0070554532288702
3,"[14, 9, 7]",two-tone,15,10,7,2.784818179012346
4,"[14, 9, 7]",two-tone,16,11,8,2.9693188409306748
