,flop,board_type,0b,1b,2b,profit
0,"[14, 9, 6]",two-tone,1,1,1,1.3052211126255386
1,"[14, 9, 6]",two-tone,2,2,2,1.526554197991392
2,"[14, 9, 6]",two-tone,3,2,2,1.527869077116213
3,"[14, 9, 6]",two-tone,4,3,2,1.6001769655667148
4,"[14, 9, 6]",two-tone,8,6,4,2.0081408812769017
5,"[14, 9, 6]",two-tone,10,7,5,2.0733059458393117
6,"[14, 9, 6]",two-tone,15,10,7,3.0881171355810624
7,"[14, 9, 6]",two-tone,16,11,8,3.261916793400288
