,flop,board_type,0b,1b,2b,profit
0,"[14, 9, 4]",two-tone,1,1,1,1.1609318076064912
1,"[14, 9, 4]",two-tone,2,2,2,1.1618615383367144
2,"[14, 9, 4]",two-tone,3,2,2,1.1619623318458423
3,"[14, 9, 4]",two-tone,4,3,2,1.2312690564908726
4,"[14, 9, 4]",two-tone,8,6,4,1.8999582239012849
5,"[14, 9, 4]",two-tone,10,7,5,1.9617734447430701
6,"[14, 9, 4]",two-tone,15,10,7,3.0859457271805284
7,"[14, 9, 4]",two-tone,16,11,8,3.2431675713826915
