,flop,board_type,0b,1b,2b,profit
0,"[14, 9, 3]",two-tone,1,1,1,1.1616962141987832
1,"[14, 9, 3]",two-tone,8,6,4,1.8972895058485466
2,"[14, 9, 3]",two-tone,10,7,5,1.9618424475828269
3,"[14, 9, 3]",two-tone,15,10,7,3.085963589655173
4,"[14, 9, 3]",two-tone,16,11,8,3.243702153532793
