,flop,board_type,0b,1b,2b,profit
0,"[14, 8, 8]",two-tone,1,1,1,1.3396935489047097
1,"[14, 8, 8]",two-tone,2,2,2,1.340284688663746
2,"[14, 8, 8]",two-tone,3,2,2,1.3426751693866374
3,"[14, 8, 8]",two-tone,4,3,2,1.414389952026287
4,"[14, 8, 8]",two-tone,8,6,4,1.8346080711391024
5,"[14, 8, 8]",two-tone,10,7,5,2.0937629785870757
6,"[14, 8, 8]",two-tone,15,10,7,2.762320010843374
7,"[14, 8, 8]",two-tone,16,11,8,2.9610086754107345
