,flop,board_type,0b,1b,2b,profit
0,"[14, 8, 6]",two-tone,1,1,1,1.4958130818412525
1,"[14, 8, 6]",two-tone,2,2,2,1.4978823801635421
2,"[14, 8, 6]",two-tone,3,2,2,1.5642618090547025
3,"[14, 8, 6]",two-tone,4,3,2,1.7172945739461447
4,"[14, 8, 6]",two-tone,8,6,4,1.9019175897011138
5,"[14, 8, 6]",two-tone,10,7,5,1.9601908709290854
6,"[14, 8, 6]",two-tone,15,10,7,2.7661883276998456
7,"[14, 8, 6]",two-tone,16,11,8,2.9716864022804184
