,flop,board_type,0b,1b,2b,profit
0,"[14, 8, 4]",two-tone,1,1,1,1.3372152813958127
1,"[14, 8, 4]",two-tone,2,2,2,1.3374188061814563
2,"[14, 8, 4]",two-tone,8,6,4,1.7879239181455637
3,"[14, 8, 4]",two-tone,10,7,5,1.8389936378863414
4,"[14, 8, 4]",two-tone,15,10,7,2.7675985167298114
5,"[14, 8, 4]",two-tone,16,11,8,2.960538560664674
