,flop,board_type,0b,1b,2b,profit
0,"[14, 7, 5]",two-tone,1,1,1,1.5722909038221857
1,"[14, 7, 5]",two-tone,2,2,2,1.5756790484004992
2,"[14, 7, 5]",two-tone,3,2,2,1.6446843567719158
3,"[14, 7, 5]",two-tone,4,3,2,1.7969166643124226
4,"[14, 7, 5]",two-tone,8,6,4,1.9524424249065233
5,"[14, 7, 5]",two-tone,10,7,5,2.005696815087938
6,"[14, 7, 5]",two-tone,15,10,7,2.6469808259243877
7,"[14, 7, 5]",two-tone,16,11,8,2.8973434268799343
