,flop,board_type,0b,1b,2b,profit
0,"[14, 6, 3]",two-tone,1,1,1,1.515466976133282
1,"[14, 6, 3]",two-tone,2,2,2,1.5183437091631151
2,"[14, 6, 3]",two-tone,8,6,4,1.924266141146843
3,"[14, 6, 3]",two-tone,10,7,5,1.973522880743898
4,"[14, 6, 3]",two-tone,15,10,7,2.6034786604578333
5,"[14, 6, 3]",two-tone,16,11,8,2.893572366711869
