,flop,board_type,0b,1b,2b,profit
0,"[14, 5, 3]",two-tone,1,1,1,1.342708783448276
1,"[14, 5, 3]",two-tone,2,2,2,1.3465738317241382
2,"[14, 5, 3]",two-tone,8,6,4,1.497276726436782
3,"[14, 5, 3]",two-tone,10,7,5,1.5410074335632182
4,"[14, 5, 3]",two-tone,15,10,7,2.070172628965518
5,"[14, 5, 3]",two-tone,16,11,8,2.398742854865901
