,flop,board_type,0b,1b,2b,profit
0,"[14, 4, 3]",two-tone,1,1,1,1.3412612939068103
1,"[14, 4, 3]",two-tone,8,6,4,1.4990606700358424
2,"[14, 4, 3]",two-tone,10,7,5,1.5477495376523298
3,"[14, 4, 3]",two-tone,15,10,7,2.0079500574193556
4,"[14, 4, 3]",two-tone,16,11,8,2.3366528093667864
