,flop,board_type,0b,1b,2b,profit
0,"[14, 3, 3]",two-tone,1,1,1,1.1015019452337582
1,"[14, 3, 3]",two-tone,2,2,2,1.1038065567395268
2,"[14, 3, 3]",two-tone,8,6,4,1.2547399578931397
3,"[14, 3, 3]",two-tone,10,7,5,1.2857532875227689
4,"[14, 3, 3]",two-tone,15,10,7,1.670538238858531
5,"[14, 3, 3]",two-tone,16,11,8,1.9911206746812389
