,flop,board_type,0b,1b,2b,profit
0,"[14, 3, 2]",two-tone,1,1,1,1.355130212974911
1,"[14, 3, 2]",two-tone,8,6,4,1.5149631655913982
2,"[14, 3, 2]",two-tone,10,7,5,1.5601511446236564
3,"[14, 3, 2]",two-tone,15,10,7,2.016554011200717
4,"[14, 3, 2]",two-tone,16,11,8,2.343386812628436
