,flop,board_type,0b,1b,2b,profit
0,"[13, 13, 12]",two-tone,1,1,1,0.9743595642213871
1,"[13, 13, 12]",two-tone,2,2,2,1.1431097884238572
2,"[13, 13, 12]",two-tone,3,2,2,1.215679163407987
3,"[13, 13, 12]",two-tone,4,3,2,1.3242149435782844
4,"[13, 13, 12]",two-tone,8,6,4,1.7468992988696186
5,"[13, 13, 12]",two-tone,10,7,5,1.8187593817649352
6,"[13, 13, 12]",two-tone,15,10,7,2.779948752290598
7,"[13, 13, 12]",two-tone,16,11,8,2.8648173465267557
