,flop,board_type,0b,1b,2b,profit
0,"[13, 13, 7]",two-tone,1,1,1,0.7420723629279216
1,"[13, 13, 7]",two-tone,2,2,2,0.7459323861674856
2,"[13, 13, 7]",two-tone,8,6,4,1.3235988358334538
3,"[13, 13, 7]",two-tone,10,7,5,1.4387972918126173
4,"[13, 13, 7]",two-tone,15,10,7,1.7864595489717248
5,"[13, 13, 7]",two-tone,16,11,8,1.9128954171186625
