,flop,board_type,0b,1b,2b,profit
0,"[13, 12, 11]",two-tone,1,1,1,1.6127782827743902
1,"[13, 12, 11]",two-tone,2,2,2,1.9656354021341464
2,"[13, 12, 11]",two-tone,3,2,2,2.1318022592225603
3,"[13, 12, 11]",two-tone,4,3,2,2.559937255868902
4,"[13, 12, 11]",two-tone,8,6,4,2.8051028657012194
5,"[13, 12, 11]",two-tone,10,7,5,2.8529832053353656
6,"[13, 12, 11]",two-tone,15,10,7,3.6105242170731704
7,"[13, 12, 11]",two-tone,16,11,8,3.643477005487804
