,flop,board_type,0b,1b,2b,profit
0,"[13, 12, 6]",two-tone,1,1,1,1.4538799968510405
1,"[13, 12, 6]",two-tone,2,2,2,1.6098309184693318
2,"[13, 12, 6]",two-tone,3,2,2,1.7493504601417036
3,"[13, 12, 6]",two-tone,4,3,2,2.027871090840635
4,"[13, 12, 6]",two-tone,8,6,4,2.447706409878148
5,"[13, 12, 6]",two-tone,10,7,5,2.4769361116169217
6,"[13, 12, 6]",two-tone,15,10,7,3.2168451882016686
7,"[13, 12, 6]",two-tone,16,11,8,3.2576522542784767
