,flop,board_type,0b,1b,2b,profit
0,"[13, 12, 5]",two-tone,1,1,1,1.49706528711456
1,"[13, 12, 5]",two-tone,2,2,2,1.6542304715131717
2,"[13, 12, 5]",two-tone,3,2,2,1.7838640743312233
3,"[13, 12, 5]",two-tone,4,3,2,1.9795017273841127
4,"[13, 12, 5]",two-tone,8,6,4,2.3237358711455993
5,"[13, 12, 5]",two-tone,10,7,5,2.3245266199714107
6,"[13, 12, 5]",two-tone,15,10,7,3.1202118964672243
7,"[13, 12, 5]",two-tone,16,11,8,3.206783897896671
