,flop,board_type,0b,1b,2b,profit
0,"[13, 8, 7]",two-tone,1,1,1,1.4281661054421773
1,"[13, 8, 7]",two-tone,2,2,2,1.6040844370748302
2,"[13, 8, 7]",two-tone,3,2,2,1.675648407312925
3,"[13, 8, 7]",two-tone,4,3,2,1.7807652763605446
4,"[13, 8, 7]",two-tone,8,6,4,2.140254367346939
5,"[13, 8, 7]",two-tone,10,7,5,2.2082226122448985
6,"[13, 8, 7]",two-tone,15,10,7,2.572575629251701
7,"[13, 8, 7]",two-tone,16,11,8,2.616274738095239
