,flop,board_type,0b,1b,2b,profit
0,"[13, 7, 4]",two-tone,1,1,1,1.3295964327945688
1,"[13, 7, 4]",two-tone,8,6,4,1.8745977780748664
2,"[13, 7, 4]",two-tone,10,7,5,1.895233426455567
3,"[13, 7, 4]",two-tone,15,10,7,2.32150638256324
4,"[13, 7, 4]",two-tone,16,11,8,2.4658264969056067
