,flop,board_type,0b,1b,2b,profit
0,"[13, 6, 5]",two-tone,1,1,1,1.4300701808636223
1,"[13, 6, 5]",two-tone,2,2,2,1.5989232003758935
2,"[13, 6, 5]",two-tone,3,2,2,1.6760684120907117
3,"[13, 6, 5]",two-tone,4,3,2,1.7694912106616962
4,"[13, 6, 5]",two-tone,8,6,4,2.0350355779558877
5,"[13, 6, 5]",two-tone,10,7,5,2.0564822431065553
6,"[13, 6, 5]",two-tone,15,10,7,2.212913141453868
7,"[13, 6, 5]",two-tone,16,11,8,2.365514813230817
