,flop,board_type,0b,1b,2b,profit
0,"[13, 6, 4]",two-tone,1,1,1,1.3613901477098111
1,"[13, 6, 4]",two-tone,2,2,2,1.3650061587913713
2,"[13, 6, 4]",two-tone,3,2,2,1.4441460647901896
3,"[13, 6, 4]",two-tone,4,3,2,1.5288727180998822
4,"[13, 6, 4]",two-tone,8,6,4,1.8693512773936174
5,"[13, 6, 4]",two-tone,10,7,5,1.8924050515514188
6,"[13, 6, 4]",two-tone,15,10,7,2.203135278280142
7,"[13, 6, 4]",two-tone,16,11,8,2.4031721086879436
