,flop,board_type,0b,1b,2b,profit
0,"[13, 6, 2]",two-tone,1,1,1,1.372129132890071
1,"[13, 6, 2]",two-tone,2,2,2,1.3747237504137124
2,"[13, 6, 2]",two-tone,3,2,2,1.3754124450059106
3,"[13, 6, 2]",two-tone,4,3,2,1.468981006634161
4,"[13, 6, 2]",two-tone,8,6,4,1.891329688593381
5,"[13, 6, 2]",two-tone,10,7,5,1.9145039774379435
6,"[13, 6, 2]",two-tone,15,10,7,2.222120089701537
7,"[13, 6, 2]",two-tone,16,11,8,2.423077622059693
