,flop,board_type,0b,1b,2b,profit
0,"[13, 5, 5]",two-tone,1,1,1,1.2174146782098765
1,"[13, 5, 5]",two-tone,8,6,4,1.529785603021752
2,"[13, 5, 5]",two-tone,15,10,7,1.6685132920017638
3,"[13, 5, 5]",two-tone,16,11,8,1.912041028495003
