,flop,board_type,0b,1b,2b,profit
0,"[13, 2, 2]",two-tone,1,1,1,1.150726349361559
1,"[13, 2, 2]",two-tone,8,6,4,1.4489470644489253
2,"[13, 2, 2]",two-tone,10,7,5,1.45059984874552
3,"[13, 2, 2]",two-tone,15,10,7,1.5756004183019712
4,"[13, 2, 2]",two-tone,16,11,8,1.8198436672491034
