,flop,board_type,0b,1b,2b,profit
0,"[12, 12, 11]",two-tone,1,1,1,1.5079152564858331
1,"[12, 12, 11]",two-tone,2,2,2,1.887630410683108
2,"[12, 12, 11]",two-tone,3,2,2,1.9535456096055799
3,"[12, 12, 11]",two-tone,4,3,2,2.0888519599450213
4,"[12, 12, 11]",two-tone,8,6,4,2.4148826604544147
5,"[12, 12, 11]",two-tone,10,7,5,2.4603502112068965
6,"[12, 12, 11]",two-tone,15,10,7,3.539542855585456
7,"[12, 12, 11]",two-tone,16,11,8,3.5699334168822037
