,flop,board_type,0b,1b,2b,profit
0,"[12, 12, 7]",two-tone,1,1,1,1.5221216703571434
1,"[12, 12, 7]",two-tone,2,2,2,1.5225399552777779
2,"[12, 12, 7]",two-tone,8,6,4,2.2850430868452385
3,"[12, 12, 7]",two-tone,10,7,5,2.3768011084077383
4,"[12, 12, 7]",two-tone,15,10,7,2.7925857532068457
5,"[12, 12, 7]",two-tone,16,11,8,2.9202264734126984
