,flop,board_type,0b,1b,2b,profit
0,"[12, 12, 4]",two-tone,1,1,1,1.3504032820164489
1,"[12, 12, 4]",two-tone,8,6,4,1.7979389923057292
2,"[12, 12, 4]",two-tone,10,7,5,1.8198940546568352
3,"[12, 12, 4]",two-tone,15,10,7,2.019563057785026
4,"[12, 12, 4]",two-tone,16,11,8,2.2255900529098134
