,flop,board_type,0b,1b,2b,profit
0,"[12, 12, 3]",two-tone,1,1,1,1.3530405250255244
1,"[12, 12, 3]",two-tone,2,2,2,1.3544376277992058
2,"[12, 12, 3]",two-tone,3,2,2,1.3544775771752693
3,"[12, 12, 3]",two-tone,4,3,2,1.412075395720363
4,"[12, 12, 3]",two-tone,8,6,4,1.7994073855530348
5,"[12, 12, 3]",two-tone,10,7,5,1.8201623590981284
6,"[12, 12, 3]",two-tone,15,10,7,2.021146745178673
7,"[12, 12, 3]",two-tone,16,11,8,2.2317186013953494
