,flop,board_type,0b,1b,2b,profit
0,"[12, 11, 6]",two-tone,1,1,1,1.5776355191114004
1,"[12, 11, 6]",two-tone,2,2,2,1.9342036793162511
2,"[12, 11, 6]",two-tone,3,2,2,2.0621160910694707
3,"[12, 11, 6]",two-tone,4,3,2,2.366338145467936
4,"[12, 11, 6]",two-tone,8,6,4,2.7405062906549738
5,"[12, 11, 6]",two-tone,10,7,5,2.740546970920115
6,"[12, 11, 6]",two-tone,15,10,7,3.5214915797238966
7,"[12, 11, 6]",two-tone,16,11,8,3.523392412095779
