,flop,board_type,0b,1b,2b,profit
0,"[12, 11, 4]",two-tone,1,1,1,1.5102099218487395
1,"[12, 11, 4]",two-tone,2,2,2,1.8353111487394949
2,"[12, 11, 4]",two-tone,3,2,2,1.963051971848739
3,"[12, 11, 4]",two-tone,4,3,2,2.1638880243697476
4,"[12, 11, 4]",two-tone,8,6,4,2.5126565109243693
5,"[12, 11, 4]",two-tone,15,10,7,3.416787752521008
6,"[12, 11, 4]",two-tone,16,11,8,3.450304479831932
