,flop,board_type,0b,1b,2b,profit
0,"[12, 9, 8]",two-tone,1,1,1,2.2988826813491894
1,"[12, 9, 8]",two-tone,2,2,2,2.2994326778957674
2,"[12, 9, 8]",two-tone,3,2,2,2.4630003148578288
3,"[12, 9, 8]",two-tone,4,3,2,2.9176988701607196
4,"[12, 9, 8]",two-tone,8,6,4,3.0713550682626374
5,"[12, 9, 8]",two-tone,10,7,5,3.0715877195298162
6,"[12, 9, 8]",two-tone,15,10,7,3.668585355381545
7,"[12, 9, 8]",two-tone,16,11,8,3.6695653101034713
