,flop,board_type,0b,1b,2b,profit
0,"[12, 9, 6]",two-tone,1,1,1,1.4901094490432094
1,"[12, 9, 6]",two-tone,2,2,2,1.8626970985802462
2,"[12, 9, 6]",two-tone,3,2,2,2.0059323918038405
3,"[12, 9, 6]",two-tone,4,3,2,2.2337226845679012
4,"[12, 9, 6]",two-tone,8,6,4,2.4263554821124824
5,"[12, 9, 6]",two-tone,10,7,5,2.4490020203909464
6,"[12, 9, 6]",two-tone,15,10,7,3.0436830466529488
7,"[12, 9, 6]",two-tone,16,11,8,3.045639727030178
