,flop,board_type,0b,1b,2b,profit
0,"[12, 8, 3]",two-tone,1,1,1,1.5941011928030302
1,"[12, 8, 3]",two-tone,8,6,4,2.2802987199134197
2,"[12, 8, 3]",two-tone,10,7,5,2.3243636387987014
3,"[12, 8, 3]",two-tone,15,10,7,2.9238036223484842
4,"[12, 8, 3]",two-tone,16,11,8,2.993228483982683
