,flop,board_type,0b,1b,2b,profit
0,"[12, 7, 7]",two-tone,1,1,1,1.3223130118918922
1,"[12, 7, 7]",two-tone,2,2,2,1.3259778478314028
2,"[12, 7, 7]",two-tone,8,6,4,2.06213529207529
3,"[12, 7, 7]",two-tone,10,7,5,2.139638722442085
4,"[12, 7, 7]",two-tone,15,10,7,2.512740102541828
5,"[12, 7, 7]",two-tone,16,11,8,2.6328686758912485
