,flop,board_type,0b,1b,2b,profit
0,"[12, 7, 6]",two-tone,1,1,1,1.659993951179528
1,"[12, 7, 6]",two-tone,2,2,2,1.8438140487271766
2,"[12, 7, 6]",two-tone,3,2,2,1.9186355961148882
3,"[12, 7, 6]",two-tone,4,3,2,2.1047474371618025
4,"[12, 7, 6]",two-tone,8,6,4,2.4971373011195532
5,"[12, 7, 6]",two-tone,10,7,5,2.5528490053112094
6,"[12, 7, 6]",two-tone,15,10,7,2.83545005897641
7,"[12, 7, 6]",two-tone,16,11,8,2.912413312008531
