,flop,board_type,0b,1b,2b,profit
0,"[12, 5, 2]",two-tone,1,1,1,1.6425717154392767
1,"[12, 5, 2]",two-tone,2,2,2,1.6436131970745662
2,"[12, 5, 2]",two-tone,3,2,2,1.6451865905777043
3,"[12, 5, 2]",two-tone,4,3,2,1.7143124247877441
4,"[12, 5, 2]",two-tone,8,6,4,2.0839176328442233
5,"[12, 5, 2]",two-tone,10,7,5,2.1296288042635663
6,"[12, 5, 2]",two-tone,15,10,7,2.3670143199058695
7,"[12, 5, 2]",two-tone,16,11,8,2.583513032715025
