,flop,board_type,0b,1b,2b,profit
0,"[11, 11, 9]",two-tone,1,1,1,0.9055215437365798
1,"[11, 11, 9]",two-tone,2,2,2,1.0835470391603867
2,"[11, 11, 9]",two-tone,3,2,2,1.2245886302925433
3,"[11, 11, 9]",two-tone,4,3,2,1.4494498493117542
4,"[11, 11, 9]",two-tone,8,6,4,1.7087092800144184
5,"[11, 11, 9]",two-tone,15,10,7,2.4043582167641295
6,"[11, 11, 9]",two-tone,16,11,8,2.4057918917795593
