,flop,board_type,0b,1b,2b,profit
0,"[11, 11, 6]",two-tone,1,1,1,0.9196247071214017
1,"[11, 11, 6]",two-tone,2,2,2,0.9208090477597
2,"[11, 11, 6]",two-tone,3,2,2,0.923700713066333
3,"[11, 11, 6]",two-tone,4,3,2,1.0740888806257822
4,"[11, 11, 6]",two-tone,8,6,4,1.6035555736608262
5,"[11, 11, 6]",two-tone,10,7,5,1.67801076873592
6,"[11, 11, 6]",two-tone,15,10,7,1.8894479582352943
7,"[11, 11, 6]",two-tone,16,11,8,2.0106442606257824
