,flop,board_type,0b,1b,2b,profit
0,"[11, 11, 5]",two-tone,1,1,1,0.9398453225883137
1,"[11, 11, 5]",two-tone,8,6,4,1.366098485597338
2,"[11, 11, 5]",two-tone,10,7,5,1.4634033580842085
3,"[11, 11, 5]",two-tone,15,10,7,1.5449338707072238
4,"[11, 11, 5]",two-tone,16,11,8,1.713584627972226
