,flop,board_type,0b,1b,2b,profit
0,"[11, 10, 4]",two-tone,1,1,1,1.4797421644345239
1,"[11, 10, 4]",two-tone,2,2,2,1.798386286458333
2,"[11, 10, 4]",two-tone,3,2,2,1.8800550992559524
3,"[11, 10, 4]",two-tone,4,3,2,1.972289743303571
4,"[11, 10, 4]",two-tone,8,6,4,2.2823660450892853
5,"[11, 10, 4]",two-tone,15,10,7,3.027458549553571
