,flop,board_type,0b,1b,2b,profit
0,"[11, 10, 3]",two-tone,1,1,1,1.4820910980654767
1,"[11, 10, 3]",two-tone,2,2,2,1.8030105063988093
2,"[11, 10, 3]",two-tone,3,2,2,1.8846763535714282
3,"[11, 10, 3]",two-tone,4,3,2,1.976926388690476
4,"[11, 10, 3]",two-tone,8,6,4,2.2854424196428567
5,"[11, 10, 3]",two-tone,10,7,5,2.285647635863095
6,"[11, 10, 3]",two-tone,15,10,7,3.0300978629464277
