,flop,board_type,0b,1b,2b,profit
0,"[11, 9, 4]",two-tone,1,1,1,1.324261146597824
1,"[11, 9, 4]",two-tone,2,2,2,1.4800404046960476
2,"[11, 9, 4]",two-tone,3,2,2,1.7064186922367692
3,"[11, 9, 4]",two-tone,4,3,2,1.9785701196139893
4,"[11, 9, 4]",two-tone,8,6,4,2.233015267318212
5,"[11, 9, 4]",two-tone,10,7,5,2.256517685168111
6,"[11, 9, 4]",two-tone,15,10,7,2.9187088325035333
