,flop,board_type,0b,1b,2b,profit
0,"[11, 9, 3]",two-tone,1,1,1,1.3225524452639992
1,"[11, 9, 3]",two-tone,2,2,2,1.4760608193496836
2,"[11, 9, 3]",two-tone,3,2,2,1.7138691761017888
3,"[11, 9, 3]",two-tone,4,3,2,1.9807717118446118
4,"[11, 9, 3]",two-tone,8,6,4,2.2345922762308676
5,"[11, 9, 3]",two-tone,10,7,5,2.257103514598316
6,"[11, 9, 3]",two-tone,15,10,7,2.9184184512262576
