,flop,board_type,0b,1b,2b,profit
0,"[11, 8, 7]",two-tone,1,1,1,2.087527278821926
1,"[11, 8, 7]",two-tone,8,6,4,2.9798939254511403
2,"[11, 8, 7]",two-tone,10,7,5,2.981899306764271
3,"[11, 8, 7]",two-tone,15,10,7,3.349520628467256
4,"[11, 8, 7]",two-tone,16,11,8,3.3502675598371345
