,flop,board_type,0b,1b,2b,profit
0,"[11, 7, 3]",two-tone,1,1,1,1.499601054246411
1,"[11, 7, 3]",two-tone,2,2,2,1.5027046789114835
2,"[11, 7, 3]",two-tone,3,2,2,1.6660701229665071
3,"[11, 7, 3]",two-tone,4,3,2,2.003334965813397
4,"[11, 7, 3]",two-tone,8,6,4,2.2954239502870806
5,"[11, 7, 3]",two-tone,10,7,5,2.3509697186363634
6,"[11, 7, 3]",two-tone,15,10,7,2.774806210382774
7,"[11, 7, 3]",two-tone,16,11,8,2.8330569922966506
