,flop,board_type,0b,1b,2b,profit
0,"[11, 6, 3]",two-tone,1,1,1,1.544493050955938
1,"[11, 6, 3]",two-tone,8,6,4,2.3320256448026355
2,"[11, 6, 3]",two-tone,10,7,5,2.3818697446555683
3,"[11, 6, 3]",two-tone,15,10,7,2.687906874501441
4,"[11, 6, 3]",two-tone,16,11,8,2.804303719736456
