,flop,board_type,0b,1b,2b,profit
0,"[11, 6, 2]",two-tone,1,1,1,1.5481721518265783
1,"[11, 6, 2]",two-tone,8,6,4,2.336927886528619
2,"[11, 6, 2]",two-tone,10,7,5,2.385268743361374
3,"[11, 6, 2]",two-tone,15,10,7,2.6935786890787696
4,"[11, 6, 2]",two-tone,16,11,8,2.8077675849549983
