,flop,board_type,0b,1b,2b,profit
0,"[11, 3, 2]",two-tone,1,1,1,1.4802148782608697
1,"[11, 3, 2]",two-tone,8,6,4,2.0290805108695658
2,"[11, 3, 2]",two-tone,10,7,5,2.077901320652175
3,"[11, 3, 2]",two-tone,15,10,7,2.2564172130434788
4,"[11, 3, 2]",two-tone,16,11,8,2.426803018478261
