,flop,board_type,0b,1b,2b,profit
0,"[10, 10, 7]",two-tone,1,1,1,1.3949084876409426
1,"[10, 10, 7]",two-tone,2,2,2,1.5718026101079676
2,"[10, 10, 7]",two-tone,8,6,4,1.9156999855711274
3,"[10, 10, 7]",two-tone,10,7,5,1.9936281163417897
4,"[10, 10, 7]",two-tone,15,10,7,2.407591043991331
