,flop,board_type,0b,1b,2b,profit
0,"[10, 10, 6]",two-tone,1,1,1,1.4368062998011668
1,"[10, 10, 6]",two-tone,8,6,4,2.069866767187169
2,"[10, 10, 6]",two-tone,10,7,5,2.1486836033523335
3,"[10, 10, 6]",two-tone,15,10,7,2.3853944669525453
