,flop,board_type,0b,1b,2b,profit
0,"[10, 9, 7]",two-tone,1,1,1,1.8379072570566293
1,"[10, 9, 7]",two-tone,2,2,2,2.5664850142364606
2,"[10, 9, 7]",two-tone,3,2,2,2.7718208204939514
3,"[10, 9, 7]",two-tone,4,3,2,3.1339594081279953
4,"[10, 9, 7]",two-tone,8,6,4,3.2071932031849246
5,"[10, 9, 7]",two-tone,10,7,5,3.2089115463400057
6,"[10, 9, 7]",two-tone,15,10,7,3.3986776672502828
