,flop,board_type,0b,1b,2b,profit
0,"[10, 8, 2]",two-tone,1,1,1,1.6290180784693176
1,"[10, 8, 2]",two-tone,8,6,4,1.979433780853986
2,"[10, 8, 2]",two-tone,10,7,5,2.1367323602596917
3,"[10, 8, 2]",two-tone,15,10,7,2.7474151741369615
