,flop,board_type,0b,1b,2b,profit
0,"[10, 7, 4]",two-tone,1,1,1,1.6327509695904272
1,"[10, 7, 4]",two-tone,2,2,2,1.7918474461818399
2,"[10, 7, 4]",two-tone,8,6,4,2.088186467585739
3,"[10, 7, 4]",two-tone,10,7,5,2.2433274215395995
4,"[10, 7, 4]",two-tone,15,10,7,2.707974357728842
