,flop,board_type,0b,1b,2b,profit
0,"[10, 7, 2]",two-tone,1,1,1,1.634339855539107
1,"[10, 7, 2]",two-tone,2,2,2,1.797437863557858
2,"[10, 7, 2]",two-tone,3,2,2,1.7982715454909937
3,"[10, 7, 2]",two-tone,4,3,2,1.8802337008388843
4,"[10, 7, 2]",two-tone,8,6,4,2.0914004934616326
5,"[10, 7, 2]",two-tone,10,7,5,2.2521996489020477
6,"[10, 7, 2]",two-tone,15,10,7,2.7132952600542803
7,"[10, 7, 2]",two-tone,16,11,8,2.713436329138909
