,flop,board_type,0b,1b,2b,profit
0,"[10, 6, 4]",two-tone,1,1,1,1.6612026982716803
1,"[10, 6, 4]",two-tone,2,2,2,1.8213529118101879
2,"[10, 6, 4]",two-tone,3,2,2,1.9063260796846575
3,"[10, 6, 4]",two-tone,4,3,2,2.076497000090964
4,"[10, 6, 4]",two-tone,8,6,4,2.2203255524105514
5,"[10, 6, 4]",two-tone,10,7,5,2.379606676334142
6,"[10, 6, 4]",two-tone,15,10,7,2.6916890611734385
