,flop,board_type,0b,1b,2b,profit
0,"[10, 3, 3]",two-tone,1,1,1,1.4113014589015158
1,"[10, 3, 3]",two-tone,8,6,4,1.7655567877525258
2,"[10, 3, 3]",two-tone,10,7,5,1.8642990920454545
3,"[10, 3, 3]",two-tone,15,10,7,1.9463726436868685
4,"[10, 3, 3]",two-tone,16,11,8,1.9987704781565663
