,flop,board_type,0b,1b,2b,profit
0,"[10, 2, 2]",two-tone,1,1,1,1.4150066804924246
1,"[10, 2, 2]",two-tone,8,6,4,1.7683392145202022
2,"[10, 2, 2]",two-tone,10,7,5,1.84333355625
3,"[10, 2, 2]",two-tone,15,10,7,1.9434869136994952
4,"[10, 2, 2]",two-tone,16,11,8,1.9993066764520204
