,flop,board_type,0b,1b,2b,profit
0,"[9, 9, 8]",two-tone,1,1,1,1.133525864989858
1,"[9, 9, 8]",two-tone,2,2,2,1.3169042510344826
2,"[9, 9, 8]",two-tone,3,2,2,1.4613521019066942
3,"[9, 9, 8]",two-tone,4,3,2,1.6900921218052747
4,"[9, 9, 8]",two-tone,8,6,4,1.9383031883569986
5,"[9, 9, 8]",two-tone,10,7,5,2.1096421641784993
6,"[9, 9, 8]",two-tone,15,10,7,2.789398745436106
7,"[9, 9, 8]",two-tone,16,11,8,2.7911186807707917
