,flop,board_type,0b,1b,2b,profit
0,"[9, 9, 4]",two-tone,1,1,1,0.9436578902247192
1,"[9, 9, 4]",two-tone,2,2,2,0.9473984941573033
2,"[9, 9, 4]",two-tone,8,6,4,1.3689090626966296
3,"[9, 9, 4]",two-tone,10,7,5,1.5173041795505615
4,"[9, 9, 4]",two-tone,15,10,7,1.8867292314606745
5,"[9, 9, 4]",two-tone,16,11,8,1.9546299696629217
