,flop,board_type,0b,1b,2b,profit
0,"[9, 5, 5]",two-tone,1,1,1,1.3427694143626991
1,"[9, 5, 5]",two-tone,2,2,2,1.3434612904756331
2,"[9, 5, 5]",two-tone,3,2,2,1.4111113697164952
3,"[9, 5, 5]",two-tone,4,3,2,1.5937277751640115
4,"[9, 5, 5]",two-tone,8,6,4,1.751124593638707
5,"[9, 5, 5]",two-tone,10,7,5,1.953152389831303
6,"[9, 5, 5]",two-tone,15,10,7,2.2392314948922216
7,"[9, 5, 5]",two-tone,16,11,8,2.3083632265932525
