,flop,board_type,0b,1b,2b,profit
0,"[9, 2, 2]",two-tone,1,1,1,1.2435773834662802
1,"[9, 2, 2]",two-tone,8,6,4,1.6252583329224075
2,"[9, 2, 2]",two-tone,10,7,5,1.7639209337200872
3,"[9, 2, 2]",two-tone,15,10,7,2.0924310430746917
4,"[9, 2, 2]",two-tone,16,11,8,2.15142922835388
