,flop,board_type,0b,1b,2b,profit
0,"[8, 5, 5]",two-tone,1,1,1,1.7265148666185974
1,"[8, 5, 5]",two-tone,8,6,4,1.9801055349446242
2,"[8, 5, 5]",two-tone,10,7,5,2.168753331506691
3,"[8, 5, 5]",two-tone,15,10,7,2.3773407614328566
4,"[8, 5, 5]",two-tone,16,11,8,2.524355271440932
