,flop,board_type,0b,1b,2b,profit
0,"[7, 7, 5]",two-tone,1,1,1,1.9065267660010026
1,"[7, 7, 5]",two-tone,2,2,2,1.907875818298797
2,"[7, 7, 5]",two-tone,3,2,2,1.9785630854110967
3,"[7, 7, 5]",two-tone,4,3,2,2.09003318803476
4,"[7, 7, 5]",two-tone,8,6,4,2.2029860319017383
5,"[7, 7, 5]",two-tone,10,7,5,2.4442752463903745
6,"[7, 7, 5]",two-tone,15,10,7,2.6734171381350267
7,"[7, 7, 5]",two-tone,16,11,8,2.87829862865976
