,flop,board_type,0b,1b,2b,profit
0,"[7, 7, 2]",two-tone,1,1,1,1.718154623188406
1,"[7, 7, 2]",two-tone,8,6,4,2.0095473913043485
2,"[7, 7, 2]",two-tone,10,7,5,2.108534513457557
3,"[7, 7, 2]",two-tone,15,10,7,2.451457030020704
4,"[7, 7, 2]",two-tone,16,11,8,2.6499448447204967
