,flop,board_type,0b,1b,2b,profit
0,"[7, 6, 3]",two-tone,1,1,1,1.9304191676966287
1,"[7, 6, 3]",two-tone,2,2,2,2.1003936082584262
2,"[7, 6, 3]",two-tone,3,2,2,2.1717699512359547
3,"[7, 6, 3]",two-tone,4,3,2,2.278823708202247
4,"[7, 6, 3]",two-tone,8,6,4,2.3589560302808983
5,"[7, 6, 3]",two-tone,10,7,5,2.4060747201685393
6,"[7, 6, 3]",two-tone,15,10,7,2.661490281123595
7,"[7, 6, 3]",two-tone,16,11,8,2.86187763230337
