,flop,board_type,0b,1b,2b,profit
0,"[6, 4, 3]",two-tone,1,1,1,2.074147261751901
1,"[6, 4, 3]",two-tone,2,2,2,2.0775218679622345
2,"[6, 4, 3]",two-tone,3,2,2,2.144149536150013
3,"[6, 4, 3]",two-tone,4,3,2,2.2450710702806185
4,"[6, 4, 3]",two-tone,8,6,4,2.3794389291319167
5,"[6, 4, 3]",two-tone,10,7,5,2.5408642361447678
6,"[6, 4, 3]",two-tone,15,10,7,2.851527656810909
7,"[6, 4, 3]",two-tone,16,11,8,3.0884490046052964
