,flop,board_type,0b,1b,2b,profit
0,"[4, 4, 2]",two-tone,1,1,1,2.471388965494792
1,"[4, 4, 2]",two-tone,8,6,4,2.624031271158855
2,"[4, 4, 2]",two-tone,10,7,5,2.7306092109375006
3,"[4, 4, 2]",two-tone,15,10,7,3.0076796412760416
4,"[4, 4, 2]",two-tone,16,11,8,3.3151205852864596
