,flop,board_type,0b,1b,2b,profit
0,"[4, 3, 2]",two-tone,1,1,1,2.5172204449593494
1,"[4, 3, 2]",two-tone,8,6,4,2.666502748993902
2,"[4, 3, 2]",two-tone,10,7,5,2.7799944000203247
3,"[4, 3, 2]",two-tone,15,10,7,3.060824589745935
4,"[4, 3, 2]",two-tone,16,11,8,3.3691115186483733
