,flop,board_type,0b,1b,2b,profit
0,"[3, 2, 2]",two-tone,1,1,1,2.4901287959857727
1,"[3, 2, 2]",two-tone,2,2,2,2.4904469075711386
2,"[3, 2, 2]",two-tone,8,6,4,2.6422115657012197
3,"[3, 2, 2]",two-tone,10,7,5,2.749374427388212
4,"[3, 2, 2]",two-tone,15,10,7,3.0257471452743907
5,"[3, 2, 2]",two-tone,16,11,8,3.329263546087399
