,flop,board_type,0b,1b,2b,profit
0,"[14, 14, 2]",two-tone,1,1,1,-3.825632359587341
1,"[14, 14, 2]",two-tone,2,2,2,-3.8171551357301983
