,flop,board_type,0b,1b,2b,profit
0,"[13, 13, 4]",two-tone,1,1,1,-1.5436893530150795
1,"[13, 13, 4]",two-tone,2,2,2,-1.5360905012475023
2,"[13, 13, 4]",two-tone,3,2,2,-1.5271332203415273
