,flop,board_type,0b,1b,2b,profit
0,"[13, 9, 6]",two-tone,1,1,1,-2.2242305881742084
1,"[13, 9, 6]",two-tone,2,2,2,-2.209797739169233
