,flop,board_type,0b,1b,2b,profit
0,"[13, 3, 3]",two-tone,1,1,1,-1.719281160159594
1,"[13, 3, 3]",two-tone,2,2,2,-1.707154644122737
