,flop,board_type,0b,1b,2b,profit
0,"[13, 3, 2]",two-tone,1,1,1,-1.965959945950675
1,"[13, 3, 2]",two-tone,2,2,2,-1.9591563102842575
