,flop,board_type,0b,1b,2b,profit
0,"[12, 8, 4]",two-tone,1,1,1,1.0105023479598043
1,"[12, 8, 4]",two-tone,2,2,2,1.0107344474374154
