,flop,board_type,0b,1b,2b,profit
0,"[12, 7, 5]",two-tone,1,1,1,-1.8319364088128132
1,"[12, 7, 5]",two-tone,2,2,2,-1.806001794447142
