,flop,board_type,0b,1b,2b,profit
0,"[12, 5, 2]",two-tone,1,1,1,-3.0926183894676242
1,"[12, 5, 2]",two-tone,2,2,2,-3.0863287954377743
