,flop,board_type,0b,1b,2b,profit
0,"[11, 8, 7]",two-tone,1,1,1,-0.9817596652921803
1,"[11, 8, 7]",two-tone,2,2,2,-0.9624241794759716
