,flop,board_type,0b,1b,2b,profit
0,"[11, 7, 7]",two-tone,1,1,1,-0.12105196622222253
1,"[11, 7, 7]",two-tone,2,2,2,-0.11513043408333418
