,flop,board_type,0b,1b,2b,profit
0,"[10, 7, 2]",two-tone,1,1,1,-1.1452922817070414
1,"[10, 7, 2]",two-tone,2,2,2,-1.1442868316056323
2,"[10, 7, 2]",two-tone,3,2,2,-1.1433589176788737
