,flop,board_type,0b,1b,2b,profit
0,"[10, 4, 4]",two-tone,1,1,1,-3.851960743994816
1,"[10, 4, 4]",two-tone,2,2,2,-3.8474797308459827
