,flop,board_type,0b,1b,2b,profit
0,"[9, 9, 4]",two-tone,1,1,1,-1.8246972350595494
1,"[9, 9, 4]",two-tone,2,2,2,-1.8196539371908893
