,flop,board_type,0b,1b,2b,profit
0,"[9, 7, 7]",two-tone,1,1,1,-1.1179939192406358
1,"[9, 7, 7]",two-tone,2,2,2,-1.1134820009206354
