,flop,board_type,0b,1b,2b,profit
0,"[8, 3, 2]",two-tone,1,1,1,-1.899691464517879
1,"[8, 3, 2]",two-tone,2,2,2,-1.8935374152174118
