,flop,board_type,0b,1b,2b,profit
0,"[7, 5, 2]",two-tone,1,1,1,-2.8819503701693963
1,"[7, 5, 2]",two-tone,2,2,2,-2.871232600473194
2,"[7, 5, 2]",two-tone,3,2,2,-2.8679161276883844
3,"[7, 5, 2]",two-tone,4,3,2,-2.8662132372833193
