,flop,board_type,0b,1b,2b,profit
0,"[14, 14, 10]",two-tone,1,1,1,-4.014880676987978
1,"[14, 14, 10]",two-tone,2,2,2,-4.012495812457425
