,flop,board_type,0b,1b,2b,profit
0,"[14, 12, 12]",two-tone,1,1,1,-5.774563742880962
1,"[14, 12, 12]",two-tone,8,6,4,-3.00056923433275
2,"[14, 12, 12]",two-tone,15,10,7,-2.479188857142855
