,flop,board_type,0b,1b,2b,profit
0,"[14, 12, 9]",two-tone,1,1,1,-2.992258544908967
1,"[14, 12, 9]",two-tone,8,6,4,-2.128946370792479
