,flop,board_type,0b,1b,2b,profit
0,"[14, 10, 4]",two-tone,1,1,1,-3.455647423163647
1,"[14, 10, 4]",two-tone,2,2,2,-3.453030768928109
