,flop,board_type,0b,1b,2b,profit
0,"[14, 10, 2]",two-tone,1,1,1,-3.47889272322469
1,"[14, 10, 2]",two-tone,2,2,2,-3.455857586757748
