,flop,board_type,0b,1b,2b,profit
0,"[14, 9, 8]",two-tone,1,1,1,-4.960553075176049
1,"[14, 9, 8]",two-tone,8,6,4,-4.728073863539288
