,flop,board_type,0b,1b,2b,profit
0,"[14, 8, 3]",two-tone,1,1,1,-9.766058397329514
1,"[14, 8, 3]",two-tone,10,7,5,-9.551995908106575
