,flop,board_type,0b,1b,2b,profit
0,"[14, 8, 2]",two-tone,1,1,1,-6.227621780260138
1,"[14, 8, 2]",two-tone,2,2,2,-6.223230968939385
2,"[14, 8, 2]",two-tone,3,2,2,-6.220349939265287
