,flop,board_type,0b,1b,2b,profit
0,"[14, 8, 2]",two-tone,1,1,1,-9.76412897651792
1,"[14, 8, 2]",two-tone,2,2,2,-9.76144593251792
2,"[14, 8, 2]",two-tone,10,7,5,-9.563290813129907
