,flop,board_type,0b,1b,2b,profit
0,"[14, 7, 6]",two-tone,1,1,1,-9.322731079387326
1,"[14, 7, 6]",two-tone,2,2,2,-9.314421458587326
2,"[14, 7, 6]",two-tone,3,2,2,-9.308475362587327
3,"[14, 7, 6]",two-tone,10,7,5,-9.041872388078824
