,flop,board_type,0b,1b,2b,profit
0,"[14, 7, 3]",two-tone,1,1,1,-6.903424821024135
1,"[14, 7, 3]",two-tone,2,2,2,-6.898482484145918
2,"[14, 7, 3]",two-tone,8,6,4,-6.74562195071965
3,"[14, 7, 3]",two-tone,10,7,5,-6.737823051464518
