,flop,board_type,0b,1b,2b,profit
0,"[14, 6, 5]",two-tone,1,1,1,-8.393550029405153
1,"[14, 6, 5]",two-tone,8,6,4,-8.273669854327318
