,flop,board_type,0b,1b,2b,profit
0,"[14, 6, 3]",two-tone,1,1,1,-8.649028111876264
1,"[14, 6, 3]",two-tone,2,2,2,-8.642740406519122
2,"[14, 6, 3]",two-tone,8,6,4,-8.524476922139412
