,flop,board_type,0b,1b,2b,profit
0,"[13, 13, 9]",two-tone,1,1,1,0.008453645624698525
1,"[13, 13, 9]",two-tone,2,2,2,0.013520070624700176
