,flop,board_type,0b,1b,2b,profit
0,"[13, 12, 12]",two-tone,1,1,1,-2.140067590003435
1,"[13, 12, 12]",two-tone,8,6,4,-1.9151294813428412
2,"[13, 12, 12]",two-tone,15,10,7,-0.6531424672795687
