,flop,board_type,0b,1b,2b,profit
0,"[13, 12, 10]",two-tone,1,1,1,3.1712488644592964
1,"[13, 12, 10]",two-tone,2,2,2,12.470419608323425
2,"[13, 12, 10]",two-tone,8,6,4,17.629064694719066
3,"[13, 12, 10]",two-tone,10,7,5,17.652082089119055
4,"[13, 12, 10]",two-tone,16,11,8,17.664547799519067
