,flop,board_type,0b,1b,2b,profit
0,"[13, 8, 8]",two-tone,1,1,1,-5.018724967936823
1,"[13, 8, 8]",two-tone,2,2,2,-5.009579292834782
