,flop,board_type,0b,1b,2b,profit
0,"[13, 8, 5]",two-tone,1,1,1,-3.4239891581336055
1,"[13, 8, 5]",two-tone,2,2,2,-3.420003132779832
2,"[13, 8, 5]",two-tone,3,2,2,-3.4142171746430394
