,flop,board_type,0b,1b,2b,profit
0,"[13, 7, 3]",two-tone,1,1,1,-5.317551746255937
1,"[13, 7, 3]",two-tone,2,2,2,-5.314829741255936
2,"[13, 7, 3]",two-tone,4,3,2,-5.313565263755937
3,"[13, 7, 3]",two-tone,8,6,4,-5.310384765005937
4,"[13, 7, 3]",two-tone,16,11,8,-5.307542103755937
