,flop,board_type,0b,1b,2b,profit
0,"[13, 6, 5]",two-tone,1,1,1,-5.299458858784016
1,"[13, 6, 5]",two-tone,8,6,4,-5.298310211284016
2,"[13, 6, 5]",two-tone,16,11,8,-5.294159636284016
