,flop,board_type,0b,1b,2b,profit
0,"[13, 6, 3]",two-tone,1,1,1,-5.309911792505938
1,"[13, 6, 3]",two-tone,15,10,7,-5.3016106425059375
