,flop,board_type,0b,1b,2b,profit
0,"[12, 11, 9]",two-tone,1,1,1,2.1683553504115123
1,"[12, 11, 9]",two-tone,2,2,2,2.553306396480618
2,"[12, 11, 9]",two-tone,3,2,2,2.7726236296570246
3,"[12, 11, 9]",two-tone,15,10,7,2.7775821437550663
