,flop,board_type,0b,1b,2b,profit
0,"[12, 11, 5]",two-tone,1,1,1,-0.901976027867704
1,"[12, 11, 5]",two-tone,8,6,4,-0.22504609097901973
2,"[12, 11, 5]",two-tone,10,7,5,-0.21721050205773818
3,"[12, 11, 5]",two-tone,15,10,7,0.09852330277825505
