,flop,board_type,0b,1b,2b,profit
0,"[12, 10, 8]",two-tone,1,1,1,2.058395852943678
1,"[12, 10, 8]",two-tone,2,2,2,2.0682996874450272
2,"[12, 10, 8]",two-tone,3,2,2,3.447715777538231
