,flop,board_type,0b,1b,2b,profit
0,"[12, 10, 7]",two-tone,1,1,1,1.7670559484891486
1,"[12, 10, 7]",two-tone,8,6,4,2.577740924843506
2,"[12, 10, 7]",two-tone,10,7,5,2.57868604937181
3,"[12, 10, 7]",two-tone,15,10,7,3.2064075572090687
