,flop,board_type,0b,1b,2b,profit
0,"[12, 7, 7]",two-tone,1,1,1,-0.8029427292452831
1,"[12, 7, 7]",two-tone,2,2,2,-0.7980426919811321
2,"[12, 7, 7]",two-tone,3,2,2,-0.7943757905660376
3,"[12, 7, 7]",two-tone,15,10,7,-0.784472954716982
