,flop,board_type,0b,1b,2b,profit
0,"[12, 6, 5]",two-tone,1,1,1,-1.1884172343749997
1,"[12, 6, 5]",two-tone,2,2,2,-1.1870914781249993
2,"[12, 6, 5]",two-tone,8,6,4,-1.1772919124999999
3,"[12, 6, 5]",two-tone,15,10,7,-1.175365715624999
