,flop,board_type,0b,1b,2b,profit
0,"[12, 5, 5]",two-tone,1,1,1,-3.6818239553418484
1,"[12, 5, 5]",two-tone,2,2,2,-3.674624720796394
2,"[12, 5, 5]",two-tone,3,2,2,-3.670576355341849
