,flop,board_type,0b,1b,2b,profit
0,"[12, 4, 2]",two-tone,1,1,1,-2.6178962480392154
1,"[12, 4, 2]",two-tone,2,2,2,-2.609793309803921
2,"[12, 4, 2]",two-tone,3,2,2,-2.606012833333335
