,flop,board_type,0b,1b,2b,profit
0,"[11, 11, 6]",two-tone,1,1,1,0.5069433320711401
1,"[11, 11, 6]",two-tone,2,2,2,0.5197378915461197
