,flop,board_type,0b,1b,2b,profit
0,"[11, 10, 9]",two-tone,1,1,1,6.131198243751708
1,"[11, 10, 9]",two-tone,2,2,2,7.276598499453101
2,"[11, 10, 9]",two-tone,3,2,2,7.557907857369431
3,"[11, 10, 9]",two-tone,8,6,4,7.9883962861307065
4,"[11, 10, 9]",two-tone,10,7,5,8.035815947820614
