,flop,board_type,0b,1b,2b,profit
0,"[11, 9, 9]",two-tone,1,1,1,4.093533569868068
1,"[11, 9, 9]",two-tone,2,2,2,4.097773237792598
