,flop,board_type,0b,1b,2b,profit
0,"[11, 4, 4]",two-tone,1,1,1,-5.232685865847749
1,"[11, 4, 4]",two-tone,2,2,2,-5.221130883621683
