,flop,board_type,0b,1b,2b,profit
0,"[11, 4, 2]",two-tone,1,1,1,-1.7229421264727165
1,"[11, 4, 2]",two-tone,3,2,2,-1.7186212057566035
