,flop,board_type,0b,1b,2b,profit
0,"[10, 9, 8]",two-tone,1,1,1,8.226551201449274
1,"[10, 9, 8]",two-tone,2,2,2,8.239273502877843
