,flop,board_type,0b,1b,2b,profit
0,"[10, 8, 4]",two-tone,1,1,1,-0.570952717105567
1,"[10, 8, 4]",two-tone,2,2,2,-0.570844002678689
2,"[10, 8, 4]",two-tone,4,3,2,-0.5682441748130769
3,"[10, 8, 4]",two-tone,8,6,4,-0.5664270908209819
