,flop,board_type,0b,1b,2b,profit
0,"[10, 7, 7]",two-tone,1,1,1,-0.44944594513302794
1,"[10, 7, 7]",two-tone,2,2,2,-0.443412330226195
