,flop,board_type,0b,1b,2b,profit
0,"[10, 6, 6]",two-tone,1,1,1,-3.586236113996449
1,"[10, 6, 6]",two-tone,2,2,2,-3.58385319297219
2,"[10, 6, 6]",two-tone,3,2,2,-3.582809848363026
