,flop,board_type,0b,1b,2b,profit
0,"[10, 6, 5]",two-tone,1,1,1,-0.9765159813429012
1,"[10, 6, 5]",two-tone,2,2,2,-0.9683996728448774
