,flop,board_type,0b,1b,2b,profit
0,"[10, 5, 5]",two-tone,1,1,1,-5.3574703893173705
1,"[10, 5, 5]",two-tone,2,2,2,-5.3492775535731365
2,"[10, 5, 5]",two-tone,3,2,2,-5.3425751269484
