,flop,board_type,0b,1b,2b,profit
0,"[10, 2, 2]",two-tone,1,1,1,-2.3352668097848857
1,"[10, 2, 2]",two-tone,2,2,2,-2.332823657610972
2,"[10, 2, 2]",two-tone,3,2,2,-2.3317378122003443
3,"[10, 2, 2]",two-tone,8,6,4,-2.330954860509524
