,flop,board_type,0b,1b,2b,profit
0,"[10, 2, 2]",two-tone,1,1,1,-5.37418972883519
1,"[10, 2, 2]",two-tone,2,2,2,-5.368772988583618
