,flop,board_type,0b,1b,2b,profit
0,"[9, 7, 4]",two-tone,1,1,1,-3.074867555290992
1,"[9, 7, 4]",two-tone,2,2,2,-3.056424379757396
