,flop,board_type,0b,1b,2b,profit
0,"[9, 6, 6]",two-tone,1,1,1,-1.7459223851645613
1,"[9, 6, 6]",two-tone,2,2,2,-1.7389565975869203
