,flop,board_type,0b,1b,2b,profit
0,"[9, 4, 3]",two-tone,1,1,1,-5.276233927027128
1,"[9, 4, 3]",two-tone,2,2,2,-5.274531906039472
