,flop,board_type,0b,1b,2b,profit
0,"[9, 2, 2]",two-tone,1,1,1,-3.7486275489776597
1,"[9, 2, 2]",two-tone,2,2,2,-3.747214103567031
