,flop,board_type,0b,1b,2b,profit
0,"[8, 6, 6]",two-tone,1,1,1,-6.16061997823129
1,"[8, 6, 6]",two-tone,2,2,2,-6.159875163945577
2,"[8, 6, 6]",two-tone,3,2,2,-6.149349192517006
