,flop,board_type,0b,1b,2b,profit
0,"[8, 6, 2]",two-tone,1,1,1,-4.826309068832763
1,"[8, 6, 2]",two-tone,2,2,2,-4.826141907097224
