,flop,board_type,0b,1b,2b,profit
0,"[7, 6, 3]",two-tone,1,1,1,-6.2307092514806435
1,"[7, 6, 3]",two-tone,2,2,2,-6.224565033546759
