,flop,board_type,0b,1b,2b,profit
0,"[7, 5, 2]",two-tone,1,1,1,-7.865286684664361
1,"[7, 5, 2]",two-tone,2,2,2,-7.859399989209816
2,"[7, 5, 2]",two-tone,3,2,2,-7.857955216482542
3,"[7, 5, 2]",two-tone,4,3,2,-7.847703554361331
