,flop,board_type,0b,1b,2b,profit
0,"[7, 4, 3]",two-tone,1,1,1,-12.731339310846561
1,"[7, 4, 3]",two-tone,2,2,2,-12.725442269179894
2,"[7, 4, 3]",two-tone,3,2,2,-12.72115593584656
