,flop,board_type,0b,1b,2b,profit
0,"[5, 5, 4]",two-tone,1,1,1,-9.533236355810448
1,"[5, 5, 4]",two-tone,2,2,2,-9.527310411305557
2,"[5, 5, 4]",two-tone,3,2,2,-9.523173686081325
3,"[5, 5, 4]",two-tone,4,3,2,-9.520446109999382
