,flop,board_type,0b,1b,2b,profit
0,"[5, 4, 4]",two-tone,1,1,1,-9.317360102695325
1,"[5, 4, 4]",two-tone,2,2,2,-9.308452857932801
2,"[5, 4, 4]",two-tone,3,2,2,-9.300480492903523
