,flop,board_type,0b,1b,2b,profit
0,"[4, 4, 2]",two-tone,1,1,1,-9.701712910641287
1,"[4, 4, 2]",two-tone,2,2,2,-9.701352316612741
