,flop,board_type,0b,1b,2b,profit
0,"[14, 13, 11]",two-tone,1,1,1,5.259963363741033
1,"[14, 13, 11]",two-tone,2,2,2,5.702457582464768
