,flop,board_type,0b,1b,2b,profit
0,"[14, 11, 7]",two-tone,1,1,1,5.176053201316983
1,"[14, 11, 7]",two-tone,2,2,2,5.645605997311428
