,flop,board_type,0b,1b,2b,profit
0,"[14, 9, 7]",two-tone,1,1,1,3.6889449072405385
1,"[14, 9, 7]",two-tone,2,2,2,3.691300848987484
