,flop,board_type,0b,1b,2b,profit
0,"[14, 9, 5]",two-tone,1,1,1,4.091837188847786
1,"[14, 9, 5]",two-tone,2,2,2,4.104854832151304
