,flop,board_type,0b,1b,2b,profit
0,"[14, 9, 4]",two-tone,1,1,1,2.8354320350310673
1,"[14, 9, 4]",two-tone,2,2,2,2.8362378749405703
