,flop,board_type,0b,1b,2b,profit
0,"[14, 6, 3]",two-tone,1,1,1,2.969121695557143
1,"[14, 6, 3]",two-tone,2,2,2,2.9694921685228572
2,"[14, 6, 3]",two-tone,3,2,2,2.9709089760907146
