,flop,board_type,0b,1b,2b,profit
0,"[14, 6, 2]",two-tone,1,1,1,3.7672562535270924
1,"[14, 6, 2]",two-tone,2,2,2,3.7730524996453205
