,flop,board_type,0b,1b,2b,profit
0,"[14, 5, 5]",two-tone,1,1,1,2.0659069106411243
1,"[14, 5, 5]",two-tone,2,2,2,2.0701326249553746
