,flop,board_type,0b,1b,2b,profit
0,"[14, 4, 3]",two-tone,1,1,1,3.6593200061735924
1,"[14, 4, 3]",two-tone,2,2,2,3.6681530028758753
