,flop,board_type,0b,1b,2b,profit
0,"[13, 13, 4]",two-tone,1,1,1,2.2830555958392393
1,"[13, 13, 4]",two-tone,2,2,2,2.2831183446987495
2,"[13, 13, 4]",two-tone,3,2,2,2.285870989999863
