,flop,board_type,0b,1b,2b,profit
0,"[13, 9, 9]",two-tone,1,1,1,2.358390850864423
1,"[13, 9, 9]",two-tone,2,2,2,2.3646953379182643
