,flop,board_type,0b,1b,2b,profit
0,"[13, 9, 4]",two-tone,1,1,1,3.441772126624221
1,"[13, 9, 4]",two-tone,2,2,2,3.4606503282458334
