,flop,board_type,0b,1b,2b,profit
0,"[13, 8, 4]",two-tone,1,1,1,4.488093436631741
1,"[13, 8, 4]",two-tone,2,2,2,4.490447701428122
