,flop,board_type,0b,1b,2b,profit
0,"[12, 12, 7]",two-tone,1,1,1,2.056674279137111
1,"[12, 12, 7]",two-tone,2,2,2,2.0631873314547438
