,flop,board_type,0b,1b,2b,profit
0,"[12, 5, 2]",two-tone,1,1,1,3.338771697072807
1,"[12, 5, 2]",two-tone,2,2,2,3.3474308395329055
2,"[12, 5, 2]",two-tone,3,2,2,3.3638436299201775
