,flop,board_type,0b,1b,2b,profit
0,"[12, 4, 2]",two-tone,1,1,1,4.178759670450622
1,"[12, 4, 2]",two-tone,2,2,2,4.181131386981784
2,"[12, 4, 2]",two-tone,3,2,2,4.186803566019174
