,flop,board_type,0b,1b,2b,profit
0,"[11, 10, 8]",two-tone,1,1,1,1.4060955399675596
1,"[11, 10, 8]",two-tone,2,2,2,1.7953403838005277
