,flop,board_type,0b,1b,2b,profit
0,"[11, 10, 5]",two-tone,1,1,1,4.931938309032712
1,"[11, 10, 5]",two-tone,2,2,2,4.963896407266759
