,flop,board_type,0b,1b,2b,profit
0,"[10, 8, 6]",two-tone,1,1,1,1.9247076802868195
1,"[10, 8, 6]",two-tone,2,2,2,1.94587724005756
