,flop,board_type,0b,1b,2b,profit
0,"[10, 5, 3]",two-tone,1,1,1,3.162319363638859
1,"[10, 5, 3]",two-tone,2,2,2,3.17464973473901
