,flop,board_type,0b,1b,2b,profit
0,"[4, 2, 2]",two-tone,1,1,1,3.4421113183043968
1,"[4, 2, 2]",two-tone,2,2,2,3.4433424127033714
2,"[4, 2, 2]",two-tone,3,2,2,3.444886562646328
3,"[4, 2, 2]",two-tone,8,6,4,3.50019119080853
