,flop,board_type,0b,1b,2b,profit
0,"[14, 14, 7]",two-tone,1,1,1,4.602979386255255
1,"[14, 14, 7]",two-tone,8,6,4,4.86600411137192
