,flop,board_type,0b,1b,2b,profit
0,"[14, 13, 10]",two-tone,1,1,1,4.879625321875131
1,"[14, 13, 10]",two-tone,2,2,2,4.925530368695686
