,flop,board_type,0b,1b,2b,profit
0,"[14, 12, 10]",two-tone,1,1,1,4.439366316376107
1,"[14, 12, 10]",two-tone,2,2,2,4.473435561633251
