,flop,board_type,0b,1b,2b,profit
0,"[14, 10, 4]",two-tone,1,1,1,8.334031936764706
1,"[14, 10, 4]",two-tone,2,2,2,8.338934640882353
