,flop,board_type,0b,1b,2b,profit
0,"[14, 10, 3]",two-tone,1,1,1,8.327223365429864
1,"[14, 10, 3]",two-tone,2,2,2,8.359134601357466
