,flop,board_type,0b,1b,2b,profit
0,"[14, 9, 4]",two-tone,1,1,1,3.7374622769988095
1,"[14, 9, 4]",two-tone,2,2,2,3.739749742297315
