,flop,board_type,0b,1b,2b,profit
0,"[14, 9, 2]",two-tone,1,1,1,3.7342868665510487
1,"[14, 9, 2]",two-tone,2,2,2,3.7431898624465703
