,flop,board_type,0b,1b,2b,profit
0,"[14, 7, 7]",two-tone,1,1,1,4.240999585958887
1,"[14, 7, 7]",two-tone,8,6,4,4.331767669070725
