,flop,board_type,0b,1b,2b,profit
0,"[14, 5, 5]",two-tone,1,1,1,5.325722038423078
1,"[14, 5, 5]",two-tone,8,6,4,5.371514980214122
