,flop,board_type,0b,1b,2b,profit
0,"[14, 4, 4]",two-tone,1,1,1,5.325098651855912
1,"[14, 4, 4]",two-tone,2,2,2,5.3269266279753165
2,"[14, 4, 4]",two-tone,8,6,4,5.378655502602182
