,flop,board_type,0b,1b,2b,profit
0,"[13, 13, 11]",two-tone,1,1,1,7.520516396568633
1,"[13, 13, 11]",two-tone,2,2,2,7.531637774661133
