,flop,board_type,0b,1b,2b,profit
0,"[13, 13, 5]",two-tone,1,1,1,4.792023319253299
1,"[13, 13, 5]",two-tone,2,2,2,4.798787697566551
