,flop,board_type,0b,1b,2b,profit
0,"[13, 12, 11]",two-tone,1,1,1,2.1766640228235286
1,"[13, 12, 11]",two-tone,2,2,2,2.188007541208557
