,flop,board_type,0b,1b,2b,profit
0,"[13, 11, 9]",two-tone,1,1,1,3.0801604164559158
1,"[13, 11, 9]",two-tone,2,2,2,3.1038394156383475
