,flop,board_type,0b,1b,2b,profit
0,"[13, 10, 9]",two-tone,1,1,1,1.0005937873492168
1,"[13, 10, 9]",two-tone,8,6,4,1.0010554894495671
2,"[13, 10, 9]",two-tone,15,10,7,1.016833099983962
