,flop,board_type,0b,1b,2b,profit
0,"[13, 8, 2]",two-tone,1,1,1,3.86554578652345
1,"[13, 8, 2]",two-tone,2,2,2,3.8663522991995087
2,"[13, 8, 2]",two-tone,3,2,2,3.872362527368522
3,"[13, 8, 2]",two-tone,4,3,2,3.8741668597628873
