,flop,board_type,0b,1b,2b,profit
0,"[13, 7, 4]",two-tone,1,1,1,3.8201344513121835
1,"[13, 7, 4]",two-tone,2,2,2,3.829420310467115
