,flop,board_type,0b,1b,2b,profit
0,"[13, 3, 3]",two-tone,1,1,1,4.075310751326125
1,"[13, 3, 3]",two-tone,2,2,2,4.0810967238702505
2,"[13, 3, 3]",two-tone,3,2,2,4.082128996681803
