,flop,board_type,0b,1b,2b,profit
0,"[12, 11, 2]",two-tone,1,1,1,7.628620205502305
1,"[12, 11, 2]",two-tone,2,2,2,7.631629226805123
