,flop,board_type,0b,1b,2b,profit
0,"[12, 9, 8]",two-tone,1,1,1,4.067366740997336
1,"[12, 9, 8]",two-tone,2,2,2,4.068387037410728
