,flop,board_type,0b,1b,2b,profit
0,"[12, 8, 6]",two-tone,1,1,1,4.274782751504276
1,"[12, 8, 6]",two-tone,2,2,2,4.283217619648796
