,flop,board_type,0b,1b,2b,profit
0,"[12, 8, 4]",two-tone,1,1,1,6.118404702333901
1,"[12, 8, 4]",two-tone,2,2,2,6.127056337020912
