,flop,board_type,0b,1b,2b,profit
0,"[11, 8, 7]",two-tone,1,1,1,1.4586267662451542
1,"[11, 8, 7]",two-tone,2,2,2,1.4669420568560407
