,flop,board_type,0b,1b,2b,profit
0,"[11, 8, 5]",two-tone,1,1,1,5.607990318443475
1,"[11, 8, 5]",two-tone,2,2,2,5.615364264251696
2,"[11, 8, 5]",two-tone,3,2,2,5.619523755495529
