,flop,board_type,0b,1b,2b,profit
0,"[11, 8, 3]",two-tone,1,1,1,5.680332883199639
1,"[11, 8, 3]",two-tone,2,2,2,5.68924630312293
2,"[11, 8, 3]",two-tone,3,2,2,5.706155682421558
