,flop,board_type,0b,1b,2b,profit
0,"[10, 8, 7]",two-tone,1,1,1,2.5287624159385915
1,"[10, 8, 7]",two-tone,2,2,2,2.5346385999364713
