,flop,board_type,0b,1b,2b,profit
0,"[10, 7, 6]",two-tone,1,1,1,0.5115575946666162
1,"[10, 7, 6]",two-tone,2,2,2,0.5155912660712988
2,"[10, 7, 6]",two-tone,3,2,2,0.5297411387719664
