,flop,board_type,0b,1b,2b,profit
0,"[10, 6, 3]",two-tone,1,1,1,1.2742208160861648
1,"[10, 6, 3]",two-tone,2,2,2,1.276182199672298
