,flop,board_type,0b,1b,2b,profit
0,"[10, 5, 5]",two-tone,1,1,1,1.9053640110551597
1,"[10, 5, 5]",two-tone,2,2,2,1.911661266772416
