,flop,board_type,0b,1b,2b,profit
0,"[9, 9, 6]",two-tone,1,1,1,0.47686146810224983
1,"[9, 9, 6]",two-tone,2,2,2,0.4876115324796628
