,flop,board_type,0b,1b,2b,profit
0,"[9, 6, 5]",two-tone,1,1,1,2.5615110771296568
1,"[9, 6, 5]",two-tone,2,2,2,2.571994935446323
