,flop,board_type,0b,1b,2b,profit
0,"[8, 5, 2]",two-tone,1,1,1,4.748919312151352
1,"[8, 5, 2]",two-tone,2,2,2,4.756191204398187
