,flop,board_type,0b,1b,2b,profit
0,"[7, 5, 4]",two-tone,1,1,1,4.330043107539829
1,"[7, 5, 4]",two-tone,2,2,2,4.331897640419577
