,flop,board_type,0b,1b,2b,profit
0,"[7, 4, 4]",two-tone,1,1,1,3.3720644264598127
1,"[7, 4, 4]",two-tone,2,2,2,3.376474464149685
