,flop,board_type,0b,1b,2b,profit
0,"[4, 3, 2]",two-tone,1,1,1,6.331907128737805
1,"[4, 3, 2]",two-tone,2,2,2,6.337212763463414
