,flop,board_type,0b,1b,2b,profit
0,"[14, 14, 7]",two-tone,1,1,1,-0.9038872996676721
1,"[14, 14, 7]",two-tone,2,2,2,-0.9017692252239975
2,"[14, 14, 7]",two-tone,3,2,2,-0.8994276701198958
3,"[14, 14, 7]",two-tone,8,6,4,-0.21959713312117568
4,"[14, 14, 7]",two-tone,10,7,5,1.4013423109973342
5,"[14, 14, 7]",two-tone,15,10,7,2.6821061321602517
6,"[14, 14, 7]",two-tone,16,11,8,3.7601887402539855
