,flop,board_type,0b,1b,2b,profit
0,"[14, 14, 4]",two-tone,1,1,1,-2.8917736692057474
1,"[14, 14, 4]",two-tone,2,2,2,-2.890953876785037
2,"[14, 14, 4]",two-tone,8,6,4,-2.5866456043155326
3,"[14, 14, 4]",two-tone,10,7,5,-2.445927563583627
4,"[14, 14, 4]",two-tone,15,10,7,-0.6593350190349678
5,"[14, 14, 4]",two-tone,16,11,8,0.38519740663594426
