,flop,board_type,0b,1b,2b,profit
0,"[14, 14, 3]",two-tone,1,1,1,-2.8886540544754684
1,"[14, 14, 3]",two-tone,8,6,4,-2.592490161225265
2,"[14, 14, 3]",two-tone,10,7,5,-2.450777083274601
3,"[14, 14, 3]",two-tone,15,10,7,-0.6542227507996747
4,"[14, 14, 3]",two-tone,16,11,8,0.38594523631336397
