,flop,board_type,0b,1b,2b,profit
0,"[14, 13, 7]",two-tone,1,1,1,-2.4468808957142856
1,"[14, 13, 7]",two-tone,2,2,2,-1.4612262935714289
2,"[14, 13, 7]",two-tone,3,2,2,-1.192907711428571
3,"[14, 13, 7]",two-tone,4,3,2,0.5045436935714278
4,"[14, 13, 7]",two-tone,8,6,4,1.1701240871428569
5,"[14, 13, 7]",two-tone,10,7,5,1.4558564814285706
6,"[14, 13, 7]",two-tone,15,10,7,5.289098009939073
7,"[14, 13, 7]",two-tone,16,11,8,5.334085608143338
