,flop,board_type,0b,1b,2b,profit
0,"[14, 13, 5]",two-tone,1,1,1,-3.6368448301369867
1,"[14, 13, 5]",two-tone,2,2,2,-2.697898643150685
2,"[14, 13, 5]",two-tone,3,2,2,-2.4109521123287676
3,"[14, 13, 5]",two-tone,4,3,2,-0.7835198849315068
4,"[14, 13, 5]",two-tone,8,6,4,0.05982207808219142
5,"[14, 13, 5]",two-tone,10,7,5,0.06436066872146062
6,"[14, 13, 5]",two-tone,15,10,7,4.955046445706685
7,"[14, 13, 5]",two-tone,16,11,8,4.999210996849774
