,flop,board_type,0b,1b,2b,profit
0,"[14, 12, 5]",two-tone,1,1,1,-1.4380406568181816
1,"[14, 12, 5]",two-tone,2,2,2,-0.5044979875000011
2,"[14, 12, 5]",two-tone,3,2,2,-0.11702145795454655
3,"[14, 12, 5]",two-tone,4,3,2,1.3792112048701304
4,"[14, 12, 5]",two-tone,8,6,4,2.5569248628246752
5,"[14, 12, 5]",two-tone,15,10,7,7.42175550355667
6,"[14, 12, 5]",two-tone,16,11,8,7.51130258575856
