,flop,board_type,0b,1b,2b,profit
0,"[14, 11, 11]",two-tone,1,1,1,-2.151163663043478
1,"[14, 11, 11]",two-tone,8,6,4,2.101682794274291
2,"[14, 11, 11]",two-tone,15,10,7,6.9991680093302655
3,"[14, 11, 11]",two-tone,16,11,8,7.0016514332433095
