,flop,board_type,0b,1b,2b,profit
0,"[14, 11, 10]",two-tone,1,1,1,9.912536203897458
1,"[14, 11, 10]",two-tone,8,6,4,10.266779678394265
2,"[14, 11, 10]",two-tone,15,10,7,14.087961144943952
