,flop,board_type,0b,1b,2b,profit
0,"[14, 11, 8]",two-tone,1,1,1,-2.41394331541502
1,"[14, 11, 8]",two-tone,2,2,2,0.44257503339920845
2,"[14, 11, 8]",two-tone,3,2,2,0.6489509205533586
3,"[14, 11, 8]",two-tone,4,3,2,1.4068213063241104
4,"[14, 11, 8]",two-tone,8,6,4,2.3240297059288535
5,"[14, 11, 8]",two-tone,15,10,7,6.135754471625345
