,flop,board_type,0b,1b,2b,profit
0,"[14, 11, 6]",two-tone,1,1,1,-2.5738097857707514
1,"[14, 11, 6]",two-tone,2,2,2,-1.6229353347826097
2,"[14, 11, 6]",two-tone,3,2,2,-1.206635465217392
3,"[14, 11, 6]",two-tone,4,3,2,0.3169627864624496
4,"[14, 11, 6]",two-tone,8,6,4,2.220845831620553
5,"[14, 11, 6]",two-tone,15,10,7,6.034754389699366
