,flop,board_type,0b,1b,2b,profit
0,"[14, 11, 3]",two-tone,1,1,1,-3.751952024621212
1,"[14, 11, 3]",two-tone,2,2,2,-2.824136352651516
2,"[14, 11, 3]",two-tone,3,2,2,-2.4266422167613646
3,"[14, 11, 3]",two-tone,4,3,2,-0.9562204060606057
4,"[14, 11, 3]",two-tone,8,6,4,1.1309898664772713
5,"[14, 11, 3]",two-tone,15,10,7,5.7229778075528
