,flop,board_type,0b,1b,2b,profit
0,"[14, 9, 7]",two-tone,1,1,1,-0.13260228043478373
1,"[14, 9, 7]",two-tone,8,6,4,1.893048342391303
2,"[14, 9, 7]",two-tone,10,7,5,2.9728060974637676
3,"[14, 9, 7]",two-tone,15,10,7,5.3185670348824825
4,"[14, 9, 7]",two-tone,16,11,8,6.052781693772997
