,flop,board_type,0b,1b,2b,profit
0,"[14, 9, 4]",two-tone,1,1,1,-1.5685012447916673
1,"[14, 9, 4]",two-tone,8,6,4,0.4922735461805552
2,"[14, 9, 4]",two-tone,10,7,5,0.7755710736111103
3,"[14, 9, 4]",two-tone,15,10,7,4.995376300374008
4,"[14, 9, 4]",two-tone,16,11,8,5.7005410689623774
