,flop,board_type,0b,1b,2b,profit
0,"[14, 8, 8]",two-tone,1,1,1,-2.183381268150685
1,"[14, 8, 8]",two-tone,8,6,4,-0.1571429061643841
2,"[14, 8, 8]",two-tone,10,7,5,0.8540145082191779
3,"[14, 8, 8]",two-tone,15,10,7,3.0004950773972605
4,"[14, 8, 8]",two-tone,16,11,8,3.911843317239914
