,flop,board_type,0b,1b,2b,profit
0,"[14, 8, 2]",two-tone,1,1,1,-1.2063860171232883
1,"[14, 8, 2]",two-tone,2,2,2,-1.1981971061643844
2,"[14, 8, 2]",two-tone,3,2,2,-1.1944200650684942
3,"[14, 8, 2]",two-tone,4,3,2,-0.9029053647260277
4,"[14, 8, 2]",two-tone,8,6,4,0.6682994452054785
5,"[14, 8, 2]",two-tone,10,7,5,0.9531900578124171
6,"[14, 8, 2]",two-tone,15,10,7,4.476000306100638
7,"[14, 8, 2]",two-tone,16,11,8,5.347429520273239
