,flop,board_type,0b,1b,2b,profit
0,"[14, 7, 4]",two-tone,1,1,1,-1.3287558383561655
1,"[14, 7, 4]",two-tone,2,2,2,-1.3238008287671237
2,"[14, 7, 4]",two-tone,8,6,4,-0.5844802729452059
3,"[14, 7, 4]",two-tone,10,7,5,-0.2913472027397266
4,"[14, 7, 4]",two-tone,15,10,7,2.51154605476657
5,"[14, 7, 4]",two-tone,16,11,8,3.587525525608097
