,flop,board_type,0b,1b,2b,profit
0,"[14, 7, 2]",two-tone,1,1,1,-1.376428513698631
1,"[14, 7, 2]",two-tone,8,6,4,-0.6239846787671239
2,"[14, 7, 2]",two-tone,10,7,5,-0.32590388493150746
3,"[14, 7, 2]",two-tone,15,10,7,2.4815123126768937
4,"[14, 7, 2]",two-tone,16,11,8,3.5617207598466747
