,flop,board_type,0b,1b,2b,profit
0,"[14, 4, 2]",two-tone,1,1,1,-2.7904820105263166
1,"[14, 4, 2]",two-tone,8,6,4,-2.389906330263158
2,"[14, 4, 2]",two-tone,10,7,5,-2.096763241447369
3,"[14, 4, 2]",two-tone,15,10,7,-0.26644556184210555
4,"[14, 4, 2]",two-tone,16,11,8,0.7852678507989708
