,flop,board_type,0b,1b,2b,profit
0,"[13, 13, 10]",two-tone,1,1,1,-3.9782638385111984
1,"[13, 13, 10]",two-tone,2,2,2,-3.052162778666666
2,"[13, 13, 10]",two-tone,3,2,2,-3.050654999125164
3,"[13, 13, 10]",two-tone,8,6,4,-2.3034333350303027
4,"[13, 13, 10]",two-tone,15,10,7,1.412669452226614
