,flop,board_type,0b,1b,2b,profit
0,"[13, 13, 9]",two-tone,1,1,1,-2.644347443462586
1,"[13, 13, 9]",two-tone,8,6,4,0.3556738212049515
2,"[13, 13, 9]",two-tone,15,10,7,2.720406593369227
3,"[13, 13, 9]",two-tone,16,11,8,2.7209816732258116
