,flop,board_type,0b,1b,2b,profit
0,"[13, 12, 12]",two-tone,1,1,1,-0.28595982924901175
1,"[13, 12, 12]",two-tone,2,2,2,0.6732156521739143
2,"[13, 12, 12]",two-tone,3,2,2,0.9062705111989469
3,"[13, 12, 12]",two-tone,4,3,2,1.664697561725955
4,"[13, 12, 12]",two-tone,8,6,4,2.6031388817523062
5,"[13, 12, 12]",two-tone,15,10,7,7.281664415019763
