,flop,board_type,0b,1b,2b,profit
0,"[13, 12, 4]",two-tone,1,1,1,-2.9356662364066195
1,"[13, 12, 4]",two-tone,2,2,2,-2.1126837385342783
2,"[13, 12, 4]",two-tone,3,2,2,-1.6901090685283693
3,"[13, 12, 4]",two-tone,4,3,2,-0.43745106872045003
4,"[13, 12, 4]",two-tone,8,6,4,0.5170709858156022
5,"[13, 12, 4]",two-tone,10,7,5,0.5215268442080372
6,"[13, 12, 4]",two-tone,15,10,7,4.531216754004136
7,"[13, 12, 4]",two-tone,16,11,8,4.534738291873522
