,flop,board_type,0b,1b,2b,profit
0,"[13, 11, 10]",two-tone,1,1,1,6.851387511366003
1,"[13, 11, 10]",two-tone,8,6,4,9.47378943012232
2,"[13, 11, 10]",two-tone,15,10,7,13.097180456720604
3,"[13, 11, 10]",two-tone,16,11,8,13.104156241322478
