,flop,board_type,0b,1b,2b,profit
0,"[13, 11, 8]",two-tone,1,1,1,-2.2732479386377067
1,"[13, 11, 8]",two-tone,2,2,2,-0.6355955324763602
2,"[13, 11, 8]",two-tone,3,2,2,-0.43616747760047314
3,"[13, 11, 8]",two-tone,4,3,2,0.19374073026004668
4,"[13, 11, 8]",two-tone,8,6,4,0.9792017992907802
5,"[13, 11, 8]",two-tone,10,7,5,0.9835554134751769
6,"[13, 11, 8]",two-tone,15,10,7,4.229275241193853
