,flop,board_type,0b,1b,2b,profit
0,"[13, 11, 7]",two-tone,1,1,1,-2.280646946941489
1,"[13, 11, 7]",two-tone,2,2,2,1.0326679621010628
2,"[13, 11, 7]",two-tone,3,2,2,1.2226986374704487
3,"[13, 11, 7]",two-tone,4,3,2,1.8463459248817962
4,"[13, 11, 7]",two-tone,8,6,4,2.4343334405289587
5,"[13, 11, 7]",two-tone,15,10,7,4.853335889893616
6,"[13, 11, 7]",two-tone,16,11,8,4.854878276004727
