,flop,board_type,0b,1b,2b,profit
0,"[13, 10, 7]",two-tone,1,1,1,-2.3837707238892376
1,"[13, 10, 7]",two-tone,2,2,2,-1.507557813078849
2,"[13, 10, 7]",two-tone,3,2,2,-1.5067219453379233
3,"[13, 10, 7]",two-tone,4,3,2,-1.5056468788485615
4,"[13, 10, 7]",two-tone,8,6,4,-0.8217656864831051
5,"[13, 10, 7]",two-tone,15,10,7,1.8352021324155188
