,flop,board_type,0b,1b,2b,profit
0,"[13, 10, 3]",two-tone,1,1,1,-3.4841511413694928
1,"[13, 10, 3]",two-tone,2,2,2,-2.634356344021577
2,"[13, 10, 3]",two-tone,8,6,4,-1.769314135510939
3,"[13, 10, 3]",two-tone,10,7,5,-1.7581110122864851
4,"[13, 10, 3]",two-tone,15,10,7,1.6399664685645785
5,"[13, 10, 3]",two-tone,16,11,8,1.6443568661672154
