,flop,board_type,0b,1b,2b,profit
0,"[13, 9, 4]",two-tone,1,1,1,-1.6425284326274523
1,"[13, 9, 4]",two-tone,8,6,4,1.0621447358431362
2,"[13, 9, 4]",two-tone,10,7,5,1.1525097139607836
3,"[13, 9, 4]",two-tone,15,10,7,3.440754652705881
