,flop,board_type,0b,1b,2b,profit
0,"[13, 9, 2]",two-tone,1,1,1,-1.6594401111372552
1,"[13, 9, 2]",two-tone,2,2,2,-1.6513657505882364
2,"[13, 9, 2]",two-tone,3,2,2,-0.9522544215686282
3,"[13, 9, 2]",two-tone,4,3,2,0.5007573489411752
4,"[13, 9, 2]",two-tone,8,6,4,1.0576707364705875
5,"[13, 9, 2]",two-tone,10,7,5,1.14864071827451
6,"[13, 9, 2]",two-tone,15,10,7,3.439016874431372
