,flop,board_type,0b,1b,2b,profit
0,"[13, 8, 7]",two-tone,1,1,1,-1.0415813311845297
1,"[13, 8, 7]",two-tone,2,2,2,-0.3347620397260276
2,"[13, 8, 7]",two-tone,3,2,2,-0.07946695765511724
3,"[13, 8, 7]",two-tone,4,3,2,0.4172548968976628
4,"[13, 8, 7]",two-tone,8,6,4,1.5832218720789686
5,"[13, 8, 7]",two-tone,10,7,5,1.915007185334407
6,"[13, 8, 7]",two-tone,15,10,7,2.7537669622078953
7,"[13, 8, 7]",two-tone,16,11,8,2.921577261603544
