,flop,board_type,0b,1b,2b,profit
0,"[13, 5, 3]",two-tone,1,1,1,-3.2009241865599414
1,"[13, 5, 3]",two-tone,2,2,2,-3.1974248103127323
2,"[13, 5, 3]",two-tone,8,6,4,-2.172993550446761
3,"[13, 5, 3]",two-tone,10,7,5,-2.0886591363737903
4,"[13, 5, 3]",two-tone,15,10,7,-1.315377221742368
5,"[13, 5, 3]",two-tone,16,11,8,-0.8405761116530168
