,flop,board_type,0b,1b,2b,profit
0,"[12, 12, 5]",two-tone,1,1,1,0.7987576175249167
1,"[12, 12, 5]",two-tone,8,6,4,2.346942294642857
2,"[12, 12, 5]",two-tone,10,7,5,2.6060765014412746
3,"[12, 12, 5]",two-tone,15,10,7,2.917506748754152
4,"[12, 12, 5]",two-tone,16,11,8,3.3948307021325976
