,flop,board_type,0b,1b,2b,profit
0,"[12, 12, 4]",two-tone,1,1,1,0.7961539418238219
1,"[12, 12, 4]",two-tone,2,2,2,0.8015452669044367
2,"[12, 12, 4]",two-tone,3,2,2,0.8016939276187225
3,"[12, 12, 4]",two-tone,4,3,2,1.0626220315492474
4,"[12, 12, 4]",two-tone,8,6,4,2.3517482331932777
5,"[12, 12, 4]",two-tone,10,7,5,2.4420825473421934
6,"[12, 12, 4]",two-tone,15,10,7,2.9198123193888015
7,"[12, 12, 4]",two-tone,16,11,8,3.393996894261775
