,flop,board_type,0b,1b,2b,profit
0,"[12, 11, 7]",two-tone,1,1,1,-0.10968185080882353
1,"[12, 11, 7]",two-tone,2,2,2,1.4537596573823521
2,"[12, 11, 7]",two-tone,3,2,2,1.684709099308822
3,"[12, 11, 7]",two-tone,4,3,2,2.234244650926469
4,"[12, 11, 7]",two-tone,8,6,4,3.1015334531176464
5,"[12, 11, 7]",two-tone,10,7,5,3.104152524235293
6,"[12, 11, 7]",two-tone,15,10,7,6.061819388573527
