,flop,board_type,0b,1b,2b,profit
0,"[12, 11, 6]",two-tone,1,1,1,-0.10747371801470673
1,"[12, 11, 6]",two-tone,2,2,2,1.461049779897058
2,"[12, 11, 6]",two-tone,3,2,2,1.6830272387352931
3,"[12, 11, 6]",two-tone,4,3,2,2.23697429110294
4,"[12, 11, 6]",two-tone,8,6,4,3.1023528469558816
5,"[12, 11, 6]",two-tone,10,7,5,3.1069656853823524
6,"[12, 11, 6]",two-tone,15,10,7,6.059819010235292
