,flop,board_type,0b,1b,2b,profit
0,"[12, 11, 4]",two-tone,1,1,1,-1.0151449647323947
1,"[12, 11, 4]",two-tone,2,2,2,0.4961134581267608
2,"[12, 11, 4]",two-tone,3,2,2,0.7211594951126754
3,"[12, 11, 4]",two-tone,4,3,2,1.2433242333521113
4,"[12, 11, 4]",two-tone,8,6,4,2.314069025507041
5,"[12, 11, 4]",two-tone,10,7,5,2.317271341112675
6,"[12, 11, 4]",two-tone,15,10,7,5.870104835422534
7,"[12, 11, 4]",two-tone,16,11,8,5.87738868512676
