,flop,board_type,0b,1b,2b,profit
0,"[12, 10, 9]",two-tone,1,1,1,4.12941959638009
1,"[12, 10, 9]",two-tone,8,6,4,6.2812674555882335
2,"[12, 10, 9]",two-tone,15,10,7,7.913328555079183
3,"[12, 10, 9]",two-tone,16,11,8,7.918416901391401
