,flop,board_type,0b,1b,2b,profit
0,"[12, 10, 7]",two-tone,1,1,1,-0.13892006331250117
1,"[12, 10, 7]",two-tone,2,2,2,0.6964999535624989
2,"[12, 10, 7]",two-tone,3,2,2,0.7000744229687492
3,"[12, 10, 7]",two-tone,4,3,2,0.7004595871874995
4,"[12, 10, 7]",two-tone,8,6,4,1.5024326146249982
5,"[12, 10, 7]",two-tone,15,10,7,4.033142001624998
