,flop,board_type,0b,1b,2b,profit
0,"[12, 10, 3]",two-tone,1,1,1,-1.1539546411044785
1,"[12, 10, 3]",two-tone,2,2,2,-0.3443010554029857
2,"[12, 10, 3]",two-tone,8,6,4,0.680124774686566
3,"[12, 10, 3]",two-tone,10,7,5,0.6822407505671626
4,"[12, 10, 3]",two-tone,15,10,7,3.9086168441492526
5,"[12, 10, 3]",two-tone,16,11,8,3.911002744417909
