,flop,board_type,0b,1b,2b,profit
0,"[12, 10, 2]",two-tone,1,1,1,-1.1606743143731353
1,"[12, 10, 2]",two-tone,2,2,2,-0.35296937785074767
2,"[12, 10, 2]",two-tone,3,2,2,-0.3517239876716427
3,"[12, 10, 2]",two-tone,8,6,4,0.6816816430149244
4,"[12, 10, 2]",two-tone,10,7,5,0.68523111044776
5,"[12, 10, 2]",two-tone,15,10,7,3.907441235970147
6,"[12, 10, 2]",two-tone,16,11,8,3.9123734188059687
