,flop,board_type,0b,1b,2b,profit
0,"[12, 9, 9]",two-tone,1,1,1,0.09285307142857158
1,"[12, 9, 9]",two-tone,2,2,2,0.7691154619047618
2,"[12, 9, 9]",two-tone,3,2,2,1.345743723809524
3,"[12, 9, 9]",two-tone,4,3,2,2.1922581345238097
4,"[12, 9, 9]",two-tone,8,6,4,2.9348802452380953
5,"[12, 9, 9]",two-tone,10,7,5,2.9373282797619047
6,"[12, 9, 9]",two-tone,15,10,7,4.9425545559523805
