,flop,board_type,0b,1b,2b,profit
0,"[12, 9, 8]",two-tone,1,1,1,4.224944484741782
1,"[12, 9, 8]",two-tone,8,6,4,6.789755848591547
2,"[12, 9, 8]",two-tone,10,7,5,6.792618922535208
3,"[12, 9, 8]",two-tone,15,10,7,8.073724002347417
