,flop,board_type,0b,1b,2b,profit
0,"[12, 9, 6]",two-tone,1,1,1,1.5741447367647046
1,"[12, 9, 6]",two-tone,2,2,2,2.2477962098039206
2,"[12, 9, 6]",two-tone,3,2,2,2.7804065485294105
3,"[12, 9, 6]",two-tone,4,3,2,3.6592924872549
4,"[12, 9, 6]",two-tone,8,6,4,4.07610595735294
5,"[12, 9, 6]",two-tone,10,7,5,4.162060258333332
6,"[12, 9, 6]",two-tone,15,10,7,5.725627569607841
