,flop,board_type,0b,1b,2b,profit
0,"[12, 8, 5]",two-tone,1,1,1,0.4889852525462953
1,"[12, 8, 5]",two-tone,2,2,2,0.49698401018518445
2,"[12, 8, 5]",two-tone,3,2,2,1.0421368712962953
3,"[12, 8, 5]",two-tone,4,3,2,2.172402970370369
4,"[12, 8, 5]",two-tone,8,6,4,2.978404760879628
5,"[12, 8, 5]",two-tone,10,7,5,3.1912978446759244
6,"[12, 8, 5]",two-tone,15,10,7,5.011954001157405
7,"[12, 8, 5]",two-tone,16,11,8,5.285148982638889
