,flop,board_type,0b,1b,2b,profit
0,"[12, 7, 5]",two-tone,1,1,1,0.2530723618055558
1,"[12, 7, 5]",two-tone,8,6,4,1.997812757638888
2,"[12, 7, 5]",two-tone,10,7,5,2.3548369861111116
3,"[12, 7, 5]",two-tone,15,10,7,3.580298098379629
4,"[12, 7, 5]",two-tone,16,11,8,4.025694146064815
