,flop,board_type,0b,1b,2b,profit
0,"[12, 6, 3]",two-tone,1,1,1,0.07002735787036862
1,"[12, 6, 3]",two-tone,2,2,2,0.07330524953703643
2,"[12, 6, 3]",two-tone,8,6,4,1.6110261659722218
3,"[12, 6, 3]",two-tone,10,7,5,1.8316865347222222
4,"[12, 6, 3]",two-tone,15,10,7,2.5994453479166646
5,"[12, 6, 3]",two-tone,16,11,8,3.0532152835648128
