,flop,board_type,0b,1b,2b,profit
0,"[12, 6, 2]",two-tone,1,1,1,0.05297987337962928
1,"[12, 6, 2]",two-tone,2,2,2,0.05596223611111084
2,"[12, 6, 2]",two-tone,3,2,2,0.06780237314814708
3,"[12, 6, 2]",two-tone,4,3,2,0.3663669270833322
4,"[12, 6, 2]",two-tone,8,6,4,1.6031372949074065
5,"[12, 6, 2]",two-tone,10,7,5,1.811271236574074
6,"[12, 6, 2]",two-tone,15,10,7,2.5794935861111092
7,"[12, 6, 2]",two-tone,16,11,8,3.0461525488425907
