,flop,board_type,0b,1b,2b,profit
0,"[12, 3, 3]",two-tone,1,1,1,-1.5592562248888882
1,"[12, 3, 3]",two-tone,2,2,2,-1.5543090617777782
2,"[12, 3, 3]",two-tone,8,6,4,-0.07360486955555534
3,"[12, 3, 3]",two-tone,10,7,5,0.02857186377777743
4,"[12, 3, 3]",two-tone,15,10,7,0.46622894555555594
5,"[12, 3, 3]",two-tone,16,11,8,0.9172133615555553
