,flop,board_type,0b,1b,2b,profit
0,"[11, 11, 5]",two-tone,1,1,1,-3.150917625796042
1,"[11, 11, 5]",two-tone,2,2,2,-3.1439475461703954
2,"[11, 11, 5]",two-tone,3,2,2,-3.1432678385972452
3,"[11, 11, 5]",two-tone,4,3,2,-2.9090849867900173
4,"[11, 11, 5]",two-tone,8,6,4,-1.5718458939974185
5,"[11, 11, 5]",two-tone,10,7,5,-1.4833626308089505
6,"[11, 11, 5]",two-tone,15,10,7,-1.1655309018072284
7,"[11, 11, 5]",two-tone,16,11,8,-0.7894783445352838
