,flop,board_type,0b,1b,2b,profit
0,"[11, 10, 9]",two-tone,1,1,1,3.0599829525410103
1,"[11, 10, 9]",two-tone,2,2,2,4.789544751228665
2,"[11, 10, 9]",two-tone,3,2,2,5.161231780115161
3,"[11, 10, 9]",two-tone,4,3,2,6.565022221564209
4,"[11, 10, 9]",two-tone,8,6,4,6.765903223772162
5,"[11, 10, 9]",two-tone,10,7,5,6.765939804449047
6,"[11, 10, 9]",two-tone,15,10,7,7.659650051234465
