,flop,board_type,0b,1b,2b,profit
0,"[11, 10, 5]",two-tone,1,1,1,-2.7872910760000016
1,"[11, 10, 5]",two-tone,2,2,2,-1.9292883619142869
2,"[11, 10, 5]",two-tone,8,6,4,-1.1804584667857159
3,"[11, 10, 5]",two-tone,15,10,7,2.273521859999999
