,flop,board_type,0b,1b,2b,profit
0,"[11, 9, 6]",two-tone,1,1,1,-0.07490443474178399
1,"[11, 9, 6]",two-tone,2,2,2,0.6808916556338018
2,"[11, 9, 6]",two-tone,3,2,2,1.1359750085289506
3,"[11, 9, 6]",two-tone,4,3,2,2.251486754929577
4,"[11, 9, 6]",two-tone,8,6,4,2.5379534038341145
5,"[11, 9, 6]",two-tone,10,7,5,2.6295730672926445
6,"[11, 9, 6]",two-tone,15,10,7,4.342752834428794
7,"[11, 9, 6]",two-tone,16,11,8,4.349318000938966
