,flop,board_type,0b,1b,2b,profit
0,"[11, 6, 6]",two-tone,1,1,1,-3.3464932400000014
1,"[11, 6, 6]",two-tone,8,6,4,-1.7020428070370373
2,"[11, 6, 6]",two-tone,10,7,5,-1.5250465648148155
3,"[11, 6, 6]",two-tone,15,10,7,-1.37442268925926
4,"[11, 6, 6]",two-tone,16,11,8,-1.022430945555556
