,flop,board_type,0b,1b,2b,profit
0,"[11, 5, 5]",two-tone,1,1,1,-4.145899715811966
1,"[11, 5, 5]",two-tone,8,6,4,-2.6657684290598294
2,"[11, 5, 5]",two-tone,10,7,5,-2.5703011871794876
3,"[11, 5, 5]",two-tone,15,10,7,-2.248353408689459
4,"[11, 5, 5]",two-tone,16,11,8,-1.9312026933760684
