,flop,board_type,0b,1b,2b,profit
0,"[10, 9, 4]",two-tone,1,1,1,-1.3371145888888898
1,"[10, 9, 4]",two-tone,2,2,2,-0.45889086984127037
2,"[10, 9, 4]",two-tone,3,2,2,-0.06645477460317561
3,"[10, 9, 4]",two-tone,4,3,2,1.3310698761904751
4,"[10, 9, 4]",two-tone,8,6,4,1.6718485095238091
5,"[10, 9, 4]",two-tone,10,7,5,1.6764279936507926
6,"[10, 9, 4]",two-tone,15,10,7,4.123780660317459
