,flop,board_type,0b,1b,2b,profit
0,"[10, 7, 7]",two-tone,1,1,1,-3.2374535434272307
1,"[10, 7, 7]",two-tone,8,6,4,-2.106443261345854
2,"[10, 7, 7]",two-tone,10,7,5,-1.7618698176838823
3,"[10, 7, 7]",two-tone,15,10,7,-0.4428139694835682
