,flop,board_type,0b,1b,2b,profit
0,"[10, 7, 2]",two-tone,1,1,1,-2.3061124585289523
1,"[10, 7, 2]",two-tone,2,2,2,-2.303609920970267
2,"[10, 7, 2]",two-tone,8,6,4,-1.28710630086072
3,"[10, 7, 2]",two-tone,10,7,5,-0.8665403290297351
4,"[10, 7, 2]",two-tone,15,10,7,1.3315581607981208
