,flop,board_type,0b,1b,2b,profit
0,"[10, 5, 4]",two-tone,1,1,1,-3.5531014305555564
1,"[10, 5, 4]",two-tone,8,6,4,-2.702829541666668
2,"[10, 5, 4]",two-tone,10,7,5,-2.2771210833333346
3,"[10, 5, 4]",two-tone,15,10,7,-0.9566975138888902
4,"[10, 5, 4]",two-tone,16,11,8,-0.9538372777777795
