,flop,board_type,0b,1b,2b,profit
0,"[10, 4, 3]",two-tone,1,1,1,-3.6157912916666666
1,"[10, 4, 3]",two-tone,2,2,2,-3.609284027777779
2,"[10, 4, 3]",two-tone,3,2,2,-3.604831180555556
3,"[10, 4, 3]",two-tone,4,3,2,-3.4045008333333335
4,"[10, 4, 3]",two-tone,8,6,4,-2.742433958333334
5,"[10, 4, 3]",two-tone,10,7,5,-2.3341664027777793
6,"[10, 4, 3]",two-tone,15,10,7,-0.9976535555555563
