,flop,board_type,0b,1b,2b,profit
0,"[9, 8, 3]",two-tone,1,1,1,-0.8728384939080471
1,"[9, 8, 3]",two-tone,2,2,2,-0.09407540988505891
2,"[9, 8, 3]",two-tone,3,2,2,0.28892732999999904
3,"[9, 8, 3]",two-tone,4,3,2,1.527798385287356
4,"[9, 8, 3]",two-tone,10,7,5,1.9300218936781606
5,"[9, 8, 3]",two-tone,15,10,7,3.1517455668965515
6,"[9, 8, 3]",two-tone,16,11,8,3.1607681827586207
