,flop,board_type,0b,1b,2b,profit
0,"[9, 7, 7]",two-tone,1,1,1,-0.9849124550574717
1,"[9, 7, 7]",two-tone,2,2,2,-0.9714253766666672
2,"[9, 7, 7]",two-tone,3,2,2,-0.7948810036781615
3,"[9, 7, 7]",two-tone,4,3,2,-0.1814127063218396
4,"[9, 7, 7]",two-tone,8,6,4,0.2749856151724135
5,"[9, 7, 7]",two-tone,10,7,5,1.490155652758621
6,"[9, 7, 7]",two-tone,15,10,7,3.6233632514942538
7,"[9, 7, 7]",two-tone,16,11,8,3.624588427816093
