,flop,board_type,0b,1b,2b,profit
0,"[9, 7, 5]",two-tone,1,1,1,-0.6627935554022999
1,"[9, 7, 5]",two-tone,8,6,4,0.286026840459769
2,"[9, 7, 5]",two-tone,10,7,5,1.2550582906896541
3,"[9, 7, 5]",two-tone,15,10,7,3.0167833887356323
4,"[9, 7, 5]",two-tone,16,11,8,3.018806336091954
