,flop,board_type,0b,1b,2b,profit
0,"[9, 6, 2]",two-tone,1,1,1,-1.0690004582758639
1,"[9, 6, 2]",two-tone,2,2,2,-1.0685036248275863
2,"[9, 6, 2]",two-tone,3,2,2,-1.0592225831034496
3,"[9, 6, 2]",two-tone,4,3,2,-0.8501882251724151
4,"[9, 6, 2]",two-tone,8,6,4,-0.08073838988505866
5,"[9, 6, 2]",two-tone,10,7,5,0.33600518586206807
6,"[9, 6, 2]",two-tone,15,10,7,2.2448863054022983
7,"[9, 6, 2]",two-tone,16,11,8,2.64202096137931
