,flop,board_type,0b,1b,2b,profit
0,"[9, 5, 3]",two-tone,1,1,1,-1.9872671369363393
1,"[9, 5, 3]",two-tone,2,2,2,-1.9795249319186565
2,"[9, 5, 3]",two-tone,8,6,4,-1.0496340209991155
3,"[9, 5, 3]",two-tone,10,7,5,-0.6378105385720598
4,"[9, 5, 3]",two-tone,15,10,7,1.1902817892351893
5,"[9, 5, 3]",two-tone,16,11,8,1.5808461667771883
