,flop,board_type,0b,1b,2b,profit
0,"[9, 5, 2]",two-tone,1,1,1,-2.0190484807692313
1,"[9, 5, 2]",two-tone,8,6,4,-1.0661639631962871
2,"[9, 5, 2]",two-tone,10,7,5,-0.6707380318302381
3,"[9, 5, 2]",two-tone,15,10,7,1.1524758901414676
4,"[9, 5, 2]",two-tone,16,11,8,1.5489050662024755
