,flop,board_type,0b,1b,2b,profit
0,"[8, 8, 3]",two-tone,1,1,1,-0.6853382134439112
1,"[8, 8, 3]",two-tone,8,6,4,0.3359632902662595
2,"[8, 8, 3]",two-tone,10,7,5,0.6219153435181148
3,"[8, 8, 3]",two-tone,15,10,7,2.2468249471846358
4,"[8, 8, 3]",two-tone,16,11,8,2.8987563553033615
