,flop,board_type,0b,1b,2b,profit
0,"[8, 6, 6]",two-tone,1,1,1,0.47197615313067054
1,"[8, 6, 6]",two-tone,8,6,4,1.6812045712341201
2,"[8, 6, 6]",two-tone,10,7,5,2.8246135567150636
3,"[8, 6, 6]",two-tone,15,10,7,3.505562538793104
4,"[8, 6, 6]",two-tone,16,11,8,4.184890479355717
