,flop,board_type,0b,1b,2b,profit
0,"[7, 7, 2]",two-tone,1,1,1,0.9060986885639459
1,"[7, 7, 2]",two-tone,8,6,4,1.2294350589262328
2,"[7, 7, 2]",two-tone,10,7,5,1.5123595318638148
3,"[7, 7, 2]",two-tone,15,10,7,3.340055056525536
4,"[7, 7, 2]",two-tone,16,11,8,4.1279723417721526
