,flop,board_type,0b,1b,2b,profit
0,"[7, 6, 4]",two-tone,1,1,1,2.1867831642468243
1,"[7, 6, 4]",two-tone,2,2,2,2.192423700090744
2,"[7, 6, 4]",two-tone,3,2,2,2.396121265653357
3,"[7, 6, 4]",two-tone,4,3,2,2.9957814911524503
4,"[7, 6, 4]",two-tone,8,6,4,3.252033729128856
5,"[7, 6, 4]",two-tone,10,7,5,3.618187894736842
6,"[7, 6, 4]",two-tone,15,10,7,4.706630442377496
7,"[7, 6, 4]",two-tone,16,11,8,5.542143222776767
