,flop,board_type,0b,1b,2b,profit
0,"[7, 3, 3]",two-tone,1,1,1,0.934500072675688
1,"[7, 3, 3]",two-tone,2,2,2,0.9467882636403324
2,"[7, 3, 3]",two-tone,8,6,4,1.2493111569183761
3,"[7, 3, 3]",two-tone,10,7,5,1.7416718042339587
4,"[7, 3, 3]",two-tone,15,10,7,3.370801781972938
5,"[7, 3, 3]",two-tone,16,11,8,4.161082012221737
