,flop,board_type,0b,1b,2b,profit
0,"[6, 5, 5]",two-tone,1,1,1,2.5129691449148845
1,"[6, 5, 5]",two-tone,8,6,4,2.8349350859886524
2,"[6, 5, 5]",two-tone,10,7,5,3.773107796595374
3,"[6, 5, 5]",two-tone,15,10,7,4.439596241815801
4,"[6, 5, 5]",two-tone,16,11,8,5.375655188127456
