,flop,board_type,0b,1b,2b,profit
0,"[5, 5, 2]",two-tone,1,1,1,3.050153480656014
1,"[5, 5, 2]",two-tone,2,2,2,3.0585153250630785
2,"[5, 5, 2]",two-tone,8,6,4,3.369738677880572
3,"[5, 5, 2]",two-tone,10,7,5,3.527656031539109
4,"[5, 5, 2]",two-tone,15,10,7,4.914654648864593
5,"[5, 5, 2]",two-tone,16,11,8,5.81137281665265
