,flop,board_type,0b,1b,2b,profit
0,"[5, 4, 2]",two-tone,1,1,1,3.6874199310344826
1,"[5, 4, 2]",two-tone,8,6,4,3.9942042329688805
2,"[5, 4, 2]",two-tone,10,7,5,4.1491570277544145
3,"[5, 4, 2]",two-tone,15,10,7,5.542758511354078
4,"[5, 4, 2]",two-tone,16,11,8,6.460670132884776
