,flop,board_type,0b,1b,2b,profit
0,"[14, 14, 12]",two-tone,1,1,1,9.369255262905874
1,"[14, 14, 12]",two-tone,8,6,4,9.637043305747223
2,"[14, 14, 12]",two-tone,10,7,5,9.6924962034247
3,"[14, 14, 12]",two-tone,15,10,7,9.870235723299269
4,"[14, 14, 12]",two-tone,16,11,8,10.293732733427198
