,flop,board_type,0b,1b,2b,profit
0,"[14, 13, 11]",two-tone,1,1,1,7.602312699083462
1,"[14, 13, 11]",two-tone,2,2,2,8.312129453677642
2,"[14, 13, 11]",two-tone,8,6,4,8.422681528104572
