,flop,board_type,0b,1b,2b,profit
0,"[14, 13, 5]",two-tone,1,1,1,8.964182745273972
1,"[14, 13, 5]",two-tone,16,11,8,9.448976628920931
