,flop,board_type,0b,1b,2b,profit
0,"[14, 13, 4]",two-tone,1,1,1,8.97349523416286
1,"[14, 13, 4]",two-tone,2,2,2,8.97377006982496
2,"[14, 13, 4]",two-tone,16,11,8,9.459260859735242
