,flop,board_type,0b,1b,2b,profit
0,"[14, 12, 12]",two-tone,1,1,1,5.724383695459365
1,"[14, 12, 12]",two-tone,16,11,8,6.221001072947825
