,flop,board_type,0b,1b,2b,profit
0,"[14, 12, 11]",two-tone,1,1,1,6.035552774827298
1,"[14, 12, 11]",two-tone,2,2,2,6.071620776608844
2,"[14, 12, 11]",two-tone,8,6,4,6.687830230417371
3,"[14, 12, 11]",two-tone,10,7,5,6.707156560480998
