,flop,board_type,0b,1b,2b,profit
0,"[14, 12, 4]",two-tone,1,1,1,10.067210457133113
1,"[14, 12, 4]",two-tone,2,2,2,10.083902750535714
2,"[14, 12, 4]",two-tone,16,11,8,10.985525506038961
