,flop,board_type,0b,1b,2b,profit
0,"[14, 12, 3]",two-tone,1,1,1,10.053862666409088
1,"[14, 12, 3]",two-tone,2,2,2,10.066272343876623
2,"[14, 12, 3]",two-tone,3,2,2,10.08706403413961
3,"[14, 12, 3]",two-tone,16,11,8,10.972692214009738
