,flop,board_type,0b,1b,2b,profit
0,"[14, 11, 7]",two-tone,1,1,1,9.912284345899211
1,"[14, 11, 7]",two-tone,16,11,8,10.372664952994068
