,flop,board_type,0b,1b,2b,profit
0,"[14, 11, 6]",two-tone,1,1,1,9.894098451768771
1,"[14, 11, 6]",two-tone,8,6,4,9.917935761363635
2,"[14, 11, 6]",two-tone,10,7,5,9.923672441353753
3,"[14, 11, 6]",two-tone,16,11,8,10.378860302826084
