,flop,board_type,0b,1b,2b,profit
0,"[14, 10, 9]",two-tone,1,1,1,6.425744072634942
1,"[14, 10, 9]",two-tone,2,2,2,6.4395585600284075
