,flop,board_type,0b,1b,2b,profit
0,"[14, 8, 8]",two-tone,1,1,1,4.351736562071916
1,"[14, 8, 8]",two-tone,2,2,2,4.374555971532533
