,flop,board_type,0b,1b,2b,profit
0,"[14, 8, 6]",two-tone,1,1,1,5.1237722310714275
1,"[14, 8, 6]",two-tone,8,6,4,5.127442882142857
2,"[14, 8, 6]",two-tone,10,7,5,5.145355378303571
