,flop,board_type,0b,1b,2b,profit
0,"[14, 7, 2]",two-tone,1,1,1,4.617640045859277
1,"[14, 7, 2]",two-tone,8,6,4,4.619769264395236
