,flop,board_type,0b,1b,2b,profit
0,"[14, 6, 5]",two-tone,1,1,1,4.465020847844021
1,"[14, 6, 5]",two-tone,2,2,2,4.468431270575185
2,"[14, 6, 5]",two-tone,3,2,2,4.472376721859433
3,"[14, 6, 5]",two-tone,4,3,2,4.473733578066623
4,"[14, 6, 5]",two-tone,8,6,4,4.4824690594878565
