,flop,board_type,0b,1b,2b,profit
0,"[14, 6, 4]",two-tone,1,1,1,4.555824578409091
1,"[14, 6, 4]",two-tone,2,2,2,4.562963460729295
2,"[14, 6, 4]",two-tone,8,6,4,4.5637341029381995
