,flop,board_type,0b,1b,2b,profit
0,"[13, 13, 6]",two-tone,1,1,1,4.438905031154299
1,"[13, 13, 6]",two-tone,2,2,2,4.441075305339264
2,"[13, 13, 6]",two-tone,8,6,4,5.296629727378824
