,flop,board_type,0b,1b,2b,profit
0,"[13, 12, 10]",two-tone,1,1,1,7.253048373973458
1,"[13, 12, 10]",two-tone,2,2,2,7.9989222111733005
2,"[13, 12, 10]",two-tone,10,7,5,8.028643888316152
3,"[13, 12, 10]",two-tone,16,11,8,8.055101224601867
