,flop,board_type,0b,1b,2b,profit
0,"[13, 8, 4]",two-tone,1,1,1,5.567698962959809
1,"[13, 8, 4]",two-tone,2,2,2,5.574532895415951
