,flop,board_type,0b,1b,2b,profit
0,"[12, 12, 10]",two-tone,1,1,1,0.9749053247385328
1,"[12, 12, 10]",two-tone,2,2,2,0.9767300050152021
2,"[12, 12, 10]",two-tone,8,6,4,1.1976202479260774
3,"[12, 12, 10]",two-tone,15,10,7,1.393136762122368
