,flop,board_type,0b,1b,2b,profit
0,"[12, 11, 3]",two-tone,1,1,1,5.993961166795336
1,"[12, 11, 3]",two-tone,2,2,2,5.995396853302381
