,flop,board_type,0b,1b,2b,profit
0,"[12, 11, 2]",two-tone,1,1,1,6.008688259077029
1,"[12, 11, 2]",two-tone,2,2,2,6.012759791189705
