,flop,board_type,0b,1b,2b,profit
0,"[12, 9, 2]",two-tone,1,1,1,4.620818953030163
1,"[12, 9, 2]",two-tone,8,6,4,4.626373857412011
