,flop,board_type,0b,1b,2b,profit
0,"[12, 7, 6]",two-tone,1,1,1,2.7363987754863364
1,"[12, 7, 6]",two-tone,2,2,2,2.7433100309076988
2,"[12, 7, 6]",two-tone,8,6,4,2.745743425378981
3,"[12, 7, 6]",two-tone,10,7,5,2.760920287161054
