,flop,board_type,0b,1b,2b,profit
0,"[12, 6, 6]",two-tone,1,1,1,1.76299402741425
1,"[12, 6, 6]",two-tone,2,2,2,1.769395575562398
2,"[12, 6, 6]",two-tone,10,7,5,1.8268224771313277
