,flop,board_type,0b,1b,2b,profit
0,"[12, 5, 3]",two-tone,1,1,1,3.6152269859053567
1,"[12, 5, 3]",two-tone,10,7,5,3.670323340572023
