,flop,board_type,0b,1b,2b,profit
0,"[12, 4, 4]",two-tone,1,1,1,2.6463987269264018
1,"[12, 4, 4]",two-tone,2,2,2,2.647618349704178
2,"[12, 4, 4]",two-tone,8,6,4,2.6550896751980053
3,"[12, 4, 4]",two-tone,10,7,5,2.725154843963438
