,flop,board_type,0b,1b,2b,profit
0,"[12, 4, 3]",two-tone,1,1,1,3.618996694818937
1,"[12, 4, 3]",two-tone,2,2,2,3.6206156704732586
2,"[12, 4, 3]",two-tone,3,2,2,3.6218563480781953
3,"[12, 4, 3]",two-tone,10,7,5,3.6712347373621466
