,flop,board_type,0b,1b,2b,profit
0,"[12, 4, 2]",two-tone,1,1,1,3.6529153265967156
1,"[12, 4, 2]",two-tone,10,7,5,3.6955950897078265
