,flop,board_type,0b,1b,2b,profit
0,"[12, 3, 3]",two-tone,1,1,1,2.642434773037513
1,"[12, 3, 3]",two-tone,2,2,2,2.653037746556031
2,"[12, 3, 3]",two-tone,10,7,5,2.720137781000475
