,flop,board_type,0b,1b,2b,profit
0,"[11, 11, 3]",two-tone,1,1,1,3.0118748375469098
1,"[11, 11, 3]",two-tone,8,6,4,3.367967825368753
2,"[11, 11, 3]",two-tone,10,7,5,3.3992244957279727
