,flop,board_type,0b,1b,2b,profit
0,"[11, 10, 8]",two-tone,1,1,1,3.6175399329555544
1,"[11, 10, 8]",two-tone,2,2,2,3.633925018947945
