,flop,board_type,0b,1b,2b,profit
0,"[11, 7, 5]",two-tone,1,1,1,6.999843900779148
1,"[11, 7, 5]",two-tone,2,2,2,7.004502833890261
