,flop,board_type,0b,1b,2b,profit
0,"[10, 10, 4]",two-tone,1,1,1,1.010359772315883
1,"[10, 10, 4]",two-tone,16,11,8,1.0105871204081622
