,flop,board_type,0b,1b,2b,profit
0,"[10, 9, 5]",two-tone,1,1,1,4.914987546031747
1,"[10, 9, 5]",two-tone,2,2,2,4.92452966984127
2,"[10, 9, 5]",two-tone,16,11,8,4.926087798571429
