,flop,board_type,0b,1b,2b,profit
0,"[10, 8, 6]",two-tone,1,1,1,5.036694771497582
1,"[10, 8, 6]",two-tone,8,6,4,5.059963113727858
