,flop,board_type,0b,1b,2b,profit
0,"[10, 5, 2]",two-tone,1,1,1,5.901854666666664
1,"[10, 5, 2]",two-tone,2,2,2,5.905376166666667
