,flop,board_type,0b,1b,2b,profit
0,"[9, 9, 6]",two-tone,1,1,1,2.44728885287158
1,"[9, 9, 6]",two-tone,2,2,2,2.447303470112959
