,flop,board_type,0b,1b,2b,profit
0,"[9, 7, 3]",two-tone,1,1,1,7.012826841833022
1,"[9, 7, 3]",two-tone,2,2,2,7.018601329338773
2,"[9, 7, 3]",two-tone,3,2,2,7.026138378614633
3,"[9, 7, 3]",two-tone,8,6,4,7.026649788787048
