,flop,board_type,0b,1b,2b,profit
0,"[8, 5, 2]",two-tone,1,1,1,7.932920380788854
1,"[8, 5, 2]",two-tone,8,6,4,7.937590415489858
