,flop,board_type,0b,1b,2b,profit
0,"[8, 3, 3]",two-tone,1,1,1,6.1465134554567324
1,"[8, 3, 3]",two-tone,2,2,2,6.150105233283009
2,"[8, 3, 3]",two-tone,3,2,2,6.152268970188292
