,flop,board_type,0b,1b,2b,profit
0,"[8, 3, 2]",two-tone,1,1,1,7.6030930812195585
1,"[8, 3, 2]",two-tone,2,2,2,7.605104114392844
2,"[8, 3, 2]",two-tone,3,2,2,7.616944037679621
