,flop,board_type,0b,1b,2b,profit
0,"[7, 4, 4]",two-tone,1,1,1,6.5314760855971175
1,"[7, 4, 4]",two-tone,2,2,2,6.533184153209513
