,flop,board_type,0b,1b,2b,profit
0,"[7, 2, 2]",two-tone,1,1,1,6.599886262815723
1,"[7, 2, 2]",two-tone,2,2,2,6.603597243304591
2,"[7, 2, 2]",two-tone,3,2,2,6.60462739937181
