,flop,board_type,0b,1b,2b,profit
0,"[6, 6, 4]",two-tone,1,1,1,7.716790182530672
1,"[6, 6, 4]",two-tone,2,2,2,7.725460050470437
2,"[6, 6, 4]",two-tone,3,2,2,7.732220270243461
