,flop,board_type,0b,1b,2b,profit
0,"[6, 5, 2]",two-tone,1,1,1,9.033323478823654
1,"[6, 5, 2]",two-tone,2,2,2,9.053495392381055
