,flop,board_type,0b,1b,2b,profit
0,"[5, 4, 4]",two-tone,1,1,1,8.246528424241898
1,"[5, 4, 4]",two-tone,2,2,2,8.259459697854178
