,flop,board_type,0b,1b,2b,profit
0,"[4, 3, 2]",two-tone,1,1,1,10.591372156956293
1,"[4, 3, 2]",two-tone,2,2,2,10.6160102850261
