,flop,board_type,0b,1b,2b,profit
0,"[3, 2, 2]",two-tone,1,1,1,8.482109853353439
1,"[3, 2, 2]",two-tone,8,6,4,8.483823499640234
