,flop,board_type,0b,1b,2b,profit
0,"[14, 9, 3]",monotone,1,1,1,0.5900859868042343
1,"[14, 9, 3]",monotone,2,2,2,0.5902114244127862
