,flop,board_type,0b,1b,2b,profit
0,"[13, 6, 3]",monotone,1,1,1,0.8571531664864663
1,"[13, 6, 3]",monotone,2,2,2,0.8583097628688857
