,flop,board_type,0b,1b,2b,profit
0,"[12, 8, 3]",monotone,1,1,1,0.898353154635827
1,"[12, 8, 3]",monotone,2,2,2,0.8995776370354865
