,flop,board_type,0b,1b,2b,profit
0,"[12, 8, 2]",monotone,1,1,1,1.0216492740529222
1,"[12, 8, 2]",monotone,2,2,2,1.0256549012017029
