,flop,board_type,0b,1b,2b,profit
0,"[10, 6, 2]",monotone,1,1,1,1.0456420800104749
1,"[10, 6, 2]",monotone,2,2,2,1.0528658730771174
