,flop,board_type,0b,1b,2b,profit
0,"[10, 4, 2]",monotone,1,1,1,0.715315877738733
1,"[10, 4, 2]",monotone,2,2,2,0.7164067948370099
