,flop,board_type,0b,1b,2b,profit
0,"[8, 6, 3]",monotone,1,1,1,1.0126407528785835
1,"[8, 6, 3]",monotone,2,2,2,1.0130085365228314
