,flop,board_type,0b,1b,2b,profit
0,"[7, 3, 2]",monotone,1,1,1,0.8759406684200151
1,"[7, 3, 2]",monotone,2,2,2,0.8799915418856233
