,flop,board_type,0b,1b,2b,profit
0,"[14, 14, 13]",two-tone,1,1,1,0.9877965552001674
1,"[14, 14, 13]",two-tone,2,2,2,1.158759967460343
2,"[14, 14, 13]",two-tone,15,10,7,1.3181192624178908
