,flop,board_type,0b,1b,2b,profit
0,"[14, 13, 4]",two-tone,1,1,1,1.2006765994018753
1,"[14, 13, 4]",two-tone,2,2,2,1.359594041589964
