,flop,board_type,0b,1b,2b,profit
0,"[14, 13, 2]",two-tone,1,1,1,1.4341671331635488
1,"[14, 13, 2]",two-tone,2,2,2,1.756037800878784
