,flop,board_type,0b,1b,2b,profit
0,"[14, 9, 9]",two-tone,1,1,1,-0.4463796413707214
1,"[14, 9, 9]",two-tone,2,2,2,-0.4428576069168536
2,"[14, 9, 9]",two-tone,3,2,2,-0.439096287397584
3,"[14, 9, 9]",two-tone,8,6,4,-0.43536592523439066
