,flop,board_type,0b,1b,2b,profit
0,"[14, 7, 2]",two-tone,1,1,1,0.8642330750495045
1,"[14, 7, 2]",two-tone,2,2,2,0.8693993820162016
