,flop,board_type,0b,1b,2b,profit
0,"[13, 4, 2]",two-tone,1,1,1,1.6795343189223761
1,"[13, 4, 2]",two-tone,2,2,2,1.6868271118501814
