,flop,board_type,0b,1b,2b,profit
0,"[13, 3, 3]",two-tone,1,1,1,1.1701413391573157
1,"[13, 3, 3]",two-tone,2,2,2,1.1801826137202298
