,flop,board_type,0b,1b,2b,profit
0,"[12, 8, 4]",two-tone,1,1,1,2.1104015579579043
1,"[12, 8, 4]",two-tone,2,2,2,2.128027219247648
