,flop,board_type,0b,1b,2b,profit
0,"[11, 11, 6]",two-tone,1,1,1,1.6902087560816872
1,"[11, 11, 6]",two-tone,2,2,2,1.6979197043194967
