,flop,board_type,0b,1b,2b,profit
0,"[11, 11, 5]",two-tone,1,1,1,1.425400278580547
1,"[11, 11, 5]",two-tone,2,2,2,1.4274908416162433
