,flop,board_type,0b,1b,2b,profit
0,"[11, 11, 3]",two-tone,1,1,1,1.5593031952030754
1,"[11, 11, 3]",two-tone,2,2,2,1.5607688594860658
