,flop,board_type,0b,1b,2b,profit
0,"[11, 10, 10]",two-tone,1,1,1,1.7850843121178488
1,"[11, 10, 10]",two-tone,2,2,2,1.7929361196688498
