,flop,board_type,0b,1b,2b,profit
0,"[11, 6, 4]",two-tone,1,1,1,1.3320532127383358
1,"[11, 6, 4]",two-tone,2,2,2,1.3432110262068964
