,flop,board_type,0b,1b,2b,profit
0,"[11, 5, 5]",two-tone,1,1,1,0.16533901440450904
1,"[11, 5, 5]",two-tone,2,2,2,0.16707983722402553
