,flop,board_type,0b,1b,2b,profit
0,"[10, 9, 5]",two-tone,1,1,1,0.7762247891289817
1,"[10, 9, 5]",two-tone,2,2,2,0.9880773868656703
