,flop,board_type,0b,1b,2b,profit
0,"[10, 9, 3]",two-tone,1,1,1,1.173333168447204
1,"[10, 9, 3]",two-tone,2,2,2,1.38552721500107
