,flop,board_type,0b,1b,2b,profit
0,"[10, 8, 8]",two-tone,1,1,1,0.11266863044342762
1,"[10, 8, 8]",two-tone,8,6,4,0.15012507172864192
