,flop,board_type,0b,1b,2b,profit
0,"[9, 8, 7]",two-tone,1,1,1,0.669674568524927
1,"[9, 8, 7]",two-tone,2,2,2,1.0975211272457557
