,flop,board_type,0b,1b,2b,profit
0,"[8, 5, 4]",two-tone,1,1,1,-0.21816702966097357
1,"[8, 5, 4]",two-tone,2,2,2,-0.21570775250423974
