,flop,board_type,0b,1b,2b,profit
0,"[14, 13, 10]",monotone,1,1,1,1.6473455092364593
1,"[14, 13, 10]",monotone,2,2,2,1.6500911835264005
