,flop,board_type,0b,1b,2b,profit
0,"[12, 7, 3]",monotone,1,1,1,0.7268607724597587
1,"[12, 7, 3]",monotone,2,2,2,0.733284304332307
