,flop,board_type,0b,1b,2b,profit
0,"[14, 14, 13]",two-tone,1,1,1,-0.7139696143704448
1,"[14, 14, 13]",two-tone,2,2,2,0.322966846074209
2,"[14, 14, 13]",two-tone,3,2,2,0.5684407845365671
3,"[14, 14, 13]",two-tone,4,3,2,2.427550186647961
4,"[14, 14, 13]",two-tone,8,6,4,3.1181321094187004
5,"[14, 14, 13]",two-tone,10,7,5,3.4292979241522907
6,"[14, 14, 13]",two-tone,15,10,7,8.611287434864199
7,"[14, 14, 13]",two-tone,16,11,8,8.673549700266811
