,flop,board_type,0b,1b,2b,profit
0,"[14, 14, 11]",two-tone,1,1,1,-1.989238048442791
1,"[14, 14, 11]",two-tone,2,2,2,-1.9870402231137398
2,"[14, 14, 11]",two-tone,3,2,2,-1.6853803034448016
3,"[14, 14, 11]",two-tone,4,3,2,0.16342099171862134
4,"[14, 14, 11]",two-tone,8,6,4,2.058372977569552
5,"[14, 14, 11]",two-tone,10,7,5,2.0610797626407873
6,"[14, 14, 11]",two-tone,15,10,7,7.421391968016781
