,flop,board_type,0b,1b,2b,profit
0,"[14, 14, 4]",two-tone,1,1,1,-0.9544621000985214
1,"[14, 14, 4]",two-tone,2,2,2,-0.9537942061083728
2,"[14, 14, 4]",two-tone,8,6,4,-0.7226673739244664
3,"[14, 14, 4]",two-tone,10,7,5,-0.6389361559934312
4,"[14, 14, 4]",two-tone,15,10,7,1.0920043399014783
5,"[14, 14, 4]",two-tone,16,11,8,2.0029288325779966
