,flop,board_type,0b,1b,2b,profit
0,"[14, 13, 10]",two-tone,1,1,1,10.605935413098736
1,"[14, 13, 10]",two-tone,2,2,2,10.606418771112674
2,"[14, 13, 10]",two-tone,4,3,2,10.606441983220687
3,"[14, 13, 10]",two-tone,8,6,4,10.82764625253385
4,"[14, 13, 10]",two-tone,10,7,5,10.827825805016428
5,"[14, 13, 10]",two-tone,15,10,7,15.01179891929528
