,flop,board_type,0b,1b,2b,profit
0,"[14, 13, 9]",two-tone,1,1,1,-2.5316891230863448
1,"[14, 13, 9]",two-tone,2,2,2,-1.5500670728720145
2,"[14, 13, 9]",two-tone,3,2,2,-1.2597073276178814
3,"[14, 13, 9]",two-tone,4,3,2,0.42821496325780695
4,"[14, 13, 9]",two-tone,8,6,4,1.033747255358237
5,"[14, 13, 9]",two-tone,10,7,5,1.0379865474586658
6,"[14, 13, 9]",two-tone,15,10,7,4.919020581751379
