,flop,board_type,0b,1b,2b,profit
0,"[14, 12, 4]",two-tone,1,1,1,-0.6751836732445518
1,"[14, 12, 4]",two-tone,2,2,2,0.2217031010895889
2,"[14, 12, 4]",two-tone,3,2,2,0.6022778924939471
3,"[14, 12, 4]",two-tone,4,3,2,2.056965535108959
4,"[14, 12, 4]",two-tone,8,6,4,3.1253355742130746
5,"[14, 12, 4]",two-tone,10,7,5,3.1256577806295396
6,"[14, 12, 4]",two-tone,15,10,7,7.850217666222759
7,"[14, 12, 4]",two-tone,16,11,8,7.946998966828087
