,flop,board_type,0b,1b,2b,profit
0,"[14, 11, 8]",two-tone,1,1,1,-1.9105833652173903
1,"[14, 11, 8]",two-tone,2,2,2,0.968134542753623
2,"[14, 11, 8]",two-tone,3,2,2,1.1779398536231889
3,"[14, 11, 8]",two-tone,4,3,2,1.9418381855072462
4,"[14, 11, 8]",two-tone,8,6,4,2.7979819304347826
5,"[14, 11, 8]",two-tone,10,7,5,2.8003304405797107
6,"[14, 11, 8]",two-tone,15,10,7,6.6238821797101455
