,flop,board_type,0b,1b,2b,profit
0,"[14, 11, 7]",two-tone,1,1,1,-2.016388031884058
1,"[14, 11, 7]",two-tone,2,2,2,-1.0555484974637679
2,"[14, 11, 7]",two-tone,3,2,2,-0.43132655217391314
3,"[14, 11, 7]",two-tone,4,3,2,1.8754060623188407
4,"[14, 11, 7]",two-tone,8,6,4,2.7303745884057977
5,"[14, 11, 7]",two-tone,10,7,5,2.7317901710144934
6,"[14, 11, 7]",two-tone,15,10,7,6.560609839130435
