,flop,board_type,0b,1b,2b,profit
0,"[14, 11, 4]",two-tone,1,1,1,-3.243793711805556
1,"[14, 11, 4]",two-tone,2,2,2,-2.315426095833333
2,"[14, 11, 4]",two-tone,3,2,2,-1.9103609131944446
3,"[14, 11, 4]",two-tone,4,3,2,-0.4279789340277773
4,"[14, 11, 4]",two-tone,8,6,4,1.6000329854166666
5,"[14, 11, 4]",two-tone,15,10,7,6.203235172222222
6,"[14, 11, 4]",two-tone,16,11,8,6.205506886111111
