,flop,board_type,0b,1b,2b,profit
0,"[14, 11, 3]",two-tone,1,1,1,-3.2320820458333337
1,"[14, 11, 3]",two-tone,2,2,2,-2.313895118055555
2,"[14, 11, 3]",two-tone,3,2,2,-1.904035344791667
3,"[14, 11, 3]",two-tone,4,3,2,-0.431091120833333
4,"[14, 11, 3]",two-tone,8,6,4,1.596454955555556
5,"[14, 11, 3]",two-tone,10,7,5,1.5996354104166666
6,"[14, 11, 3]",two-tone,15,10,7,6.208584120833334
