,flop,board_type,0b,1b,2b,profit
0,"[14, 10, 10]",two-tone,1,1,1,1.012240009277344
1,"[14, 10, 10]",two-tone,2,2,2,1.013451259277344
2,"[14, 10, 10]",two-tone,3,2,2,1.4673421414550782
3,"[14, 10, 10]",two-tone,4,3,2,2.981589006396484
4,"[14, 10, 10]",two-tone,8,6,4,3.9005901482910152
5,"[14, 10, 10]",two-tone,15,10,7,7.775215479736328
