,flop,board_type,0b,1b,2b,profit
0,"[14, 10, 9]",two-tone,1,1,1,0.9215818946153844
1,"[14, 10, 9]",two-tone,2,2,2,1.8577333865384613
2,"[14, 10, 9]",two-tone,3,2,2,2.2811065002163464
3,"[14, 10, 9]",two-tone,4,3,2,3.6890932402403847
4,"[14, 10, 9]",two-tone,8,6,4,4.422088404134614
5,"[14, 10, 9]",two-tone,10,7,5,4.422392921153846
6,"[14, 10, 9]",two-tone,15,10,7,7.214906946826922
