,flop,board_type,0b,1b,2b,profit
0,"[14, 10, 8]",two-tone,1,1,1,0.18101213128994043
1,"[14, 10, 8]",two-tone,2,2,2,1.099405306603551
2,"[14, 10, 8]",two-tone,3,2,2,1.5233469119526621
3,"[14, 10, 8]",two-tone,4,3,2,2.904233801136095
4,"[14, 10, 8]",two-tone,8,6,4,3.616967228615385
5,"[14, 10, 8]",two-tone,10,7,5,3.627185577467456
6,"[14, 10, 8]",two-tone,15,10,7,6.375800480189349
7,"[14, 10, 8]",two-tone,16,11,8,6.377764912
