,flop,board_type,0b,1b,2b,profit
0,"[14, 10, 2]",two-tone,1,1,1,-0.9472615528959267
1,"[14, 10, 2]",two-tone,8,6,4,2.5628974233484163
2,"[14, 10, 2]",two-tone,10,7,5,2.568638473665158
3,"[14, 10, 2]",two-tone,15,10,7,6.034672148235294
4,"[14, 10, 2]",two-tone,16,11,8,6.037909000271492
