,flop,board_type,0b,1b,2b,profit
0,"[14, 9, 9]",two-tone,1,1,1,0.5197491631700648
1,"[14, 9, 9]",two-tone,8,6,4,2.1726381970990136
2,"[14, 9, 9]",two-tone,10,7,5,3.0127180247214636
3,"[14, 9, 9]",two-tone,15,10,7,5.593344151944503
4,"[14, 9, 9]",two-tone,16,11,8,6.211500830607526
