,flop,board_type,0b,1b,2b,profit
0,"[14, 9, 3]",two-tone,1,1,1,0.7317181085820896
1,"[14, 9, 3]",two-tone,2,2,2,0.7458688111318408
2,"[14, 9, 3]",two-tone,8,6,4,2.198092878026533
3,"[14, 9, 3]",two-tone,10,7,5,2.3594791088308456
4,"[14, 9, 3]",two-tone,15,10,7,5.95500065785655
5,"[14, 9, 3]",two-tone,16,11,8,6.5705518967039795
