,flop,board_type,0b,1b,2b,profit
0,"[14, 8, 2]",two-tone,1,1,1,0.8716333999182166
1,"[14, 8, 2]",two-tone,8,6,4,2.3002630797382944
2,"[14, 8, 2]",two-tone,10,7,5,2.483262482927825
3,"[14, 8, 2]",two-tone,15,10,7,5.515243484563483
4,"[14, 8, 2]",two-tone,16,11,8,6.273574852586382
