,flop,board_type,0b,1b,2b,profit
0,"[14, 7, 5]",two-tone,1,1,1,0.7918799672050709
1,"[14, 7, 5]",two-tone,2,2,2,0.7951280185647107
2,"[14, 7, 5]",two-tone,3,2,2,0.7962681397669189
3,"[14, 7, 5]",two-tone,8,6,4,1.3043303874463295
4,"[14, 7, 5]",two-tone,10,7,5,1.469900692455531
5,"[14, 7, 5]",two-tone,15,10,7,3.952187078388876
6,"[14, 7, 5]",two-tone,16,11,8,4.88129191560008
