,flop,board_type,0b,1b,2b,profit
0,"[14, 7, 2]",two-tone,1,1,1,0.7276942239214881
1,"[14, 7, 2]",two-tone,8,6,4,1.2255088979349829
2,"[14, 7, 2]",two-tone,10,7,5,1.4006633763238605
3,"[14, 7, 2]",two-tone,15,10,7,3.880443052749948
4,"[14, 7, 2]",two-tone,16,11,8,4.80672976691883
