,flop,board_type,0b,1b,2b,profit
0,"[14, 6, 6]",two-tone,1,1,1,-0.23554413077080327
1,"[14, 6, 6]",two-tone,8,6,4,0.08027249560417116
2,"[14, 6, 6]",two-tone,10,7,5,0.2013519779595172
3,"[14, 6, 6]",two-tone,15,10,7,1.626615128153753
4,"[14, 6, 6]",two-tone,16,11,8,2.5392278565937434
