,flop,board_type,0b,1b,2b,profit
0,"[14, 6, 3]",two-tone,1,1,1,0.571906343365364
1,"[14, 6, 3]",two-tone,8,6,4,0.9177680539358009
2,"[14, 6, 3]",two-tone,10,7,5,1.0982052564301776
3,"[14, 6, 3]",two-tone,15,10,7,2.8036005211613158
4,"[14, 6, 3]",two-tone,16,11,8,3.753688260682885
