,flop,board_type,0b,1b,2b,profit
0,"[14, 5, 5]",two-tone,1,1,1,-1.2719668977611929
1,"[14, 5, 5]",two-tone,2,2,2,-1.2562049074626862
2,"[14, 5, 5]",two-tone,8,6,4,-0.9681907507462685
3,"[14, 5, 5]",two-tone,10,7,5,-0.8521777395522391
4,"[14, 5, 5]",two-tone,15,10,7,0.5382292246268661
5,"[14, 5, 5]",two-tone,16,11,8,1.4208269492537315
