,flop,board_type,0b,1b,2b,profit
0,"[13, 13, 7]",two-tone,1,1,1,-1.749063522128604
1,"[13, 13, 7]",two-tone,8,6,4,-0.5460731084379122
2,"[13, 13, 7]",two-tone,10,7,5,0.04111846564687793
3,"[13, 13, 7]",two-tone,15,10,7,0.7897051212649457
4,"[13, 13, 7]",two-tone,16,11,8,1.1929920488943115
