,flop,board_type,0b,1b,2b,profit
0,"[13, 13, 5]",two-tone,1,1,1,-2.9417875701586826
1,"[13, 13, 5]",two-tone,8,6,4,-1.949291318513076
2,"[13, 13, 5]",two-tone,10,7,5,-1.945546628724654
3,"[13, 13, 5]",two-tone,15,10,7,-1.3836853142227432
4,"[13, 13, 5]",two-tone,16,11,8,-0.9843704564648825
