,flop,board_type,0b,1b,2b,profit
0,"[13, 13, 4]",two-tone,1,1,1,-2.9526036619894196
1,"[13, 13, 4]",two-tone,8,6,4,-1.9490507438583582
2,"[13, 13, 4]",two-tone,15,10,7,-1.3789471537613864
3,"[13, 13, 4]",two-tone,16,11,8,-0.9847554567881267
