,flop,board_type,0b,1b,2b,profit
0,"[13, 11, 7]",two-tone,1,1,1,-1.7133404136067716
1,"[13, 11, 7]",two-tone,2,2,2,1.560305194769966
2,"[13, 11, 7]",two-tone,3,2,2,1.7928748184678813
3,"[13, 11, 7]",two-tone,4,3,2,2.366997324088541
4,"[13, 11, 7]",two-tone,8,6,4,3.109103576822916
5,"[13, 11, 7]",two-tone,15,10,7,5.511662620789929
