,flop,board_type,0b,1b,2b,profit
0,"[13, 11, 6]",two-tone,1,1,1,-1.7822364966796873
1,"[13, 11, 6]",two-tone,2,2,2,-0.9629823812934029
2,"[13, 11, 6]",two-tone,3,2,2,-0.4651308169921875
3,"[13, 11, 6]",two-tone,4,3,2,0.6850909640625
4,"[13, 11, 6]",two-tone,8,6,4,1.6870278854600684
5,"[13, 11, 6]",two-tone,15,10,7,4.906313068424479
6,"[13, 11, 6]",two-tone,16,11,8,4.9093385702039924
