,flop,board_type,0b,1b,2b,profit
0,"[13, 11, 5]",two-tone,1,1,1,-2.7166789313749997
1,"[13, 11, 5]",two-tone,2,2,2,-1.932100612125
2,"[13, 11, 5]",two-tone,3,2,2,-1.4356792327291668
3,"[13, 11, 5]",two-tone,4,3,2,-0.34664189802083367
4,"[13, 11, 5]",two-tone,8,6,4,0.884822941395834
5,"[13, 11, 5]",two-tone,10,7,5,0.890322776000001
6,"[13, 11, 5]",two-tone,15,10,7,4.770208274020833
7,"[13, 11, 5]",two-tone,16,11,8,4.770592011874999
