,flop,board_type,0b,1b,2b,profit
0,"[13, 10, 7]",two-tone,1,1,1,-0.43610001547314625
1,"[13, 10, 7]",two-tone,2,2,2,0.3557041622762154
2,"[13, 10, 7]",two-tone,3,2,2,0.3668749425831199
3,"[13, 10, 7]",two-tone,4,3,2,0.36782935242966786
4,"[13, 10, 7]",two-tone,8,6,4,1.2212530132992325
5,"[13, 10, 7]",two-tone,10,7,5,1.2396077008951403
6,"[13, 10, 7]",two-tone,15,10,7,3.638691138746804
7,"[13, 10, 7]",two-tone,16,11,8,3.6399874635549887
