,flop,board_type,0b,1b,2b,profit
0,"[13, 8, 3]",two-tone,1,1,1,0.07710067992957703
1,"[13, 8, 3]",two-tone,2,2,2,0.08073991760563426
2,"[13, 8, 3]",two-tone,8,6,4,2.0017376436619703
3,"[13, 8, 3]",two-tone,10,7,5,2.0738878056338015
4,"[13, 8, 3]",two-tone,15,10,7,3.878746570422536
5,"[13, 8, 3]",two-tone,16,11,8,4.164332939436618
