,flop,board_type,0b,1b,2b,profit
0,"[13, 7, 3]",two-tone,1,1,1,-0.06889871936619762
1,"[13, 7, 3]",two-tone,2,2,2,-0.06425322183098636
2,"[13, 7, 3]",two-tone,8,6,4,1.0819117130281686
3,"[13, 7, 3]",two-tone,10,7,5,1.1523382292253512
4,"[13, 7, 3]",two-tone,15,10,7,2.497417055281688
5,"[13, 7, 3]",two-tone,16,11,8,2.970873927112675
