,flop,board_type,0b,1b,2b,profit
0,"[13, 6, 3]",two-tone,1,1,1,-0.17742454647887373
1,"[13, 6, 3]",two-tone,8,6,4,0.7996697957746479
2,"[13, 6, 3]",two-tone,10,7,5,0.86667147359155
3,"[13, 6, 3]",two-tone,15,10,7,1.6082268721830986
4,"[13, 6, 3]",two-tone,16,11,8,2.0869073496478867
