,flop,board_type,0b,1b,2b,profit
0,"[13, 4, 2]",two-tone,1,1,1,-0.9458775160456409
1,"[13, 4, 2]",two-tone,8,6,4,0.005648237475485485
2,"[13, 4, 2]",two-tone,10,7,5,0.07289201820288815
3,"[13, 4, 2]",two-tone,15,10,7,0.7916691128008553
4,"[13, 4, 2]",two-tone,16,11,8,1.2372084343198433
