,flop,board_type,0b,1b,2b,profit
0,"[13, 3, 3]",two-tone,1,1,1,-1.5322305044036362
1,"[13, 3, 3]",two-tone,2,2,2,-1.5207601491888034
2,"[13, 3, 3]",two-tone,8,6,4,-0.5856799904795855
3,"[13, 3, 3]",two-tone,15,10,7,-0.16016408436441454
4,"[13, 3, 3]",two-tone,16,11,8,0.29629562688536293
