,flop,board_type,0b,1b,2b,profit
0,"[13, 2, 2]",two-tone,1,1,1,-1.5284478801390613
1,"[13, 2, 2]",two-tone,2,2,2,-1.5223355523622744
2,"[13, 2, 2]",two-tone,8,6,4,-0.5919895398823318
3,"[13, 2, 2]",two-tone,10,7,5,-0.5801434653414155
4,"[13, 2, 2]",two-tone,15,10,7,-0.1477243328222495
5,"[13, 2, 2]",two-tone,16,11,8,0.30447516550187226
