,flop,board_type,0b,1b,2b,profit
0,"[12, 12, 2]",two-tone,1,1,1,-0.1262580560751898
1,"[12, 12, 2]",two-tone,8,6,4,1.7103237298015577
2,"[12, 12, 2]",two-tone,10,7,5,1.7716385070294853
3,"[12, 12, 2]",two-tone,15,10,7,2.3472141820249526
4,"[12, 12, 2]",two-tone,16,11,8,2.939525037401315
