,flop,board_type,0b,1b,2b,profit
0,"[12, 10, 6]",two-tone,1,1,1,0.46536877744565297
1,"[12, 10, 6]",two-tone,2,2,2,3.2482448675271725
2,"[12, 10, 6]",two-tone,3,2,2,3.2518844130434776
3,"[12, 10, 6]",two-tone,4,3,2,3.2587021086956516
4,"[12, 10, 6]",two-tone,8,6,4,3.73150315298913
5,"[12, 10, 6]",two-tone,10,7,5,3.735895844565217
6,"[12, 10, 6]",two-tone,15,10,7,5.568417798913043
7,"[12, 10, 6]",two-tone,16,11,8,5.5684783820652175
