,flop,board_type,0b,1b,2b,profit
0,"[12, 10, 5]",two-tone,1,1,1,-0.6838387530175214
1,"[12, 10, 5]",two-tone,2,2,2,0.1888890385463986
2,"[12, 10, 5]",two-tone,3,2,2,0.19407410032446415
3,"[12, 10, 5]",two-tone,8,6,4,1.1658342812459443
4,"[12, 10, 5]",two-tone,15,10,7,4.682785328487995
5,"[12, 10, 5]",two-tone,16,11,8,4.697206219987021
