,flop,board_type,0b,1b,2b,profit
0,"[12, 10, 4]",two-tone,1,1,1,-0.6844998913692415
1,"[12, 10, 4]",two-tone,2,2,2,0.18745040934458057
2,"[12, 10, 4]",two-tone,3,2,2,0.19452094432186873
3,"[12, 10, 4]",two-tone,8,6,4,1.1646052660609998
4,"[12, 10, 4]",two-tone,15,10,7,4.684252663595068
5,"[12, 10, 4]",two-tone,16,11,8,4.686508734198572
