,flop,board_type,0b,1b,2b,profit
0,"[12, 9, 9]",two-tone,1,1,1,0.06845507203219303
1,"[12, 9, 9]",two-tone,2,2,2,0.8841606884305839
2,"[12, 9, 9]",two-tone,3,2,2,1.2868183279678067
3,"[12, 9, 9]",two-tone,4,3,2,2.4982124565392354
4,"[12, 9, 9]",two-tone,8,6,4,3.0530750705231386
5,"[12, 9, 9]",two-tone,10,7,5,3.0585186412474847
6,"[12, 9, 9]",two-tone,15,10,7,5.4143629826961766
7,"[12, 9, 9]",two-tone,16,11,8,5.41494168752515
