,flop,board_type,0b,1b,2b,profit
0,"[12, 8, 8]",two-tone,1,1,1,-0.2461964617175274
1,"[12, 8, 8]",two-tone,8,6,4,2.548162970070422
2,"[12, 8, 8]",two-tone,10,7,5,2.741389235485133
3,"[12, 8, 8]",two-tone,15,10,7,4.369180494131455
4,"[12, 8, 8]",two-tone,16,11,8,4.7662999631846645
