,flop,board_type,0b,1b,2b,profit
0,"[12, 8, 7]",two-tone,1,1,1,1.486398626168605
1,"[12, 8, 7]",two-tone,2,2,2,2.3041833098795674
2,"[12, 8, 7]",two-tone,3,2,2,2.518236274362115
3,"[12, 8, 7]",two-tone,4,3,2,3.3310398170034703
4,"[12, 8, 7]",two-tone,8,6,4,4.236432241804449
5,"[12, 8, 7]",two-tone,10,7,5,4.661150041437027
6,"[12, 8, 7]",two-tone,15,10,7,5.633552669953051
7,"[12, 8, 7]",two-tone,16,11,8,6.05140591928965
