,flop,board_type,0b,1b,2b,profit
0,"[12, 7, 4]",two-tone,1,1,1,0.3780359299686995
1,"[12, 7, 4]",two-tone,8,6,4,2.1939996328051636
2,"[12, 7, 4]",two-tone,10,7,5,2.3443088097222216
3,"[12, 7, 4]",two-tone,15,10,7,3.873375542077464
4,"[12, 7, 4]",two-tone,16,11,8,4.401101037147885
