,flop,board_type,0b,1b,2b,profit
0,"[12, 3, 2]",two-tone,1,1,1,-0.7155781999999999
1,"[12, 3, 2]",two-tone,8,6,4,0.9212910836619705
2,"[12, 3, 2]",two-tone,10,7,5,1.0595742415023464
3,"[12, 3, 2]",two-tone,15,10,7,1.8336533253521121
4,"[12, 3, 2]",two-tone,16,11,8,2.3534057647887314
