,flop,board_type,0b,1b,2b,profit
0,"[11, 11, 4]",two-tone,1,1,1,-3.1423583559873127
1,"[11, 11, 4]",two-tone,2,2,2,-3.1316228514104467
2,"[11, 11, 4]",two-tone,8,6,4,-1.4856622753114546
3,"[11, 11, 4]",two-tone,10,7,5,-1.4066515645625541
4,"[11, 11, 4]",two-tone,15,10,7,-1.0654234483559861
5,"[11, 11, 4]",two-tone,16,11,8,-0.6502511225635268
