,flop,board_type,0b,1b,2b,profit
0,"[11, 10, 8]",two-tone,1,1,1,2.3901459257294686
1,"[11, 10, 8]",two-tone,2,2,2,4.836762334717392
2,"[11, 10, 8]",two-tone,3,2,2,5.239517443683575
3,"[11, 10, 8]",two-tone,4,3,2,6.507878669178744
4,"[11, 10, 8]",two-tone,8,6,4,6.724156173826087
5,"[11, 10, 8]",two-tone,15,10,7,7.569310703434782
