,flop,board_type,0b,1b,2b,profit
0,"[11, 10, 5]",two-tone,1,1,1,-0.970466568390342
1,"[11, 10, 5]",two-tone,2,2,2,-0.1489951018913469
2,"[11, 10, 5]",two-tone,8,6,4,0.7215323357746479
3,"[11, 10, 5]",two-tone,15,10,7,3.914992858511065
4,"[11, 10, 5]",two-tone,16,11,8,3.9262538090945664
