,flop,board_type,0b,1b,2b,profit
0,"[11, 5, 3]",two-tone,1,1,1,-0.525976549982438
1,"[11, 5, 3]",two-tone,2,2,2,-0.5237064977871448
2,"[11, 5, 3]",two-tone,8,6,4,1.7922318266947652
3,"[11, 5, 3]",two-tone,10,7,5,1.9555150097295386
4,"[11, 5, 3]",two-tone,15,10,7,2.5722672359325593
5,"[11, 5, 3]",two-tone,16,11,8,2.940319329855988
