,flop,board_type,0b,1b,2b,profit
0,"[11, 4, 4]",two-tone,1,1,1,-2.0990374408851435
1,"[11, 4, 4]",two-tone,2,2,2,-2.0821302438356164
2,"[11, 4, 4]",two-tone,3,2,2,-2.0685036640674395
3,"[11, 4, 4]",two-tone,4,3,2,-1.850436397576396
4,"[11, 4, 4]",two-tone,8,6,4,-0.5612717061116956
5,"[11, 4, 4]",two-tone,10,7,5,-0.4791042820864073
6,"[11, 4, 4]",two-tone,15,10,7,-0.14478510115911503
7,"[11, 4, 4]",two-tone,16,11,8,0.20675607218124425
