,flop,board_type,0b,1b,2b,profit
0,"[11, 3, 3]",two-tone,1,1,1,-2.0788817583772383
1,"[11, 3, 3]",two-tone,8,6,4,-0.5534087252897779
2,"[11, 3, 3]",two-tone,10,7,5,-0.48727384162276155
3,"[11, 3, 3]",two-tone,15,10,7,-0.1610086045310859
4,"[11, 3, 3]",two-tone,16,11,8,0.19155448250790186
