,flop,board_type,0b,1b,2b,profit
0,"[10, 10, 5]",two-tone,1,1,1,0.296561265747614
1,"[10, 10, 5]",two-tone,2,2,2,0.3006228411452818
2,"[10, 10, 5]",two-tone,3,2,2,0.30716735185578004
3,"[10, 10, 5]",two-tone,4,3,2,0.5301667255802995
4,"[10, 10, 5]",two-tone,8,6,4,1.0818645483209615
5,"[10, 10, 5]",two-tone,10,7,5,1.2836909059031463
6,"[10, 10, 5]",two-tone,15,10,7,1.8340029030752922
