,flop,board_type,0b,1b,2b,profit
0,"[10, 9, 9]",two-tone,1,1,1,0.9035364901098906
1,"[10, 9, 9]",two-tone,2,2,2,1.6391028241758248
2,"[10, 9, 9]",two-tone,3,2,2,1.8924848615384613
3,"[10, 9, 9]",two-tone,4,3,2,2.391333578021978
4,"[10, 9, 9]",two-tone,8,6,4,3.0410151934065945
5,"[10, 9, 9]",two-tone,15,10,7,5.182288092307692
6,"[10, 9, 9]",two-tone,16,11,8,5.182982114285714
