,flop,board_type,0b,1b,2b,profit
0,"[10, 9, 2]",two-tone,1,1,1,1.5005670593406593
1,"[10, 9, 2]",two-tone,2,2,2,2.235910821978022
2,"[10, 9, 2]",two-tone,3,2,2,2.7103320527472525
3,"[10, 9, 2]",two-tone,4,3,2,3.71503585054945
4,"[10, 9, 2]",two-tone,8,6,4,4.2443278285714285
5,"[10, 9, 2]",two-tone,10,7,5,4.245942035164836
6,"[10, 9, 2]",two-tone,15,10,7,6.2803308307692305
7,"[10, 9, 2]",two-tone,16,11,8,6.282886101098901
