,flop,board_type,0b,1b,2b,profit
0,"[10, 8, 6]",two-tone,1,1,1,3.047824169453736
1,"[10, 8, 6]",two-tone,2,2,2,3.0615162430323304
2,"[10, 8, 6]",two-tone,3,2,2,3.6077280523968795
3,"[10, 8, 6]",two-tone,4,3,2,5.137451244147157
4,"[10, 8, 6]",two-tone,8,6,4,5.320651425863992
5,"[10, 8, 6]",two-tone,10,7,5,5.956020216276476
6,"[10, 8, 6]",two-tone,15,10,7,6.636111405797101
