,flop,board_type,0b,1b,2b,profit
0,"[10, 8, 2]",two-tone,1,1,1,1.3925108169014082
1,"[10, 8, 2]",two-tone,2,2,2,1.4062457275189593
2,"[10, 8, 2]",two-tone,3,2,2,1.650503850487541
3,"[10, 8, 2]",two-tone,4,3,2,2.141386985915493
4,"[10, 8, 2]",two-tone,8,6,4,2.4538585054171174
5,"[10, 8, 2]",two-tone,10,7,5,2.8987331305525457
6,"[10, 8, 2]",two-tone,15,10,7,5.172039449079089
