,flop,board_type,0b,1b,2b,profit
0,"[10, 7, 3]",two-tone,1,1,1,1.3539902621885154
1,"[10, 7, 3]",two-tone,8,6,4,2.2612255850487544
2,"[10, 7, 3]",two-tone,10,7,5,2.7051669869989157
3,"[10, 7, 3]",two-tone,15,10,7,4.318821013001084
4,"[10, 7, 3]",two-tone,16,11,8,4.321953563380282
