,flop,board_type,0b,1b,2b,profit
0,"[10, 6, 4]",two-tone,1,1,1,1.2462799723726974
1,"[10, 6, 4]",two-tone,2,2,2,1.259052305525461
2,"[10, 6, 4]",two-tone,8,6,4,2.0045841966413867
3,"[10, 6, 4]",two-tone,10,7,5,2.4560681251354284
4,"[10, 6, 4]",two-tone,15,10,7,3.4482375547128927
