,flop,board_type,0b,1b,2b,profit
0,"[10, 3, 3]",two-tone,1,1,1,-0.2672342895010392
1,"[10, 3, 3]",two-tone,8,6,4,0.45478168866943947
2,"[10, 3, 3]",two-tone,10,7,5,0.6620660992723507
3,"[10, 3, 3]",two-tone,15,10,7,1.1442223149688158
