,flop,board_type,0b,1b,2b,profit
0,"[9, 7, 5]",two-tone,1,1,1,1.9379037917333326
1,"[9, 7, 5]",two-tone,8,6,4,2.762281631066667
2,"[9, 7, 5]",two-tone,10,7,5,3.6545774099999995
3,"[9, 7, 5]",two-tone,15,10,7,4.780829782666666
4,"[9, 7, 5]",two-tone,16,11,8,4.7835599788
