,flop,board_type,0b,1b,2b,profit
0,"[9, 4, 4]",two-tone,1,1,1,0.9387003441025643
1,"[9, 4, 4]",two-tone,8,6,4,1.7330816966666676
2,"[9, 4, 4]",two-tone,10,7,5,2.22810721923077
3,"[9, 4, 4]",two-tone,15,10,7,3.4406034389743594
4,"[9, 4, 4]",two-tone,16,11,8,3.6683256419230768
