,flop,board_type,0b,1b,2b,profit
0,"[9, 4, 2]",two-tone,1,1,1,1.100504171153846
1,"[9, 4, 2]",two-tone,2,2,2,1.1008209839743592
2,"[9, 4, 2]",two-tone,3,2,2,1.101168676666666
3,"[9, 4, 2]",two-tone,4,3,2,1.367845152179486
4,"[9, 4, 2]",two-tone,8,6,4,1.905786868717949
5,"[9, 4, 2]",two-tone,10,7,5,2.387529016282052
6,"[9, 4, 2]",two-tone,15,10,7,3.6130434976923076
7,"[9, 4, 2]",two-tone,16,11,8,3.8503448551282045
