,flop,board_type,0b,1b,2b,profit
0,"[8, 8, 7]",two-tone,1,1,1,2.7885569299999995
1,"[8, 8, 7]",two-tone,2,2,2,3.390061952499999
2,"[8, 8, 7]",two-tone,3,2,2,3.646637169999999
3,"[8, 8, 7]",two-tone,4,3,2,4.00388785
4,"[8, 8, 7]",two-tone,8,6,4,4.600402300000001
5,"[8, 8, 7]",two-tone,10,7,5,5.412939574999999
6,"[8, 8, 7]",two-tone,15,10,7,6.613955965000001
7,"[8, 8, 7]",two-tone,16,11,8,6.77277207
