,flop,board_type,0b,1b,2b,profit
0,"[8, 8, 6]",two-tone,1,1,1,2.786698685
1,"[8, 8, 6]",two-tone,2,2,2,3.4337722449999992
2,"[8, 8, 6]",two-tone,3,2,2,3.6812392249999997
3,"[8, 8, 6]",two-tone,4,3,2,4.048319659999999
4,"[8, 8, 6]",two-tone,8,6,4,4.420472875
5,"[8, 8, 6]",two-tone,10,7,5,5.0831992249999995
6,"[8, 8, 6]",two-tone,15,10,7,5.621640310000001
7,"[8, 8, 6]",two-tone,16,11,8,6.02269796
