,flop,board_type,0b,1b,2b,profit
0,"[8, 8, 5]",two-tone,1,1,1,2.009492326582279
1,"[8, 8, 5]",two-tone,8,6,4,2.92577617721519
2,"[8, 8, 5]",two-tone,10,7,5,3.622722825316455
3,"[8, 8, 5]",two-tone,15,10,7,4.380572458227848
4,"[8, 8, 5]",two-tone,16,11,8,4.925957260759494
