,flop,board_type,0b,1b,2b,profit
0,"[8, 7, 2]",two-tone,1,1,1,2.76926571
1,"[8, 7, 2]",two-tone,2,2,2,3.3606599975
2,"[8, 7, 2]",two-tone,3,2,2,3.6210766549999995
3,"[8, 7, 2]",two-tone,4,3,2,3.9719845449999998
4,"[8, 7, 2]",two-tone,8,6,4,4.18040149
5,"[8, 7, 2]",two-tone,10,7,5,4.70359676
6,"[8, 7, 2]",two-tone,15,10,7,5.818717915000001
7,"[8, 7, 2]",two-tone,16,11,8,5.981454175
