,flop,board_type,0b,1b,2b,profit
0,"[8, 6, 6]",two-tone,1,1,1,2.8212036649999996
1,"[8, 6, 6]",two-tone,8,6,4,3.9186361100000004
2,"[8, 6, 6]",two-tone,10,7,5,4.691851795
3,"[8, 6, 6]",two-tone,15,10,7,5.228383365000001
4,"[8, 6, 6]",two-tone,16,11,8,5.798561510000001
