,flop,board_type,0b,1b,2b,profit
0,"[8, 4, 2]",two-tone,1,1,1,2.0814619215189873
1,"[8, 4, 2]",two-tone,2,2,2,2.0839402430379748
2,"[8, 4, 2]",two-tone,3,2,2,2.084484484810127
3,"[8, 4, 2]",two-tone,4,3,2,2.3656681784810125
4,"[8, 4, 2]",two-tone,8,6,4,3.0056824810126583
5,"[8, 4, 2]",two-tone,10,7,5,3.364383240506328
6,"[8, 4, 2]",two-tone,15,10,7,4.4647026303797475
7,"[8, 4, 2]",two-tone,16,11,8,5.022078789873419
