,flop,board_type,0b,1b,2b,profit
0,"[7, 7, 5]",two-tone,1,1,1,3.1459933539240508
1,"[7, 7, 5]",two-tone,2,2,2,3.151465185569621
2,"[7, 7, 5]",two-tone,8,6,4,3.556333828607595
3,"[7, 7, 5]",two-tone,10,7,5,4.371550320253164
4,"[7, 7, 5]",two-tone,15,10,7,5.12034357670886
5,"[7, 7, 5]",two-tone,16,11,8,5.837406823544304
