,flop,board_type,0b,1b,2b,profit
0,"[7, 7, 3]",two-tone,1,1,1,3.1346763334177226
1,"[7, 7, 3]",two-tone,8,6,4,3.5400288848101265
2,"[7, 7, 3]",two-tone,10,7,5,3.997310341012658
3,"[7, 7, 3]",two-tone,15,10,7,5.106767494683544
4,"[7, 7, 3]",two-tone,16,11,8,5.820021001012659
