,flop,board_type,0b,1b,2b,profit
0,"[7, 6, 2]",two-tone,1,1,1,3.9474676049999995
1,"[7, 6, 2]",two-tone,2,2,2,3.9546543649999997
2,"[7, 6, 2]",two-tone,3,2,2,4.2101360775
3,"[7, 6, 2]",two-tone,4,3,2,4.580701405000001
4,"[7, 6, 2]",two-tone,8,6,4,4.88317606
5,"[7, 6, 2]",two-tone,10,7,5,5.0659959699999995
6,"[7, 6, 2]",two-tone,15,10,7,5.978058245
7,"[7, 6, 2]",two-tone,16,11,8,6.718567519999999
