,flop,board_type,0b,1b,2b,profit
0,"[6, 6, 2]",two-tone,1,1,1,4.26971991164557
1,"[6, 6, 2]",two-tone,2,2,2,4.270034532405063
2,"[6, 6, 2]",two-tone,3,2,2,4.273896751392406
3,"[6, 6, 2]",two-tone,8,6,4,4.671068051898734
4,"[6, 6, 2]",two-tone,10,7,5,4.8479520921519
5,"[6, 6, 2]",two-tone,15,10,7,5.847413171139239
6,"[6, 6, 2]",two-tone,16,11,8,6.724684701772151
