,flop,board_type,0b,1b,2b,profit
0,"[6, 5, 4]",two-tone,1,1,1,4.356880064303798
1,"[6, 5, 4]",two-tone,2,2,2,4.359749699240507
2,"[6, 5, 4]",two-tone,8,6,4,4.755371095189872
3,"[6, 5, 4]",two-tone,10,7,5,5.162357521518986
4,"[6, 5, 4]",two-tone,15,10,7,5.923731668860759
5,"[6, 5, 4]",two-tone,16,11,8,6.813157446582277
