,flop,board_type,0b,1b,2b,profit
0,"[6, 5, 3]",two-tone,1,1,1,4.3247528200000005
1,"[6, 5, 3]",two-tone,8,6,4,4.721893985063291
2,"[6, 5, 3]",two-tone,10,7,5,5.018465009113925
3,"[6, 5, 3]",two-tone,15,10,7,5.90487422177215
4,"[6, 5, 3]",two-tone,16,11,8,6.783390901772151
