,flop,board_type,0b,1b,2b,profit
0,"[6, 4, 4]",two-tone,1,1,1,4.271189645822785
1,"[6, 4, 4]",two-tone,2,2,2,4.274395787594937
2,"[6, 4, 4]",two-tone,8,6,4,4.677113962531646
3,"[6, 4, 4]",two-tone,10,7,5,5.085951008101265
4,"[6, 4, 4]",two-tone,15,10,7,5.843022958987341
5,"[6, 4, 4]",two-tone,16,11,8,6.728483989873417
