,flop,board_type,0b,1b,2b,profit
0,"[5, 5, 4]",two-tone,1,1,1,4.652079917073171
1,"[5, 5, 4]",two-tone,8,6,4,5.041088502926829
2,"[5, 5, 4]",two-tone,10,7,5,5.43219721902439
3,"[5, 5, 4]",two-tone,15,10,7,6.16708488195122
4,"[5, 5, 4]",two-tone,16,11,8,7.017397572682927
