,flop,board_type,0b,1b,2b,profit
0,"[4, 3, 3]",two-tone,1,1,1,4.647099586097561
1,"[4, 3, 3]",two-tone,2,2,2,4.649356401463415
2,"[4, 3, 3]",two-tone,8,6,4,5.040427817317073
3,"[4, 3, 3]",two-tone,10,7,5,5.319133613170733
4,"[4, 3, 3]",two-tone,15,10,7,6.16466421707317
5,"[4, 3, 3]",two-tone,16,11,8,7.0188438990243895
