,flop,board_type,0b,1b,2b,profit
0,"[4, 2, 2]",two-tone,1,1,1,4.652415498780487
1,"[4, 2, 2]",two-tone,2,2,2,4.652462794878049
2,"[4, 2, 2]",two-tone,8,6,4,5.037855240487804
3,"[4, 2, 2]",two-tone,10,7,5,5.208163881463414
4,"[4, 2, 2]",two-tone,15,10,7,6.166158423414633
5,"[4, 2, 2]",two-tone,16,11,8,7.0180621185365855
