,flop,board_type,0b,1b,2b,profit
0,"[14, 14, 5]",two-tone,1,1,1,1.340609814333607
1,"[14, 14, 5]",two-tone,8,6,4,1.5788705784493886
2,"[14, 14, 5]",two-tone,10,7,5,1.629698343762843
3,"[14, 14, 5]",two-tone,15,10,7,2.1069966105073865
4,"[14, 14, 5]",two-tone,16,11,8,2.2976606690761106
