,flop,board_type,0b,1b,2b,profit
0,"[14, 14, 2]",two-tone,1,1,1,1.4059185840163075
1,"[14, 14, 2]",two-tone,2,2,2,1.4087977374979013
2,"[14, 14, 2]",two-tone,8,6,4,1.5404090455642536
3,"[14, 14, 2]",two-tone,10,7,5,1.5823127168656996
4,"[14, 14, 2]",two-tone,15,10,7,1.9076639316693602
5,"[14, 14, 2]",two-tone,16,11,8,2.131677270594161
