,flop,board_type,0b,1b,2b,profit
0,"[14, 13, 9]",two-tone,1,1,1,1.4061690471160873
1,"[14, 13, 9]",two-tone,2,2,2,1.6301638709380826
2,"[14, 13, 9]",two-tone,3,2,2,1.6686864003199122
3,"[14, 13, 9]",two-tone,4,3,2,1.7201349938202313
4,"[14, 13, 9]",two-tone,8,6,4,1.9415029176582497
5,"[14, 13, 9]",two-tone,10,7,5,1.9429264501472199
6,"[14, 13, 9]",two-tone,15,10,7,2.2764770751470236
7,"[14, 13, 9]",two-tone,16,11,8,2.3033086833884555
