,flop,board_type,0b,1b,2b,profit
0,"[14, 12, 12]",two-tone,1,1,1,1.5850557499561209
1,"[14, 12, 12]",two-tone,2,2,2,1.833180638767003
2,"[14, 12, 12]",two-tone,3,2,2,1.857032215215007
3,"[14, 12, 12]",two-tone,4,3,2,1.9341510623957876
4,"[14, 12, 12]",two-tone,8,6,4,2.1060438494295743
5,"[14, 12, 12]",two-tone,10,7,5,2.1665142608051777
6,"[14, 12, 12]",two-tone,15,10,7,2.6761525193725317
7,"[14, 12, 12]",two-tone,16,11,8,2.7498302887779724
