,flop,board_type,0b,1b,2b,profit
0,"[14, 12, 3]",two-tone,1,1,1,1.6092121635382184
1,"[14, 12, 3]",two-tone,2,2,2,1.8076413631817487
2,"[14, 12, 3]",two-tone,3,2,2,1.8420988080333043
3,"[14, 12, 3]",two-tone,4,3,2,1.887749463064623
4,"[14, 12, 3]",two-tone,8,6,4,1.9666349123313136
5,"[14, 12, 3]",two-tone,10,7,5,1.973914257046222
6,"[14, 12, 3]",two-tone,15,10,7,2.0817288445892954
7,"[14, 12, 3]",two-tone,16,11,8,2.1894488615318024
