,flop,board_type,0b,1b,2b,profit
0,"[14, 12, 2]",two-tone,1,1,1,1.6190103203500765
1,"[14, 12, 2]",two-tone,2,2,2,1.8136238904870627
2,"[14, 12, 2]",two-tone,3,2,2,1.8496493287290718
3,"[14, 12, 2]",two-tone,4,3,2,1.892333942869102
4,"[14, 12, 2]",two-tone,8,6,4,1.9520342627929983
5,"[14, 12, 2]",two-tone,10,7,5,1.9587411781887365
6,"[14, 12, 2]",two-tone,15,10,7,2.0230181384119734
7,"[14, 12, 2]",two-tone,16,11,8,2.129951791248098
