,flop,board_type,0b,1b,2b,profit
0,"[14, 11, 7]",two-tone,1,1,1,1.372034645714462
1,"[14, 11, 7]",two-tone,8,6,4,1.7525000443152638
2,"[14, 11, 7]",two-tone,10,7,5,1.770813317398073
3,"[14, 11, 7]",two-tone,15,10,7,2.0191327686706306
4,"[14, 11, 7]",two-tone,16,11,8,2.0468823663884685
