,flop,board_type,0b,1b,2b,profit
0,"[14, 10, 5]",two-tone,1,1,1,1.4588012087976638
1,"[14, 10, 5]",two-tone,2,2,2,1.4601985328863452
2,"[14, 10, 5]",two-tone,3,2,2,1.653566268654337
3,"[14, 10, 5]",two-tone,4,3,2,1.9292243867984695
4,"[14, 10, 5]",two-tone,8,6,4,2.103694331364125
5,"[14, 10, 5]",two-tone,10,7,5,2.1098216002534236
6,"[14, 10, 5]",two-tone,15,10,7,2.2690210232780617
7,"[14, 10, 5]",two-tone,16,11,8,2.3105751407676562
