,flop,board_type,0b,1b,2b,profit
0,"[14, 9, 8]",two-tone,1,1,1,1.1579155153885095
1,"[14, 9, 8]",two-tone,2,2,2,1.2503976808757633
2,"[14, 9, 8]",two-tone,3,2,2,1.414022822090746
3,"[14, 9, 8]",two-tone,4,3,2,1.5878030783540231
4,"[14, 9, 8]",two-tone,8,6,4,1.79341831638592
5,"[14, 9, 8]",two-tone,10,7,5,1.8614802813280003
6,"[14, 9, 8]",two-tone,15,10,7,2.201162038505709
7,"[14, 9, 8]",two-tone,16,11,8,2.2172105930911443
