,flop,board_type,0b,1b,2b,profit
0,"[14, 9, 7]",two-tone,1,1,1,1.101410906925473
1,"[14, 9, 7]",two-tone,2,2,2,1.1027140027535314
2,"[14, 9, 7]",two-tone,3,2,2,1.145417691654451
3,"[14, 9, 7]",two-tone,4,3,2,1.1991366994736141
4,"[14, 9, 7]",two-tone,8,6,4,1.4615559416078094
5,"[14, 9, 7]",two-tone,10,7,5,1.594099550478078
6,"[14, 9, 7]",two-tone,15,10,7,1.8942715928663045
7,"[14, 9, 7]",two-tone,16,11,8,1.9844117817863807
