,flop,board_type,0b,1b,2b,profit
0,"[14, 9, 6]",two-tone,1,1,1,1.202396583291875
1,"[14, 9, 6]",two-tone,2,2,2,1.2491385223181337
2,"[14, 9, 6]",two-tone,3,2,2,1.2516179762725683
3,"[14, 9, 6]",two-tone,4,3,2,1.2708140975915923
4,"[14, 9, 6]",two-tone,8,6,4,1.4549127112875593
5,"[14, 9, 6]",two-tone,10,7,5,1.509764499850916
6,"[14, 9, 6]",two-tone,15,10,7,1.883807950639167
7,"[14, 9, 6]",two-tone,16,11,8,1.9664972168613268
