,flop,board_type,0b,1b,2b,profit
0,"[14, 8, 7]",two-tone,1,1,1,1.1167107248274046
1,"[14, 8, 7]",two-tone,2,2,2,1.2148117945246237
2,"[14, 8, 7]",two-tone,3,2,2,1.262762413876652
3,"[14, 8, 7]",two-tone,4,3,2,1.3155547689164313
4,"[14, 8, 7]",two-tone,8,6,4,1.6140465238830628
5,"[14, 8, 7]",two-tone,10,7,5,1.7624025598823065
6,"[14, 8, 7]",two-tone,15,10,7,2.0894357309800116
7,"[14, 8, 7]",two-tone,16,11,8,2.2084358215694655
