,flop,board_type,0b,1b,2b,profit
0,"[14, 8, 6]",two-tone,1,1,1,1.1683892133150189
1,"[14, 8, 6]",two-tone,8,6,4,1.4134878843652974
2,"[14, 8, 6]",two-tone,10,7,5,1.4768546460653156
3,"[14, 8, 6]",two-tone,15,10,7,1.9011968449534273
4,"[14, 8, 6]",two-tone,16,11,8,2.043560771567209
