,flop,board_type,0b,1b,2b,profit
0,"[14, 7, 7]",two-tone,1,1,1,1.261779017097171
1,"[14, 7, 7]",two-tone,2,2,2,1.2627018350817076
2,"[14, 7, 7]",two-tone,8,6,4,1.583763452319452
3,"[14, 7, 7]",two-tone,10,7,5,1.7852055461869623
4,"[14, 7, 7]",two-tone,15,10,7,2.055067429344579
5,"[14, 7, 7]",two-tone,16,11,8,2.185592606519065
