,flop,board_type,0b,1b,2b,profit
0,"[14, 7, 6]",two-tone,1,1,1,1.1990229319676946
1,"[14, 7, 6]",two-tone,2,2,2,1.2449354038130203
2,"[14, 7, 6]",two-tone,3,2,2,1.2730159466079298
3,"[14, 7, 6]",two-tone,4,3,2,1.2998206558296626
4,"[14, 7, 6]",two-tone,8,6,4,1.502070373350465
5,"[14, 7, 6]",two-tone,10,7,5,1.5748741580420953
6,"[14, 7, 6]",two-tone,15,10,7,2.004641410680372
7,"[14, 7, 6]",two-tone,16,11,8,2.151808345932452
