,flop,board_type,0b,1b,2b,profit
0,"[14, 6, 6]",two-tone,1,1,1,1.4256885392126528
1,"[14, 6, 6]",two-tone,8,6,4,1.6408026372099018
2,"[14, 6, 6]",two-tone,10,7,5,1.687757633780299
3,"[14, 6, 6]",two-tone,15,10,7,2.0960325940691074
4,"[14, 6, 6]",two-tone,16,11,8,2.236469650421179
