,flop,board_type,0b,1b,2b,profit
0,"[14, 6, 2]",two-tone,1,1,1,1.4564487795820116
1,"[14, 6, 2]",two-tone,2,2,2,1.457096869034903
2,"[14, 6, 2]",two-tone,8,6,4,1.6128477362201943
3,"[14, 6, 2]",two-tone,10,7,5,1.6656170937765071
4,"[14, 6, 2]",two-tone,15,10,7,1.8954799586252395
5,"[14, 6, 2]",two-tone,16,11,8,2.0518964463730325
