,flop,board_type,0b,1b,2b,profit
0,"[14, 5, 5]",two-tone,1,1,1,1.435330378869968
1,"[14, 5, 5]",two-tone,2,2,2,1.4369059293768367
2,"[14, 5, 5]",two-tone,3,2,2,1.4377368087344442
3,"[14, 5, 5]",two-tone,4,3,2,1.465730336669897
4,"[14, 5, 5]",two-tone,8,6,4,1.6503919256549295
5,"[14, 5, 5]",two-tone,10,7,5,1.6989673559839709
6,"[14, 5, 5]",two-tone,15,10,7,2.0613597393234575
7,"[14, 5, 5]",two-tone,16,11,8,2.216672543306106
