,flop,board_type,0b,1b,2b,profit
0,"[14, 4, 3]",two-tone,1,1,1,1.4929723422867514
1,"[14, 4, 3]",two-tone,2,2,2,1.540593281594071
2,"[14, 4, 3]",two-tone,3,2,2,1.598903910393981
3,"[14, 4, 3]",two-tone,4,3,2,1.67386212398291
4,"[14, 4, 3]",two-tone,8,6,4,1.7892441001134303
5,"[14, 4, 3]",two-tone,10,7,5,1.836258881609196
6,"[14, 4, 3]",two-tone,15,10,7,2.0875118103107986
7,"[14, 4, 3]",two-tone,16,11,8,2.2586942406117663
