,flop,board_type,0b,1b,2b,profit
0,"[14, 4, 2]",two-tone,1,1,1,1.545642959988395
1,"[14, 4, 2]",two-tone,2,2,2,1.5470387602122022
2,"[14, 4, 2]",two-tone,3,2,2,1.5701949625580238
3,"[14, 4, 2]",two-tone,4,3,2,1.5975170247347474
4,"[14, 4, 2]",two-tone,8,6,4,1.718854501931366
5,"[14, 4, 2]",two-tone,10,7,5,1.7675011110245356
6,"[14, 4, 2]",two-tone,15,10,7,2.020189958115053
7,"[14, 4, 2]",two-tone,16,11,8,2.2069687121269896
