,flop,board_type,0b,1b,2b,profit
0,"[14, 2, 2]",two-tone,1,1,1,1.6267326528289718
1,"[14, 2, 2]",two-tone,2,2,2,1.628258352290755
2,"[14, 2, 2]",two-tone,8,6,4,1.760593176576469
3,"[14, 2, 2]",two-tone,10,7,5,1.8097524748461709
4,"[14, 2, 2]",two-tone,15,10,7,2.033418558393506
5,"[14, 2, 2]",two-tone,16,11,8,2.2252904390421824
