,flop,board_type,0b,1b,2b,profit
0,"[13, 13, 11]",two-tone,1,1,1,0.8247128248734705
1,"[13, 13, 11]",two-tone,2,2,2,0.8716833278808215
2,"[13, 13, 11]",two-tone,3,2,2,0.9084512879733877
3,"[13, 13, 11]",two-tone,4,3,2,0.9684616111648807
4,"[13, 13, 11]",two-tone,8,6,4,1.1769061187009877
5,"[13, 13, 11]",two-tone,10,7,5,1.2060170019002403
6,"[13, 13, 11]",two-tone,15,10,7,1.6360550773618059
7,"[13, 13, 11]",two-tone,16,11,8,1.697991615566133
