,flop,board_type,0b,1b,2b,profit
0,"[13, 11, 10]",two-tone,1,1,1,1.9442846879694118
1,"[13, 11, 10]",two-tone,2,2,2,2.0045256891744194
2,"[13, 11, 10]",two-tone,3,2,2,2.04967511721278
3,"[13, 11, 10]",two-tone,4,3,2,2.1816318750907993
4,"[13, 11, 10]",two-tone,8,6,4,2.3120089491542357
5,"[13, 11, 10]",two-tone,10,7,5,2.3274734303774878
6,"[13, 11, 10]",two-tone,15,10,7,2.756950173362367
7,"[13, 11, 10]",two-tone,16,11,8,2.7804438757283236
