,flop,board_type,0b,1b,2b,profit
0,"[13, 11, 3]",two-tone,1,1,1,1.0462901713007904
1,"[13, 11, 3]",two-tone,2,2,2,1.0889324067531372
2,"[13, 11, 3]",two-tone,3,2,2,1.1339694861049334
3,"[13, 11, 3]",two-tone,4,3,2,1.1724448232731612
4,"[13, 11, 3]",two-tone,8,6,4,1.2431327196709472
5,"[13, 11, 3]",two-tone,15,10,7,1.3145843295457866
6,"[13, 11, 3]",two-tone,16,11,8,1.3860518900991867
