,flop,board_type,0b,1b,2b,profit
0,"[13, 9, 8]",two-tone,1,1,1,0.643508160358879
1,"[13, 9, 8]",two-tone,2,2,2,0.7430499174363743
2,"[13, 9, 8]",two-tone,3,2,2,0.9227120773901437
3,"[13, 9, 8]",two-tone,4,3,2,1.0860716105137738
4,"[13, 9, 8]",two-tone,8,6,4,1.2355357200409878
5,"[13, 9, 8]",two-tone,10,7,5,1.2361952926651418
6,"[13, 9, 8]",two-tone,15,10,7,1.522773312782385
7,"[13, 9, 8]",two-tone,16,11,8,1.5242520548875227
