,flop,board_type,0b,1b,2b,profit
0,"[13, 9, 7]",two-tone,1,1,1,0.5914866505453502
1,"[13, 9, 7]",two-tone,2,2,2,0.6368187434151359
2,"[13, 9, 7]",two-tone,3,2,2,0.8190675650473592
3,"[13, 9, 7]",two-tone,4,3,2,0.9860637068527556
4,"[13, 9, 7]",two-tone,8,6,4,1.1137420484644087
5,"[13, 9, 7]",two-tone,15,10,7,1.357949308338117
