,flop,board_type,0b,1b,2b,profit
0,"[13, 9, 4]",two-tone,1,1,1,0.8271061354602254
1,"[13, 9, 4]",two-tone,2,2,2,0.8285442404413585
2,"[13, 9, 4]",two-tone,3,2,2,0.9823385209637514
3,"[13, 9, 4]",two-tone,4,3,2,1.173799932022455
4,"[13, 9, 4]",two-tone,8,6,4,1.2985878449802055
5,"[13, 9, 4]",two-tone,10,7,5,1.299450729130583
6,"[13, 9, 4]",two-tone,15,10,7,1.3961157005072375
7,"[13, 9, 4]",two-tone,16,11,8,1.4133124015588274
