,flop,board_type,0b,1b,2b,profit
0,"[13, 8, 4]",two-tone,1,1,1,0.7927693903551901
1,"[13, 8, 4]",two-tone,8,6,4,1.2626337111321508
2,"[13, 8, 4]",two-tone,15,10,7,1.3801563448248486
3,"[13, 8, 4]",two-tone,16,11,8,1.4395675390037568
