,flop,board_type,0b,1b,2b,profit
0,"[13, 6, 6]",two-tone,1,1,1,0.8856347346299641
1,"[13, 6, 6]",two-tone,8,6,4,1.2861541085559565
2,"[13, 6, 6]",two-tone,10,7,5,1.3376507751774969
3,"[13, 6, 6]",two-tone,15,10,7,1.5086629739951865
4,"[13, 6, 6]",two-tone,16,11,8,1.5864812039154632
