,flop,board_type,0b,1b,2b,profit
0,"[13, 6, 3]",two-tone,1,1,1,0.9055598737851762
1,"[13, 6, 3]",two-tone,8,6,4,1.2543620869107142
2,"[13, 6, 3]",two-tone,10,7,5,1.2564019722429498
3,"[13, 6, 3]",two-tone,15,10,7,1.3452494573176441
4,"[13, 6, 3]",two-tone,16,11,8,1.4326596268265788
