,flop,board_type,0b,1b,2b,profit
0,"[12, 12, 9]",two-tone,1,1,1,0.7451178862174482
1,"[12, 12, 9]",two-tone,2,2,2,0.7927626191719355
2,"[12, 12, 9]",two-tone,3,2,2,0.8931869761029845
3,"[12, 12, 9]",two-tone,4,3,2,1.092571432362808
4,"[12, 12, 9]",two-tone,8,6,4,1.2879678653065196
5,"[12, 12, 9]",two-tone,10,7,5,1.3117905100195255
6,"[12, 12, 9]",two-tone,15,10,7,1.66406690834802
7,"[12, 12, 9]",two-tone,16,11,8,1.6903153654822891
