,flop,board_type,0b,1b,2b,profit
0,"[12, 12, 8]",two-tone,1,1,1,0.735098285231164
1,"[12, 12, 8]",two-tone,2,2,2,0.7368929564409228
2,"[12, 12, 8]",two-tone,3,2,2,0.7892668506195639
3,"[12, 12, 8]",two-tone,4,3,2,0.982671798188677
4,"[12, 12, 8]",two-tone,8,6,4,1.3328744489015976
5,"[12, 12, 8]",two-tone,10,7,5,1.3683744934568889
6,"[12, 12, 8]",two-tone,15,10,7,1.6918941424696505
7,"[12, 12, 8]",two-tone,16,11,8,1.7490794560900036
