,flop,board_type,0b,1b,2b,profit
0,"[12, 12, 5]",two-tone,1,1,1,0.7596566492810108
1,"[12, 12, 5]",two-tone,8,6,4,1.2056713416750289
2,"[12, 12, 5]",two-tone,10,7,5,1.2619874411345116
3,"[12, 12, 5]",two-tone,15,10,7,1.456240651916152
4,"[12, 12, 5]",two-tone,16,11,8,1.5491318734473278
