,flop,board_type,0b,1b,2b,profit
0,"[12, 12, 3]",two-tone,1,1,1,0.8319523636771626
1,"[12, 12, 3]",two-tone,2,2,2,0.8324219967447235
2,"[12, 12, 3]",two-tone,3,2,2,0.8328467511290962
3,"[12, 12, 3]",two-tone,4,3,2,0.9135145597780812
4,"[12, 12, 3]",two-tone,8,6,4,1.1925009336113568
5,"[12, 12, 3]",two-tone,10,7,5,1.2032076954196103
6,"[12, 12, 3]",two-tone,15,10,7,1.3644448902804234
7,"[12, 12, 3]",two-tone,16,11,8,1.4810218039500853
