,flop,board_type,0b,1b,2b,profit
0,"[12, 11, 6]",two-tone,1,1,1,0.9315225325440532
1,"[12, 11, 6]",two-tone,2,2,2,1.0214033552312776
2,"[12, 11, 6]",two-tone,3,2,2,1.070375729735683
3,"[12, 11, 6]",two-tone,4,3,2,1.1477635182819386
4,"[12, 11, 6]",two-tone,8,6,4,1.2689841449339205
5,"[12, 11, 6]",two-tone,10,7,5,1.2712230493942736
6,"[12, 11, 6]",two-tone,15,10,7,1.4608900103524232
7,"[12, 11, 6]",two-tone,16,11,8,1.4639874712004406
