,flop,board_type,0b,1b,2b,profit
0,"[12, 11, 3]",two-tone,1,1,1,1.072484992007756
1,"[12, 11, 3]",two-tone,2,2,2,1.1579897736915856
2,"[12, 11, 3]",two-tone,3,2,2,1.2042398815665127
3,"[12, 11, 3]",two-tone,4,3,2,1.2493966469399729
4,"[12, 11, 3]",two-tone,8,6,4,1.3043855956788115
5,"[12, 11, 3]",two-tone,15,10,7,1.3723768691911622
6,"[12, 11, 3]",two-tone,16,11,8,1.426045337222186
