,flop,board_type,0b,1b,2b,profit
0,"[12, 9, 9]",two-tone,1,1,1,0.8528958009308512
1,"[12, 9, 9]",two-tone,2,2,2,0.9026255580960575
2,"[12, 9, 9]",two-tone,3,2,2,1.0059606303895494
3,"[12, 9, 9]",two-tone,4,3,2,1.1840829304990614
4,"[12, 9, 9]",two-tone,8,6,4,1.3764612858494993
5,"[12, 9, 9]",two-tone,10,7,5,1.3982187049593238
6,"[12, 9, 9]",two-tone,15,10,7,1.7180950837531284
7,"[12, 9, 9]",two-tone,16,11,8,1.749303215847935
