,flop,board_type,0b,1b,2b,profit
0,"[12, 8, 5]",two-tone,1,1,1,0.7408989104607895
1,"[12, 8, 5]",two-tone,2,2,2,0.7888923102165961
2,"[12, 8, 5]",two-tone,3,2,2,0.861938553021024
3,"[12, 8, 5]",two-tone,4,3,2,1.0613226375546527
4,"[12, 8, 5]",two-tone,8,6,4,1.2526874216510593
5,"[12, 8, 5]",two-tone,10,7,5,1.2721254825529476
6,"[12, 8, 5]",two-tone,15,10,7,1.4587001611863937
7,"[12, 8, 5]",two-tone,16,11,8,1.4904962013969425
