,flop,board_type,0b,1b,2b,profit
0,"[12, 8, 4]",two-tone,1,1,1,0.8140227734976322
1,"[12, 8, 4]",two-tone,8,6,4,1.3371379822704488
2,"[12, 8, 4]",two-tone,10,7,5,1.3554880750471288
3,"[12, 8, 4]",two-tone,15,10,7,1.489521202820053
4,"[12, 8, 4]",two-tone,16,11,8,1.5232483817370914
