,flop,board_type,0b,1b,2b,profit
0,"[12, 7, 5]",two-tone,1,1,1,0.7270914642250232
1,"[12, 7, 5]",two-tone,8,6,4,1.1626722959375972
2,"[12, 7, 5]",two-tone,10,7,5,1.1981666260667598
3,"[12, 7, 5]",two-tone,15,10,7,1.3858694651097105
4,"[12, 7, 5]",two-tone,16,11,8,1.4490911815950827
