,flop,board_type,0b,1b,2b,profit
0,"[12, 7, 4]",two-tone,1,1,1,0.7900064131445361
1,"[12, 7, 4]",two-tone,2,2,2,0.8430575697544918
2,"[12, 7, 4]",two-tone,8,6,4,1.244883016940992
3,"[12, 7, 4]",two-tone,10,7,5,1.263603235600234
4,"[12, 7, 4]",two-tone,15,10,7,1.4172961737509229
5,"[12, 7, 4]",two-tone,16,11,8,1.479170752028981
