,flop,board_type,0b,1b,2b,profit
0,"[12, 4, 4]",two-tone,1,1,1,0.9908909588122045
1,"[12, 4, 4]",two-tone,2,2,2,0.9918455861530832
2,"[12, 4, 4]",two-tone,3,2,2,0.9919972749402018
3,"[12, 4, 4]",two-tone,4,3,2,1.1131477766758064
4,"[12, 4, 4]",two-tone,8,6,4,1.3833268330319117
5,"[12, 4, 4]",two-tone,10,7,5,1.3954567693833497
6,"[12, 4, 4]",two-tone,15,10,7,1.5608833003033662
7,"[12, 4, 4]",two-tone,16,11,8,1.6625274404643833
