,flop,board_type,0b,1b,2b,profit
0,"[12, 4, 3]",two-tone,1,1,1,1.0677758983402488
1,"[12, 4, 3]",two-tone,2,2,2,1.1124688466113417
2,"[12, 4, 3]",two-tone,3,2,2,1.1418746962655602
3,"[12, 4, 3]",two-tone,4,3,2,1.2595444804979257
4,"[12, 4, 3]",two-tone,8,6,4,1.4800095423928075
5,"[12, 4, 3]",two-tone,10,7,5,1.496363323789765
6,"[12, 4, 3]",two-tone,15,10,7,1.6058033411249422
7,"[12, 4, 3]",two-tone,16,11,8,1.6982630631627478
