,flop,board_type,0b,1b,2b,profit
0,"[12, 3, 3]",two-tone,1,1,1,1.0526141467401378
1,"[12, 3, 3]",two-tone,8,6,4,1.3835505088208886
2,"[12, 3, 3]",two-tone,10,7,5,1.3944664708089554
3,"[12, 3, 3]",two-tone,15,10,7,1.5194015759413197
4,"[12, 3, 3]",two-tone,16,11,8,1.6357352736068471
