,flop,board_type,0b,1b,2b,profit
0,"[11, 11, 9]",two-tone,1,1,1,0.7708729875790234
1,"[11, 11, 9]",two-tone,2,2,2,0.8213037035260327
2,"[11, 11, 9]",two-tone,3,2,2,0.8567820442043241
3,"[11, 11, 9]",two-tone,4,3,2,0.9236482789014404
4,"[11, 11, 9]",two-tone,8,6,4,1.0695570795003302
5,"[11, 11, 9]",two-tone,10,7,5,1.0914335062371254
6,"[11, 11, 9]",two-tone,15,10,7,1.448791007943124
7,"[11, 11, 9]",two-tone,16,11,8,1.4766930637297402
