,flop,board_type,0b,1b,2b,profit
0,"[11, 10, 5]",two-tone,1,1,1,0.9799642518932707
1,"[11, 10, 5]",two-tone,2,2,2,1.07281228821767
2,"[11, 10, 5]",two-tone,3,2,2,1.1214258105457937
3,"[11, 10, 5]",two-tone,4,3,2,1.1966697978654144
4,"[11, 10, 5]",two-tone,8,6,4,1.2952307428641996
5,"[11, 10, 5]",two-tone,15,10,7,1.4396837627046728
