,flop,board_type,0b,1b,2b,profit
0,"[11, 10, 4]",two-tone,1,1,1,1.0440868515629498
1,"[11, 10, 4]",two-tone,2,2,2,1.1338414129909726
2,"[11, 10, 4]",two-tone,3,2,2,1.1813252179943343
3,"[11, 10, 4]",two-tone,4,3,2,1.2569967248439453
4,"[11, 10, 4]",two-tone,8,6,4,1.3373676421492369
5,"[11, 10, 4]",two-tone,10,7,5,1.3442106101555746
6,"[11, 10, 4]",two-tone,15,10,7,1.439117560306828
7,"[11, 10, 4]",two-tone,16,11,8,1.455961235542111
