,flop,board_type,0b,1b,2b,profit
0,"[11, 9, 5]",two-tone,1,1,1,0.8172027372065637
1,"[11, 9, 5]",two-tone,2,2,2,0.9126552599544635
2,"[11, 9, 5]",two-tone,3,2,2,0.961242725034152
3,"[11, 9, 5]",two-tone,4,3,2,1.0080908952280754
4,"[11, 9, 5]",two-tone,8,6,4,1.0861792064002516
5,"[11, 9, 5]",two-tone,10,7,5,1.0870862827918666
6,"[11, 9, 5]",two-tone,15,10,7,1.2351877749265916
