,flop,board_type,0b,1b,2b,profit
0,"[11, 7, 6]",two-tone,1,1,1,0.7664093538500145
1,"[11, 7, 6]",two-tone,2,2,2,0.8140228696375074
2,"[11, 7, 6]",two-tone,3,2,2,0.8392370429626843
3,"[11, 7, 6]",two-tone,4,3,2,0.890394504666447
4,"[11, 7, 6]",two-tone,8,6,4,1.0416375661066932
5,"[11, 7, 6]",two-tone,10,7,5,1.0644677266324722
6,"[11, 7, 6]",two-tone,15,10,7,1.2928539307640425
7,"[11, 7, 6]",two-tone,16,11,8,1.3428099004595864
