,flop,board_type,0b,1b,2b,profit
0,"[11, 5, 2]",two-tone,1,1,1,1.0918424625449639
1,"[11, 5, 2]",two-tone,2,2,2,1.0921458133468225
2,"[11, 5, 2]",two-tone,3,2,2,1.0958227311001199
3,"[11, 5, 2]",two-tone,4,3,2,1.1431072442970622
4,"[11, 5, 2]",two-tone,8,6,4,1.265646597684353
5,"[11, 5, 2]",two-tone,10,7,5,1.280235659202638
6,"[11, 5, 2]",two-tone,15,10,7,1.3467911319169665
7,"[11, 5, 2]",two-tone,16,11,8,1.4227211226618706
