,flop,board_type,0b,1b,2b,profit
0,"[11, 4, 4]",two-tone,1,1,1,1.043322348754448
1,"[11, 4, 4]",two-tone,2,2,2,1.0455672292967153
2,"[11, 4, 4]",two-tone,8,6,4,1.2595536048290648
3,"[11, 4, 4]",two-tone,10,7,5,1.2951123416151331
4,"[11, 4, 4]",two-tone,15,10,7,1.4308912345983313
5,"[11, 4, 4]",two-tone,16,11,8,1.519428934440814
