,flop,board_type,0b,1b,2b,profit
0,"[11, 4, 3]",two-tone,1,1,1,1.127703958944214
1,"[11, 4, 3]",two-tone,2,2,2,1.173270262840019
2,"[11, 4, 3]",two-tone,3,2,2,1.1968153893268791
3,"[11, 4, 3]",two-tone,4,3,2,1.2400849165514063
4,"[11, 4, 3]",two-tone,8,6,4,1.3565854106731208
5,"[11, 4, 3]",two-tone,10,7,5,1.3747285936145688
6,"[11, 4, 3]",two-tone,15,10,7,1.479322292162287
7,"[11, 4, 3]",two-tone,16,11,8,1.5560305720608578
