,flop,board_type,0b,1b,2b,profit
0,"[10, 10, 4]",two-tone,1,1,1,0.6310761134211033
1,"[10, 10, 4]",two-tone,2,2,2,0.6324950372106479
2,"[10, 10, 4]",two-tone,3,2,2,0.633173781240355
3,"[10, 10, 4]",two-tone,4,3,2,0.7747766164990836
4,"[10, 10, 4]",two-tone,8,6,4,1.1077504887213059
5,"[10, 10, 4]",two-tone,10,7,5,1.2231463301034429
6,"[10, 10, 4]",two-tone,15,10,7,1.5113501906032982
7,"[10, 10, 4]",two-tone,16,11,8,1.5713242927758486
