,flop,board_type,0b,1b,2b,profit
0,"[10, 9, 6]",two-tone,1,1,1,0.8071721154969165
1,"[10, 9, 6]",two-tone,2,2,2,1.0782221954765911
2,"[10, 9, 6]",two-tone,3,2,2,1.1775254729317357
3,"[10, 9, 6]",two-tone,4,3,2,1.3545638138148308
4,"[10, 9, 6]",two-tone,8,6,4,1.4343380070227085
5,"[10, 9, 6]",two-tone,10,7,5,1.4345174474908888
6,"[10, 9, 6]",two-tone,15,10,7,1.6517434038638916
7,"[10, 9, 6]",two-tone,16,11,8,1.6548284095269135
