,flop,board_type,0b,1b,2b,profit
0,"[10, 8, 5]",two-tone,1,1,1,0.6796538979644305
1,"[10, 8, 5]",two-tone,2,2,2,0.7762935303445044
2,"[10, 8, 5]",two-tone,3,2,2,0.9271542940120074
3,"[10, 8, 5]",two-tone,4,3,2,1.066540894365132
4,"[10, 8, 5]",two-tone,8,6,4,1.1403065260155165
5,"[10, 8, 5]",two-tone,10,7,5,1.2855214324261994
6,"[10, 8, 5]",two-tone,15,10,7,1.5678027216782107
7,"[10, 8, 5]",two-tone,16,11,8,1.5839569232351338
