,flop,board_type,0b,1b,2b,profit
0,"[10, 7, 6]",two-tone,1,1,1,0.6970910529870351
1,"[10, 7, 6]",two-tone,2,2,2,0.7011765389863953
2,"[10, 7, 6]",two-tone,3,2,2,0.7630866724614725
3,"[10, 7, 6]",two-tone,4,3,2,0.9902236715165158
4,"[10, 7, 6]",two-tone,8,6,4,1.3067701074609859
5,"[10, 7, 6]",two-tone,10,7,5,1.445745994524812
6,"[10, 7, 6]",two-tone,15,10,7,1.7600677942357668
7,"[10, 7, 6]",two-tone,16,11,8,1.7602115873528719
