,flop,board_type,0b,1b,2b,profit
0,"[10, 6, 2]",two-tone,1,1,1,0.8962776454726299
1,"[10, 6, 2]",two-tone,8,6,4,1.2902991434760185
2,"[10, 6, 2]",two-tone,10,7,5,1.412698820334488
3,"[10, 6, 2]",two-tone,15,10,7,1.5582542769910857
4,"[10, 6, 2]",two-tone,16,11,8,1.5874416773557805
