,flop,board_type,0b,1b,2b,profit
0,"[10, 5, 2]",two-tone,1,1,1,0.9915624798502659
1,"[10, 5, 2]",two-tone,2,2,2,0.992331059571855
2,"[10, 5, 2]",two-tone,3,2,2,0.9947708044978653
3,"[10, 5, 2]",two-tone,4,3,2,1.1653250691861146
4,"[10, 5, 2]",two-tone,8,6,4,1.3946365726443235
5,"[10, 5, 2]",two-tone,10,7,5,1.5081282764520092
6,"[10, 5, 2]",two-tone,15,10,7,1.6586038555740774
7,"[10, 5, 2]",two-tone,16,11,8,1.7065949834766334
