,flop,board_type,0b,1b,2b,profit
0,"[9, 9, 3]",two-tone,1,1,1,1.064166301803104
1,"[9, 9, 3]",two-tone,2,2,2,1.0677506147160296
2,"[9, 9, 3]",two-tone,8,6,4,1.264351851094044
3,"[9, 9, 3]",two-tone,10,7,5,1.4117413199146516
4,"[9, 9, 3]",two-tone,15,10,7,1.6541662647819058
5,"[9, 9, 3]",two-tone,16,11,8,1.6989849291144032
