,flop,board_type,0b,1b,2b,profit
0,"[9, 8, 4]",two-tone,1,1,1,0.9534724088259113
1,"[9, 8, 4]",two-tone,2,2,2,1.0273320425563912
2,"[9, 8, 4]",two-tone,3,2,2,1.2327579908849045
3,"[9, 8, 4]",two-tone,4,3,2,1.3193393377443612
4,"[9, 8, 4]",two-tone,8,6,4,1.3741554959976865
5,"[9, 8, 4]",two-tone,10,7,5,1.5505983911162522
6,"[9, 8, 4]",two-tone,15,10,7,1.7046956177559283
