,flop,board_type,0b,1b,2b,profit
0,"[9, 7, 5]",two-tone,1,1,1,0.8981786079554055
1,"[9, 7, 5]",two-tone,2,2,2,0.8998667857743242
2,"[9, 7, 5]",two-tone,3,2,2,0.9231290195121623
3,"[9, 7, 5]",two-tone,4,3,2,0.9481026426445947
4,"[9, 7, 5]",two-tone,8,6,4,1.1029317301256754
5,"[9, 7, 5]",two-tone,10,7,5,1.3437025151472972
6,"[9, 7, 5]",two-tone,15,10,7,1.7082821481770272
