,flop,board_type,0b,1b,2b,profit
0,"[9, 7, 3]",two-tone,1,1,1,0.9695640188432622
1,"[9, 7, 3]",two-tone,2,2,2,1.0086854764083288
2,"[9, 7, 3]",two-tone,3,2,2,1.0391993890572588
3,"[9, 7, 3]",two-tone,4,3,2,1.049453952203586
4,"[9, 7, 3]",two-tone,8,6,4,1.1670380251185657
5,"[9, 7, 3]",two-tone,10,7,5,1.3663581545864663
6,"[9, 7, 3]",two-tone,15,10,7,1.5889198745401965
7,"[9, 7, 3]",two-tone,16,11,8,1.588974690294968
