,flop,board_type,0b,1b,2b,profit
0,"[9, 6, 5]",two-tone,1,1,1,1.0444042813054095
1,"[9, 6, 5]",two-tone,8,6,4,1.2314836873692734
2,"[9, 6, 5]",two-tone,10,7,5,1.4475628312257793
3,"[9, 6, 5]",two-tone,15,10,7,1.7890894678538252
4,"[9, 6, 5]",two-tone,16,11,8,1.8052583387143655
