,flop,board_type,0b,1b,2b,profit
0,"[9, 6, 2]",two-tone,1,1,1,1.1671551014996866
1,"[9, 6, 2]",two-tone,2,2,2,1.2009054368905745
2,"[9, 6, 2]",two-tone,3,2,2,1.2025274833922566
3,"[9, 6, 2]",two-tone,4,3,2,1.229704777784114
4,"[9, 6, 2]",two-tone,8,6,4,1.3245766534755092
5,"[9, 6, 2]",two-tone,10,7,5,1.4834500273136797
6,"[9, 6, 2]",two-tone,15,10,7,1.6653763427039976
7,"[9, 6, 2]",two-tone,16,11,8,1.6732819568341228
