,flop,board_type,0b,1b,2b,profit
0,"[9, 5, 5]",two-tone,1,1,1,1.17940758528169
1,"[9, 5, 5]",two-tone,2,2,2,1.1830848956619715
2,"[9, 5, 5]",two-tone,3,2,2,1.231882556197183
3,"[9, 5, 5]",two-tone,4,3,2,1.2847555568450704
4,"[9, 5, 5]",two-tone,8,6,4,1.4418513672535218
5,"[9, 5, 5]",two-tone,10,7,5,1.6258773056197182
6,"[9, 5, 5]",two-tone,15,10,7,1.8939540232112675
7,"[9, 5, 5]",two-tone,16,11,8,1.9046961794929576
