,flop,board_type,0b,1b,2b,profit
0,"[9, 3, 3]",two-tone,1,1,1,1.3186003847619048
1,"[9, 3, 3]",two-tone,2,2,2,1.3201015544608647
2,"[9, 3, 3]",two-tone,3,2,2,1.3221571683524904
3,"[9, 3, 3]",two-tone,4,3,2,1.3427797431746034
4,"[9, 3, 3]",two-tone,8,6,4,1.5132643236672139
5,"[9, 3, 3]",two-tone,10,7,5,1.6654133709469074
6,"[9, 3, 3]",two-tone,15,10,7,1.8699667901915709
7,"[9, 3, 3]",two-tone,16,11,8,1.913310771264368
