,flop,board_type,0b,1b,2b,profit
0,"[8, 7, 5]",two-tone,1,1,1,0.8342713852551238
1,"[8, 7, 5]",two-tone,2,2,2,0.926894419031802
2,"[8, 7, 5]",two-tone,3,2,2,1.047550550138516
3,"[8, 7, 5]",two-tone,4,3,2,1.152976374925795
4,"[8, 7, 5]",two-tone,8,6,4,1.2903942419448766
5,"[8, 7, 5]",two-tone,10,7,5,1.4575219595533568
6,"[8, 7, 5]",two-tone,15,10,7,1.702071807471378
7,"[8, 7, 5]",two-tone,16,11,8,1.7785342284070673
