,flop,board_type,0b,1b,2b,profit
0,"[8, 7, 2]",two-tone,1,1,1,0.9358224617153027
1,"[8, 7, 2]",two-tone,2,2,2,1.0145580024911032
2,"[8, 7, 2]",two-tone,3,2,2,1.068172426879715
3,"[8, 7, 2]",two-tone,4,3,2,1.0938118258434164
4,"[8, 7, 2]",two-tone,8,6,4,1.1964002458434166
5,"[8, 7, 2]",two-tone,10,7,5,1.35055569264484
6,"[8, 7, 2]",two-tone,15,10,7,1.5496215869765126
7,"[8, 7, 2]",two-tone,16,11,8,1.6264456236170821
