,flop,board_type,0b,1b,2b,profit
0,"[8, 6, 6]",two-tone,1,1,1,1.1033505834823254
1,"[8, 6, 6]",two-tone,8,6,4,1.4077652205664972
2,"[8, 6, 6]",two-tone,10,7,5,1.5804799352906396
3,"[8, 6, 6]",two-tone,15,10,7,1.8429019082644684
4,"[8, 6, 6]",two-tone,16,11,8,1.9356274702391845
