,flop,board_type,0b,1b,2b,profit
0,"[8, 6, 5]",two-tone,1,1,1,0.9468392728000001
1,"[8, 6, 5]",two-tone,8,6,4,1.3482163004307692
2,"[8, 6, 5]",two-tone,10,7,5,1.5035388082461538
3,"[8, 6, 5]",two-tone,15,10,7,1.7436253134153845
4,"[8, 6, 5]",two-tone,16,11,8,1.841305929723077
