,flop,board_type,0b,1b,2b,profit
0,"[8, 4, 2]",two-tone,1,1,1,1.2260394530204362
1,"[8, 4, 2]",two-tone,2,2,2,1.264756009406283
2,"[8, 4, 2]",two-tone,3,2,2,1.2925251224807814
3,"[8, 4, 2]",two-tone,4,3,2,1.332436252873873
4,"[8, 4, 2]",two-tone,8,6,4,1.4510616774182843
5,"[8, 4, 2]",two-tone,10,7,5,1.5624448251887342
6,"[8, 4, 2]",two-tone,15,10,7,1.758048403104087
7,"[8, 4, 2]",two-tone,16,11,8,1.8738107756975553
