,flop,board_type,0b,1b,2b,profit
0,"[7, 4, 2]",two-tone,1,1,1,1.2415311941391944
1,"[7, 4, 2]",two-tone,2,2,2,1.276603398901099
2,"[7, 4, 2]",two-tone,3,2,2,1.2814845826617831
3,"[7, 4, 2]",two-tone,4,3,2,1.3081608163156293
4,"[7, 4, 2]",two-tone,8,6,4,1.4412725797313797
5,"[7, 4, 2]",two-tone,10,7,5,1.5270034703296707
6,"[7, 4, 2]",two-tone,15,10,7,1.7454581884615386
7,"[7, 4, 2]",two-tone,16,11,8,1.8927772354090353
