,flop,board_type,0b,1b,2b,profit
0,"[6, 6, 4]",two-tone,1,1,1,1.1394470685296019
1,"[6, 6, 4]",two-tone,8,6,4,1.3455329682305774
2,"[6, 6, 4]",two-tone,10,7,5,1.453272541384199
3,"[6, 6, 4]",two-tone,15,10,7,1.7351662300657906
4,"[6, 6, 4]",two-tone,16,11,8,1.89386245681926
