,flop,board_type,0b,1b,2b,profit
0,"[6, 4, 2]",two-tone,1,1,1,1.3806697777155494
1,"[6, 4, 2]",two-tone,8,6,4,1.541080980132646
2,"[6, 4, 2]",two-tone,10,7,5,1.6262419399115697
3,"[6, 4, 2]",two-tone,15,10,7,1.8563569463669864
4,"[6, 4, 2]",two-tone,16,11,8,2.0102610283271924
