,flop,board_type,0b,1b,2b,profit
0,"[6, 2, 2]",two-tone,1,1,1,1.4066649051834066
1,"[6, 2, 2]",two-tone,2,2,2,1.4070343965039347
2,"[6, 2, 2]",two-tone,8,6,4,1.5616445391396556
3,"[6, 2, 2]",two-tone,10,7,5,1.6493453305855676
4,"[6, 2, 2]",two-tone,15,10,7,1.843966844257703
5,"[6, 2, 2]",two-tone,16,11,8,1.992807103940243
