,flop,board_type,0b,1b,2b,profit
0,"[5, 5, 4]",two-tone,1,1,1,1.2878212381809822
1,"[5, 5, 4]",two-tone,2,2,2,1.3272079011895768
2,"[5, 5, 4]",two-tone,3,2,2,1.3542385300704525
3,"[5, 5, 4]",two-tone,4,3,2,1.3702191456716433
4,"[5, 5, 4]",two-tone,8,6,4,1.5275371420213322
5,"[5, 5, 4]",two-tone,10,7,5,1.6144249230894354
6,"[5, 5, 4]",two-tone,15,10,7,1.873184764573024
7,"[5, 5, 4]",two-tone,16,11,8,2.0445610274959005
