,flop,board_type,0b,1b,2b,profit
0,"[5, 5, 3]",two-tone,1,1,1,1.3021235494514585
1,"[5, 5, 3]",two-tone,8,6,4,1.4849192656923296
2,"[5, 5, 3]",two-tone,10,7,5,1.5835904958120848
3,"[5, 5, 3]",two-tone,15,10,7,1.833409141674927
4,"[5, 5, 3]",two-tone,16,11,8,1.997210286422372
