,flop,board_type,0b,1b,2b,profit
0,"[3, 2, 2]",two-tone,1,1,1,1.5995184018293156
1,"[3, 2, 2]",two-tone,8,6,4,1.7709875036103204
2,"[3, 2, 2]",two-tone,10,7,5,1.850444584552007
3,"[3, 2, 2]",two-tone,15,10,7,2.0391815829524975
4,"[3, 2, 2]",two-tone,16,11,8,2.2299334717311257
