,flop,board_type,0b,1b,2b,profit
0,"[14, 13, 8]",monotone,1,1,1,1.0444277429099316
1,"[14, 13, 8]",monotone,2,2,2,1.1298904703473132
2,"[14, 13, 8]",monotone,3,2,2,1.2044186994047623
3,"[14, 13, 8]",monotone,4,3,2,1.3799164915174023
4,"[14, 13, 8]",monotone,8,6,4,1.5007537826834865
5,"[14, 13, 8]",monotone,15,10,7,1.5633632274100773
6,"[14, 13, 8]",monotone,16,11,8,2.0398218893348625
