,flop,board_type,0b,1b,2b,profit
0,"[14, 12, 11]",monotone,1,1,1,1.3456167768184586
1,"[14, 12, 11]",monotone,2,2,2,1.7831990436440164
2,"[14, 12, 11]",monotone,3,2,2,1.8298747519310343
3,"[14, 12, 11]",monotone,4,3,2,1.9011631434918865
4,"[14, 12, 11]",monotone,8,6,4,1.902071558990872
5,"[14, 12, 11]",monotone,15,10,7,1.9832948996713997
6,"[14, 12, 11]",monotone,16,11,8,2.38818927858925
