,flop,board_type,0b,1b,2b,profit
0,"[14, 12, 7]",monotone,1,1,1,0.9973825864515413
1,"[14, 12, 7]",monotone,2,2,2,1.0811706142879864
2,"[14, 12, 7]",monotone,3,2,2,1.157745547682815
3,"[14, 12, 7]",monotone,4,3,2,1.310569093431725
4,"[14, 12, 7]",monotone,8,6,4,1.3990172696936924
5,"[14, 12, 7]",monotone,10,7,5,1.4007956458761415
6,"[14, 12, 7]",monotone,15,10,7,1.5181741714796906
7,"[14, 12, 7]",monotone,16,11,8,2.067017597107096
