,flop,board_type,0b,1b,2b,profit
0,"[14, 11, 5]",monotone,1,1,1,0.877426110457225
1,"[14, 11, 5]",monotone,8,6,4,1.2930749144556533
2,"[14, 11, 5]",monotone,10,7,5,1.2946012972540286
3,"[14, 11, 5]",monotone,15,10,7,1.3909778499410455
4,"[14, 11, 5]",monotone,16,11,8,1.919928347994236
