,flop,board_type,0b,1b,2b,profit
0,"[14, 9, 2]",monotone,1,1,1,0.7817168177467432
1,"[14, 9, 2]",monotone,2,2,2,0.7822372243250165
2,"[14, 9, 2]",monotone,3,2,2,0.8835639921480661
3,"[14, 9, 2]",monotone,4,3,2,1.0069039909210096
4,"[14, 9, 2]",monotone,8,6,4,1.1126978991693297
5,"[14, 9, 2]",monotone,10,7,5,1.114518621575918
6,"[14, 9, 2]",monotone,15,10,7,1.201218188364471
7,"[14, 9, 2]",monotone,16,11,8,1.894811871936455
