,flop,board_type,0b,1b,2b,profit
0,"[14, 6, 5]",monotone,1,1,1,1.0607747016775886
1,"[14, 6, 5]",monotone,2,2,2,1.1471837124135498
2,"[14, 6, 5]",monotone,3,2,2,1.1956057639479785
3,"[14, 6, 5]",monotone,4,3,2,1.2314778790523238
4,"[14, 6, 5]",monotone,15,10,7,1.4059490470909366
5,"[14, 6, 5]",monotone,16,11,8,2.0315217704531707
