,flop,board_type,0b,1b,2b,profit
0,"[14, 6, 3]",monotone,1,1,1,0.9603260246643304
1,"[14, 6, 3]",monotone,2,2,2,1.0002310945760509
2,"[14, 6, 3]",monotone,3,2,2,1.030738356096028
3,"[14, 6, 3]",monotone,4,3,2,1.0807679649350843
4,"[14, 6, 3]",monotone,8,6,4,1.0964765753304941
5,"[14, 6, 3]",monotone,15,10,7,1.2367319554017684
6,"[14, 6, 3]",monotone,16,11,8,1.9573690274450657
