,flop,board_type,0b,1b,2b,profit
0,"[13, 11, 6]",monotone,1,1,1,0.8891052369117649
1,"[13, 11, 6]",monotone,2,2,2,0.9581477270424839
2,"[13, 11, 6]",monotone,3,2,2,1.0463692645315903
3,"[13, 11, 6]",monotone,4,3,2,1.180997307995643
4,"[13, 11, 6]",monotone,8,6,4,1.2565498936111117
5,"[13, 11, 6]",monotone,10,7,5,1.2609252390359478
6,"[13, 11, 6]",monotone,15,10,7,1.309805865147059
7,"[13, 11, 6]",monotone,16,11,8,1.6432192322712422
