,flop,board_type,0b,1b,2b,profit
0,"[13, 10, 7]",monotone,1,1,1,0.9797160925260658
1,"[13, 10, 7]",monotone,2,2,2,1.1519609367429984
2,"[13, 10, 7]",monotone,3,2,2,1.2740336878367942
3,"[13, 10, 7]",monotone,4,3,2,1.341863863447413
4,"[13, 10, 7]",monotone,8,6,4,1.3960964156134288
5,"[13, 10, 7]",monotone,10,7,5,1.3990032231781786
6,"[13, 10, 7]",monotone,15,10,7,1.4574222228859144
7,"[13, 10, 7]",monotone,16,11,8,1.7418163158284248
