,flop,board_type,0b,1b,2b,profit
0,"[13, 10, 2]",monotone,1,1,1,0.7790121116861894
1,"[13, 10, 2]",monotone,2,2,2,0.8441811037825984
2,"[13, 10, 2]",monotone,3,2,2,0.9320523898423715
3,"[13, 10, 2]",monotone,4,3,2,1.0277729568941916
4,"[13, 10, 2]",monotone,8,6,4,1.0839077223769582
5,"[13, 10, 2]",monotone,16,11,8,1.6739211478192335
