,flop,board_type,0b,1b,2b,profit
0,"[13, 9, 8]",monotone,1,1,1,0.9914109275422682
1,"[13, 9, 8]",monotone,2,2,2,1.126683815341026
2,"[13, 9, 8]",monotone,3,2,2,1.3065192956826692
3,"[13, 9, 8]",monotone,4,3,2,1.4083660083148215
4,"[13, 9, 8]",monotone,10,7,5,1.4097052325219055
5,"[13, 9, 8]",monotone,15,10,7,1.4782061671294577
6,"[13, 9, 8]",monotone,16,11,8,1.7244598181229172
