,flop,board_type,0b,1b,2b,profit
0,"[13, 9, 5]",monotone,1,1,1,0.8932632086506622
1,"[13, 9, 5]",monotone,8,6,4,1.4008795129139076
2,"[13, 9, 5]",monotone,10,7,5,1.405636241183775
3,"[13, 9, 5]",monotone,15,10,7,1.4365570201986757
4,"[13, 9, 5]",monotone,16,11,8,1.6329467460264904
