,flop,board_type,0b,1b,2b,profit
0,"[13, 5, 2]",monotone,1,1,1,0.807954272400812
1,"[13, 5, 2]",monotone,2,2,2,0.8427105916432255
2,"[13, 5, 2]",monotone,3,2,2,0.8753058012492713
3,"[13, 5, 2]",monotone,4,3,2,0.9193736295384045
4,"[13, 5, 2]",monotone,8,6,4,1.0063775155160593
5,"[13, 5, 2]",monotone,10,7,5,1.008700295969958
6,"[13, 5, 2]",monotone,16,11,8,1.6462844694609662
