,flop,board_type,0b,1b,2b,profit
0,"[12, 11, 10]",monotone,1,1,1,1.5785362708356863
1,"[12, 11, 10]",monotone,2,2,2,1.869462550820511
2,"[12, 11, 10]",monotone,3,2,2,1.9458656060978088
3,"[12, 11, 10]",monotone,4,3,2,2.0367621421689726
4,"[12, 11, 10]",monotone,8,6,4,2.0368013962957905
5,"[12, 11, 10]",monotone,10,7,5,2.0374888220029295
6,"[12, 11, 10]",monotone,15,10,7,2.096444969275392
7,"[12, 11, 10]",monotone,16,11,8,2.339533302561671
