,flop,board_type,0b,1b,2b,profit
0,"[12, 11, 8]",monotone,1,1,1,1.4603354549857155
1,"[12, 11, 8]",monotone,2,2,2,1.5562647070179398
2,"[12, 11, 8]",monotone,3,2,2,1.6333985871976822
3,"[12, 11, 8]",monotone,4,3,2,1.7860160500023134
4,"[12, 11, 8]",monotone,8,6,4,1.8369693620262098
5,"[12, 11, 8]",monotone,15,10,7,1.8851552737580537
6,"[12, 11, 8]",monotone,16,11,8,2.1332046939669436
