,flop,board_type,0b,1b,2b,profit
0,"[12, 11, 5]",monotone,1,1,1,0.8758175103965062
1,"[12, 11, 5]",monotone,2,2,2,1.0147307727073318
2,"[12, 11, 5]",monotone,3,2,2,1.110672232175385
3,"[12, 11, 5]",monotone,4,3,2,1.2361695658303073
4,"[12, 11, 5]",monotone,8,6,4,1.3111102708636766
5,"[12, 11, 5]",monotone,15,10,7,1.375445384373344
6,"[12, 11, 5]",monotone,16,11,8,1.6718205518289337
