,flop,board_type,0b,1b,2b,profit
0,"[12, 10, 9]",monotone,1,1,1,1.3818939332889868
1,"[12, 10, 9]",monotone,2,2,2,1.5097820892585212
2,"[12, 10, 9]",monotone,3,2,2,1.6274379884558747
3,"[12, 10, 9]",monotone,4,3,2,1.8314950197879638
4,"[12, 10, 9]",monotone,8,6,4,1.8336729079995542
5,"[12, 10, 9]",monotone,15,10,7,1.8885108948281308
6,"[12, 10, 9]",monotone,16,11,8,2.092942997910194
