,flop,board_type,0b,1b,2b,profit
0,"[12, 8, 7]",monotone,1,1,1,1.0412979946666672
1,"[12, 8, 7]",monotone,2,2,2,1.1865151147804882
2,"[12, 8, 7]",monotone,3,2,2,1.346621850813008
3,"[12, 8, 7]",monotone,4,3,2,1.4742064665528458
4,"[12, 8, 7]",monotone,8,6,4,1.5038646701300815
5,"[12, 8, 7]",monotone,10,7,5,1.5047754400216804
6,"[12, 8, 7]",monotone,15,10,7,1.657977204482385
7,"[12, 8, 7]",monotone,16,11,8,1.8963155362276423
