,flop,board_type,0b,1b,2b,profit
0,"[12, 8, 2]",monotone,1,1,1,0.8870730236731426
1,"[12, 8, 2]",monotone,8,6,4,1.2993993608071497
2,"[12, 8, 2]",monotone,10,7,5,1.304190120857449
3,"[12, 8, 2]",monotone,15,10,7,1.3918024899757504
4,"[12, 8, 2]",monotone,16,11,8,1.8729391215285738
