,flop,board_type,0b,1b,2b,profit
0,"[11, 10, 3]",monotone,1,1,1,0.8291144231232186
1,"[11, 10, 3]",monotone,2,2,2,0.9287462193722945
2,"[11, 10, 3]",monotone,3,2,2,1.037955889964101
3,"[11, 10, 3]",monotone,4,3,2,1.1341035601098093
4,"[11, 10, 3]",monotone,8,6,4,1.1466368066070112
5,"[11, 10, 3]",monotone,15,10,7,1.1829621657322356
6,"[11, 10, 3]",monotone,16,11,8,1.6671882871106538
