,flop,board_type,0b,1b,2b,profit
0,"[11, 9, 8]",monotone,1,1,1,1.237718016482893
1,"[11, 9, 8]",monotone,2,2,2,1.4122318797211575
2,"[11, 9, 8]",monotone,3,2,2,1.4966722139584583
3,"[11, 9, 8]",monotone,4,3,2,1.6046192451014143
4,"[11, 9, 8]",monotone,8,6,4,1.6049856442088926
5,"[11, 9, 8]",monotone,10,7,5,1.6052276868014934
6,"[11, 9, 8]",monotone,15,10,7,1.6536232591974576
7,"[11, 9, 8]",monotone,16,11,8,1.8761590067558969
