,flop,board_type,0b,1b,2b,profit
0,"[11, 9, 2]",monotone,1,1,1,0.798899242730721
1,"[11, 9, 2]",monotone,2,2,2,0.8874771458596714
2,"[11, 9, 2]",monotone,3,2,2,1.0002226905815426
3,"[11, 9, 2]",monotone,4,3,2,1.0963873274336287
4,"[11, 9, 2]",monotone,8,6,4,1.1081239557522122
5,"[11, 9, 2]",monotone,10,7,5,1.1087652218710493
6,"[11, 9, 2]",monotone,15,10,7,1.124387951959545
7,"[11, 9, 2]",monotone,16,11,8,1.6610574105562577
