,flop,board_type,0b,1b,2b,profit
0,"[11, 8, 5]",monotone,1,1,1,0.9679340371515361
1,"[11, 8, 5]",monotone,2,2,2,1.10316358851389
2,"[11, 8, 5]",monotone,3,2,2,1.287308342536971
3,"[11, 8, 5]",monotone,4,3,2,1.372631482764852
4,"[11, 8, 5]",monotone,8,6,4,1.4297450936736897
5,"[11, 8, 5]",monotone,15,10,7,1.5624770585477348
6,"[11, 8, 5]",monotone,16,11,8,1.766081817543808
