,flop,board_type,0b,1b,2b,profit
0,"[11, 7, 6]",monotone,1,1,1,0.995208409102402
1,"[11, 7, 6]",monotone,2,2,2,1.1023761374104513
2,"[11, 7, 6]",monotone,3,2,2,1.2564020721976403
3,"[11, 7, 6]",monotone,4,3,2,1.3654522953750532
4,"[11, 7, 6]",monotone,8,6,4,1.3918013452907712
5,"[11, 7, 6]",monotone,10,7,5,1.394242942146018
6,"[11, 7, 6]",monotone,15,10,7,1.55916140225453
7,"[11, 7, 6]",monotone,16,11,8,1.7658858442477876
