,flop,board_type,0b,1b,2b,profit
0,"[11, 6, 3]",monotone,1,1,1,0.87575826269444
1,"[11, 6, 3]",monotone,2,2,2,0.9094183373906131
2,"[11, 6, 3]",monotone,3,2,2,0.9423392697436362
3,"[11, 6, 3]",monotone,4,3,2,1.0391311146606226
4,"[11, 6, 3]",monotone,8,6,4,1.1530492420650484
5,"[11, 6, 3]",monotone,10,7,5,1.15388015833287
6,"[11, 6, 3]",monotone,15,10,7,1.2719465961209373
7,"[11, 6, 3]",monotone,16,11,8,1.7031149026271393
