,flop,board_type,0b,1b,2b,profit
0,"[10, 9, 7]",monotone,1,1,1,1.2623808497028621
1,"[10, 9, 7]",monotone,2,2,2,1.5370829668854227
2,"[10, 9, 7]",monotone,3,2,2,1.641292037321235
3,"[10, 9, 7]",monotone,4,3,2,1.7393272922504246
4,"[10, 9, 7]",monotone,10,7,5,1.7404316877294637
5,"[10, 9, 7]",monotone,15,10,7,1.7827117867268387
6,"[10, 9, 7]",monotone,16,11,8,1.948577200832165
