,flop,board_type,0b,1b,2b,profit
0,"[10, 8, 3]",monotone,1,1,1,0.9440933528165105
1,"[10, 8, 3]",monotone,2,2,2,1.0471039211923003
2,"[10, 8, 3]",monotone,3,2,2,1.2132990559490517
3,"[10, 8, 3]",monotone,4,3,2,1.3429737162741813
4,"[10, 8, 3]",monotone,8,6,4,1.3554172072653707
5,"[10, 8, 3]",monotone,10,7,5,1.398501749631297
6,"[10, 8, 3]",monotone,15,10,7,1.4849667471150167
7,"[10, 8, 3]",monotone,16,11,8,1.800315493955181
