,flop,board_type,0b,1b,2b,profit
0,"[10, 6, 5]",monotone,1,1,1,0.966956143234739
1,"[10, 6, 5]",monotone,2,2,2,1.0394497491504089
2,"[10, 6, 5]",monotone,3,2,2,1.0937086719320326
3,"[10, 6, 5]",monotone,4,3,2,1.2215736792322214
4,"[10, 6, 5]",monotone,8,6,4,1.282080740843298
5,"[10, 6, 5]",monotone,10,7,5,1.329610439836375
6,"[10, 6, 5]",monotone,15,10,7,1.464331773662681
7,"[10, 6, 5]",monotone,16,11,8,1.7368455561988672
