,flop,board_type,0b,1b,2b,profit
0,"[10, 5, 2]",monotone,1,1,1,0.8625082954121652
1,"[10, 5, 2]",monotone,2,2,2,0.9027964664674136
2,"[10, 5, 2]",monotone,3,2,2,0.9297529455927652
3,"[10, 5, 2]",monotone,4,3,2,1.0759503648339221
4,"[10, 5, 2]",monotone,8,6,4,1.1888160967952217
5,"[10, 5, 2]",monotone,10,7,5,1.2278845766873705
6,"[10, 5, 2]",monotone,15,10,7,1.3211925100784372
7,"[10, 5, 2]",monotone,16,11,8,1.7785385884041554
