,flop,board_type,0b,1b,2b,profit
0,"[9, 7, 5]",monotone,1,1,1,1.1761809144878312
1,"[9, 7, 5]",monotone,2,2,2,1.2889882608590713
2,"[9, 7, 5]",monotone,3,2,2,1.4381883393871178
3,"[9, 7, 5]",monotone,4,3,2,1.5896390300846084
4,"[9, 7, 5]",monotone,10,7,5,1.7189750839389313
5,"[9, 7, 5]",monotone,15,10,7,1.940161327213724
6,"[9, 7, 5]",monotone,16,11,8,1.967517659511397
