,flop,board_type,0b,1b,2b,profit
0,"[9, 6, 3]",monotone,1,1,1,0.9522239735040297
1,"[9, 6, 3]",monotone,2,2,2,1.057774997503748
2,"[9, 6, 3]",monotone,3,2,2,1.1383570329736694
3,"[9, 6, 3]",monotone,4,3,2,1.2294054087724886
4,"[9, 6, 3]",monotone,8,6,4,1.2604780975768368
5,"[9, 6, 3]",monotone,10,7,5,1.3575572832793763
6,"[9, 6, 3]",monotone,15,10,7,1.540035688326462
7,"[9, 6, 3]",monotone,16,11,8,1.7812082834421856
