,flop,board_type,0b,1b,2b,profit
0,"[9, 4, 2]",monotone,1,1,1,0.8984658565692925
1,"[9, 4, 2]",monotone,2,2,2,0.9395497479902166
2,"[9, 4, 2]",monotone,3,2,2,0.9628206771978401
3,"[9, 4, 2]",monotone,4,3,2,1.054814662268679
4,"[9, 4, 2]",monotone,8,6,4,1.1435760146614986
5,"[9, 4, 2]",monotone,10,7,5,1.2332133955004845
6,"[9, 4, 2]",monotone,15,10,7,1.3969374681941948
7,"[9, 4, 2]",monotone,16,11,8,1.8389170005076376
