,flop,board_type,0b,1b,2b,profit
0,"[8, 7, 4]",monotone,1,1,1,1.2317185337816765
1,"[8, 7, 4]",monotone,2,2,2,1.3629356898938707
2,"[8, 7, 4]",monotone,3,2,2,1.5277728371095947
3,"[8, 7, 4]",monotone,4,3,2,1.7115850803043102
4,"[8, 7, 4]",monotone,10,7,5,1.8752196999317738
5,"[8, 7, 4]",monotone,15,10,7,2.1366063976131686
6,"[8, 7, 4]",monotone,16,11,8,2.1811001452165906
