,flop,board_type,0b,1b,2b,profit
0,"[8, 4, 3]",monotone,1,1,1,0.9885109319046965
1,"[8, 4, 3]",monotone,2,2,2,1.0290781981047057
2,"[8, 4, 3]",monotone,3,2,2,1.0831462617464689
3,"[8, 4, 3]",monotone,4,3,2,1.1961676540728767
4,"[8, 4, 3]",monotone,8,6,4,1.2477194972023486
5,"[8, 4, 3]",monotone,10,7,5,1.3427318999534492
6,"[8, 4, 3]",monotone,15,10,7,1.554169837223216
7,"[8, 4, 3]",monotone,16,11,8,1.9761449765332053
