,flop,board_type,0b,1b,2b,profit
0,"[14, 14, 12]",rainbow,1,1,1,1.3523111475440865
1,"[14, 14, 12]",rainbow,8,6,4,1.6545843022059523
2,"[14, 14, 12]",rainbow,15,10,7,1.8370294946553445
3,"[14, 14, 12]",rainbow,16,11,8,1.980286329079568
