,flop,board_type,0b,1b,2b,profit
0,"[14, 14, 9]",rainbow,1,1,1,0.5127601247646894
1,"[14, 14, 9]",rainbow,2,2,2,0.5140353361658694
2,"[14, 14, 9]",rainbow,8,6,4,0.6677109358401926
