,flop,board_type,0b,1b,2b,profit
0,"[14, 9, 9]",rainbow,1,1,1,0.9538962821960784
1,"[14, 9, 9]",rainbow,8,6,4,1.2326921935716293
