,flop,board_type,0b,1b,2b,profit
0,"[14, 7, 5]",rainbow,1,1,1,0.7498983618111723
1,"[14, 7, 5]",rainbow,2,2,2,0.7507315186119383
2,"[14, 7, 5]",rainbow,8,6,4,0.7877833681759209
3,"[14, 7, 5]",rainbow,10,7,5,0.795264611662511
