,flop,board_type,0b,1b,2b,profit
0,"[14, 5, 5]",rainbow,1,1,1,1.0157694722222217
1,"[14, 5, 5]",rainbow,2,2,2,1.0158523147222218
2,"[14, 5, 5]",rainbow,3,2,2,1.017663290555555
3,"[14, 5, 5]",rainbow,8,6,4,1.0441143724999995
4,"[14, 5, 5]",rainbow,10,7,5,1.0805404483333334
