,flop,board_type,0b,1b,2b,profit
0,"[13, 5, 5]",rainbow,1,1,1,1.050780991638137
1,"[13, 5, 5]",rainbow,10,7,5,1.2509506208112875
