,flop,board_type,0b,1b,2b,profit
0,"[12, 7, 2]",rainbow,1,1,1,0.1420729724965923
1,"[12, 7, 2]",rainbow,2,2,2,0.1426120553842926
2,"[12, 7, 2]",rainbow,3,2,2,0.14370277160532635
