,flop,board_type,0b,1b,2b,profit
0,"[12, 3, 3]",rainbow,1,1,1,0.389492960069444
1,"[12, 3, 3]",rainbow,2,2,2,0.39310975303819395
2,"[12, 3, 3]",rainbow,10,7,5,0.5108661073133681
