,flop,board_type,0b,1b,2b,profit
0,"[11, 11, 10]",rainbow,1,1,1,-0.3098087578232141
1,"[11, 11, 10]",rainbow,10,7,5,-0.2879282324491963
