,flop,board_type,0b,1b,2b,profit
0,"[11, 9, 9]",rainbow,1,1,1,0.3068903817740176
1,"[11, 9, 9]",rainbow,8,6,4,0.4776503864679741
2,"[11, 9, 9]",rainbow,10,7,5,0.7625391703299136
