,flop,board_type,0b,1b,2b,profit
0,"[11, 6, 3]",rainbow,1,1,1,0.3991187340047012
1,"[11, 6, 3]",rainbow,2,2,2,0.3994707405705735
