,flop,board_type,0b,1b,2b,profit
0,"[10, 10, 2]",rainbow,1,1,1,0.11940622174021162
1,"[10, 10, 2]",rainbow,2,2,2,0.12462232110057744
