,flop,board_type,0b,1b,2b,profit
0,"[10, 5, 3]",rainbow,1,1,1,0.29030079340645465
1,"[10, 5, 3]",rainbow,2,2,2,0.29269164851283724
