,flop,board_type,0b,1b,2b,profit
0,"[10, 5, 2]",rainbow,1,1,1,0.26268575255539084
1,"[10, 5, 2]",rainbow,2,2,2,0.2674874108532628
