,flop,board_type,0b,1b,2b,profit
0,"[9, 5, 2]",rainbow,1,1,1,0.8006178548068801
1,"[9, 5, 2]",rainbow,2,2,2,0.8034924545754474
