,flop,board_type,0b,1b,2b,profit
0,"[9, 4, 2]",rainbow,1,1,1,0.6351415115162815
1,"[9, 4, 2]",rainbow,2,2,2,0.635579715887979
