,flop,board_type,0b,1b,2b,profit
0,"[8, 6, 6]",rainbow,1,1,1,0.5311457585714285
1,"[8, 6, 6]",rainbow,2,2,2,0.532751689387755
2,"[8, 6, 6]",rainbow,8,6,4,0.5549599900965032
