,flop,board_type,0b,1b,2b,profit
0,"[8, 6, 4]",rainbow,1,1,1,0.3798832739538239
1,"[8, 6, 4]",rainbow,2,2,2,0.38180611900123695
