,flop,board_type,0b,1b,2b,profit
0,"[8, 4, 3]",rainbow,1,1,1,0.4215643753877546
1,"[8, 4, 3]",rainbow,2,2,2,0.42385148157142805
