,flop,board_type,0b,1b,2b,profit
0,"[7, 2, 2]",rainbow,1,1,1,0.051377873571428256
1,"[7, 2, 2]",rainbow,2,2,2,0.05161292577550991
