,flop,board_type,0b,1b,2b,profit
0,"[6, 6, 6]",rainbow,1,1,1,0.8382673873529407
1,"[6, 6, 6]",rainbow,2,2,2,0.8392292624509803
