,flop,board_type,0b,1b,2b,profit
0,"[5, 3, 2]",rainbow,1,1,1,0.8497095646153845
1,"[5, 3, 2]",rainbow,2,2,2,0.8542476121153845
