,flop,board_type,0b,1b,2b,profit
0,"[4, 4, 2]",rainbow,1,1,1,0.44180050144230765
1,"[4, 4, 2]",rainbow,2,2,2,0.4440168331730767
