,flop,board_type,0b,1b,2b,profit
0,"[3, 2, 2]",rainbow,1,1,1,0.22129022731707282
1,"[3, 2, 2]",rainbow,2,2,2,0.22301697609756038
