,flop,board_type,0b,1b,2b,profit
0,"[14, 14, 10]",rainbow,1,1,1,7.302924077668428
1,"[14, 14, 10]",rainbow,2,2,2,7.31091770443925
