,flop,board_type,0b,1b,2b,profit
0,"[14, 14, 8]",rainbow,1,1,1,4.760901261545642
1,"[14, 14, 8]",rainbow,8,6,4,5.637608419681595
