,flop,board_type,0b,1b,2b,profit
0,"[14, 14, 2]",rainbow,1,1,1,6.4476811632653055
1,"[14, 14, 2]",rainbow,8,6,4,6.633952325351246
2,"[14, 14, 2]",rainbow,10,7,5,6.75699188508111
