,flop,board_type,0b,1b,2b,profit
0,"[14, 7, 6]",rainbow,1,1,1,4.330672249640079
1,"[14, 7, 6]",rainbow,2,2,2,4.333042331516411
2,"[14, 7, 6]",rainbow,3,2,2,4.334768641537732
3,"[14, 7, 6]",rainbow,8,6,4,4.872367517785067
4,"[14, 7, 6]",rainbow,10,7,5,4.924660790791462
