,flop,board_type,0b,1b,2b,profit
0,"[14, 6, 3]",rainbow,1,1,1,4.086502712133747
1,"[14, 6, 3]",rainbow,2,2,2,4.09891666261422
2,"[14, 6, 3]",rainbow,8,6,4,4.749050095715836
3,"[14, 6, 3]",rainbow,10,7,5,4.958697037363759
