,flop,board_type,0b,1b,2b,profit
0,"[13, 11, 9]",rainbow,1,1,1,2.5053710380436813
1,"[13, 11, 9]",rainbow,2,2,2,2.518794078449086
