,flop,board_type,0b,1b,2b,profit
0,"[13, 10, 9]",rainbow,1,1,1,0.9531301082921882
1,"[13, 10, 9]",rainbow,8,6,4,0.9681910425484462
