,flop,board_type,0b,1b,2b,profit
0,"[13, 9, 9]",rainbow,1,1,1,3.1306084712333453
1,"[13, 9, 9]",rainbow,2,2,2,3.148164286296155
