,flop,board_type,0b,1b,2b,profit
0,"[13, 9, 5]",rainbow,1,1,1,4.813432055887324
1,"[13, 9, 5]",rainbow,2,2,2,4.820814768676056
