,flop,board_type,0b,1b,2b,profit
0,"[13, 9, 3]",rainbow,1,1,1,4.861533817464788
1,"[13, 9, 3]",rainbow,2,2,2,4.862960960450701
