,flop,board_type,0b,1b,2b,profit
0,"[13, 8, 3]",rainbow,1,1,1,3.911426347535211
1,"[13, 8, 3]",rainbow,2,2,2,3.9132423894366175
2,"[13, 8, 3]",rainbow,3,2,2,3.9175456862676032
