,flop,board_type,0b,1b,2b,profit
0,"[13, 6, 4]",rainbow,1,1,1,3.8869350140845063
1,"[13, 6, 4]",rainbow,2,2,2,3.888653593661971
