,flop,board_type,0b,1b,2b,profit
0,"[12, 11, 7]",rainbow,1,1,1,5.497220690280328
1,"[12, 11, 7]",rainbow,2,2,2,5.524210174563416
