,flop,board_type,0b,1b,2b,profit
0,"[14, 14, 10]",two-tone,1,1,1,1.2539065059272367
1,"[14, 14, 10]",two-tone,8,6,4,1.9380196054830054
2,"[14, 14, 10]",two-tone,10,7,5,2.0829980529511207
3,"[14, 14, 10]",two-tone,15,10,7,2.420822555610254
4,"[14, 14, 10]",two-tone,16,11,8,2.6718780586987747
