,flop,board_type,0b,1b,2b,profit
0,"[14, 14, 3]",two-tone,1,1,1,1.1703188254201793
1,"[14, 14, 3]",two-tone,8,6,4,1.477985576095222
2,"[14, 14, 3]",two-tone,10,7,5,1.5486179562021265
3,"[14, 14, 3]",two-tone,15,10,7,2.140811759354163
4,"[14, 14, 3]",two-tone,16,11,8,2.570320726278907
