,flop,board_type,0b,1b,2b,profit
0,"[14, 13, 4]",two-tone,1,1,1,1.1602840300813204
1,"[14, 13, 4]",two-tone,2,2,2,1.2730564565486078
2,"[14, 13, 4]",two-tone,3,2,2,1.4044577421401683
3,"[14, 13, 4]",two-tone,4,3,2,1.564659871469992
4,"[14, 13, 4]",two-tone,8,6,4,1.789356445864837
5,"[14, 13, 4]",two-tone,15,10,7,1.9987148778401187
6,"[14, 13, 4]",two-tone,16,11,8,2.2174334904592263
