,flop,board_type,0b,1b,2b,profit
0,"[14, 12, 11]",two-tone,1,1,1,1.505832917482759
1,"[14, 12, 11]",two-tone,2,2,2,1.9748043612657202
2,"[14, 12, 11]",two-tone,3,2,2,2.009044434529412
3,"[14, 12, 11]",two-tone,4,3,2,2.0898653799371196
4,"[14, 12, 11]",two-tone,8,6,4,2.2319939305070995
5,"[14, 12, 11]",two-tone,10,7,5,2.2434849905547667
6,"[14, 12, 11]",two-tone,15,10,7,2.5420423450740364
7,"[14, 12, 11]",two-tone,16,11,8,2.636496677473631
