,flop,board_type,0b,1b,2b,profit
0,"[14, 11, 4]",two-tone,1,1,1,1.1500235587822014
1,"[14, 11, 4]",two-tone,8,6,4,1.7220266824413095
2,"[14, 11, 4]",two-tone,10,7,5,1.766906281761581
3,"[14, 11, 4]",two-tone,15,10,7,1.982963466476267
4,"[14, 11, 4]",two-tone,16,11,8,2.1943504424972873
