,flop,board_type,0b,1b,2b,profit
0,"[14, 10, 5]",two-tone,1,1,1,1.119626260469538
1,"[14, 10, 5]",two-tone,8,6,4,1.7296453399206937
2,"[14, 10, 5]",two-tone,10,7,5,1.7731524138568806
3,"[14, 10, 5]",two-tone,15,10,7,1.9958367691355043
4,"[14, 10, 5]",two-tone,16,11,8,2.1672893946827734
