,flop,board_type,0b,1b,2b,profit
0,"[14, 10, 2]",two-tone,1,1,1,1.2246400559206847
1,"[14, 10, 2]",two-tone,2,2,2,1.2277625853417404
2,"[14, 10, 2]",two-tone,3,2,2,1.3746682758675772
3,"[14, 10, 2]",two-tone,4,3,2,1.6103787017575364
4,"[14, 10, 2]",two-tone,8,6,4,1.816982401835621
5,"[14, 10, 2]",two-tone,10,7,5,1.8664182627069112
6,"[14, 10, 2]",two-tone,15,10,7,2.032755080756885
7,"[14, 10, 2]",two-tone,16,11,8,2.261769763166007
