,flop,board_type,0b,1b,2b,profit
0,"[14, 9, 6]",two-tone,1,1,1,1.1364553028606257
1,"[14, 9, 6]",two-tone,2,2,2,1.162273711370736
2,"[14, 9, 6]",two-tone,3,2,2,1.2171596052822107
3,"[14, 9, 6]",two-tone,4,3,2,1.3445522417864528
4,"[14, 9, 6]",two-tone,8,6,4,1.5868890759044665
5,"[14, 9, 6]",two-tone,10,7,5,1.6563347260532755
6,"[14, 9, 6]",two-tone,15,10,7,1.9814719424634837
7,"[14, 9, 6]",two-tone,16,11,8,2.150785613453014
