,flop,board_type,0b,1b,2b,profit
0,"[14, 9, 5]",two-tone,1,1,1,1.0978266540078476
1,"[14, 9, 5]",two-tone,8,6,4,1.5389759651474844
2,"[14, 9, 5]",two-tone,10,7,5,1.6105359094876368
3,"[14, 9, 5]",two-tone,15,10,7,1.9086216898743547
4,"[14, 9, 5]",two-tone,16,11,8,2.0806180691947285
