,flop,board_type,0b,1b,2b,profit
0,"[14, 9, 4]",two-tone,1,1,1,1.1562304540878083
1,"[14, 9, 4]",two-tone,8,6,4,1.5575449435702762
2,"[14, 9, 4]",two-tone,10,7,5,1.6286435206316021
3,"[14, 9, 4]",two-tone,15,10,7,1.912345891798709
4,"[14, 9, 4]",two-tone,16,11,8,2.11947653310226
