,flop,board_type,0b,1b,2b,profit
0,"[14, 9, 3]",two-tone,1,1,1,1.1602352980366926
1,"[14, 9, 3]",two-tone,2,2,2,1.1606137520873385
2,"[14, 9, 3]",two-tone,3,2,2,1.1767043814310074
3,"[14, 9, 3]",two-tone,4,3,2,1.2789441917447033
4,"[14, 9, 3]",two-tone,8,6,4,1.5283060337808787
5,"[14, 9, 3]",two-tone,10,7,5,1.603949249189664
6,"[14, 9, 3]",two-tone,15,10,7,1.8737321458480622
7,"[14, 9, 3]",two-tone,16,11,8,2.1076026290925065
