,flop,board_type,0b,1b,2b,profit
0,"[14, 9, 2]",two-tone,1,1,1,1.2156397503833278
1,"[14, 9, 2]",two-tone,2,2,2,1.2162724604922053
2,"[14, 9, 2]",two-tone,3,2,2,1.2661946585883728
3,"[14, 9, 2]",two-tone,4,3,2,1.38517872648312
4,"[14, 9, 2]",two-tone,8,6,4,1.6263061765517455
5,"[14, 9, 2]",two-tone,10,7,5,1.698557073267986
6,"[14, 9, 2]",two-tone,15,10,7,1.9410581231665847
7,"[14, 9, 2]",two-tone,16,11,8,2.172420850555146
