,flop,board_type,0b,1b,2b,profit
0,"[14, 8, 7]",two-tone,1,1,1,0.972040022034218
1,"[14, 8, 7]",two-tone,2,2,2,1.1493212285902814
2,"[14, 8, 7]",two-tone,3,2,2,1.3055838065466374
3,"[14, 8, 7]",two-tone,4,3,2,1.4692028624923412
4,"[14, 8, 7]",two-tone,8,6,4,1.709115476528256
5,"[14, 8, 7]",two-tone,10,7,5,1.9135309627657069
6,"[14, 8, 7]",two-tone,15,10,7,2.1346596196917567
7,"[14, 8, 7]",two-tone,16,11,8,2.3320138397982753
