,flop,board_type,0b,1b,2b,profit
0,"[14, 7, 5]",two-tone,1,1,1,0.9285956297056348
1,"[14, 7, 5]",two-tone,2,2,2,1.0034378702775442
2,"[14, 7, 5]",two-tone,3,2,2,1.0295478434202414
3,"[14, 7, 5]",two-tone,4,3,2,1.0558007039977573
4,"[14, 7, 5]",two-tone,8,6,4,1.3331661703280067
5,"[14, 7, 5]",two-tone,10,7,5,1.4308547878469302
6,"[14, 7, 5]",two-tone,15,10,7,1.893939299276703
7,"[14, 7, 5]",two-tone,16,11,8,2.211285780005607
