,flop,board_type,0b,1b,2b,profit
0,"[14, 7, 2]",two-tone,1,1,1,1.0722553959066636
1,"[14, 7, 2]",two-tone,2,2,2,1.0762527702337852
2,"[14, 7, 2]",two-tone,3,2,2,1.1195055524225614
3,"[14, 7, 2]",two-tone,4,3,2,1.1858414079416748
4,"[14, 7, 2]",two-tone,8,6,4,1.4759309869647472
5,"[14, 7, 2]",two-tone,10,7,5,1.5657502888780495
6,"[14, 7, 2]",two-tone,15,10,7,1.9437156808291887
7,"[14, 7, 2]",two-tone,16,11,8,2.269783245554727
