,flop,board_type,0b,1b,2b,profit
0,"[14, 6, 6]",two-tone,1,1,1,1.09097671095987
1,"[14, 6, 6]",two-tone,8,6,4,1.4627842658731016
2,"[14, 6, 6]",two-tone,10,7,5,1.5365713863665944
3,"[14, 6, 6]",two-tone,15,10,7,2.063335124327548
4,"[14, 6, 6]",two-tone,16,11,8,2.428478007678958
