,flop,board_type,0b,1b,2b,profit
0,"[14, 4, 4]",two-tone,1,1,1,1.0497945350096092
1,"[14, 4, 4]",two-tone,8,6,4,1.4009453405669445
2,"[14, 4, 4]",two-tone,10,7,5,1.4737708185778347
3,"[14, 4, 4]",two-tone,15,10,7,1.9631612817424724
4,"[14, 4, 4]",two-tone,16,11,8,2.361295078219091
