,flop,board_type,0b,1b,2b,profit
0,"[14, 3, 3]",two-tone,1,1,1,1.0482758372670513
1,"[14, 3, 3]",two-tone,2,2,2,1.0484362943230159
2,"[14, 3, 3]",two-tone,3,2,2,1.0598401670418478
3,"[14, 3, 3]",two-tone,4,3,2,1.0696213466674247
4,"[14, 3, 3]",two-tone,8,6,4,1.370176376856247
5,"[14, 3, 3]",two-tone,10,7,5,1.4461300752380413
6,"[14, 3, 3]",two-tone,15,10,7,1.9003012845275657
7,"[14, 3, 3]",two-tone,16,11,8,2.323426490513885
