,flop,board_type,0b,1b,2b,profit
0,"[14, 2, 2]",two-tone,1,1,1,1.0826785570673685
1,"[14, 2, 2]",two-tone,2,2,2,1.084323359350994
2,"[14, 2, 2]",two-tone,3,2,2,1.126507510242563
3,"[14, 2, 2]",two-tone,4,3,2,1.1630862807858842
4,"[14, 2, 2]",two-tone,8,6,4,1.4481639868127008
5,"[14, 2, 2]",two-tone,10,7,5,1.5211204893151453
6,"[14, 2, 2]",two-tone,15,10,7,1.9342874895944877
7,"[14, 2, 2]",two-tone,16,11,8,2.352530245111504
