,flop,board_type,0b,1b,2b,profit
0,"[13, 13, 10]",two-tone,1,1,1,0.9508850446023661
1,"[13, 13, 10]",two-tone,2,2,2,1.0552077755509837
2,"[13, 13, 10]",two-tone,3,2,2,1.1646168208538925
3,"[13, 13, 10]",two-tone,4,3,2,1.2865156962505089
4,"[13, 13, 10]",two-tone,8,6,4,1.4891840006894617
5,"[13, 13, 10]",two-tone,10,7,5,1.53291739782652
6,"[13, 13, 10]",two-tone,15,10,7,1.7418781589881576
7,"[13, 13, 10]",two-tone,16,11,8,1.8856124028460761
