,flop,board_type,0b,1b,2b,profit
0,"[13, 13, 9]",two-tone,1,1,1,0.9364540732890733
1,"[13, 13, 9]",two-tone,8,6,4,1.4730780011222229
2,"[13, 13, 9]",two-tone,10,7,5,1.5086861199504373
3,"[13, 13, 9]",two-tone,15,10,7,1.6934016404710477
4,"[13, 13, 9]",two-tone,16,11,8,1.8220355526139558
