,flop,board_type,0b,1b,2b,profit
0,"[13, 13, 2]",two-tone,1,1,1,0.871089162092982
1,"[13, 13, 2]",two-tone,2,2,2,0.8735077257165539
2,"[13, 13, 2]",two-tone,8,6,4,1.2510048877050435
3,"[13, 13, 2]",two-tone,15,10,7,1.4844517223929408
4,"[13, 13, 2]",two-tone,16,11,8,1.7751200688314568
