,flop,board_type,0b,1b,2b,profit
0,"[13, 12, 7]",two-tone,1,1,1,1.0357004213758845
1,"[13, 12, 7]",two-tone,2,2,2,1.1383590478037038
2,"[13, 12, 7]",two-tone,3,2,2,1.2758986222369415
3,"[13, 12, 7]",two-tone,4,3,2,1.400104842559085
4,"[13, 12, 7]",two-tone,8,6,4,1.556696210073762
5,"[13, 12, 7]",two-tone,10,7,5,1.5645560031311154
6,"[13, 12, 7]",two-tone,15,10,7,1.6870330282663455
7,"[13, 12, 7]",two-tone,16,11,8,1.766102951999599
