,flop,board_type,0b,1b,2b,profit
0,"[13, 12, 4]",two-tone,1,1,1,1.0136896977254541
1,"[13, 12, 4]",two-tone,2,2,2,1.1167375578454428
2,"[13, 12, 4]",two-tone,3,2,2,1.254351234229584
3,"[13, 12, 4]",two-tone,4,3,2,1.383448738119702
4,"[13, 12, 4]",two-tone,8,6,4,1.504241866083602
5,"[13, 12, 4]",two-tone,10,7,5,1.5052712426396493
6,"[13, 12, 4]",two-tone,15,10,7,1.5835139572012884
7,"[13, 12, 4]",two-tone,16,11,8,1.6981549091811736
