,flop,board_type,0b,1b,2b,profit
0,"[13, 11, 10]",two-tone,1,1,1,1.851414830645434
1,"[13, 11, 10]",two-tone,2,2,2,1.9840985007025673
2,"[13, 11, 10]",two-tone,3,2,2,2.018777023772972
3,"[13, 11, 10]",two-tone,4,3,2,2.0917210727114384
4,"[13, 11, 10]",two-tone,8,6,4,2.2023998675161307
5,"[13, 11, 10]",two-tone,10,7,5,2.2142208251019366
6,"[13, 11, 10]",two-tone,15,10,7,2.438270022556392
7,"[13, 11, 10]",two-tone,16,11,8,2.50740102447921
