,flop,board_type,0b,1b,2b,profit
0,"[13, 9, 4]",two-tone,1,1,1,1.0779492177477494
1,"[13, 9, 4]",two-tone,8,6,4,1.5806003814206155
2,"[13, 9, 4]",two-tone,10,7,5,1.5824520287156285
3,"[13, 9, 4]",two-tone,15,10,7,1.6539152830490775
4,"[13, 9, 4]",two-tone,16,11,8,1.7463392860325198
