,flop,board_type,0b,1b,2b,profit
0,"[13, 7, 3]",two-tone,1,1,1,0.9815516276023762
1,"[13, 7, 3]",two-tone,8,6,4,1.4239491724679592
2,"[13, 7, 3]",two-tone,15,10,7,1.562415709555069
3,"[13, 7, 3]",two-tone,16,11,8,1.7793461339585288
