,flop,board_type,0b,1b,2b,profit
0,"[13, 4, 2]",two-tone,1,1,1,1.0134690917325333
1,"[13, 4, 2]",two-tone,2,2,2,1.0354103174761013
2,"[13, 4, 2]",two-tone,3,2,2,1.0531902160682822
3,"[13, 4, 2]",two-tone,4,3,2,1.0568311427081554
4,"[13, 4, 2]",two-tone,8,6,4,1.4180279132438571
5,"[13, 4, 2]",two-tone,10,7,5,1.4190697718329859
6,"[13, 4, 2]",two-tone,15,10,7,1.5720500017898356
7,"[13, 4, 2]",two-tone,16,11,8,1.8644197115566943
