,flop,board_type,0b,1b,2b,profit
0,"[12, 12, 10]",two-tone,1,1,1,1.0618091110192394
1,"[12, 12, 10]",two-tone,2,2,2,1.2601009338335312
2,"[12, 12, 10]",two-tone,3,2,2,1.3358558299518115
3,"[12, 12, 10]",two-tone,4,3,2,1.4102252500032635
4,"[12, 12, 10]",two-tone,8,6,4,1.5866659286411278
5,"[12, 12, 10]",two-tone,10,7,5,1.6385577128011986
6,"[12, 12, 10]",two-tone,15,10,7,1.834400275920331
7,"[12, 12, 10]",two-tone,16,11,8,1.992147939045502
