,flop,board_type,0b,1b,2b,profit
0,"[12, 12, 5]",two-tone,1,1,1,0.8651862895192399
1,"[12, 12, 5]",two-tone,8,6,4,1.327595919589203
2,"[12, 12, 5]",two-tone,10,7,5,1.4872040822269743
3,"[12, 12, 5]",two-tone,15,10,7,1.6861571658310572
4,"[12, 12, 5]",two-tone,16,11,8,1.9117035976638872
