,flop,board_type,0b,1b,2b,profit
0,"[12, 11, 8]",two-tone,1,1,1,1.3886968025538708
1,"[12, 11, 8]",two-tone,2,2,2,1.5287761873972032
2,"[12, 11, 8]",two-tone,3,2,2,1.596549233918596
3,"[12, 11, 8]",two-tone,4,3,2,1.7604362980117285
4,"[12, 11, 8]",two-tone,8,6,4,1.8734424714997049
5,"[12, 11, 8]",two-tone,10,7,5,1.9101469342106485
6,"[12, 11, 8]",two-tone,15,10,7,2.1204645782892078
7,"[12, 11, 8]",two-tone,16,11,8,2.1838102776403305
