,flop,board_type,0b,1b,2b,profit
0,"[12, 11, 5]",two-tone,1,1,1,1.096666565433801
1,"[12, 11, 5]",two-tone,2,2,2,1.294668182592502
2,"[12, 11, 5]",two-tone,3,2,2,1.3853701231887334
3,"[12, 11, 5]",two-tone,4,3,2,1.476544257526745
4,"[12, 11, 5]",two-tone,8,6,4,1.5892029546442243
5,"[12, 11, 5]",two-tone,10,7,5,1.6225897424276179
6,"[12, 11, 5]",two-tone,15,10,7,1.7052836468681911
7,"[12, 11, 5]",two-tone,16,11,8,1.783518262426146
