,flop,board_type,0b,1b,2b,profit
0,"[12, 9, 6]",two-tone,1,1,1,1.0912275116633992
1,"[12, 9, 6]",two-tone,2,2,2,1.230717202196774
2,"[12, 9, 6]",two-tone,3,2,2,1.4122990531451447
3,"[12, 9, 6]",two-tone,4,3,2,1.5271935619144166
4,"[12, 9, 6]",two-tone,8,6,4,1.638524262137213
5,"[12, 9, 6]",two-tone,10,7,5,1.6582092481614337
6,"[12, 9, 6]",two-tone,15,10,7,1.7616179015296223
7,"[12, 9, 6]",two-tone,16,11,8,1.8225819831714345
