,flop,board_type,0b,1b,2b,profit
0,"[12, 9, 3]",two-tone,1,1,1,1.1723485629512442
1,"[12, 9, 3]",two-tone,2,2,2,1.2646897422646943
2,"[12, 9, 3]",two-tone,3,2,2,1.4070177493887381
3,"[12, 9, 3]",two-tone,4,3,2,1.5162504983155805
4,"[12, 9, 3]",two-tone,8,6,4,1.6131141949036505
5,"[12, 9, 3]",two-tone,10,7,5,1.6400086942795582
6,"[12, 9, 3]",two-tone,15,10,7,1.7009323306478163
7,"[12, 9, 3]",two-tone,16,11,8,1.8190674283993415
