,flop,board_type,0b,1b,2b,profit
0,"[12, 8, 5]",two-tone,1,1,1,0.9480569210698278
1,"[12, 8, 5]",two-tone,2,2,2,0.9684005799739606
2,"[12, 8, 5]",two-tone,3,2,2,1.227827141787728
3,"[12, 8, 5]",two-tone,4,3,2,1.4433693534203933
4,"[12, 8, 5]",two-tone,8,6,4,1.5584201532715953
5,"[12, 8, 5]",two-tone,10,7,5,1.6497600718857686
6,"[12, 8, 5]",two-tone,15,10,7,1.8274427080018016
7,"[12, 8, 5]",two-tone,16,11,8,1.9100734480715014
