,flop,board_type,0b,1b,2b,profit
0,"[12, 8, 2]",two-tone,1,1,1,1.1064424508482607
1,"[12, 8, 2]",two-tone,2,2,2,1.1084923222894505
2,"[12, 8, 2]",two-tone,3,2,2,1.3102306815447722
3,"[12, 8, 2]",two-tone,4,3,2,1.512478798507374
4,"[12, 8, 2]",two-tone,8,6,4,1.6347204602108572
5,"[12, 8, 2]",two-tone,10,7,5,1.720774316905057
6,"[12, 8, 2]",two-tone,15,10,7,1.8470283926228344
7,"[12, 8, 2]",two-tone,16,11,8,1.996061671146359
