,flop,board_type,0b,1b,2b,profit
0,"[12, 7, 5]",two-tone,1,1,1,0.9022557715775299
1,"[12, 7, 5]",two-tone,2,2,2,0.9414861819416123
2,"[12, 7, 5]",two-tone,3,2,2,0.9903668120964796
3,"[12, 7, 5]",two-tone,4,3,2,1.083048907974702
4,"[12, 7, 5]",two-tone,8,6,4,1.3770238551649676
5,"[12, 7, 5]",two-tone,10,7,5,1.50610457020152
6,"[12, 7, 5]",two-tone,15,10,7,1.7012916072532707
7,"[12, 7, 5]",two-tone,16,11,8,1.8593526757950176
