,flop,board_type,0b,1b,2b,profit
0,"[12, 7, 3]",two-tone,1,1,1,1.022164702569304
1,"[12, 7, 3]",two-tone,8,6,4,1.464749904620239
2,"[12, 7, 3]",two-tone,10,7,5,1.5504303686837957
3,"[12, 7, 3]",two-tone,15,10,7,1.736760138336714
4,"[12, 7, 3]",two-tone,16,11,8,1.9175166332882578
