,flop,board_type,0b,1b,2b,profit
0,"[12, 7, 2]",two-tone,1,1,1,1.1026476512898813
1,"[12, 7, 2]",two-tone,2,2,2,1.1036415676915272
2,"[12, 7, 2]",two-tone,8,6,4,1.5205857220057162
3,"[12, 7, 2]",two-tone,10,7,5,1.603472796616797
4,"[12, 7, 2]",two-tone,15,10,7,1.769670475537412
5,"[12, 7, 2]",two-tone,16,11,8,1.9804407549709997
