,flop,board_type,0b,1b,2b,profit
0,"[12, 4, 3]",two-tone,1,1,1,1.0368798538586146
1,"[12, 4, 3]",two-tone,2,2,2,1.0568628905964446
2,"[12, 4, 3]",two-tone,3,2,2,1.0866013307443094
3,"[12, 4, 3]",two-tone,4,3,2,1.163663673596112
4,"[12, 4, 3]",two-tone,8,6,4,1.4674183708049509
5,"[12, 4, 3]",two-tone,10,7,5,1.550783143233926
6,"[12, 4, 3]",two-tone,15,10,7,1.7538648103920917
7,"[12, 4, 3]",two-tone,16,11,8,1.99121990276624
