,flop,board_type,0b,1b,2b,profit
0,"[12, 3, 2]",two-tone,1,1,1,1.1197805232920124
1,"[12, 3, 2]",two-tone,2,2,2,1.1392502602470247
2,"[12, 3, 2]",two-tone,3,2,2,1.1716021108677428
3,"[12, 3, 2]",two-tone,4,3,2,1.241424889031284
4,"[12, 3, 2]",two-tone,8,6,4,1.5320266053245581
5,"[12, 3, 2]",two-tone,10,7,5,1.6143743885403896
6,"[12, 3, 2]",two-tone,15,10,7,1.7981683610931303
7,"[12, 3, 2]",two-tone,16,11,8,2.0481708403763976
