,flop,board_type,0b,1b,2b,profit
0,"[11, 9, 9]",two-tone,1,1,1,1.2521041189494195
1,"[11, 9, 9]",two-tone,2,2,2,1.4349655574774702
2,"[11, 9, 9]",two-tone,3,2,2,1.5130809488146464
3,"[11, 9, 9]",two-tone,4,3,2,1.6156098150361287
4,"[11, 9, 9]",two-tone,8,6,4,1.7460516830762358
5,"[11, 9, 9]",two-tone,10,7,5,1.798682299988836
6,"[11, 9, 9]",two-tone,15,10,7,1.9727157218174067
7,"[11, 9, 9]",two-tone,16,11,8,2.093050988990826
