,flop,board_type,0b,1b,2b,profit
0,"[11, 9, 3]",two-tone,1,1,1,1.1608825622801928
1,"[11, 9, 3]",two-tone,2,2,2,1.2738469698164252
2,"[11, 9, 3]",two-tone,3,2,2,1.3722274047536236
3,"[11, 9, 3]",two-tone,4,3,2,1.4520208820676332
4,"[11, 9, 3]",two-tone,8,6,4,1.52599929047343
5,"[11, 9, 3]",two-tone,10,7,5,1.5504873882318841
6,"[11, 9, 3]",two-tone,15,10,7,1.6123841159420291
7,"[11, 9, 3]",two-tone,16,11,8,1.7317583223188406
