,flop,board_type,0b,1b,2b,profit
0,"[11, 8, 7]",two-tone,1,1,1,1.067564779352227
1,"[11, 8, 7]",two-tone,2,2,2,1.1250136679975706
2,"[11, 8, 7]",two-tone,3,2,2,1.3340344148615386
3,"[11, 8, 7]",two-tone,4,3,2,1.7434373206121456
4,"[11, 8, 7]",two-tone,8,6,4,1.807414094237247
5,"[11, 8, 7]",two-tone,10,7,5,1.8259289414801623
6,"[11, 8, 7]",two-tone,15,10,7,1.9863426641133601
7,"[11, 8, 7]",two-tone,16,11,8,2.029304049724696
