,flop,board_type,0b,1b,2b,profit
0,"[11, 6, 5]",two-tone,1,1,1,0.8699052632144351
1,"[11, 6, 5]",two-tone,2,2,2,0.9130750782916226
2,"[11, 6, 5]",two-tone,3,2,2,0.9424134129376803
3,"[11, 6, 5]",two-tone,4,3,2,1.037112924165939
4,"[11, 6, 5]",two-tone,8,6,4,1.3106744538902286
5,"[11, 6, 5]",two-tone,10,7,5,1.4219889185648642
6,"[11, 6, 5]",two-tone,15,10,7,1.6113214422627415
7,"[11, 6, 5]",two-tone,16,11,8,1.7495230701684263
