,flop,board_type,0b,1b,2b,profit
0,"[11, 6, 3]",two-tone,1,1,1,0.9894310762716229
1,"[11, 6, 3]",two-tone,2,2,2,1.0090114441746854
2,"[11, 6, 3]",two-tone,3,2,2,1.0242976743772823
3,"[11, 6, 3]",two-tone,4,3,2,1.120693685672405
4,"[11, 6, 3]",two-tone,8,6,4,1.379744048563602
5,"[11, 6, 3]",two-tone,10,7,5,1.4621850068355213
6,"[11, 6, 3]",two-tone,15,10,7,1.63993031768174
7,"[11, 6, 3]",two-tone,16,11,8,1.8087165050577525
