,flop,board_type,0b,1b,2b,profit
0,"[11, 5, 3]",two-tone,1,1,1,0.9649052835223793
1,"[11, 5, 3]",two-tone,2,2,2,0.9853470304388923
2,"[11, 5, 3]",two-tone,3,2,2,1.0058643240624363
3,"[11, 5, 3]",two-tone,4,3,2,1.0869734947450445
4,"[11, 5, 3]",two-tone,8,6,4,1.362533190325465
5,"[11, 5, 3]",two-tone,10,7,5,1.4481601279429799
6,"[11, 5, 3]",two-tone,15,10,7,1.637477731340691
7,"[11, 5, 3]",two-tone,16,11,8,1.8417814990854284
