,flop,board_type,0b,1b,2b,profit
0,"[11, 3, 3]",two-tone,1,1,1,1.0607315858494288
1,"[11, 3, 3]",two-tone,8,6,4,1.4493527405794244
2,"[11, 3, 3]",two-tone,10,7,5,1.5179969356621996
3,"[11, 3, 3]",two-tone,15,10,7,1.7227850849329915
4,"[11, 3, 3]",two-tone,16,11,8,1.971615346826961
