,flop,board_type,0b,1b,2b,profit
0,"[10, 10, 6]",two-tone,1,1,1,0.931015504724098
1,"[10, 10, 6]",two-tone,2,2,2,0.9525843845444497
2,"[10, 10, 6]",two-tone,3,2,2,0.9878158950995843
3,"[10, 10, 6]",two-tone,4,3,2,1.1610774663186418
4,"[10, 10, 6]",two-tone,8,6,4,1.485800684545519
5,"[10, 10, 6]",two-tone,10,7,5,1.6360903862640706
6,"[10, 10, 6]",two-tone,15,10,7,1.801098461267438
7,"[10, 10, 6]",two-tone,16,11,8,1.93537417575085
