,flop,board_type,0b,1b,2b,profit
0,"[10, 9, 9]",two-tone,1,1,1,1.2484025754684211
1,"[10, 9, 9]",two-tone,2,2,2,1.415801370923663
2,"[10, 9, 9]",two-tone,3,2,2,1.4992842622852007
3,"[10, 9, 9]",two-tone,4,3,2,1.6286461214753478
4,"[10, 9, 9]",two-tone,8,6,4,1.756400719759506
5,"[10, 9, 9]",two-tone,10,7,5,1.8187768692890416
6,"[10, 9, 9]",two-tone,15,10,7,1.996086131247318
7,"[10, 9, 9]",two-tone,16,11,8,2.1119658742133383
