,flop,board_type,0b,1b,2b,profit
0,"[10, 9, 8]",two-tone,1,1,1,1.3299552737752693
1,"[10, 9, 8]",two-tone,2,2,2,1.6131979261898697
2,"[10, 9, 8]",two-tone,3,2,2,1.6681272509841278
3,"[10, 9, 8]",two-tone,4,3,2,1.7547871187517692
4,"[10, 9, 8]",two-tone,8,6,4,1.8160352194710028
5,"[10, 9, 8]",two-tone,10,7,5,1.8400358071808467
6,"[10, 9, 8]",two-tone,15,10,7,1.9634187604724462
7,"[10, 9, 8]",two-tone,16,11,8,2.0034279746399264
