,flop,board_type,0b,1b,2b,profit
0,"[10, 7, 6]",two-tone,1,1,1,0.969592693566884
1,"[10, 7, 6]",two-tone,2,2,2,1.0250881477739362
2,"[10, 7, 6]",two-tone,3,2,2,1.24881764240437
3,"[10, 7, 6]",two-tone,4,3,2,1.6295021541450405
4,"[10, 7, 6]",two-tone,8,6,4,1.7780172036595625
5,"[10, 7, 6]",two-tone,10,7,5,1.850660508893212
6,"[10, 7, 6]",two-tone,15,10,7,2.0072277380422876
7,"[10, 7, 6]",two-tone,16,11,8,2.022685079757728
