,flop,board_type,0b,1b,2b,profit
0,"[10, 7, 4]",two-tone,1,1,1,0.9596831320258006
1,"[10, 7, 4]",two-tone,2,2,2,1.0293987140492113
2,"[10, 7, 4]",two-tone,3,2,2,1.154814786294792
3,"[10, 7, 4]",two-tone,4,3,2,1.307926010549451
4,"[10, 7, 4]",two-tone,8,6,4,1.4307205735296225
5,"[10, 7, 4]",two-tone,10,7,5,1.5401305571141903
6,"[10, 7, 4]",two-tone,15,10,7,1.728575215336837
7,"[10, 7, 4]",two-tone,16,11,8,1.8276637058958434
