,flop,board_type,0b,1b,2b,profit
0,"[9, 9, 7]",two-tone,1,1,1,0.9328378759461701
1,"[9, 9, 7]",two-tone,2,2,2,1.0996096398875264
2,"[9, 9, 7]",two-tone,3,2,2,1.1902020558367794
3,"[9, 9, 7]",two-tone,4,3,2,1.2993548132759534
4,"[9, 9, 7]",two-tone,8,6,4,1.4691597203268083
5,"[9, 9, 7]",two-tone,10,7,5,1.6892533990825316
6,"[9, 9, 7]",two-tone,15,10,7,1.930543387089042
7,"[9, 9, 7]",two-tone,16,11,8,2.00535957042622
