,flop,board_type,0b,1b,2b,profit
0,"[9, 9, 6]",two-tone,1,1,1,0.9003061352510145
1,"[9, 9, 6]",two-tone,2,2,2,0.9257300942967694
2,"[9, 9, 6]",two-tone,3,2,2,0.972628206126666
3,"[9, 9, 6]",two-tone,4,3,2,1.0929493177661087
4,"[9, 9, 6]",two-tone,8,6,4,1.3749247455874007
5,"[9, 9, 6]",two-tone,10,7,5,1.6043103172230024
6,"[9, 9, 6]",two-tone,15,10,7,1.8361356507442945
7,"[9, 9, 6]",two-tone,16,11,8,1.9456337665850336
