,flop,board_type,0b,1b,2b,profit
0,"[9, 8, 3]",two-tone,1,1,1,1.0306039321341123
1,"[9, 8, 3]",two-tone,2,2,2,1.1819195568039413
2,"[9, 8, 3]",two-tone,3,2,2,1.3501964792739125
3,"[9, 8, 3]",two-tone,4,3,2,1.4860471870806582
4,"[9, 8, 3]",two-tone,8,6,4,1.5282909318858815
5,"[9, 8, 3]",two-tone,10,7,5,1.6759541173229124
6,"[9, 8, 3]",two-tone,15,10,7,1.8097728923496639
7,"[9, 8, 3]",two-tone,16,11,8,1.8686154866967437
