,flop,board_type,0b,1b,2b,profit
0,"[9, 6, 5]",two-tone,1,1,1,0.8821489215678793
1,"[9, 6, 5]",two-tone,2,2,2,0.9087508929052712
2,"[9, 6, 5]",two-tone,3,2,2,1.002086335237705
3,"[9, 6, 5]",two-tone,4,3,2,1.1991279472670815
4,"[9, 6, 5]",two-tone,8,6,4,1.3766242139234268
5,"[9, 6, 5]",two-tone,10,7,5,1.577355409793848
6,"[9, 6, 5]",two-tone,15,10,7,1.867765481449823
7,"[9, 6, 5]",two-tone,16,11,8,1.9180566085622581
