,flop,board_type,0b,1b,2b,profit
0,"[9, 5, 3]",two-tone,1,1,1,0.9805065308800742
1,"[9, 5, 3]",two-tone,2,2,2,1.025020457685157
2,"[9, 5, 3]",two-tone,3,2,2,1.052839333638054
3,"[9, 5, 3]",two-tone,4,3,2,1.1694953324759836
4,"[9, 5, 3]",two-tone,8,6,4,1.3468707797799817
5,"[9, 5, 3]",two-tone,10,7,5,1.5022094655510796
6,"[9, 5, 3]",two-tone,15,10,7,1.7686118454291913
7,"[9, 5, 3]",two-tone,16,11,8,1.8752318021382095
