,flop,board_type,0b,1b,2b,profit
0,"[9, 4, 3]",two-tone,1,1,1,1.0309710429731138
1,"[9, 4, 3]",two-tone,2,2,2,1.054156931779251
2,"[9, 4, 3]",two-tone,3,2,2,1.0830905225292322
3,"[9, 4, 3]",two-tone,4,3,2,1.2003705866537573
4,"[9, 4, 3]",two-tone,8,6,4,1.4113364751619875
5,"[9, 4, 3]",two-tone,10,7,5,1.5684215864303268
6,"[9, 4, 3]",two-tone,15,10,7,1.83005383868325
7,"[9, 4, 3]",two-tone,16,11,8,1.9560478091904372
