,flop,board_type,0b,1b,2b,profit
0,"[8, 8, 3]",two-tone,1,1,1,0.5198585415934676
1,"[8, 8, 3]",two-tone,8,6,4,0.9464171430371218
2,"[8, 8, 3]",two-tone,10,7,5,1.1153249928965656
3,"[8, 8, 3]",two-tone,15,10,7,1.607006782601129
4,"[8, 8, 3]",two-tone,16,11,8,1.852253352586736
