,flop,board_type,0b,1b,2b,profit
0,"[8, 7, 6]",two-tone,1,1,1,0.8079801539865761
1,"[8, 7, 6]",two-tone,2,2,2,1.3272644520533374
2,"[8, 7, 6]",two-tone,3,2,2,1.547012766329495
3,"[8, 7, 6]",two-tone,4,3,2,1.8703951753276318
4,"[8, 7, 6]",two-tone,8,6,4,1.9536082384317686
5,"[8, 7, 6]",two-tone,10,7,5,2.0320282782351224
6,"[8, 7, 6]",two-tone,15,10,7,2.1180674260875034
7,"[8, 7, 6]",two-tone,16,11,8,2.1490189611264507
