,flop,board_type,0b,1b,2b,profit
0,"[8, 6, 5]",two-tone,1,1,1,0.6805204260261798
1,"[8, 6, 5]",two-tone,2,2,2,0.8120034185699923
2,"[8, 6, 5]",two-tone,3,2,2,1.1005493229144223
3,"[8, 6, 5]",two-tone,4,3,2,1.45542893651467
4,"[8, 6, 5]",two-tone,8,6,4,1.587741978749192
5,"[8, 6, 5]",two-tone,10,7,5,1.7935858275448
6,"[8, 6, 5]",two-tone,15,10,7,2.0211186233772356
7,"[8, 6, 5]",two-tone,16,11,8,2.1283311245802805
