,flop,board_type,0b,1b,2b,profit
0,"[7, 3, 3]",two-tone,1,1,1,1.1072643069637762
1,"[7, 3, 3]",two-tone,2,2,2,1.1078192865547913
2,"[7, 3, 3]",two-tone,3,2,2,1.1475258159033213
3,"[7, 3, 3]",two-tone,4,3,2,1.207314146139503
4,"[7, 3, 3]",two-tone,8,6,4,1.475837597022778
5,"[7, 3, 3]",two-tone,10,7,5,1.637100602817025
6,"[7, 3, 3]",two-tone,15,10,7,1.9459427769298108
7,"[7, 3, 3]",two-tone,16,11,8,2.2144254726368677
