,flop,board_type,0b,1b,2b,profit
0,"[6, 5, 4]",two-tone,1,1,1,0.8371679047988557
1,"[6, 5, 4]",two-tone,2,2,2,0.9892849355274449
2,"[6, 5, 4]",two-tone,3,2,2,1.0858424615642321
3,"[6, 5, 4]",two-tone,4,3,2,1.15550916512538
4,"[6, 5, 4]",two-tone,8,6,4,1.4107530431970765
5,"[6, 5, 4]",two-tone,10,7,5,1.5862037275625789
6,"[6, 5, 4]",two-tone,15,10,7,1.8286423485455034
7,"[6, 5, 4]",two-tone,16,11,8,2.1302258547154924
