,flop,board_type,0b,1b,2b,profit
0,"[6, 5, 2]",two-tone,1,1,1,0.985317180561142
1,"[6, 5, 2]",two-tone,2,2,2,1.0070743048426378
2,"[6, 5, 2]",two-tone,3,2,2,1.042512083611656
3,"[6, 5, 2]",two-tone,4,3,2,1.0774143214223286
4,"[6, 5, 2]",two-tone,8,6,4,1.346108805896529
5,"[6, 5, 2]",two-tone,10,7,5,1.519438577135996
6,"[6, 5, 2]",two-tone,15,10,7,1.8809418383212844
7,"[6, 5, 2]",two-tone,16,11,8,2.1612844882608253
