,flop,board_type,0b,1b,2b,profit
0,"[5, 4, 3]",two-tone,1,1,1,1.1176474772299196
1,"[5, 4, 3]",two-tone,2,2,2,1.264182329493976
2,"[5, 4, 3]",two-tone,3,2,2,1.3335088113202813
3,"[5, 4, 3]",two-tone,4,3,2,1.4226656680672694
4,"[5, 4, 3]",two-tone,8,6,4,1.6478210025491973
5,"[5, 4, 3]",two-tone,10,7,5,1.7741425753042173
6,"[5, 4, 3]",two-tone,15,10,7,2.1516433830137216
7,"[5, 4, 3]",two-tone,16,11,8,2.4719084789323964
