,flop,board_type,0b,1b,2b,profit
0,"[14, 14, 7]",rainbow,1,1,1,-0.4872259483509569
1,"[14, 14, 7]",rainbow,8,6,4,-0.43489490744398074
