,flop,board_type,0b,1b,2b,profit
0,"[14, 14, 6]",rainbow,1,1,1,-0.11717792991014075
1,"[14, 14, 6]",rainbow,2,2,2,-0.1113790882755683
