,flop,board_type,0b,1b,2b,profit
0,"[14, 12, 10]",rainbow,1,1,1,-3.0366609242987765
1,"[14, 12, 10]",rainbow,8,6,4,-3.024757175354094
