,flop,board_type,0b,1b,2b,profit
0,"[14, 9, 6]",rainbow,1,1,1,-1.2677831570332492
1,"[14, 9, 6]",rainbow,2,2,2,-1.2656317335038367
