,flop,board_type,0b,1b,2b,profit
0,"[14, 7, 7]",rainbow,1,1,1,-3.452329336746492
1,"[14, 7, 7]",rainbow,2,2,2,-3.4492631620889584
2,"[14, 7, 7]",rainbow,8,6,4,-3.0474177664906494
