,flop,board_type,0b,1b,2b,profit
0,"[14, 6, 6]",rainbow,1,1,1,-4.724422055348101
1,"[14, 6, 6]",rainbow,8,6,4,-4.677809891587201
