,flop,board_type,0b,1b,2b,profit
0,"[14, 6, 4]",rainbow,1,1,1,-3.3676771692879646
1,"[14, 6, 4]",rainbow,10,7,5,-3.317251572899421
