,flop,board_type,0b,1b,2b,profit
0,"[14, 4, 2]",rainbow,1,1,1,-3.9634731375715107
1,"[14, 4, 2]",rainbow,2,2,2,-3.941787134396455
2,"[14, 4, 2]",rainbow,3,2,2,-3.9353393638610816
