,flop,board_type,0b,1b,2b,profit
0,"[13, 13, 9]",rainbow,1,1,1,0.685764958110802
1,"[13, 13, 9]",rainbow,2,2,2,0.6930887121641923
