,flop,board_type,0b,1b,2b,profit
0,"[13, 13, 2]",rainbow,1,1,1,-1.6241353943863954
1,"[13, 13, 2]",rainbow,2,2,2,-1.6114228132222226
2,"[13, 13, 2]",rainbow,3,2,2,-1.6039743202462022
3,"[13, 13, 2]",rainbow,8,6,4,-0.6219170672182937
4,"[13, 13, 2]",rainbow,10,7,5,-0.5127985199080014
