,flop,board_type,0b,1b,2b,profit
0,"[13, 11, 10]",rainbow,1,1,1,3.657971613509267
1,"[13, 11, 10]",rainbow,8,6,4,4.944672257225128
