,flop,board_type,0b,1b,2b,profit
0,"[13, 10, 10]",rainbow,1,1,1,2.0667153740320954
1,"[13, 10, 10]",rainbow,2,2,2,2.2554817180742415
2,"[13, 10, 10]",rainbow,15,10,7,5.070293185499591
3,"[13, 10, 10]",rainbow,16,11,8,5.075637855177518
