,flop,board_type,0b,1b,2b,profit
0,"[13, 10, 6]",rainbow,1,1,1,1.4737762224688309
1,"[13, 10, 6]",rainbow,2,2,2,1.6060902648215052
2,"[13, 10, 6]",rainbow,3,2,2,1.6240154166100589
3,"[13, 10, 6]",rainbow,15,10,7,2.450236776586211
4,"[13, 10, 6]",rainbow,16,11,8,2.458255871021823
