,flop,board_type,0b,1b,2b,profit
0,"[13, 8, 8]",rainbow,1,1,1,-1.9122721502003608
1,"[13, 8, 8]",rainbow,8,6,4,-1.019799070726416
