,flop,board_type,0b,1b,2b,profit
0,"[13, 8, 4]",rainbow,1,1,1,-1.8606503746341032
1,"[13, 8, 4]",rainbow,10,7,5,-1.5153568783237201
