,flop,board_type,0b,1b,2b,profit
0,"[12, 11, 9]",rainbow,1,1,1,4.829143924972239
1,"[12, 11, 9]",rainbow,2,2,2,5.39524167414557
2,"[12, 11, 9]",rainbow,3,2,2,5.7816322728083245
3,"[12, 11, 9]",rainbow,4,3,2,5.784039539644159
4,"[12, 11, 9]",rainbow,8,6,4,5.78869979750088
5,"[12, 11, 9]",rainbow,15,10,7,6.342030577141426
