,flop,board_type,0b,1b,2b,profit
0,"[12, 11, 8]",rainbow,1,1,1,2.920000831775017
1,"[12, 11, 8]",rainbow,8,6,4,3.499179011675816
2,"[12, 11, 8]",rainbow,15,10,7,3.9450519276652884
3,"[12, 11, 8]",rainbow,16,11,8,3.9784490895743585
