,flop,board_type,0b,1b,2b,profit
0,"[12, 10, 8]",rainbow,1,1,1,6.021151578243243
1,"[12, 10, 8]",rainbow,8,6,4,6.80993430411929
2,"[12, 10, 8]",rainbow,15,10,7,7.188184813444014
