,flop,board_type,0b,1b,2b,profit
0,"[12, 10, 6]",rainbow,1,1,1,3.5556172672877495
1,"[12, 10, 6]",rainbow,15,10,7,3.6461750113636353
2,"[12, 10, 6]",rainbow,16,11,8,3.6513768706168825
