,flop,board_type,0b,1b,2b,profit
0,"[12, 8, 5]",rainbow,1,1,1,-0.13499208575555577
1,"[12, 8, 5]",rainbow,2,2,2,-0.12606273957222236
