,flop,board_type,0b,1b,2b,profit
0,"[12, 7, 7]",rainbow,1,1,1,-1.6310839736673908
1,"[12, 7, 7]",rainbow,2,2,2,-1.6203336746684738
