,flop,board_type,0b,1b,2b,profit
0,"[12, 6, 3]",rainbow,1,1,1,-0.5177785979824567
1,"[12, 6, 3]",rainbow,2,2,2,-0.5073799472313596
