,flop,board_type,0b,1b,2b,profit
0,"[11, 11, 5]",rainbow,1,1,1,0.8189420901877231
1,"[11, 11, 5]",rainbow,2,2,2,0.8303491336986746
2,"[11, 11, 5]",rainbow,3,2,2,0.8319751850045314
