,flop,board_type,0b,1b,2b,profit
0,"[11, 10, 5]",rainbow,1,1,1,0.9036825468398269
1,"[11, 10, 5]",rainbow,2,2,2,0.9547837214693888
2,"[11, 10, 5]",rainbow,15,10,7,1.502150320831169
3,"[11, 10, 5]",rainbow,16,11,8,1.5075662721038956
