,flop,board_type,0b,1b,2b,profit
0,"[11, 9, 3]",rainbow,1,1,1,-0.19303695287809752
1,"[11, 9, 3]",rainbow,2,2,2,-0.13888896946288054
2,"[11, 9, 3]",rainbow,3,2,2,0.02910350438590603
3,"[11, 9, 3]",rainbow,4,3,2,0.033390422545330756
4,"[11, 9, 3]",rainbow,10,7,5,0.07587558182689058
5,"[11, 9, 3]",rainbow,15,10,7,0.14942828734177205
6,"[11, 9, 3]",rainbow,16,11,8,0.1842445469312355
