,flop,board_type,0b,1b,2b,profit
0,"[11, 8, 3]",rainbow,1,1,1,-0.9577887895242574
1,"[11, 8, 3]",rainbow,2,2,2,-0.9467066404000004
2,"[11, 8, 3]",rainbow,10,7,5,-0.6664436747999996
