,flop,board_type,0b,1b,2b,profit
0,"[11, 7, 6]",rainbow,1,1,1,-1.7851406078733767
1,"[11, 7, 6]",rainbow,2,2,2,-1.7809842852272733
