,flop,board_type,0b,1b,2b,profit
0,"[11, 6, 2]",rainbow,1,1,1,-1.6026827402337653
1,"[11, 6, 2]",rainbow,10,7,5,-1.474481058259741
