,flop,board_type,0b,1b,2b,profit
0,"[10, 10, 8]",rainbow,1,1,1,5.651420786024097
1,"[10, 10, 8]",rainbow,2,2,2,5.658077281084337
