,flop,board_type,0b,1b,2b,profit
0,"[10, 10, 7]",rainbow,1,1,1,5.575771388915662
1,"[10, 10, 7]",rainbow,2,2,2,5.58220798072289
