,flop,board_type,0b,1b,2b,profit
0,"[10, 9, 8]",rainbow,1,1,1,3.8661833103003573
1,"[10, 9, 8]",rainbow,2,2,2,4.933135324235533
2,"[10, 9, 8]",rainbow,8,6,4,5.311271258455795
