,flop,board_type,0b,1b,2b,profit
0,"[10, 4, 2]",rainbow,1,1,1,0.12358108648648636
1,"[10, 4, 2]",rainbow,2,2,2,0.13047238941441458
