,flop,board_type,0b,1b,2b,profit
0,"[9, 8, 6]",rainbow,1,1,1,1.5106212265419308
1,"[9, 8, 6]",rainbow,2,2,2,1.845525679746075
