,flop,board_type,0b,1b,2b,profit
0,"[9, 7, 4]",rainbow,1,1,1,-1.1418966118106986
1,"[9, 7, 4]",rainbow,2,2,2,-1.1343567562551433
