,flop,board_type,0b,1b,2b,profit
0,"[9, 7, 2]",rainbow,1,1,1,0.025972158666665912
1,"[9, 7, 2]",rainbow,2,2,2,0.035310001593494844
