,flop,board_type,0b,1b,2b,profit
0,"[9, 5, 4]",rainbow,1,1,1,-3.5053218027964363
1,"[9, 5, 4]",rainbow,2,2,2,-3.5010400993154236
