,flop,board_type,0b,1b,2b,profit
0,"[8, 8, 5]",rainbow,1,1,1,-4.158851876246274
1,"[8, 8, 5]",rainbow,2,2,2,-4.150120906613905
