,flop,board_type,0b,1b,2b,profit
0,"[8, 6, 5]",rainbow,1,1,1,-2.512405314287446
1,"[8, 6, 5]",rainbow,2,2,2,-2.5075955476985055
