,flop,board_type,0b,1b,2b,profit
0,"[8, 6, 2]",rainbow,1,1,1,-2.0952305975822387
1,"[8, 6, 2]",rainbow,2,2,2,-2.0879689714144742
