,flop,board_type,0b,1b,2b,profit
0,"[7, 4, 2]",rainbow,1,1,1,-3.4569058257594945
1,"[7, 4, 2]",rainbow,2,2,2,-3.4526995332120265
2,"[7, 4, 2]",rainbow,3,2,2,-3.452676636756329
