,flop,board_type,0b,1b,2b,profit
0,"[7, 2, 2]",rainbow,1,1,1,-3.516497800679794
1,"[7, 2, 2]",rainbow,2,2,2,-3.5129674370604773
2,"[7, 2, 2]",rainbow,3,2,2,-3.5109154748241904
3,"[7, 2, 2]",rainbow,8,6,4,-3.434468316291607
