,flop,board_type,0b,1b,2b,profit
0,"[6, 6, 2]",rainbow,1,1,1,-4.256638022236631
1,"[6, 6, 2]",rainbow,2,2,2,-4.2489732183647035
