,flop,board_type,0b,1b,2b,profit
0,"[6, 4, 2]",rainbow,1,1,1,-3.28195818130199
1,"[6, 4, 2]",rainbow,2,2,2,-3.281350485605787
