,flop,board_type,0b,1b,2b,profit
0,"[6, 2, 2]",rainbow,1,1,1,-2.7992530964240503
1,"[6, 2, 2]",rainbow,2,2,2,-2.791209906740506
