,flop,board_type,0b,1b,2b,profit
0,"[5, 3, 2]",rainbow,1,1,1,-4.92807517172257
1,"[5, 3, 2]",rainbow,2,2,2,-4.912764724500194
