,flop,board_type,0b,1b,2b,profit
0,"[14, 13, 10]",two-tone,1,1,1,0.3314341987347291
1,"[14, 13, 10]",two-tone,8,6,4,0.97947957556719
2,"[14, 13, 10]",two-tone,10,7,5,1.076961299941826
3,"[14, 13, 10]",two-tone,15,10,7,3.636535989470622
4,"[14, 13, 10]",two-tone,16,11,8,3.650724762332751
