,flop,board_type,0b,1b,2b,profit
0,"[14, 13, 8]",two-tone,1,1,1,0.6907315872448978
1,"[14, 13, 8]",two-tone,8,6,4,1.6321410110544214
2,"[14, 13, 8]",two-tone,10,7,5,1.6329554868480725
3,"[14, 13, 8]",two-tone,15,10,7,3.2901236507936504
