,flop,board_type,0b,1b,2b,profit
0,"[14, 12, 5]",two-tone,1,1,1,1.2463454328756307
1,"[14, 12, 5]",two-tone,8,6,4,2.0893644142860897
2,"[14, 12, 5]",two-tone,10,7,5,2.0921913478956227
3,"[14, 12, 5]",two-tone,15,10,7,3.5141729413299654
4,"[14, 12, 5]",two-tone,16,11,8,3.5906958038141825
