,flop,board_type,0b,1b,2b,profit
0,"[14, 11, 11]",two-tone,1,1,1,0.7965200777653059
1,"[14, 11, 11]",two-tone,2,2,2,0.7981242357142858
2,"[14, 11, 11]",two-tone,3,2,2,0.9023119254693877
3,"[14, 11, 11]",two-tone,4,3,2,1.2268686030510205
4,"[14, 11, 11]",two-tone,8,6,4,1.7678807076020404
5,"[14, 11, 11]",two-tone,10,7,5,1.8778407933265304
6,"[14, 11, 11]",two-tone,15,10,7,3.5658809364081634
7,"[14, 11, 11]",two-tone,16,11,8,3.6152501155306123
