,flop,board_type,0b,1b,2b,profit
0,"[14, 11, 4]",two-tone,1,1,1,1.2854305986927432
1,"[14, 11, 4]",two-tone,2,2,2,1.2855087564590841
2,"[14, 11, 4]",two-tone,3,2,2,1.432308262645394
3,"[14, 11, 4]",two-tone,4,3,2,1.6801374151569743
4,"[14, 11, 4]",two-tone,8,6,4,2.3120037556021615
5,"[14, 11, 4]",two-tone,10,7,5,2.3138923467601646
6,"[14, 11, 4]",two-tone,15,10,7,3.710517992552753
7,"[14, 11, 4]",two-tone,16,11,8,3.7826638167627378
