,flop,board_type,0b,1b,2b,profit
0,"[14, 9, 8]",two-tone,1,1,1,1.0064671963766867
1,"[14, 9, 8]",two-tone,2,2,2,1.0093906827827746
2,"[14, 9, 8]",two-tone,3,2,2,1.1231783653580076
3,"[14, 9, 8]",two-tone,4,3,2,1.2658575511241792
4,"[14, 9, 8]",two-tone,8,6,4,2.118625463922519
5,"[14, 9, 8]",two-tone,10,7,5,2.1672907847284684
6,"[14, 9, 8]",two-tone,15,10,7,3.8489343937218967
7,"[14, 9, 8]",two-tone,16,11,8,3.9460952141214123
