,flop,board_type,0b,1b,2b,profit
0,"[14, 9, 5]",two-tone,1,1,1,1.3390029657555753
1,"[14, 9, 5]",two-tone,2,2,2,1.3402723551742808
2,"[14, 9, 5]",two-tone,3,2,2,1.4567044065923365
3,"[14, 9, 5]",two-tone,4,3,2,1.5854730198690195
4,"[14, 9, 5]",two-tone,8,6,4,2.217978958708596
5,"[14, 9, 5]",two-tone,10,7,5,2.2530122295735016
6,"[14, 9, 5]",two-tone,15,10,7,3.680939661371509
7,"[14, 9, 5]",two-tone,16,11,8,3.811925613428232
