,flop,board_type,0b,1b,2b,profit
0,"[14, 8, 4]",two-tone,1,1,1,1.3811272471489664
1,"[14, 8, 4]",two-tone,2,2,2,1.383377862437634
2,"[14, 8, 4]",two-tone,3,2,2,1.385998528153956
3,"[14, 8, 4]",two-tone,8,6,4,1.9082106915538135
4,"[14, 8, 4]",two-tone,10,7,5,1.9434445892729866
5,"[14, 8, 4]",two-tone,15,10,7,3.1806907760156813
6,"[14, 8, 4]",two-tone,16,11,8,3.320768730220955
