,flop,board_type,0b,1b,2b,profit
0,"[14, 7, 7]",two-tone,1,1,1,1.445342131428572
1,"[14, 7, 7]",two-tone,8,6,4,2.133191903920266
2,"[14, 7, 7]",two-tone,10,7,5,2.224798126910299
3,"[14, 7, 7]",two-tone,15,10,7,3.28696341820598
4,"[14, 7, 7]",two-tone,16,11,8,3.413027331162791
