,flop,board_type,0b,1b,2b,profit
0,"[14, 7, 3]",two-tone,1,1,1,1.5824790659886474
1,"[14, 7, 3]",two-tone,2,2,2,1.5840063694102808
2,"[14, 7, 3]",two-tone,8,6,4,2.184902139225271
3,"[14, 7, 3]",two-tone,10,7,5,2.211787329422895
4,"[14, 7, 3]",two-tone,15,10,7,3.1434497839009783
5,"[14, 7, 3]",two-tone,16,11,8,3.2735299137049303
