,flop,board_type,0b,1b,2b,profit
0,"[14, 6, 5]",two-tone,1,1,1,1.607466064
1,"[14, 6, 5]",two-tone,2,2,2,1.8324794201406251
2,"[14, 6, 5]",two-tone,3,2,2,1.9342469323750002
3,"[14, 6, 5]",two-tone,4,3,2,2.0680061659375006
4,"[14, 6, 5]",two-tone,8,6,4,2.3682471977343758
5,"[14, 6, 5]",two-tone,10,7,5,2.3964891798671886
6,"[14, 6, 5]",two-tone,15,10,7,3.1594662389687507
7,"[14, 6, 5]",two-tone,16,11,8,3.2929968606250006
