,flop,board_type,0b,1b,2b,profit
0,"[14, 6, 3]",two-tone,1,1,1,1.661619747710396
1,"[14, 6, 3]",two-tone,8,6,4,2.230519890470297
2,"[14, 6, 3]",two-tone,10,7,5,2.2535208395420794
3,"[14, 6, 3]",two-tone,15,10,7,3.027656344059406
4,"[14, 6, 3]",two-tone,16,11,8,3.2149583010107268
