,flop,board_type,0b,1b,2b,profit
0,"[14, 4, 4]",two-tone,1,1,1,1.5382342663092303
1,"[14, 4, 4]",two-tone,8,6,4,1.8133609393421246
2,"[14, 4, 4]",two-tone,10,7,5,1.8375563460657884
3,"[14, 4, 4]",two-tone,15,10,7,2.4241286691590584
4,"[14, 4, 4]",two-tone,16,11,8,2.669581148355311
