,flop,board_type,0b,1b,2b,profit
0,"[14, 4, 2]",two-tone,1,1,1,1.797649531270097
1,"[14, 4, 2]",two-tone,8,6,4,2.3032291400623
2,"[14, 4, 2]",two-tone,10,7,5,2.326298206852895
3,"[14, 4, 2]",two-tone,15,10,7,2.540540901949357
4,"[14, 4, 2]",two-tone,16,11,8,2.804096197648714
