,flop,board_type,0b,1b,2b,profit
0,"[13, 13, 9]",two-tone,1,1,1,0.608510282132565
1,"[13, 13, 9]",two-tone,2,2,2,0.6118644158501443
2,"[13, 13, 9]",two-tone,3,2,2,0.6937889613832854
3,"[13, 13, 9]",two-tone,4,3,2,0.8429481922190207
4,"[13, 13, 9]",two-tone,8,6,4,1.7093583521613838
5,"[13, 13, 9]",two-tone,15,10,7,3.306029227953891
