,flop,board_type,0b,1b,2b,profit
0,"[13, 13, 7]",two-tone,1,1,1,0.4474312675700977
1,"[13, 13, 7]",two-tone,2,2,2,0.44795349230886455
2,"[13, 13, 7]",two-tone,3,2,2,0.4483635763409963
3,"[13, 13, 7]",two-tone,4,3,2,0.5492343636777255
4,"[13, 13, 7]",two-tone,8,6,4,1.1703262773750438
5,"[13, 13, 7]",two-tone,10,7,5,1.2159613148750437
6,"[13, 13, 7]",two-tone,15,10,7,2.364695853605016
7,"[13, 13, 7]",two-tone,16,11,8,2.415289071238245
