,flop,board_type,0b,1b,2b,profit
0,"[13, 13, 5]",two-tone,1,1,1,0.4427393651967437
1,"[13, 13, 5]",two-tone,2,2,2,0.44368238158073264
2,"[13, 13, 5]",two-tone,3,2,2,0.4478713608208959
3,"[13, 13, 5]",two-tone,8,6,4,0.8197561611261868
4,"[13, 13, 5]",two-tone,10,7,5,0.8230585121438265
5,"[13, 13, 5]",two-tone,15,10,7,1.6612871710990498
6,"[13, 13, 5]",two-tone,16,11,8,1.8365645959294434
