,flop,board_type,0b,1b,2b,profit
0,"[13, 12, 8]",two-tone,1,1,1,0.9821940896809892
1,"[13, 12, 8]",two-tone,8,6,4,1.6422608389621314
2,"[13, 12, 8]",two-tone,10,7,5,1.6833827696397565
3,"[13, 12, 8]",two-tone,15,10,7,3.126321233344184
