,flop,board_type,0b,1b,2b,profit
0,"[13, 12, 4]",two-tone,1,1,1,1.291386079439537
1,"[13, 12, 4]",two-tone,8,6,4,1.9361411229211083
2,"[13, 12, 4]",two-tone,10,7,5,1.9963343562899782
3,"[13, 12, 4]",two-tone,15,10,7,3.5084226848309465
4,"[13, 12, 4]",two-tone,16,11,8,3.590946764422783
