,flop,board_type,0b,1b,2b,profit
0,"[13, 11, 10]",two-tone,1,1,1,0.09690431164095342
1,"[13, 11, 10]",two-tone,2,2,2,0.3881126690182329
2,"[13, 11, 10]",two-tone,3,2,2,0.6394568421879381
3,"[13, 11, 10]",two-tone,4,3,2,1.7922333713744738
4,"[13, 11, 10]",two-tone,8,6,4,2.2034328055820467
5,"[13, 11, 10]",two-tone,10,7,5,2.203479389705469
6,"[13, 11, 10]",two-tone,15,10,7,4.154847383352033
7,"[13, 11, 10]",two-tone,16,11,8,4.155215135301542
