,flop,board_type,0b,1b,2b,profit
0,"[13, 11, 5]",two-tone,1,1,1,1.1026150255640612
1,"[13, 11, 5]",two-tone,2,2,2,1.2985022512087032
2,"[13, 11, 5]",two-tone,8,6,4,2.004968717566478
3,"[13, 11, 5]",two-tone,10,7,5,2.0759774071313455
4,"[13, 11, 5]",two-tone,15,10,7,3.6666510181708296
5,"[13, 11, 5]",two-tone,16,11,8,3.758585307665189
