,flop,board_type,0b,1b,2b,profit
0,"[13, 10, 6]",two-tone,1,1,1,1.0746319370431112
1,"[13, 10, 6]",two-tone,2,2,2,1.075415717541393
2,"[13, 10, 6]",two-tone,3,2,2,1.3095674009606368
3,"[13, 10, 6]",two-tone,4,3,2,1.5403541544907842
4,"[13, 10, 6]",two-tone,8,6,4,2.2021690302639794
5,"[13, 10, 6]",two-tone,10,7,5,2.2707688508825363
6,"[13, 10, 6]",two-tone,15,10,7,3.8252588810241583
7,"[13, 10, 6]",two-tone,16,11,8,3.8254657798214096
