,flop,board_type,0b,1b,2b,profit
0,"[13, 10, 2]",two-tone,1,1,1,1.280095702850539
1,"[13, 10, 2]",two-tone,2,2,2,1.2838956479198769
2,"[13, 10, 2]",two-tone,8,6,4,2.131286201561376
3,"[13, 10, 2]",two-tone,10,7,5,2.192797864622495
4,"[13, 10, 2]",two-tone,15,10,7,3.7130524800770406
5,"[13, 10, 2]",two-tone,16,11,8,3.7574034528428344
