,flop,board_type,0b,1b,2b,profit
0,"[13, 9, 3]",two-tone,1,1,1,1.5298071104449646
1,"[13, 9, 3]",two-tone,8,6,4,2.453508938532396
2,"[13, 9, 3]",two-tone,10,7,5,2.482561682560499
3,"[13, 9, 3]",two-tone,15,10,7,3.6767450082331505
