,flop,board_type,0b,1b,2b,profit
0,"[13, 9, 2]",two-tone,1,1,1,1.550500134754098
1,"[13, 9, 2]",two-tone,8,6,4,2.463145544434035
2,"[13, 9, 2]",two-tone,10,7,5,2.492405402919593
3,"[13, 9, 2]",two-tone,15,10,7,3.6775954161722613
4,"[13, 9, 2]",two-tone,16,11,8,3.67787075647671
