,flop,board_type,0b,1b,2b,profit
0,"[13, 8, 5]",two-tone,1,1,1,1.3466005745900764
1,"[13, 8, 5]",two-tone,8,6,4,1.857009130146823
2,"[13, 8, 5]",two-tone,10,7,5,1.8899669430286146
3,"[13, 8, 5]",two-tone,15,10,7,3.053571992669597
4,"[13, 8, 5]",two-tone,16,11,8,3.1035762158396754
