,flop,board_type,0b,1b,2b,profit
0,"[13, 8, 3]",two-tone,1,1,1,1.5139435561226657
1,"[13, 8, 3]",two-tone,8,6,4,1.9691923094121395
2,"[13, 8, 3]",two-tone,10,7,5,2.0000727387468165
3,"[13, 8, 3]",two-tone,15,10,7,3.0972949145479634
4,"[13, 8, 3]",two-tone,16,11,8,3.143195387797115
