,flop,board_type,0b,1b,2b,profit
0,"[13, 8, 2]",two-tone,1,1,1,1.52058281945034
1,"[13, 8, 2]",two-tone,2,2,2,1.5232360489601022
2,"[13, 8, 2]",two-tone,3,2,2,1.5236965651315797
3,"[13, 8, 2]",two-tone,4,3,2,1.5260914138476231
4,"[13, 8, 2]",two-tone,8,6,4,1.972609704276316
5,"[13, 8, 2]",two-tone,10,7,5,2.0010384672113752
6,"[13, 8, 2]",two-tone,15,10,7,3.096220307703736
7,"[13, 8, 2]",two-tone,16,11,8,3.1438212322686763
