,flop,board_type,0b,1b,2b,profit
0,"[13, 7, 6]",two-tone,1,1,1,1.4076971605701576
1,"[13, 7, 6]",two-tone,2,2,2,1.6206913359245658
2,"[13, 7, 6]",two-tone,3,2,2,1.6250102625724343
3,"[13, 7, 6]",two-tone,4,3,2,1.6253925222992553
4,"[13, 7, 6]",two-tone,8,6,4,2.050157335782285
5,"[13, 7, 6]",two-tone,10,7,5,2.154048285233858
6,"[13, 7, 6]",two-tone,15,10,7,3.1585294986548016
7,"[13, 7, 6]",two-tone,16,11,8,3.2103961228787252
