,flop,board_type,0b,1b,2b,profit
0,"[13, 7, 5]",two-tone,1,1,1,1.4440721688118814
1,"[13, 7, 5]",two-tone,8,6,4,2.0775210852052393
2,"[13, 7, 5]",two-tone,10,7,5,2.1393557574257427
3,"[13, 7, 5]",two-tone,15,10,7,3.1702343106435653
4,"[13, 7, 5]",two-tone,16,11,8,3.2199921965810656
