,flop,board_type,0b,1b,2b,profit
0,"[13, 7, 3]",two-tone,1,1,1,1.5390435495710781
1,"[13, 7, 3]",two-tone,2,2,2,1.5397994565563724
2,"[13, 7, 3]",two-tone,3,2,2,1.544677761519608
3,"[13, 7, 3]",two-tone,4,3,2,1.6598560731924024
4,"[13, 7, 3]",two-tone,8,6,4,2.1528556161866836
5,"[13, 7, 3]",two-tone,10,7,5,2.2123375382352943
6,"[13, 7, 3]",two-tone,15,10,7,3.1917277281147878
7,"[13, 7, 3]",two-tone,16,11,8,3.2396985252144614
