,flop,board_type,0b,1b,2b,profit
0,"[13, 3, 3]",two-tone,1,1,1,1.1401792864509182
1,"[13, 3, 3]",two-tone,2,2,2,1.1427497930357813
2,"[13, 3, 3]",two-tone,8,6,4,1.3324187225084303
3,"[13, 3, 3]",two-tone,10,7,5,1.3367907495738107
4,"[13, 3, 3]",two-tone,15,10,7,1.6252705564396783
5,"[13, 3, 3]",two-tone,16,11,8,1.8036045829243166
