,flop,board_type,0b,1b,2b,profit
0,"[12, 12, 3]",two-tone,1,1,1,0.601483102889941
1,"[12, 12, 3]",two-tone,8,6,4,0.7559315592659934
2,"[12, 12, 3]",two-tone,10,7,5,0.7835331574246334
3,"[12, 12, 3]",two-tone,15,10,7,1.1959768279057972
4,"[12, 12, 3]",two-tone,16,11,8,1.4127545937930743
