,flop,board_type,0b,1b,2b,profit
0,"[12, 11, 5]",two-tone,1,1,1,1.1154155150660263
1,"[12, 11, 5]",two-tone,2,2,2,1.3008541992196878
2,"[12, 11, 5]",two-tone,3,2,2,1.413584856812725
3,"[12, 11, 5]",two-tone,4,3,2,1.5226991410864343
4,"[12, 11, 5]",two-tone,8,6,4,2.1805244391956773
5,"[12, 11, 5]",two-tone,10,7,5,2.2823445272508995
6,"[12, 11, 5]",two-tone,15,10,7,3.7706965572478985
7,"[12, 11, 5]",two-tone,16,11,8,3.8144805512004796
