,flop,board_type,0b,1b,2b,profit
0,"[12, 9, 3]",two-tone,1,1,1,1.5091726213587715
1,"[12, 9, 3]",two-tone,2,2,2,1.5108837649604463
2,"[12, 9, 3]",two-tone,3,2,2,1.6062016334962
3,"[12, 9, 3]",two-tone,4,3,2,1.717445802536063
4,"[12, 9, 3]",two-tone,8,6,4,2.434230389080192
5,"[12, 9, 3]",two-tone,10,7,5,2.4632611007031695
6,"[12, 9, 3]",two-tone,15,10,7,3.652021835448011
