,flop,board_type,0b,1b,2b,profit
0,"[12, 6, 4]",two-tone,1,1,1,1.4804000383116884
1,"[12, 6, 4]",two-tone,8,6,4,2.032133276298702
2,"[12, 6, 4]",two-tone,10,7,5,2.132393450162338
3,"[12, 6, 4]",two-tone,15,10,7,3.0444436793831176
4,"[12, 6, 4]",two-tone,16,11,8,3.1911216459415592
