,flop,board_type,0b,1b,2b,profit
0,"[12, 6, 2]",two-tone,1,1,1,1.5483861053398058
1,"[12, 6, 2]",two-tone,2,2,2,1.553079161165049
2,"[12, 6, 2]",two-tone,3,2,2,1.5535221155339807
3,"[12, 6, 2]",two-tone,4,3,2,1.6828831407766993
4,"[12, 6, 2]",two-tone,8,6,4,2.0919523524271844
5,"[12, 6, 2]",two-tone,10,7,5,2.1895271762135935
6,"[12, 6, 2]",two-tone,15,10,7,3.0677413155339814
7,"[12, 6, 2]",two-tone,16,11,8,3.210709064077671
