,flop,board_type,0b,1b,2b,profit
0,"[12, 5, 3]",two-tone,1,1,1,1.533603615322581
1,"[12, 5, 3]",two-tone,8,6,4,1.8020815169354845
2,"[12, 5, 3]",two-tone,10,7,5,1.8982064693548393
3,"[12, 5, 3]",two-tone,15,10,7,2.6293939604838714
4,"[12, 5, 3]",two-tone,16,11,8,2.8525732145161298
