,flop,board_type,0b,1b,2b,profit
0,"[12, 3, 2]",two-tone,1,1,1,1.5874466667731633
1,"[12, 3, 2]",two-tone,8,6,4,1.6782983889776355
2,"[12, 3, 2]",two-tone,10,7,5,1.7647398730031951
3,"[12, 3, 2]",two-tone,15,10,7,2.0941177937699686
4,"[12, 3, 2]",two-tone,16,11,8,2.3164495560702885
