,flop,board_type,0b,1b,2b,profit
0,"[12, 2, 2]",two-tone,1,1,1,1.1317727158088233
1,"[12, 2, 2]",two-tone,8,6,4,1.2125057875186147
2,"[12, 2, 2]",two-tone,10,7,5,1.2395554274106482
3,"[12, 2, 2]",two-tone,15,10,7,1.399426365138682
4,"[12, 2, 2]",two-tone,16,11,8,1.5962856531738643
