,flop,board_type,0b,1b,2b,profit
0,"[11, 11, 9]",two-tone,1,1,1,0.5549020377027909
1,"[11, 11, 9]",two-tone,2,2,2,0.7761816667748214
2,"[11, 11, 9]",two-tone,3,2,2,0.9493500269305646
3,"[11, 11, 9]",two-tone,4,3,2,1.2481297625567818
4,"[11, 11, 9]",two-tone,8,6,4,1.8216004506164833
5,"[11, 11, 9]",two-tone,15,10,7,3.383777663789747
