,flop,board_type,0b,1b,2b,profit
0,"[11, 10, 5]",two-tone,1,1,1,1.0711147577520563
1,"[11, 10, 5]",two-tone,2,2,2,1.2897169424002437
2,"[11, 10, 5]",two-tone,3,2,2,1.3957942493451114
3,"[11, 10, 5]",two-tone,4,3,2,1.5176974795004565
4,"[11, 10, 5]",two-tone,8,6,4,2.0990043268047516
5,"[11, 10, 5]",two-tone,10,7,5,2.1581033183368863
6,"[11, 10, 5]",two-tone,15,10,7,3.6692060762107825
7,"[11, 10, 5]",two-tone,16,11,8,3.6693478530307644
