,flop,board_type,0b,1b,2b,profit
0,"[11, 10, 3]",two-tone,1,1,1,1.2086149736770695
1,"[11, 10, 3]",two-tone,2,2,2,1.4159613138625058
2,"[11, 10, 3]",two-tone,3,2,2,1.5216442079601986
3,"[11, 10, 3]",two-tone,4,3,2,1.6393648677521482
4,"[11, 10, 3]",two-tone,8,6,4,2.168710252306648
5,"[11, 10, 3]",two-tone,10,7,5,2.2266493476782747
6,"[11, 10, 3]",two-tone,15,10,7,3.6778822638474287
