,flop,board_type,0b,1b,2b,profit
0,"[11, 8, 5]",two-tone,1,1,1,1.1849274657394315
1,"[11, 8, 5]",two-tone,2,2,2,1.1892479819267643
2,"[11, 8, 5]",two-tone,3,2,2,1.2895798586751532
3,"[11, 8, 5]",two-tone,4,3,2,1.41917997127927
4,"[11, 8, 5]",two-tone,8,6,4,1.8994203748231966
5,"[11, 8, 5]",two-tone,10,7,5,1.9685206680549006
6,"[11, 8, 5]",two-tone,15,10,7,3.2319415162528147
7,"[11, 8, 5]",two-tone,16,11,8,3.319005778851694
