,flop,board_type,0b,1b,2b,profit
0,"[11, 7, 7]",two-tone,1,1,1,0.8244273283582093
1,"[11, 7, 7]",two-tone,8,6,4,1.7094580605794563
2,"[11, 7, 7]",two-tone,10,7,5,1.7566780553116774
3,"[11, 7, 7]",two-tone,15,10,7,2.863031984196664
4,"[11, 7, 7]",two-tone,16,11,8,2.9536629280070246
