,flop,board_type,0b,1b,2b,profit
0,"[11, 7, 6]",two-tone,1,1,1,1.166564105756579
1,"[11, 7, 6]",two-tone,2,2,2,1.3955785483552634
2,"[11, 7, 6]",two-tone,3,2,2,1.3981515067434205
3,"[11, 7, 6]",two-tone,4,3,2,1.5114556552631575
4,"[11, 7, 6]",two-tone,8,6,4,2.0755764667763157
5,"[11, 7, 6]",two-tone,10,7,5,2.1849947570723685
6,"[11, 7, 6]",two-tone,15,10,7,3.318096371381578
7,"[11, 7, 6]",two-tone,16,11,8,3.4064115154605257
