,flop,board_type,0b,1b,2b,profit
0,"[11, 6, 4]",two-tone,1,1,1,1.2087623669126337
1,"[11, 6, 4]",two-tone,8,6,4,2.011090594869146
2,"[11, 6, 4]",two-tone,10,7,5,2.1581110432137947
3,"[11, 6, 4]",two-tone,15,10,7,3.0745764717384905
4,"[11, 6, 4]",two-tone,16,11,8,3.2389143617030705
