,flop,board_type,0b,1b,2b,profit
0,"[11, 5, 5]",two-tone,1,1,1,0.7562822748574103
1,"[11, 5, 5]",two-tone,8,6,4,1.293469640617111
2,"[11, 5, 5]",two-tone,10,7,5,1.4073223652921927
3,"[11, 5, 5]",two-tone,15,10,7,2.104755563384759
4,"[11, 5, 5]",two-tone,16,11,8,2.310074741916784
