,flop,board_type,0b,1b,2b,profit
0,"[11, 4, 3]",two-tone,1,1,1,1.2859700994318186
1,"[11, 4, 3]",two-tone,8,6,4,1.701753861742425
2,"[11, 4, 3]",two-tone,10,7,5,1.7991222940340914
3,"[11, 4, 3]",two-tone,15,10,7,2.3476004952651524
4,"[11, 4, 3]",two-tone,16,11,8,2.5887102187500006
