,flop,board_type,0b,1b,2b,profit
0,"[10, 10, 2]",two-tone,1,1,1,0.638792660495551
1,"[10, 10, 2]",two-tone,8,6,4,0.9158339072736705
2,"[10, 10, 2]",two-tone,15,10,7,0.9714164015879982
3,"[10, 10, 2]",two-tone,16,11,8,1.025705902725133
