,flop,board_type,0b,1b,2b,profit
0,"[10, 9, 3]",two-tone,1,1,1,1.4116961146159501
1,"[10, 9, 3]",two-tone,2,2,2,1.643557049238205
2,"[10, 9, 3]",two-tone,3,2,2,1.6485640311679095
3,"[10, 9, 3]",two-tone,8,6,4,2.143171427926342
4,"[10, 9, 3]",two-tone,10,7,5,2.1722280193916146
5,"[10, 9, 3]",two-tone,15,10,7,3.5299742451192593
