,flop,board_type,0b,1b,2b,profit
0,"[10, 8, 6]",two-tone,1,1,1,1.6953201915277147
1,"[10, 8, 6]",two-tone,8,6,4,2.780501700803665
2,"[10, 8, 6]",two-tone,10,7,5,2.7806182648340085
3,"[10, 8, 6]",two-tone,15,10,7,3.8178197575484445
