,flop,board_type,0b,1b,2b,profit
0,"[10, 6, 2]",two-tone,1,1,1,1.5548841353762133
1,"[10, 6, 2]",two-tone,8,6,4,2.307332745115291
2,"[10, 6, 2]",two-tone,10,7,5,2.3681289073877427
3,"[10, 6, 2]",two-tone,15,10,7,3.2097660939320374
4,"[10, 6, 2]",two-tone,16,11,8,3.2102856222087377
