,flop,board_type,0b,1b,2b,profit
0,"[10, 5, 3]",two-tone,1,1,1,1.5420617266381051
1,"[10, 5, 3]",two-tone,8,6,4,2.022260535131049
2,"[10, 5, 3]",two-tone,10,7,5,2.129721833291331
3,"[10, 5, 3]",two-tone,15,10,7,2.7458609364163316
4,"[10, 5, 3]",two-tone,16,11,8,2.827233281224799
