,flop,board_type,0b,1b,2b,profit
0,"[10, 5, 2]",two-tone,1,1,1,1.5646984500504035
1,"[10, 5, 2]",two-tone,2,2,2,1.5648193362903227
2,"[10, 5, 2]",two-tone,3,2,2,1.5648463129284278
3,"[10, 5, 2]",two-tone,8,6,4,2.0347616581653227
4,"[10, 5, 2]",two-tone,10,7,5,2.0949718641885084
5,"[10, 5, 2]",two-tone,15,10,7,2.7474654073588716
6,"[10, 5, 2]",two-tone,16,11,8,2.828562554158267
