,flop,board_type,0b,1b,2b,profit
0,"[9, 9, 7]",two-tone,1,1,1,1.4597059439980429
1,"[9, 9, 7]",two-tone,8,6,4,2.068433910491803
2,"[9, 9, 7]",two-tone,10,7,5,2.274133071862613
3,"[9, 9, 7]",two-tone,15,10,7,3.404437651166848
4,"[9, 9, 7]",two-tone,16,11,8,3.40465544031575
