,flop,board_type,0b,1b,2b,profit
0,"[9, 9, 2]",two-tone,1,1,1,1.578922739417091
1,"[9, 9, 2]",two-tone,2,2,2,1.5813183428504058
2,"[9, 9, 2]",two-tone,3,2,2,1.5853061460054716
3,"[9, 9, 2]",two-tone,8,6,4,1.8504408323193742
4,"[9, 9, 2]",two-tone,10,7,5,1.9515457752027923
5,"[9, 9, 2]",two-tone,15,10,7,2.1464574411431805
6,"[9, 9, 2]",two-tone,16,11,8,2.216523127334465
