,flop,board_type,0b,1b,2b,profit
0,"[9, 7, 4]",two-tone,1,1,1,1.7191695156367925
1,"[9, 7, 4]",two-tone,8,6,4,1.9771917334853246
2,"[9, 7, 4]",two-tone,10,7,5,2.164497744397275
3,"[9, 7, 4]",two-tone,15,10,7,2.754543869502096
4,"[9, 7, 4]",two-tone,16,11,8,2.7554559769261004
