,flop,board_type,0b,1b,2b,profit
0,"[9, 6, 6]",two-tone,1,1,1,1.5232586275176332
1,"[9, 6, 6]",two-tone,2,2,2,1.7249416995591695
2,"[9, 6, 6]",two-tone,3,2,2,1.7264587649833465
3,"[9, 6, 6]",two-tone,8,6,4,2.166473612896748
4,"[9, 6, 6]",two-tone,10,7,5,2.2982413501714345
5,"[9, 6, 6]",two-tone,15,10,7,3.168239283160267
6,"[9, 6, 6]",two-tone,16,11,8,3.2370807064312306
