,flop,board_type,0b,1b,2b,profit
0,"[9, 5, 5]",two-tone,1,1,1,1.5633097037091122
1,"[9, 5, 5]",two-tone,2,2,2,1.5654254530763243
2,"[9, 5, 5]",two-tone,3,2,2,1.6733530514992205
3,"[9, 5, 5]",two-tone,4,3,2,1.7750788627336447
4,"[9, 5, 5]",two-tone,8,6,4,2.096091417104751
5,"[9, 5, 5]",two-tone,10,7,5,2.231157023023754
6,"[9, 5, 5]",two-tone,15,10,7,2.940535910095405
7,"[9, 5, 5]",two-tone,16,11,8,3.007099740994938
