,flop,board_type,0b,1b,2b,profit
0,"[9, 4, 4]",two-tone,1,1,1,1.6975444353125002
1,"[9, 4, 4]",two-tone,2,2,2,1.704473439125
2,"[9, 4, 4]",two-tone,8,6,4,2.1408562012500005
3,"[9, 4, 4]",two-tone,10,7,5,2.238237813875
4,"[9, 4, 4]",two-tone,15,10,7,2.7724677564375
5,"[9, 4, 4]",two-tone,16,11,8,2.8329042422500006
