,flop,board_type,0b,1b,2b,profit
0,"[9, 4, 2]",two-tone,1,1,1,1.9286216484291734
1,"[9, 4, 2]",two-tone,8,6,4,2.1881221104146578
2,"[9, 4, 2]",two-tone,10,7,5,2.298485194906867
3,"[9, 4, 2]",two-tone,15,10,7,2.486030548355581
4,"[9, 4, 2]",two-tone,16,11,8,2.547146131794651
