,flop,board_type,0b,1b,2b,profit
0,"[8, 8, 4]",two-tone,1,1,1,1.9691908604033233
1,"[8, 8, 4]",two-tone,2,2,2,1.9716216968685607
2,"[8, 8, 4]",two-tone,8,6,4,2.2101767231370095
3,"[8, 8, 4]",two-tone,10,7,5,2.2465421175967695
4,"[8, 8, 4]",two-tone,15,10,7,2.8278242761960457
5,"[8, 8, 4]",two-tone,16,11,8,2.978466944103314
