,flop,board_type,0b,1b,2b,profit
0,"[8, 7, 7]",two-tone,1,1,1,1.8916305148570267
1,"[8, 7, 7]",two-tone,8,6,4,2.4204572949272416
2,"[8, 7, 7]",two-tone,10,7,5,2.630479656787422
3,"[8, 7, 7]",two-tone,15,10,7,3.7852232330823243
