,flop,board_type,0b,1b,2b,profit
0,"[8, 3, 2]",two-tone,1,1,1,2.314701951888545
1,"[8, 3, 2]",two-tone,2,2,2,2.3158137678998973
2,"[8, 3, 2]",two-tone,3,2,2,2.3208735804076372
3,"[8, 3, 2]",two-tone,8,6,4,2.3576615704721364
4,"[8, 3, 2]",two-tone,10,7,5,2.3910499934571727
5,"[8, 3, 2]",two-tone,15,10,7,2.5221661797291026
6,"[8, 3, 2]",two-tone,16,11,8,2.6616292699303408
