,flop,board_type,0b,1b,2b,profit
0,"[8, 2, 2]",two-tone,1,1,1,2.136774019777972
1,"[8, 2, 2]",two-tone,2,2,2,2.13861484940111
2,"[8, 2, 2]",two-tone,8,6,4,2.1772491771496743
3,"[8, 2, 2]",two-tone,10,7,5,2.20897782716915
4,"[8, 2, 2]",two-tone,15,10,7,2.328812614081215
5,"[8, 2, 2]",two-tone,16,11,8,2.4606874520790725
