,flop,board_type,0b,1b,2b,profit
0,"[7, 6, 3]",two-tone,1,1,1,2.2820970031964807
1,"[7, 6, 3]",two-tone,2,2,2,2.507402211099707
2,"[7, 6, 3]",two-tone,8,6,4,2.631475221363636
3,"[7, 6, 3]",two-tone,10,7,5,2.6656979274193544
4,"[7, 6, 3]",two-tone,15,10,7,3.019851014516129
5,"[7, 6, 3]",two-tone,16,11,8,3.1693863756598235
