,flop,board_type,0b,1b,2b,profit
0,"[7, 4, 3]",two-tone,1,1,1,2.3585654734815455
1,"[7, 4, 3]",two-tone,8,6,4,2.713129173883561
2,"[7, 4, 3]",two-tone,10,7,5,2.744341719897316
3,"[7, 4, 3]",two-tone,15,10,7,3.0868055483023342
4,"[7, 4, 3]",two-tone,16,11,8,3.229205689855177
