,flop,board_type,0b,1b,2b,profit
0,"[6, 6, 5]",two-tone,1,1,1,2.3294274444776124
1,"[6, 6, 5]",two-tone,2,2,2,2.5321686838014474
2,"[6, 6, 5]",two-tone,3,2,2,2.6417962894617824
3,"[6, 6, 5]",two-tone,4,3,2,2.7488848053550434
4,"[6, 6, 5]",two-tone,8,6,4,3.0631647832790594
5,"[6, 6, 5]",two-tone,10,7,5,3.1321924828493897
6,"[6, 6, 5]",two-tone,15,10,7,3.808505907616463
7,"[6, 6, 5]",two-tone,16,11,8,3.9395408749525105
