,flop,board_type,0b,1b,2b,profit
0,"[6, 5, 5]",two-tone,1,1,1,2.419199848260382
1,"[6, 5, 5]",two-tone,2,2,2,2.620861259820426
2,"[6, 5, 5]",two-tone,3,2,2,2.7251650255144035
3,"[6, 5, 5]",two-tone,4,3,2,2.8312813160867947
4,"[6, 5, 5]",two-tone,8,6,4,3.124043057444819
5,"[6, 5, 5]",two-tone,10,7,5,3.191864253745791
6,"[6, 5, 5]",two-tone,15,10,7,3.8504273300972693
7,"[6, 5, 5]",two-tone,16,11,8,3.9770509322109993
