,flop,board_type,0b,1b,2b,profit
0,"[6, 3, 2]",two-tone,1,1,1,2.717705162097162
1,"[6, 3, 2]",two-tone,8,6,4,3.0350860897065886
2,"[6, 3, 2]",two-tone,10,7,5,3.1733840384800382
3,"[6, 3, 2]",two-tone,15,10,7,3.3862182282347275
4,"[6, 3, 2]",two-tone,16,11,8,3.525663866281866
