,flop,board_type,0b,1b,2b,profit
0,"[5, 5, 2]",two-tone,1,1,1,2.763291451148655
1,"[5, 5, 2]",two-tone,2,2,2,2.7636951100384373
2,"[5, 5, 2]",two-tone,8,6,4,2.879841552024671
3,"[5, 5, 2]",two-tone,10,7,5,3.0525474517520337
4,"[5, 5, 2]",two-tone,15,10,7,3.2540437752748734
5,"[5, 5, 2]",two-tone,16,11,8,3.4482250838026287
