,flop,board_type,0b,1b,2b,profit
0,"[4, 4, 3]",two-tone,1,1,1,3.1747976022749755
1,"[4, 4, 3]",two-tone,2,2,2,3.1749773387600038
2,"[4, 4, 3]",two-tone,3,2,2,3.1752643240176246
3,"[4, 4, 3]",two-tone,4,3,2,3.1756565186808743
4,"[4, 4, 3]",two-tone,8,6,4,3.3784126825195577
5,"[4, 4, 3]",two-tone,10,7,5,3.478994801038575
6,"[4, 4, 3]",two-tone,15,10,7,3.7943130055660466
7,"[4, 4, 3]",two-tone,16,11,8,4.044659697814945
