,flop,board_type,0b,1b,2b,profit
0,"[4, 4, 2]",two-tone,1,1,1,3.1906265056110064
1,"[4, 4, 2]",two-tone,2,2,2,3.1911685205691933
2,"[4, 4, 2]",two-tone,3,2,2,3.1919170306672062
3,"[4, 4, 2]",two-tone,8,6,4,3.3039835801434223
4,"[4, 4, 2]",two-tone,10,7,5,3.404128935338549
5,"[4, 4, 2]",two-tone,15,10,7,3.526931624152505
6,"[4, 4, 2]",two-tone,16,11,8,3.780041428644007
