,flop,board_type,0b,1b,2b,profit
0,"[4, 3, 2]",two-tone,1,1,1,3.563595066782457
1,"[4, 3, 2]",two-tone,2,2,2,3.5644785818304623
2,"[4, 3, 2]",two-tone,8,6,4,3.6785849062671874
3,"[4, 3, 2]",two-tone,10,7,5,3.7913203251025225
4,"[4, 3, 2]",two-tone,15,10,7,3.9275431291262595
5,"[4, 3, 2]",two-tone,16,11,8,4.1908788586288415
