,flop,board_type,0b,1b,2b,profit
0,"[14, 14, 11]",two-tone,1,1,1,0.44402241189699665
1,"[14, 14, 11]",two-tone,2,2,2,0.5363141204648748
2,"[14, 14, 11]",two-tone,3,2,2,0.6868423655340931
3,"[14, 14, 11]",two-tone,4,3,2,0.6910998892600003
4,"[14, 14, 11]",two-tone,8,6,4,0.7602601051286707
