,flop,board_type,0b,1b,2b,profit
0,"[14, 14, 2]",two-tone,1,1,1,0.14416357491920848
1,"[14, 14, 2]",two-tone,8,6,4,0.16163321587597035
2,"[14, 14, 2]",two-tone,10,7,5,0.21380050844483323
