,flop,board_type,0b,1b,2b,profit
0,"[14, 13, 4]",two-tone,1,1,1,0.9152164634192348
1,"[14, 13, 4]",two-tone,2,2,2,1.0105496208073115
