,flop,board_type,0b,1b,2b,profit
0,"[14, 13, 3]",two-tone,1,1,1,0.9473125061645286
1,"[14, 13, 3]",two-tone,2,2,2,1.0411297608393622
