,flop,board_type,0b,1b,2b,profit
0,"[14, 12, 6]",two-tone,1,1,1,0.7579395822547328
1,"[14, 12, 6]",two-tone,2,2,2,0.7830115528686988
