,flop,board_type,0b,1b,2b,profit
0,"[14, 11, 9]",two-tone,1,1,1,0.592635284727273
1,"[14, 11, 9]",two-tone,2,2,2,0.6015245970743804
