,flop,board_type,0b,1b,2b,profit
0,"[14, 8, 8]",two-tone,1,1,1,0.7769676543712074
1,"[14, 8, 8]",two-tone,8,6,4,0.789797196448988
