,flop,board_type,0b,1b,2b,profit
0,"[14, 8, 4]",two-tone,1,1,1,0.7687100389093587
1,"[14, 8, 4]",two-tone,2,2,2,0.7727578714885777
