,flop,board_type,0b,1b,2b,profit
0,"[14, 8, 2]",two-tone,1,1,1,0.7007181850869701
1,"[14, 8, 2]",two-tone,2,2,2,0.7021539832966324
