,flop,board_type,0b,1b,2b,profit
0,"[14, 7, 7]",two-tone,1,1,1,0.6443124923320488
1,"[14, 7, 7]",two-tone,2,2,2,0.6452316762804613
