,flop,board_type,0b,1b,2b,profit
0,"[14, 6, 6]",two-tone,1,1,1,0.7377107219154705
1,"[14, 6, 6]",two-tone,2,2,2,0.7382035026716022
