,flop,board_type,0b,1b,2b,profit
0,"[14, 5, 5]",two-tone,1,1,1,0.7228979841626333
1,"[14, 5, 5]",two-tone,2,2,2,0.7250276397596956
