,flop,board_type,0b,1b,2b,profit
0,"[13, 13, 11]",two-tone,1,1,1,1.3491923848103753
1,"[13, 13, 11]",two-tone,2,2,2,1.438149300796783
