,flop,board_type,0b,1b,2b,profit
0,"[13, 12, 8]",two-tone,1,1,1,1.067849478387638
1,"[13, 12, 8]",two-tone,2,2,2,1.1719371092048982
