,flop,board_type,0b,1b,2b,profit
0,"[13, 11, 5]",two-tone,1,1,1,0.9924294328686815
1,"[13, 11, 5]",two-tone,2,2,2,1.0365880572320567
