,flop,board_type,0b,1b,2b,profit
0,"[13, 11, 2]",two-tone,1,1,1,1.1003671814390787
1,"[13, 11, 2]",two-tone,2,2,2,1.1431607937743524
