,flop,board_type,0b,1b,2b,profit
0,"[13, 7, 2]",two-tone,1,1,1,1.2539943289140272
1,"[13, 7, 2]",two-tone,2,2,2,1.2568360869411763
