,flop,board_type,0b,1b,2b,profit
0,"[13, 6, 6]",two-tone,1,1,1,1.1736609244465592
1,"[13, 6, 6]",two-tone,2,2,2,1.1739233278300825
