,flop,board_type,0b,1b,2b,profit
0,"[13, 5, 3]",two-tone,1,1,1,1.3524649848854957
1,"[13, 5, 3]",two-tone,2,2,2,1.3536000738058882
