,flop,board_type,0b,1b,2b,profit
0,"[13, 5, 2]",two-tone,1,1,1,1.2390247880261718
1,"[13, 5, 2]",two-tone,2,2,2,1.2402787177317343
