,flop,board_type,0b,1b,2b,profit
0,"[12, 7, 3]",two-tone,1,1,1,1.1023097535248692
1,"[12, 7, 3]",two-tone,2,2,2,1.1075059955530318
