,flop,board_type,0b,1b,2b,profit
0,"[12, 5, 3]",two-tone,1,1,1,1.2455045404640268
1,"[12, 5, 3]",two-tone,2,2,2,1.24808874609317
