,flop,board_type,0b,1b,2b,profit
0,"[11, 11, 2]",two-tone,1,1,1,1.227575698175348
1,"[11, 11, 2]",two-tone,2,2,2,1.2288891980856833
