,flop,board_type,0b,1b,2b,profit
0,"[14, 14, 13]",rainbow,1,1,1,-1.0694895750166329
1,"[14, 14, 13]",rainbow,2,2,2,0.6685875641688463
2,"[14, 14, 13]",rainbow,3,2,2,0.7955395458442274
3,"[14, 14, 13]",rainbow,4,3,2,1.5138468493100654
4,"[14, 14, 13]",rainbow,8,6,4,2.875617373219992
5,"[14, 14, 13]",rainbow,10,7,5,4.7557292094138015
6,"[14, 14, 13]",rainbow,15,10,7,6.457410480927815
7,"[14, 14, 13]",rainbow,16,11,8,6.660277229766054
