,flop,board_type,0b,1b,2b,profit
0,"[14, 14, 11]",rainbow,1,1,1,-1.3289874164759534
1,"[14, 14, 11]",rainbow,8,6,4,1.387004994262024
2,"[14, 14, 11]",rainbow,10,7,5,2.8709516452819237
3,"[14, 14, 11]",rainbow,15,10,7,4.726880211886401
4,"[14, 14, 11]",rainbow,16,11,8,5.027516559473467
