,flop,board_type,0b,1b,2b,profit
0,"[14, 14, 6]",rainbow,1,1,1,-0.8355137277256244
1,"[14, 14, 6]",rainbow,2,2,2,-0.830978500938766
2,"[14, 14, 6]",rainbow,8,6,4,1.1903568760174412
3,"[14, 14, 6]",rainbow,10,7,5,1.3866260423885222
4,"[14, 14, 6]",rainbow,15,10,7,4.863747926910872
5,"[14, 14, 6]",rainbow,16,11,8,5.485415585134415
