,flop,board_type,0b,1b,2b,profit
0,"[14, 14, 3]",rainbow,1,1,1,-0.9511688755347594
1,"[14, 14, 3]",rainbow,2,2,2,-0.9423458050802149
2,"[14, 14, 3]",rainbow,3,2,2,-0.8318595090240648
3,"[14, 14, 3]",rainbow,4,3,2,-0.5170967026737978
4,"[14, 14, 3]",rainbow,8,6,4,0.9314302415775391
5,"[14, 14, 3]",rainbow,10,7,5,1.1109322171791436
6,"[14, 14, 3]",rainbow,15,10,7,4.889808473395722
7,"[14, 14, 3]",rainbow,16,11,8,5.591890648328878
