,flop,board_type,0b,1b,2b,profit
0,"[14, 13, 6]",rainbow,1,1,1,-1.735842287406507
1,"[14, 13, 6]",rainbow,2,2,2,-0.21673106523583607
2,"[14, 13, 6]",rainbow,3,2,2,0.005994100950120762
3,"[14, 13, 6]",rainbow,4,3,2,0.7856240971250934
4,"[14, 13, 6]",rainbow,8,6,4,2.6866127268803743
5,"[14, 13, 6]",rainbow,10,7,5,2.68818538211364
6,"[14, 13, 6]",rainbow,15,10,7,4.828705364771876
7,"[14, 13, 6]",rainbow,16,11,8,4.961511067133739
