,flop,board_type,0b,1b,2b,profit
0,"[14, 12, 11]",rainbow,1,1,1,1.8454514854869455
1,"[14, 12, 11]",rainbow,2,2,2,3.0966468785080794
2,"[14, 12, 11]",rainbow,3,2,2,3.334724195176129
3,"[14, 12, 11]",rainbow,4,3,2,4.212575211404888
4,"[14, 12, 11]",rainbow,8,6,4,5.083161891361374
5,"[14, 12, 11]",rainbow,10,7,5,5.6108648435060084
6,"[14, 12, 11]",rainbow,15,10,7,7.155151221009115
7,"[14, 12, 11]",rainbow,16,11,8,7.247192008305013
