,flop,board_type,0b,1b,2b,profit
0,"[14, 12, 2]",rainbow,1,1,1,-1.3785051233320251
1,"[14, 12, 2]",rainbow,2,2,2,0.0007355306122445171
2,"[14, 12, 2]",rainbow,3,2,2,0.4126446726059657
3,"[14, 12, 2]",rainbow,4,3,2,1.156369203257456
4,"[14, 12, 2]",rainbow,8,6,4,2.860474890973313
5,"[14, 12, 2]",rainbow,10,7,5,3.0407059111656203
6,"[14, 12, 2]",rainbow,15,10,7,5.759543595918367
7,"[14, 12, 2]",rainbow,16,11,8,6.013578471094976
