,flop,board_type,0b,1b,2b,profit
0,"[14, 11, 2]",rainbow,1,1,1,-1.3230164479246584
1,"[14, 11, 2]",rainbow,2,2,2,0.04078253625134254
2,"[14, 11, 2]",rainbow,3,2,2,0.44404060324919437
3,"[14, 11, 2]",rainbow,4,3,2,1.1819115894966998
4,"[14, 11, 2]",rainbow,8,6,4,3.1361543544959325
5,"[14, 11, 2]",rainbow,10,7,5,3.3157390962099127
6,"[14, 11, 2]",rainbow,15,10,7,5.8490702791545175
7,"[14, 11, 2]",rainbow,16,11,8,6.075545191268988
