,flop,board_type,0b,1b,2b,profit
0,"[14, 10, 10]",rainbow,1,1,1,-0.8667585599358973
1,"[14, 10, 10]",rainbow,8,6,4,4.313891795556891
2,"[14, 10, 10]",rainbow,10,7,5,5.217448749887821
3,"[14, 10, 10]",rainbow,15,10,7,6.701747826434295
4,"[14, 10, 10]",rainbow,16,11,8,6.896582203782052
