,flop,board_type,0b,1b,2b,profit
0,"[14, 10, 5]",rainbow,1,1,1,-0.8768085257288686
1,"[14, 10, 5]",rainbow,2,2,2,-0.8730438200796528
2,"[14, 10, 5]",rainbow,3,2,2,0.39388745114453616
3,"[14, 10, 5]",rainbow,4,3,2,3.8346224752339335
4,"[14, 10, 5]",rainbow,8,6,4,5.283489914546438
5,"[14, 10, 5]",rainbow,10,7,5,5.429740401979737
6,"[14, 10, 5]",rainbow,15,10,7,7.016724430964347
7,"[14, 10, 5]",rainbow,16,11,8,7.1547466355850275
