,flop,board_type,0b,1b,2b,profit
0,"[14, 9, 8]",rainbow,1,1,1,-1.5639798240384621
1,"[14, 9, 8]",rainbow,2,2,2,-0.702175572776443
2,"[14, 9, 8]",rainbow,3,2,2,0.05068189535256418
3,"[14, 9, 8]",rainbow,4,3,2,1.7532226067708336
4,"[14, 9, 8]",rainbow,8,6,4,2.251081799819712
5,"[14, 9, 8]",rainbow,10,7,5,2.8939262740785265
6,"[14, 9, 8]",rainbow,15,10,7,4.336995864022436
7,"[14, 9, 8]",rainbow,16,11,8,4.427223720853366
