,flop,board_type,0b,1b,2b,profit
0,"[14, 9, 3]",rainbow,1,1,1,-1.0046962675570223
1,"[14, 9, 3]",rainbow,8,6,4,1.5570394624249702
2,"[14, 9, 3]",rainbow,10,7,5,1.8033042756302522
3,"[14, 9, 3]",rainbow,15,10,7,4.195008029141658
4,"[14, 9, 3]",rainbow,16,11,8,4.5779605798319345
