,flop,board_type,0b,1b,2b,profit
0,"[14, 8, 4]",rainbow,1,1,1,-1.1819358029411764
1,"[14, 8, 4]",rainbow,2,2,2,-1.1725768837789656
2,"[14, 8, 4]",rainbow,3,2,2,-0.8009359590611997
3,"[14, 8, 4]",rainbow,4,3,2,0.12826632528223458
4,"[14, 8, 4]",rainbow,8,6,4,1.4086143098930481
5,"[14, 8, 4]",rainbow,10,7,5,1.8204454381461685
6,"[14, 8, 4]",rainbow,15,10,7,4.548243460903149
7,"[14, 8, 4]",rainbow,16,11,8,5.045231579708853
