,flop,board_type,0b,1b,2b,profit
0,"[14, 7, 7]",rainbow,1,1,1,-1.2166228661262513
1,"[14, 7, 7]",rainbow,2,2,2,-1.2145842694054214
2,"[14, 7, 7]",rainbow,8,6,4,1.4500427532259836
3,"[14, 7, 7]",rainbow,10,7,5,3.3105115342845615
4,"[14, 7, 7]",rainbow,15,10,7,4.358966561332208
5,"[14, 7, 7]",rainbow,16,11,8,5.008604688772328
