,flop,board_type,0b,1b,2b,profit
0,"[14, 6, 3]",rainbow,1,1,1,-0.6522530115571432
1,"[14, 6, 3]",rainbow,2,2,2,-0.2921894148107144
2,"[14, 6, 3]",rainbow,8,6,4,1.748363680107143
3,"[14, 6, 3]",rainbow,10,7,5,2.142854846435715
4,"[14, 6, 3]",rainbow,15,10,7,5.126270344535715
5,"[14, 6, 3]",rainbow,16,11,8,5.737989791196428
