,flop,board_type,0b,1b,2b,profit
0,"[13, 13, 12]",rainbow,1,1,1,-1.605252475627201
1,"[13, 13, 12]",rainbow,2,2,2,-1.3144930825264083
2,"[13, 13, 12]",rainbow,3,2,2,-1.016542326584507
3,"[13, 13, 12]",rainbow,4,3,2,-0.5949971080729166
4,"[13, 13, 12]",rainbow,8,6,4,1.0295768507922531
5,"[13, 13, 12]",rainbow,10,7,5,1.7945946464935443
6,"[13, 13, 12]",rainbow,15,10,7,3.31525803587148
7,"[13, 13, 12]",rainbow,16,11,8,3.540178080564115
