,flop,board_type,0b,1b,2b,profit
0,"[13, 13, 11]",rainbow,1,1,1,-2.0267833308543413
1,"[13, 13, 11]",rainbow,2,2,2,-1.7174543221849208
2,"[13, 13, 11]",rainbow,3,2,2,-1.4632261872751176
3,"[13, 13, 11]",rainbow,4,3,2,-0.9934145184390983
4,"[13, 13, 11]",rainbow,8,6,4,0.5055348384998952
5,"[13, 13, 11]",rainbow,10,7,5,1.3731543198670328
6,"[13, 13, 11]",rainbow,15,10,7,2.867750177773308
7,"[13, 13, 11]",rainbow,16,11,8,3.082358044310036
