,flop,board_type,0b,1b,2b,profit
0,"[13, 13, 7]",rainbow,1,1,1,-1.6695050963928577
1,"[13, 13, 7]",rainbow,8,6,4,1.6425162932810193
2,"[13, 13, 7]",rainbow,10,7,5,2.618091299972563
3,"[13, 13, 7]",rainbow,15,10,7,3.3689704102304976
4,"[13, 13, 7]",rainbow,16,11,8,3.572342726785482
