,flop,board_type,0b,1b,2b,profit
0,"[13, 12, 7]",rainbow,1,1,1,-1.0598627545063144
1,"[13, 12, 7]",rainbow,2,2,2,-0.7571638262724851
2,"[13, 12, 7]",rainbow,3,2,2,0.15973697532529707
3,"[13, 12, 7]",rainbow,4,3,2,1.502886089179104
4,"[13, 12, 7]",rainbow,8,6,4,3.1025591037026414
5,"[13, 12, 7]",rainbow,10,7,5,3.7566937559414457
6,"[13, 12, 7]",rainbow,15,10,7,5.307822852238806
7,"[13, 12, 7]",rainbow,16,11,8,5.376734952927668
