,flop,board_type,0b,1b,2b,profit
0,"[13, 12, 6]",rainbow,1,1,1,-0.8936236551927439
1,"[13, 12, 6]",rainbow,2,2,2,-0.6016726260204079
2,"[13, 12, 6]",rainbow,3,2,2,0.27098553247165563
3,"[13, 12, 6]",rainbow,4,3,2,1.5939367206009065
4,"[13, 12, 6]",rainbow,8,6,4,3.004311445385488
5,"[13, 12, 6]",rainbow,10,7,5,4.014745770170067
6,"[13, 12, 6]",rainbow,15,10,7,5.602860884365079
7,"[13, 12, 6]",rainbow,16,11,8,5.698945550498866
