,flop,board_type,0b,1b,2b,profit
0,"[13, 11, 11]",rainbow,1,1,1,-1.0180142055564305
1,"[13, 11, 11]",rainbow,2,2,2,-0.25463464029839056
2,"[13, 11, 11]",rainbow,3,2,2,0.01709365355469794
3,"[13, 11, 11]",rainbow,4,3,2,0.5153155309904343
4,"[13, 11, 11]",rainbow,8,6,4,1.8279250123016975
5,"[13, 11, 11]",rainbow,10,7,5,2.5678990971538793
6,"[13, 11, 11]",rainbow,15,10,7,3.9845007066586624
7,"[13, 11, 11]",rainbow,16,11,8,4.159047857093651
