,flop,board_type,0b,1b,2b,profit
0,"[13, 11, 6]",rainbow,1,1,1,-1.023854642890661
1,"[13, 11, 6]",rainbow,2,2,2,-0.7351507670303896
2,"[13, 11, 6]",rainbow,3,2,2,0.11680827691047191
3,"[13, 11, 6]",rainbow,4,3,2,1.48772016592805
4,"[13, 11, 6]",rainbow,8,6,4,2.8752433467339484
5,"[13, 11, 6]",rainbow,10,7,5,3.8907388808282435
6,"[13, 11, 6]",rainbow,15,10,7,5.489688517536869
7,"[13, 11, 6]",rainbow,16,11,8,5.589336956532101
