,flop,board_type,0b,1b,2b,profit
0,"[13, 10, 9]",rainbow,1,1,1,3.562260157758976
1,"[13, 10, 9]",rainbow,2,2,2,3.937738738180531
2,"[13, 10, 9]",rainbow,3,2,2,4.077031492767705
3,"[13, 10, 9]",rainbow,4,3,2,4.358396050455352
4,"[13, 10, 9]",rainbow,8,6,4,4.902000014986143
5,"[13, 10, 9]",rainbow,10,7,5,5.46332841831506
6,"[13, 10, 9]",rainbow,15,10,7,6.7853880250029395
7,"[13, 10, 9]",rainbow,16,11,8,6.829323528989379
