,flop,board_type,0b,1b,2b,profit
0,"[13, 10, 2]",rainbow,1,1,1,-1.3519183358557811
1,"[13, 10, 2]",rainbow,2,2,2,-0.18251970132411
2,"[13, 10, 2]",rainbow,3,2,2,0.14437691269957753
3,"[13, 10, 2]",rainbow,4,3,2,0.49522996376340744
4,"[13, 10, 2]",rainbow,8,6,4,2.1622574407015334
5,"[13, 10, 2]",rainbow,10,7,5,2.9242796305139223
6,"[13, 10, 2]",rainbow,15,10,7,5.311027219886105
7,"[13, 10, 2]",rainbow,16,11,8,5.494183245264297
