,flop,board_type,0b,1b,2b,profit
0,"[13, 9, 6]",rainbow,1,1,1,-0.7413994566770026
1,"[13, 9, 6]",rainbow,2,2,2,-0.3969064160376356
2,"[13, 9, 6]",rainbow,3,2,2,0.7110849143697209
3,"[13, 9, 6]",rainbow,4,3,2,1.967589461637977
4,"[13, 9, 6]",rainbow,8,6,4,2.4488966684486257
5,"[13, 9, 6]",rainbow,10,7,5,2.913385440206351
6,"[13, 9, 6]",rainbow,15,10,7,4.620836170586978
7,"[13, 9, 6]",rainbow,16,11,8,4.623846417085426
