,flop,board_type,0b,1b,2b,profit
0,"[13, 9, 2]",rainbow,1,1,1,-0.9914361797714488
1,"[13, 9, 2]",rainbow,2,2,2,-0.9851938434453362
2,"[13, 9, 2]",rainbow,3,2,2,-0.167996113617602
3,"[13, 9, 2]",rainbow,4,3,2,1.0718811833276476
4,"[13, 9, 2]",rainbow,8,6,4,2.481876092638581
5,"[13, 9, 2]",rainbow,10,7,5,3.1058386292853495
6,"[13, 9, 2]",rainbow,15,10,7,5.2891287134504505
7,"[13, 9, 2]",rainbow,16,11,8,5.380762874828585
