,flop,board_type,0b,1b,2b,profit
0,"[13, 8, 6]",rainbow,1,1,1,-0.9671190840688858
1,"[13, 8, 6]",rainbow,2,2,2,-0.6354545494575519
2,"[13, 8, 6]",rainbow,3,2,2,-0.18973488696545188
3,"[13, 8, 6]",rainbow,4,3,2,0.15163675509269048
4,"[13, 8, 6]",rainbow,8,6,4,2.2435058521329263
5,"[13, 8, 6]",rainbow,10,7,5,3.206582482957658
6,"[13, 8, 6]",rainbow,15,10,7,4.671567166652624
7,"[13, 8, 6]",rainbow,16,11,8,4.791236231188119
