,flop,board_type,0b,1b,2b,profit
0,"[13, 5, 2]",rainbow,1,1,1,-0.5605611366347074
1,"[13, 5, 2]",rainbow,8,6,4,2.78188849086769
2,"[13, 5, 2]",rainbow,10,7,5,3.43681017418025
3,"[13, 5, 2]",rainbow,15,10,7,5.599050389424738
4,"[13, 5, 2]",rainbow,16,11,8,5.89257658532918
