,flop,board_type,0b,1b,2b,profit
0,"[13, 4, 3]",rainbow,1,1,1,-0.48108310088087186
1,"[13, 4, 3]",rainbow,2,2,2,-0.18366134973541526
2,"[13, 4, 3]",rainbow,3,2,2,0.013299393924239178
3,"[13, 4, 3]",rainbow,4,3,2,0.15920705598218943
4,"[13, 4, 3]",rainbow,8,6,4,3.151172525603381
5,"[13, 4, 3]",rainbow,10,7,5,3.833243794721218
6,"[13, 4, 3]",rainbow,15,10,7,5.782350992836863
7,"[13, 4, 3]",rainbow,16,11,8,6.094629431869516
