,flop,board_type,0b,1b,2b,profit
0,"[13, 3, 3]",rainbow,1,1,1,-1.381999385439091
1,"[13, 3, 3]",rainbow,2,2,2,-1.3734991534601746
2,"[13, 3, 3]",rainbow,8,6,4,2.375326971246993
3,"[13, 3, 3]",rainbow,15,10,7,3.58510623133785
4,"[13, 3, 3]",rainbow,16,11,8,3.9481975147445234
