,flop,board_type,0b,1b,2b,profit
0,"[12, 12, 12]",rainbow,1,1,1,-1.230109891688398
1,"[12, 12, 12]",rainbow,2,2,2,-1.222953334322034
2,"[12, 12, 12]",rainbow,8,6,4,2.066560770013038
3,"[12, 12, 12]",rainbow,10,7,5,3.77625457268579
4,"[12, 12, 12]",rainbow,15,10,7,4.72318909768579
5,"[12, 12, 12]",rainbow,16,11,8,5.073478077314212
