,flop,board_type,0b,1b,2b,profit
0,"[12, 12, 11]",rainbow,1,1,1,-1.8822017447879107
1,"[12, 12, 11]",rainbow,2,2,2,-1.204775093088404
2,"[12, 12, 11]",rainbow,3,2,2,-0.7917335745457896
3,"[12, 12, 11]",rainbow,4,3,2,-0.019987871502376908
4,"[12, 12, 11]",rainbow,8,6,4,1.061231711100598
5,"[12, 12, 11]",rainbow,10,7,5,1.8322031137804253
6,"[12, 12, 11]",rainbow,15,10,7,3.0878314245901235
7,"[12, 12, 11]",rainbow,16,11,8,3.2396231801410487
