,flop,board_type,0b,1b,2b,profit
0,"[12, 12, 7]",rainbow,1,1,1,-1.580049144331813
1,"[12, 12, 7]",rainbow,2,2,2,-1.577782445938857
2,"[12, 12, 7]",rainbow,8,6,4,1.9980673880064912
3,"[12, 12, 7]",rainbow,10,7,5,2.9039237872195174
4,"[12, 12, 7]",rainbow,15,10,7,3.6754858957819194
5,"[12, 12, 7]",rainbow,16,11,8,3.903338962284758
