,flop,board_type,0b,1b,2b,profit
0,"[12, 12, 2]",rainbow,1,1,1,-1.9872872987092571
1,"[12, 12, 2]",rainbow,8,6,4,1.086213903702738
2,"[12, 12, 2]",rainbow,10,7,5,1.3672737400325954
3,"[12, 12, 2]",rainbow,15,10,7,3.2976523962777065
4,"[12, 12, 2]",rainbow,16,11,8,3.6557949956649285
