,flop,board_type,0b,1b,2b,profit
0,"[12, 10, 4]",rainbow,1,1,1,-1.1640925042087533
1,"[12, 10, 4]",rainbow,2,2,2,0.4142348089225588
2,"[12, 10, 4]",rainbow,3,2,2,0.7735047404040404
3,"[12, 10, 4]",rainbow,4,3,2,1.4394584717171712
4,"[12, 10, 4]",rainbow,8,6,4,2.322299762289561
5,"[12, 10, 4]",rainbow,10,7,5,3.0226439782828276
6,"[12, 10, 4]",rainbow,15,10,7,5.072413580976431
7,"[12, 10, 4]",rainbow,16,11,8,5.1716602070707065
