,flop,board_type,0b,1b,2b,profit
0,"[12, 8, 6]",rainbow,1,1,1,-1.2296593373928237
1,"[12, 8, 6]",rainbow,2,2,2,-0.5310318728061815
2,"[12, 8, 6]",rainbow,3,2,2,0.05328720135492648
3,"[12, 8, 6]",rainbow,4,3,2,1.1687727938604835
4,"[12, 8, 6]",rainbow,8,6,4,2.3697361721498877
5,"[12, 8, 6]",rainbow,10,7,5,3.0737597459934367
6,"[12, 8, 6]",rainbow,15,10,7,4.5993721843336495
7,"[12, 8, 6]",rainbow,16,11,8,4.696799669614691
