,flop,board_type,0b,1b,2b,profit
0,"[12, 7, 7]",rainbow,1,1,1,-1.919999114389059
1,"[12, 7, 7]",rainbow,2,2,2,-1.9152804508181482
2,"[12, 7, 7]",rainbow,8,6,4,1.8811701866133868
3,"[12, 7, 7]",rainbow,10,7,5,2.6642426344138617
4,"[12, 7, 7]",rainbow,15,10,7,3.439761191070998
5,"[12, 7, 7]",rainbow,16,11,8,3.6669265452960835
