,flop,board_type,0b,1b,2b,profit
0,"[12, 6, 3]",rainbow,1,1,1,-0.8702779996017926
1,"[12, 6, 3]",rainbow,2,2,2,-0.5466699946988562
2,"[12, 6, 3]",rainbow,8,6,4,2.424118943777999
3,"[12, 6, 3]",rainbow,10,7,5,3.3376023171478346
4,"[12, 6, 3]",rainbow,15,10,7,5.472003479243405
5,"[12, 6, 3]",rainbow,16,11,8,5.727323146888999
