,flop,board_type,0b,1b,2b,profit
0,"[12, 5, 2]",rainbow,1,1,1,-0.8429133730291247
1,"[12, 5, 2]",rainbow,8,6,4,2.230510782232427
2,"[12, 5, 2]",rainbow,10,7,5,3.2236919342988344
3,"[12, 5, 2]",rainbow,15,10,7,5.492905013374649
4,"[12, 5, 2]",rainbow,16,11,8,5.764509327558526
