,flop,board_type,0b,1b,2b,profit
0,"[12, 2, 2]",rainbow,1,1,1,-1.9619453259267394
1,"[12, 2, 2]",rainbow,2,2,2,-1.9582121679577247
2,"[12, 2, 2]",rainbow,8,6,4,1.3075385614689838
3,"[12, 2, 2]",rainbow,10,7,5,1.676975026265445
4,"[12, 2, 2]",rainbow,15,10,7,3.1019644367277177
5,"[12, 2, 2]",rainbow,16,11,8,3.4695003482406066
