,flop,board_type,0b,1b,2b,profit
0,"[11, 11, 10]",rainbow,1,1,1,-0.8002662583095916
1,"[11, 11, 10]",rainbow,2,2,2,-0.12995231481481428
2,"[11, 11, 10]",rainbow,3,2,2,0.3460163387464381
3,"[11, 11, 10]",rainbow,4,3,2,1.0210595603988601
4,"[11, 11, 10]",rainbow,8,6,4,1.718658488034188
5,"[11, 11, 10]",rainbow,10,7,5,2.22522066011396
6,"[11, 11, 10]",rainbow,15,10,7,3.269048658404558
7,"[11, 11, 10]",rainbow,16,11,8,3.363246157264958
