,flop,board_type,0b,1b,2b,profit
0,"[11, 11, 9]",rainbow,1,1,1,-0.8989302690921877
1,"[11, 11, 9]",rainbow,2,2,2,-0.24515249084963275
2,"[11, 11, 9]",rainbow,3,2,2,0.0495842659469059
3,"[11, 11, 9]",rainbow,4,3,2,0.5061171050404776
4,"[11, 11, 9]",rainbow,8,6,4,1.1921431358690062
5,"[11, 11, 9]",rainbow,10,7,5,1.7054802289646647
6,"[11, 11, 9]",rainbow,15,10,7,2.5323331708803294
7,"[11, 11, 9]",rainbow,16,11,8,2.6224742443333264
