,flop,board_type,0b,1b,2b,profit
0,"[11, 11, 6]",rainbow,1,1,1,-1.0545431073613498
1,"[11, 11, 6]",rainbow,2,2,2,-1.0464633017937386
2,"[11, 11, 6]",rainbow,8,6,4,1.5256362311046674
3,"[11, 11, 6]",rainbow,10,7,5,2.4561458461088748
4,"[11, 11, 6]",rainbow,15,10,7,2.9280624796241437
5,"[11, 11, 6]",rainbow,16,11,8,3.1492533054683993
