,flop,board_type,0b,1b,2b,profit
0,"[11, 11, 3]",rainbow,1,1,1,-1.1847050081089656
1,"[11, 11, 3]",rainbow,2,2,2,-1.182582277146468
2,"[11, 11, 3]",rainbow,3,2,2,-1.1767328588072865
3,"[11, 11, 3]",rainbow,4,3,2,-0.8614783858165671
4,"[11, 11, 3]",rainbow,8,6,4,1.1435729560953352
5,"[11, 11, 3]",rainbow,10,7,5,1.4506103050729005
6,"[11, 11, 3]",rainbow,15,10,7,2.8745302414293015
7,"[11, 11, 3]",rainbow,16,11,8,3.1824340965998585
