,flop,board_type,0b,1b,2b,profit
0,"[11, 10, 6]",rainbow,1,1,1,-0.9735095444093135
1,"[11, 10, 6]",rainbow,2,2,2,0.9539414154929577
2,"[11, 10, 6]",rainbow,3,2,2,1.5933578886174191
3,"[11, 10, 6]",rainbow,4,3,2,2.149783736634091
4,"[11, 10, 6]",rainbow,8,6,4,2.6496651083644727
5,"[11, 10, 6]",rainbow,10,7,5,3.2348524554469673
6,"[11, 10, 6]",rainbow,15,10,7,4.7974405340615105
