,flop,board_type,0b,1b,2b,profit
0,"[11, 10, 3]",rainbow,1,1,1,-0.8645639843453381
1,"[11, 10, 3]",rainbow,2,2,2,0.9841787110831939
2,"[11, 10, 3]",rainbow,3,2,2,1.565291871936069
3,"[11, 10, 3]",rainbow,4,3,2,2.394069956253489
4,"[11, 10, 3]",rainbow,8,6,4,3.111983933451982
5,"[11, 10, 3]",rainbow,10,7,5,3.8643793721943047
6,"[11, 10, 3]",rainbow,15,10,7,5.728712650041874
7,"[11, 10, 3]",rainbow,16,11,8,5.799529230262422
