,flop,board_type,0b,1b,2b,profit
0,"[11, 10, 2]",rainbow,1,1,1,-1.1285712174436198
1,"[11, 10, 2]",rainbow,2,2,2,0.6955567307343224
2,"[11, 10, 2]",rainbow,3,2,2,1.265907297552255
3,"[11, 10, 2]",rainbow,4,3,2,1.808573732460121
4,"[11, 10, 2]",rainbow,8,6,4,2.5959974086358644
5,"[11, 10, 2]",rainbow,10,7,5,3.346546207088833
6,"[11, 10, 2]",rainbow,15,10,7,5.48690817436056
7,"[11, 10, 2]",rainbow,16,11,8,5.592695678265951
