,flop,board_type,0b,1b,2b,profit
0,"[11, 9, 5]",rainbow,1,1,1,-0.2663834693759893
1,"[11, 9, 5]",rainbow,2,2,2,1.1805810766761895
2,"[11, 9, 5]",rainbow,3,2,2,2.0790042354495077
3,"[11, 9, 5]",rainbow,4,3,2,3.167328372719762
4,"[11, 9, 5]",rainbow,8,6,4,3.1699190718661803
5,"[11, 9, 5]",rainbow,10,7,5,3.7555841638070486
6,"[11, 9, 5]",rainbow,15,10,7,5.319663553305913
