,flop,board_type,0b,1b,2b,profit
0,"[11, 7, 7]",rainbow,1,1,1,-1.5499574922599364
1,"[11, 7, 7]",rainbow,2,2,2,-1.5392716685471357
2,"[11, 7, 7]",rainbow,3,2,2,-1.003611901369863
3,"[11, 7, 7]",rainbow,4,3,2,-0.21666391792968454
4,"[11, 7, 7]",rainbow,8,6,4,1.3115612593697286
5,"[11, 7, 7]",rainbow,10,7,5,1.8874114517308875
6,"[11, 7, 7]",rainbow,15,10,7,2.5559551649031653
7,"[11, 7, 7]",rainbow,16,11,8,2.712390882515689
