,flop,board_type,0b,1b,2b,profit
0,"[11, 7, 4]",rainbow,1,1,1,-0.41567656896551725
1,"[11, 7, 4]",rainbow,2,2,2,-0.09785465796773313
2,"[11, 7, 4]",rainbow,3,2,2,0.4944233897477432
3,"[11, 7, 4]",rainbow,4,3,2,1.7548059058286767
4,"[11, 7, 4]",rainbow,8,6,4,2.7906787526564614
5,"[11, 7, 4]",rainbow,10,7,5,3.768814518467947
6,"[11, 7, 4]",rainbow,15,10,7,5.538619469272985
7,"[11, 7, 4]",rainbow,16,11,8,5.649966886697853
