,flop,board_type,0b,1b,2b,profit
0,"[11, 4, 4]",rainbow,1,1,1,-1.0774984980987163
1,"[11, 4, 4]",rainbow,8,6,4,1.2854882742067493
2,"[11, 4, 4]",rainbow,10,7,5,2.2497719431377488
3,"[11, 4, 4]",rainbow,15,10,7,2.808975961684715
4,"[11, 4, 4]",rainbow,16,11,8,3.0901977300491055
