,flop,board_type,0b,1b,2b,profit
0,"[11, 3, 2]",rainbow,1,1,1,-0.7513160906335753
1,"[11, 3, 2]",rainbow,2,2,2,-0.45222872673983483
2,"[11, 3, 2]",rainbow,3,2,2,-0.2537831459341484
3,"[11, 3, 2]",rainbow,4,3,2,0.5493226424544764
4,"[11, 3, 2]",rainbow,8,6,4,2.9401286275130953
5,"[11, 3, 2]",rainbow,10,7,5,3.983429013850087
6,"[11, 3, 2]",rainbow,15,10,7,5.90675719758668
7,"[11, 3, 2]",rainbow,16,11,8,6.191838767772511
