,flop,board_type,0b,1b,2b,profit
0,"[10, 9, 7]",rainbow,1,1,1,0.14495952195669215
1,"[10, 9, 7]",rainbow,2,2,2,3.5180836102814137
2,"[10, 9, 7]",rainbow,3,2,2,4.621471520936005
3,"[10, 9, 7]",rainbow,4,3,2,6.140133034167752
4,"[10, 9, 7]",rainbow,8,6,4,6.406864802645253
5,"[10, 9, 7]",rainbow,10,7,5,6.559619192672783
6,"[10, 9, 7]",rainbow,15,10,7,7.07509395844015
7,"[10, 9, 7]",rainbow,16,11,8,7.108656649028575
