,flop,board_type,0b,1b,2b,profit
0,"[10, 9, 6]",rainbow,1,1,1,0.49724138572241716
1,"[10, 9, 6]",rainbow,2,2,2,1.8304630445976708
2,"[10, 9, 6]",rainbow,3,2,2,3.215701952081223
3,"[10, 9, 6]",rainbow,4,3,2,6.146393474538206
4,"[10, 9, 6]",rainbow,8,6,4,6.649392210969128
5,"[10, 9, 6]",rainbow,10,7,5,6.649785152233045
6,"[10, 9, 6]",rainbow,15,10,7,7.06778084865258
