,flop,board_type,0b,1b,2b,profit
0,"[10, 9, 2]",rainbow,1,1,1,-0.8343510514563114
1,"[10, 9, 2]",rainbow,2,2,2,0.6520536334951454
2,"[10, 9, 2]",rainbow,3,2,2,1.8516413529126208
3,"[10, 9, 2]",rainbow,4,3,2,3.396766840291261
4,"[10, 9, 2]",rainbow,8,6,4,3.922317401941747
5,"[10, 9, 2]",rainbow,10,7,5,4.448417304854368
6,"[10, 9, 2]",rainbow,15,10,7,5.976790435436893
7,"[10, 9, 2]",rainbow,16,11,8,6.047149900970874
