,flop,board_type,0b,1b,2b,profit
0,"[10, 8, 3]",rainbow,1,1,1,-1.047380070388349
1,"[10, 8, 3]",rainbow,2,2,2,-0.44137555430825215
2,"[10, 8, 3]",rainbow,3,2,2,0.5111311459344653
3,"[10, 8, 3]",rainbow,4,3,2,1.8455618868325248
4,"[10, 8, 3]",rainbow,8,6,4,2.2993188343446604
5,"[10, 8, 3]",rainbow,10,7,5,4.267838894114077
6,"[10, 8, 3]",rainbow,15,10,7,6.864282781249999
7,"[10, 8, 3]",rainbow,16,11,8,6.9479582433252425
