,flop,board_type,0b,1b,2b,profit
0,"[10, 5, 5]",rainbow,1,1,1,-0.7886105374945629
1,"[10, 5, 5]",rainbow,8,6,4,2.2248895360591563
2,"[10, 5, 5]",rainbow,10,7,5,3.296130625424098
3,"[10, 5, 5]",rainbow,15,10,7,4.34733422155285
4,"[10, 5, 5]",rainbow,16,11,8,4.4759811076120055
