,flop,board_type,0b,1b,2b,profit
0,"[10, 5, 3]",rainbow,1,1,1,-0.3773259642701043
1,"[10, 5, 3]",rainbow,2,2,2,-0.3707917521416075
2,"[10, 5, 3]",rainbow,3,2,2,-0.17259319558566383
3,"[10, 5, 3]",rainbow,4,3,2,0.7420834227709794
4,"[10, 5, 3]",rainbow,8,6,4,2.5816521403627632
5,"[10, 5, 3]",rainbow,10,7,5,4.596002680506993
6,"[10, 5, 3]",rainbow,15,10,7,6.7577658885052445
7,"[10, 5, 3]",rainbow,16,11,8,6.902228977163462
