,flop,board_type,0b,1b,2b,profit
0,"[9, 9, 7]",rainbow,1,1,1,-1.1616965720622818
1,"[9, 9, 7]",rainbow,2,2,2,0.3593852883200819
2,"[9, 9, 7]",rainbow,3,2,2,0.7657111612301157
3,"[9, 9, 7]",rainbow,4,3,2,1.120160574358624
4,"[9, 9, 7]",rainbow,8,6,4,1.877712159600056
5,"[9, 9, 7]",rainbow,10,7,5,2.9405003360068376
6,"[9, 9, 7]",rainbow,15,10,7,4.223937110513657
7,"[9, 9, 7]",rainbow,16,11,8,4.26626830680893
