,flop,board_type,0b,1b,2b,profit
0,"[9, 9, 4]",rainbow,1,1,1,-1.0593613486477842
1,"[9, 9, 4]",rainbow,8,6,4,1.1232267714198882
2,"[9, 9, 4]",rainbow,10,7,5,1.9734668550258954
3,"[9, 9, 4]",rainbow,15,10,7,3.617241664828418
4,"[9, 9, 4]",rainbow,16,11,8,3.6878630317569736
