,flop,board_type,0b,1b,2b,profit
0,"[9, 9, 3]",rainbow,1,1,1,-1.2607551783799535
1,"[9, 9, 3]",rainbow,8,6,4,1.124425698789174
2,"[9, 9, 3]",rainbow,10,7,5,2.099548792139343
3,"[9, 9, 3]",rainbow,15,10,7,3.612306119722869
4,"[9, 9, 3]",rainbow,16,11,8,3.7320613764892507
