,flop,board_type,0b,1b,2b,profit
0,"[9, 9, 2]",rainbow,1,1,1,-1.516294341527403
1,"[9, 9, 2]",rainbow,8,6,4,0.6737350804650952
2,"[9, 9, 2]",rainbow,10,7,5,1.7514010391296748
3,"[9, 9, 2]",rainbow,15,10,7,3.2539165713430322
4,"[9, 9, 2]",rainbow,16,11,8,3.4111594985363243
