,flop,board_type,0b,1b,2b,profit
0,"[9, 8, 8]",rainbow,1,1,1,-1.1460261865384616
1,"[9, 8, 8]",rainbow,2,2,2,-0.4885912576923084
2,"[9, 8, 8]",rainbow,3,2,2,0.43202814038461623
3,"[9, 8, 8]",rainbow,4,3,2,1.5491767134615395
4,"[9, 8, 8]",rainbow,8,6,4,2.1162530468749994
5,"[9, 8, 8]",rainbow,10,7,5,2.9989812735576926
6,"[9, 8, 8]",rainbow,15,10,7,4.339852045192307
7,"[9, 8, 8]",rainbow,16,11,8,4.377195185576923
