,flop,board_type,0b,1b,2b,profit
0,"[9, 7, 3]",rainbow,1,1,1,-0.36915756662424576
1,"[9, 7, 3]",rainbow,2,2,2,0.2808777765837098
2,"[9, 7, 3]",rainbow,3,2,2,0.7363906711915527
3,"[9, 7, 3]",rainbow,4,3,2,1.0544361757871403
4,"[9, 7, 3]",rainbow,8,6,4,1.3860414391968323
5,"[9, 7, 3]",rainbow,10,7,5,2.255838600678732
6,"[9, 7, 3]",rainbow,15,10,7,3.760460781367835
