,flop,board_type,0b,1b,2b,profit
0,"[9, 7, 2]",rainbow,1,1,1,-0.775831221508225
1,"[9, 7, 2]",rainbow,2,2,2,-0.4510905644735616
2,"[9, 7, 2]",rainbow,3,2,2,-0.0011321088514068545
3,"[9, 7, 2]",rainbow,4,3,2,0.3087130958507568
4,"[9, 7, 2]",rainbow,8,6,4,0.9155579110305739
5,"[9, 7, 2]",rainbow,10,7,5,1.8869153399684038
6,"[9, 7, 2]",rainbow,15,10,7,3.3744294877706524
7,"[9, 7, 2]",rainbow,16,11,8,3.4157224919384808
