,flop,board_type,0b,1b,2b,profit
0,"[9, 6, 6]",rainbow,1,1,1,-0.7110256343269947
1,"[9, 6, 6]",rainbow,2,2,2,-0.39865363269957177
2,"[9, 6, 6]",rainbow,3,2,2,-0.1877693441891206
3,"[9, 6, 6]",rainbow,4,3,2,0.2541906529841347
4,"[9, 6, 6]",rainbow,8,6,4,1.4940077740115845
5,"[9, 6, 6]",rainbow,10,7,5,2.5182101977587514
6,"[9, 6, 6]",rainbow,15,10,7,3.9745338101737593
7,"[9, 6, 6]",rainbow,16,11,8,3.9969820471197424
