,flop,board_type,0b,1b,2b,profit
0,"[9, 6, 5]",rainbow,1,1,1,0.6431775354655258
1,"[9, 6, 5]",rainbow,8,6,4,1.8028560668047955
2,"[9, 6, 5]",rainbow,10,7,5,2.831493677980074
3,"[9, 6, 5]",rainbow,15,10,7,4.416526181162933
4,"[9, 6, 5]",rainbow,16,11,8,4.465205735663903
