,flop,board_type,0b,1b,2b,profit
0,"[9, 6, 3]",rainbow,1,1,1,-0.21573529512831585
1,"[9, 6, 3]",rainbow,2,2,2,0.4187239945193568
2,"[9, 6, 3]",rainbow,3,2,2,0.6449950450195747
3,"[9, 6, 3]",rainbow,4,3,2,1.090324458721184
4,"[9, 6, 3]",rainbow,8,6,4,1.5578164169638966
5,"[9, 6, 3]",rainbow,10,7,5,2.344082641278817
6,"[9, 6, 3]",rainbow,15,10,7,3.804407653892997
7,"[9, 6, 3]",rainbow,16,11,8,3.847559756067856
