,flop,board_type,0b,1b,2b,profit
0,"[9, 5, 5]",rainbow,1,1,1,-0.28295186085490265
1,"[9, 5, 5]",rainbow,2,2,2,-0.27097973524425734
2,"[9, 5, 5]",rainbow,3,2,2,0.1420025982227493
3,"[9, 5, 5]",rainbow,4,3,2,0.9898622245716359
4,"[9, 5, 5]",rainbow,8,6,4,1.6042642269686471
5,"[9, 5, 5]",rainbow,10,7,5,2.605131075255195
6,"[9, 5, 5]",rainbow,15,10,7,4.0854450441305135
7,"[9, 5, 5]",rainbow,16,11,8,4.127548011155669
