,flop,board_type,0b,1b,2b,profit
0,"[8, 8, 8]",rainbow,1,1,1,-1.651121153595867
1,"[8, 8, 8]",rainbow,2,2,2,-1.649166863301216
2,"[8, 8, 8]",rainbow,3,2,2,-1.6442389766303598
3,"[8, 8, 8]",rainbow,4,3,2,-1.256005481259602
4,"[8, 8, 8]",rainbow,8,6,4,1.1065334391286124
5,"[8, 8, 8]",rainbow,10,7,5,2.529463769285016
6,"[8, 8, 8]",rainbow,15,10,7,3.52656335336196
7,"[8, 8, 8]",rainbow,16,11,8,4.153616240245776
