,flop,board_type,0b,1b,2b,profit
0,"[8, 8, 5]",rainbow,1,1,1,-1.47699215924382
1,"[8, 8, 5]",rainbow,2,2,2,-1.17377945990566
2,"[8, 8, 5]",rainbow,3,2,2,-1.010212971921164
3,"[8, 8, 5]",rainbow,4,3,2,-0.5930083564977326
4,"[8, 8, 5]",rainbow,8,6,4,0.4329329579567056
5,"[8, 8, 5]",rainbow,10,7,5,1.6176845711240313
6,"[8, 8, 5]",rainbow,15,10,7,2.8169878816586222
7,"[8, 8, 5]",rainbow,16,11,8,3.385162420571888
