,flop,board_type,0b,1b,2b,profit
0,"[8, 8, 3]",rainbow,1,1,1,-1.9608441510487098
1,"[8, 8, 3]",rainbow,8,6,4,0.6770547659531714
2,"[8, 8, 3]",rainbow,10,7,5,1.3032954214091916
3,"[8, 8, 3]",rainbow,15,10,7,2.9345405491766803
4,"[8, 8, 3]",rainbow,16,11,8,3.5481028291026027
