,flop,board_type,0b,1b,2b,profit
0,"[8, 7, 4]",rainbow,1,1,1,0.35148237122011106
1,"[8, 7, 4]",rainbow,2,2,2,0.692894017331809
2,"[8, 7, 4]",rainbow,3,2,2,1.0498709516013236
3,"[8, 7, 4]",rainbow,4,3,2,1.4316559885284812
4,"[8, 7, 4]",rainbow,8,6,4,1.9115831251318567
5,"[8, 7, 4]",rainbow,10,7,5,2.4516862237385726
6,"[8, 7, 4]",rainbow,15,10,7,3.994605540919479
7,"[8, 7, 4]",rainbow,16,11,8,4.411978056932723
