,flop,board_type,0b,1b,2b,profit
0,"[8, 7, 3]",rainbow,1,1,1,-0.9299640132267758
1,"[8, 7, 3]",rainbow,2,2,2,-0.2945742159185947
2,"[8, 7, 3]",rainbow,3,2,2,0.31046024179908893
3,"[8, 7, 3]",rainbow,4,3,2,0.8235715553387231
4,"[8, 7, 3]",rainbow,8,6,4,1.3475776067279992
5,"[8, 7, 3]",rainbow,10,7,5,1.933322285273984
6,"[8, 7, 3]",rainbow,15,10,7,3.286425965864387
7,"[8, 7, 3]",rainbow,16,11,8,3.7457742771427687
