,flop,board_type,0b,1b,2b,profit
0,"[8, 7, 2]",rainbow,1,1,1,-1.180651988033718
1,"[8, 7, 2]",rainbow,2,2,2,-0.5509503264614264
2,"[8, 7, 2]",rainbow,3,2,2,0.05280194617921885
3,"[8, 7, 2]",rainbow,4,3,2,0.5621165250229063
4,"[8, 7, 2]",rainbow,8,6,4,1.076980962158695
5,"[8, 7, 2]",rainbow,10,7,5,1.6624590983171463
6,"[8, 7, 2]",rainbow,15,10,7,2.9990454721794633
7,"[8, 7, 2]",rainbow,16,11,8,3.4547401336662382
