,flop,board_type,0b,1b,2b,profit
0,"[8, 6, 4]",rainbow,1,1,1,0.21415140498610552
1,"[8, 6, 4]",rainbow,2,2,2,0.5461512450899519
2,"[8, 6, 4]",rainbow,3,2,2,0.7165089847974246
3,"[8, 6, 4]",rainbow,4,3,2,0.915035489985372
4,"[8, 6, 4]",rainbow,8,6,4,1.7895333556589132
5,"[8, 6, 4]",rainbow,10,7,5,2.6270335965949965
6,"[8, 6, 4]",rainbow,15,10,7,4.209401313137339
7,"[8, 6, 4]",rainbow,16,11,8,4.700141406305397
