,flop,board_type,0b,1b,2b,profit
0,"[8, 6, 2]",rainbow,1,1,1,-0.9732519945514942
1,"[8, 6, 2]",rainbow,2,2,2,-0.3603937119963766
2,"[8, 6, 2]",rainbow,3,2,2,-0.17938957543944445
3,"[8, 6, 2]",rainbow,4,3,2,-6.853703412856849e-05
4,"[8, 6, 2]",rainbow,8,6,4,0.9231116532225913
5,"[8, 6, 2]",rainbow,10,7,5,1.505289627858652
6,"[8, 6, 2]",rainbow,15,10,7,3.1368032873210514
7,"[8, 6, 2]",rainbow,16,11,8,3.6350225828873457
