,flop,board_type,0b,1b,2b,profit
0,"[7, 7, 4]",rainbow,1,1,1,-1.177552450571917
1,"[7, 7, 4]",rainbow,2,2,2,-0.8745377210862146
2,"[7, 7, 4]",rainbow,8,6,4,0.733594266606914
3,"[7, 7, 4]",rainbow,10,7,5,1.7704239211758426
4,"[7, 7, 4]",rainbow,15,10,7,3.2588019290055485
5,"[7, 7, 4]",rainbow,16,11,8,3.8914981061459666
