,flop,board_type,0b,1b,2b,profit
0,"[7, 7, 3]",rainbow,1,1,1,-1.4058005410244743
1,"[7, 7, 3]",rainbow,8,6,4,0.9028542841157123
2,"[7, 7, 3]",rainbow,10,7,5,1.6598199078431848
3,"[7, 7, 3]",rainbow,15,10,7,3.3203659405296997
4,"[7, 7, 3]",rainbow,16,11,8,3.9615098120153562
