,flop,board_type,0b,1b,2b,profit
0,"[7, 2, 2]",rainbow,1,1,1,-1.274147907845982
1,"[7, 2, 2]",rainbow,8,6,4,0.935535655049944
2,"[7, 2, 2]",rainbow,10,7,5,1.5459950943566976
3,"[7, 2, 2]",rainbow,15,10,7,3.32542086285324
4,"[7, 2, 2]",rainbow,16,11,8,3.9732363436865015
