,flop,board_type,0b,1b,2b,profit
0,"[6, 6, 5]",rainbow,1,1,1,-0.5410835992502867
1,"[6, 6, 5]",rainbow,2,2,2,-0.25816923740101005
2,"[6, 6, 5]",rainbow,3,2,2,0.062413925821550365
3,"[6, 6, 5]",rainbow,4,3,2,0.41074357009606244
4,"[6, 6, 5]",rainbow,8,6,4,1.6244090317097635
5,"[6, 6, 5]",rainbow,10,7,5,2.9571706326862572
6,"[6, 6, 5]",rainbow,15,10,7,4.077122067714124
7,"[6, 6, 5]",rainbow,16,11,8,4.739369657879449
