,flop,board_type,0b,1b,2b,profit
0,"[6, 3, 3]",rainbow,1,1,1,-0.47040005842465793
1,"[6, 3, 3]",rainbow,2,2,2,-0.19862726223744265
2,"[6, 3, 3]",rainbow,3,2,2,-0.19808481858447513
3,"[6, 3, 3]",rainbow,4,3,2,0.01350748858447448
4,"[6, 3, 3]",rainbow,8,6,4,1.7711429356164385
5,"[6, 3, 3]",rainbow,10,7,5,2.71988243803653
6,"[6, 3, 3]",rainbow,15,10,7,4.1880429575570775
7,"[6, 3, 3]",rainbow,16,11,8,4.867838274086758
