,flop,board_type,0b,1b,2b,profit
0,"[5, 5, 5]",rainbow,1,1,1,0.15240117057147673
1,"[5, 5, 5]",rainbow,8,6,4,2.21369659869281
2,"[5, 5, 5]",rainbow,10,7,5,3.6675796076755485
3,"[5, 5, 5]",rainbow,15,10,7,4.682472039651415
4,"[5, 5, 5]",rainbow,16,11,8,5.425901445449975
