,flop,board_type,0b,1b,2b,profit
0,"[4, 3, 2]",rainbow,1,1,1,1.1518862063432207
1,"[4, 3, 2]",rainbow,2,2,2,1.1530841301742925
2,"[4, 3, 2]",rainbow,3,2,2,1.3351869532847322
3,"[4, 3, 2]",rainbow,4,3,2,1.4795278768225235
4,"[4, 3, 2]",rainbow,8,6,4,3.284652001759678
5,"[4, 3, 2]",rainbow,10,7,5,4.000022394000334
6,"[4, 3, 2]",rainbow,15,10,7,5.489825668635829
7,"[4, 3, 2]",rainbow,16,11,8,6.2731453284732694
