,flop,board_type,0b,1b,2b,profit
0,"[4, 2, 2]",rainbow,1,1,1,0.09808373047288377
1,"[4, 2, 2]",rainbow,8,6,4,2.349560856159061
2,"[4, 2, 2]",rainbow,10,7,5,3.1783791619212964
3,"[4, 2, 2]",rainbow,15,10,7,4.6691739064153435
4,"[4, 2, 2]",rainbow,16,11,8,5.435640983110119
