,flop,board_type,0b,1b,2b,profit
0,"[14, 13, 13]",two-tone,1,1,1,-4.681476663501931
1,"[14, 13, 13]",two-tone,15,10,7,-4.390887791955345
