,flop,board_type,0b,1b,2b,profit
0,"[14, 12, 11]",two-tone,1,1,1,-3.286588180517239
1,"[14, 12, 11]",two-tone,8,6,4,-3.2185431538180334
