,flop,board_type,0b,1b,2b,profit
0,"[14, 10, 10]",two-tone,1,1,1,1.2496890843316184
1,"[14, 10, 10]",two-tone,2,2,2,1.2508395560392074
