,flop,board_type,0b,1b,2b,profit
0,"[14, 10, 5]",two-tone,1,1,1,1.0060307053309017
1,"[14, 10, 5]",two-tone,2,2,2,1.0097067583598724
