,flop,board_type,0b,1b,2b,profit
0,"[14, 7, 7]",two-tone,1,1,1,-2.2674464142708457
1,"[14, 7, 7]",two-tone,2,2,2,-2.238072000421127
