,flop,board_type,0b,1b,2b,profit
0,"[14, 2, 2]",two-tone,1,1,1,-1.4935705128291987
1,"[14, 2, 2]",two-tone,2,2,2,-1.477588790289152
