,flop,board_type,0b,1b,2b,profit
0,"[13, 13, 8]",two-tone,1,1,1,0.8318603179347799
1,"[13, 13, 8]",two-tone,2,2,2,0.8345969775135487
