,flop,board_type,0b,1b,2b,profit
0,"[13, 8, 5]",two-tone,1,1,1,-0.4428282205388301
1,"[13, 8, 5]",two-tone,2,2,2,-0.4339926650563741
2,"[13, 8, 5]",two-tone,3,2,2,-0.4265498813940938
