,flop,board_type,0b,1b,2b,profit
0,"[13, 5, 5]",two-tone,1,1,1,-3.5197467698804514
1,"[13, 5, 5]",two-tone,2,2,2,-3.510747132348806
