,flop,board_type,0b,1b,2b,profit
0,"[13, 5, 4]",two-tone,1,1,1,-2.323435656382302
1,"[13, 5, 4]",two-tone,2,2,2,-2.311155782911095
