,flop,board_type,0b,1b,2b,profit
0,"[12, 8, 3]",two-tone,1,1,1,1.4307933140625304
1,"[12, 8, 3]",two-tone,2,2,2,1.4426822410646951
