,flop,board_type,0b,1b,2b,profit
0,"[11, 7, 6]",two-tone,1,1,1,0.662340665648077
1,"[11, 7, 6]",two-tone,2,2,2,0.6721476897822758
