,flop,board_type,0b,1b,2b,profit
0,"[11, 4, 4]",two-tone,1,1,1,-1.3677906350579907
1,"[11, 4, 4]",two-tone,2,2,2,-1.3665387542685168
