,flop,board_type,0b,1b,2b,profit
0,"[10, 6, 6]",two-tone,1,1,1,-1.3802527930735742
1,"[10, 6, 6]",two-tone,2,2,2,-1.3641305850647707
