,flop,board_type,0b,1b,2b,profit
0,"[9, 7, 2]",two-tone,1,1,1,3.445241813238331
1,"[9, 7, 2]",two-tone,2,2,2,3.4546141017261363
