,flop,board_type,0b,1b,2b,profit
0,"[9, 5, 4]",two-tone,1,1,1,-0.8571231592637584
1,"[9, 5, 4]",two-tone,2,2,2,-0.8511969801498332
2,"[9, 5, 4]",two-tone,3,2,2,-0.8499404320485685
