,flop,board_type,0b,1b,2b,profit
0,"[8, 5, 3]",two-tone,1,1,1,-1.3241779026324902
1,"[8, 5, 3]",two-tone,2,2,2,-1.3231604200655935
2,"[8, 5, 3]",two-tone,3,2,2,-1.317482434686648
