,flop,board_type,0b,1b,2b,profit
0,"[8, 3, 2]",two-tone,1,1,1,0.7172275325402885
1,"[8, 3, 2]",two-tone,2,2,2,0.7403746223855762
