,flop,board_type,0b,1b,2b,profit
0,"[7, 7, 6]",two-tone,1,1,1,-0.4181418818038696
1,"[7, 7, 6]",two-tone,2,2,2,-0.4142899513945112
