,flop,board_type,0b,1b,2b,profit
0,"[7, 6, 2]",two-tone,1,1,1,0.5961569668751817
1,"[7, 6, 2]",two-tone,2,2,2,0.6043749827304463
