,flop,board_type,0b,1b,2b,profit
0,"[6, 5, 4]",two-tone,1,1,1,-3.2683241596598096
1,"[6, 5, 4]",two-tone,2,2,2,-3.239165327849845
