,flop,board_type,0b,1b,2b,profit
0,"[6, 5, 2]",two-tone,1,1,1,-3.2524991839269006
1,"[6, 5, 2]",two-tone,2,2,2,-3.2360281724277398
