,flop,board_type,0b,1b,2b,profit
0,"[4, 4, 2]",two-tone,1,1,1,-2.8338207112226534
1,"[4, 4, 2]",two-tone,2,2,2,-2.8330601237713706
2,"[4, 4, 2]",two-tone,3,2,2,-2.8292916356484934
