,flop,board_type,0b,1b,2b,profit
0,"[14, 13, 6]",two-tone,1,1,1,9.435323169705882
1,"[14, 13, 6]",two-tone,16,11,8,9.897222246117646
