,flop,board_type,0b,1b,2b,profit
0,"[14, 12, 11]",two-tone,1,1,1,9.47656898434609
1,"[14, 12, 11]",two-tone,2,2,2,9.495431869609249
2,"[14, 12, 11]",two-tone,8,6,4,9.50491074276714
3,"[14, 12, 11]",two-tone,15,10,7,9.514382837503987
