,flop,board_type,0b,1b,2b,profit
0,"[14, 9, 8]",two-tone,1,1,1,5.454840773515927
1,"[14, 9, 8]",two-tone,2,2,2,5.475709011469451
2,"[14, 9, 8]",two-tone,3,2,2,5.498920504467951
3,"[14, 9, 8]",two-tone,4,3,2,5.500949502788792
