,flop,board_type,0b,1b,2b,profit
0,"[14, 9, 7]",two-tone,1,1,1,5.144176862390232
1,"[14, 9, 7]",two-tone,8,6,4,5.144585640126364
