,flop,board_type,0b,1b,2b,profit
0,"[14, 9, 4]",two-tone,1,1,1,5.209807839945932
1,"[14, 9, 4]",two-tone,2,2,2,5.211296372804094
2,"[14, 9, 4]",two-tone,3,2,2,5.219841205020772
3,"[14, 9, 4]",two-tone,10,7,5,5.228644437914572
