,flop,board_type,0b,1b,2b,profit
0,"[14, 9, 3]",two-tone,1,1,1,5.213783945434173
1,"[14, 9, 3]",two-tone,8,6,4,5.21502850366653
2,"[14, 9, 3]",two-tone,10,7,5,5.237845330786986
