,flop,board_type,0b,1b,2b,profit
0,"[14, 8, 2]",two-tone,1,1,1,5.908814337931977
1,"[14, 8, 2]",two-tone,2,2,2,5.916935630779104
2,"[14, 8, 2]",two-tone,10,7,5,5.933464095856241
