,flop,board_type,0b,1b,2b,profit
0,"[14, 6, 5]",two-tone,1,1,1,5.785499249097955
1,"[14, 6, 5]",two-tone,2,2,2,5.786345039560792
2,"[14, 6, 5]",two-tone,8,6,4,5.79124038822839
3,"[14, 6, 5]",two-tone,10,7,5,5.809265846783792
