,flop,board_type,0b,1b,2b,profit
0,"[14, 6, 4]",two-tone,1,1,1,5.877875383740314
1,"[14, 6, 4]",two-tone,2,2,2,5.880404009266258
2,"[14, 6, 4]",two-tone,3,2,2,5.881282496783791
3,"[14, 6, 4]",two-tone,8,6,4,5.885569200570607
4,"[14, 6, 4]",two-tone,10,7,5,5.911166772029234
