,flop,board_type,0b,1b,2b,profit
0,"[14, 2, 2]",two-tone,1,1,1,6.971702644525708
1,"[14, 2, 2]",two-tone,8,6,4,6.975503166231395
2,"[14, 2, 2]",two-tone,10,7,5,7.017435839609321
