,flop,board_type,0b,1b,2b,profit
0,"[13, 12, 10]",two-tone,1,1,1,7.270028462994266
1,"[13, 12, 10]",two-tone,2,2,2,8.113719081142857
