,flop,board_type,0b,1b,2b,profit
0,"[13, 12, 9]",two-tone,1,1,1,5.047326842908305
1,"[13, 12, 9]",two-tone,2,2,2,5.078392461110031
