,flop,board_type,0b,1b,2b,profit
0,"[13, 11, 7]",two-tone,1,1,1,7.179647256083453
1,"[13, 11, 7]",two-tone,2,2,2,7.1998457538756595
