,flop,board_type,0b,1b,2b,profit
0,"[13, 11, 4]",two-tone,1,1,1,9.966012128565506
1,"[13, 11, 4]",two-tone,2,2,2,9.97185184150849
