,flop,board_type,0b,1b,2b,profit
0,"[13, 10, 7]",two-tone,1,1,1,5.258164257177627
1,"[13, 10, 7]",two-tone,2,2,2,5.276172994766276
2,"[13, 10, 7]",two-tone,3,2,2,5.277230761432945
3,"[13, 10, 7]",two-tone,10,7,5,5.278507734482588
4,"[13, 10, 7]",two-tone,16,11,8,5.280071722425853
