,flop,board_type,0b,1b,2b,profit
0,"[13, 10, 6]",two-tone,1,1,1,5.740827231645709
1,"[13, 10, 6]",two-tone,2,2,2,5.760853805404576
