,flop,board_type,0b,1b,2b,profit
0,"[12, 12, 10]",two-tone,1,1,1,2.912188723938237
1,"[12, 12, 10]",two-tone,8,6,4,3.208764434654557
2,"[12, 12, 10]",two-tone,15,10,7,3.493833809264855
3,"[12, 12, 10]",two-tone,16,11,8,3.5501823828683348
