,flop,board_type,0b,1b,2b,profit
0,"[12, 12, 6]",two-tone,1,1,1,1.853673687831397
1,"[12, 12, 6]",two-tone,8,6,4,2.2491234994800866
2,"[12, 12, 6]",two-tone,10,7,5,2.266932455014845
