,flop,board_type,0b,1b,2b,profit
0,"[12, 12, 5]",two-tone,1,1,1,3.144302416436071
1,"[12, 12, 5]",two-tone,8,6,4,3.5822559252246373
2,"[12, 12, 5]",two-tone,10,7,5,3.6222362516308175
