,flop,board_type,0b,1b,2b,profit
0,"[12, 10, 9]",two-tone,1,1,1,-3.3338784357411893
1,"[12, 10, 9]",two-tone,2,2,2,-3.3279468659144937
2,"[12, 10, 9]",two-tone,10,7,5,-3.3209849189826057
