,flop,board_type,0b,1b,2b,profit
0,"[12, 10, 7]",two-tone,1,1,1,3.038316038691164
1,"[12, 10, 7]",two-tone,8,6,4,3.038794888905448
2,"[12, 10, 7]",two-tone,15,10,7,3.0403971819768776
