,flop,board_type,0b,1b,2b,profit
0,"[12, 9, 5]",two-tone,1,1,1,5.275194376684169
1,"[12, 9, 5]",two-tone,2,2,2,5.286879233527626
2,"[12, 9, 5]",two-tone,10,7,5,5.314676239024252
