,flop,board_type,0b,1b,2b,profit
0,"[12, 8, 6]",two-tone,1,1,1,4.515587600310178
1,"[12, 8, 6]",two-tone,2,2,2,4.517360738528856
2,"[12, 8, 6]",two-tone,3,2,2,4.541333091569733
