,flop,board_type,0b,1b,2b,profit
0,"[12, 7, 4]",two-tone,1,1,1,3.533317217288685
1,"[12, 7, 4]",two-tone,8,6,4,3.5465193330382077
2,"[12, 7, 4]",two-tone,10,7,5,3.6121206216213846
