,flop,board_type,0b,1b,2b,profit
0,"[12, 7, 3]",two-tone,1,1,1,3.5777439847143633
1,"[12, 7, 3]",two-tone,10,7,5,3.668105216434796
