,flop,board_type,0b,1b,2b,profit
0,"[12, 6, 4]",two-tone,1,1,1,3.538986296921829
1,"[12, 6, 4]",two-tone,10,7,5,3.624235478294377
