,flop,board_type,0b,1b,2b,profit
0,"[12, 6, 2]",two-tone,1,1,1,3.583280070356362
1,"[12, 6, 2]",two-tone,2,2,2,3.586057045941436
2,"[12, 6, 2]",two-tone,3,2,2,3.600230645150795
3,"[12, 6, 2]",two-tone,10,7,5,3.669924171400007
