,flop,board_type,0b,1b,2b,profit
0,"[11, 11, 8]",two-tone,1,1,1,0.49249129504253375
1,"[11, 11, 8]",two-tone,2,2,2,0.4995264256822649
2,"[11, 11, 8]",two-tone,3,2,2,0.5122744660863052
