,flop,board_type,0b,1b,2b,profit
0,"[11, 7, 5]",two-tone,1,1,1,6.391632439399045
1,"[11, 7, 5]",two-tone,2,2,2,6.395740476269072
2,"[11, 7, 5]",two-tone,3,2,2,6.417405228788963
