,flop,board_type,0b,1b,2b,profit
0,"[11, 6, 2]",two-tone,1,1,1,3.445317446717737
1,"[11, 6, 2]",two-tone,2,2,2,3.446928456465748
2,"[11, 6, 2]",two-tone,3,2,2,3.4526263006965165
