,flop,board_type,0b,1b,2b,profit
0,"[11, 3, 3]",two-tone,1,1,1,3.9334693656857658
1,"[11, 3, 3]",two-tone,2,2,2,3.9394404774764356
2,"[11, 3, 3]",two-tone,3,2,2,3.9531480394562584
