,flop,board_type,0b,1b,2b,profit
0,"[10, 10, 8]",two-tone,1,1,1,0.6575558778866052
1,"[10, 10, 8]",two-tone,2,2,2,0.6736679281063856
2,"[10, 10, 8]",two-tone,3,2,2,0.6742171921173759
