,flop,board_type,0b,1b,2b,profit
0,"[10, 10, 6]",two-tone,1,1,1,-1.505205126526612
1,"[10, 10, 6]",two-tone,2,2,2,-1.4988624309222152
