,flop,board_type,0b,1b,2b,profit
0,"[10, 10, 5]",two-tone,1,1,1,0.22730988006089192
1,"[10, 10, 5]",two-tone,2,2,2,0.23431864546468106
