,flop,board_type,0b,1b,2b,profit
0,"[10, 9, 8]",two-tone,1,1,1,-7.279805997012128
1,"[10, 9, 8]",two-tone,2,2,2,-7.265886450539402
