,flop,board_type,0b,1b,2b,profit
0,"[10, 9, 5]",two-tone,1,1,1,2.6100903750326627
1,"[10, 9, 5]",two-tone,2,2,2,2.61997731080696
