,flop,board_type,0b,1b,2b,profit
0,"[9, 3, 3]",two-tone,1,1,1,4.507543121810528
1,"[9, 3, 3]",two-tone,2,2,2,4.512887333027045
