,flop,board_type,0b,1b,2b,profit
0,"[9, 2, 2]",two-tone,1,1,1,4.507007856185528
1,"[9, 2, 2]",two-tone,8,6,4,4.511220595136421
