,flop,board_type,0b,1b,2b,profit
0,"[8, 7, 3]",two-tone,1,1,1,7.391256239428163
1,"[8, 7, 3]",two-tone,8,6,4,7.403423024704663
