,flop,board_type,0b,1b,2b,profit
0,"[8, 4, 4]",two-tone,1,1,1,4.981372392641251
1,"[8, 4, 4]",two-tone,2,2,2,4.993752955498396
