,flop,board_type,0b,1b,2b,profit
0,"[7, 3, 3]",two-tone,1,1,1,5.263807371657656
1,"[7, 3, 3]",two-tone,8,6,4,5.264199130778533
