,flop,board_type,0b,1b,2b,profit
0,"[6, 6, 5]",two-tone,1,1,1,6.182580942622458
1,"[6, 6, 5]",two-tone,2,2,2,6.192598110094985
