,flop,board_type,0b,1b,2b,profit
0,"[6, 6, 3]",two-tone,1,1,1,6.437665040315242
1,"[6, 6, 3]",two-tone,2,2,2,6.444419991304253
2,"[6, 6, 3]",two-tone,3,2,2,6.451223724271286
3,"[6, 6, 3]",two-tone,4,3,2,6.452836536139418
