,flop,board_type,0b,1b,2b,profit
0,"[5, 5, 3]",two-tone,1,1,1,7.073904569198227
1,"[5, 5, 3]",two-tone,2,2,2,7.09233228600495
