,flop,board_type,0b,1b,2b,profit
0,"[14, 14, 12]",two-tone,1,1,1,-4.471372660690263
1,"[14, 14, 12]",two-tone,8,6,4,-4.437723829429909
