,flop,board_type,0b,1b,2b,profit
0,"[14, 13, 12]",two-tone,1,1,1,-7.167222526827537
1,"[14, 13, 12]",two-tone,2,2,2,-6.6000915683247685
