,flop,board_type,0b,1b,2b,profit
0,"[14, 10, 7]",two-tone,1,1,1,-1.7529189992094596
1,"[14, 10, 7]",two-tone,2,2,2,-1.7439834908714007
