,flop,board_type,0b,1b,2b,profit
0,"[14, 9, 2]",two-tone,1,1,1,-5.5794573835961465
1,"[14, 9, 2]",two-tone,2,2,2,-5.566940233828704
