,flop,board_type,0b,1b,2b,profit
0,"[14, 8, 7]",two-tone,1,1,1,-3.017930059209102
1,"[14, 8, 7]",two-tone,2,2,2,-3.0131800924316945
