,flop,board_type,0b,1b,2b,profit
0,"[14, 7, 6]",two-tone,1,1,1,-5.041620419468874
1,"[14, 7, 6]",two-tone,2,2,2,-5.03393744970143
2,"[14, 7, 6]",two-tone,8,6,4,-4.822068780709182
3,"[14, 7, 6]",two-tone,10,7,5,-4.733793540399105
