,flop,board_type,0b,1b,2b,profit
0,"[14, 7, 5]",two-tone,1,1,1,-5.21199361249213
1,"[14, 7, 5]",two-tone,2,2,2,-5.21115834737585
2,"[14, 7, 5]",two-tone,8,6,4,-4.980603780709183
3,"[14, 7, 5]",two-tone,10,7,5,-4.898491447375848
