,flop,board_type,0b,1b,2b,profit
0,"[13, 13, 8]",two-tone,1,1,1,-6.912988062307099
1,"[13, 13, 8]",two-tone,3,2,2,-6.909972784529321
