,flop,board_type,0b,1b,2b,profit
0,"[13, 13, 3]",two-tone,1,1,1,-6.913937784529321
1,"[13, 13, 3]",two-tone,3,2,2,-6.912496951195989
