,flop,board_type,0b,1b,2b,profit
0,"[13, 12, 10]",two-tone,1,1,1,-5.31672740395943
1,"[13, 12, 10]",two-tone,2,2,2,-4.8243043489267095
