,flop,board_type,0b,1b,2b,profit
0,"[13, 11, 5]",two-tone,1,1,1,-7.242665034700988
1,"[13, 11, 5]",two-tone,2,2,2,-7.242540716532384
