,flop,board_type,0b,1b,2b,profit
0,"[13, 9, 7]",two-tone,1,1,1,-8.630037727272725
1,"[13, 9, 7]",two-tone,3,2,2,-8.629988977272726
2,"[13, 9, 7]",two-tone,8,6,4,-8.62848659090909
