,flop,board_type,0b,1b,2b,profit
0,"[13, 9, 3]",two-tone,1,1,1,-8.88637784090909
1,"[13, 9, 3]",two-tone,10,7,5,-8.884609545454545
