,flop,board_type,0b,1b,2b,profit
0,"[13, 6, 5]",two-tone,1,1,1,-8.259898151963354
1,"[13, 6, 5]",two-tone,2,2,2,-8.253392951963354
2,"[13, 6, 5]",two-tone,3,2,2,-8.252555168289884
