,flop,board_type,0b,1b,2b,profit
0,"[13, 6, 3]",two-tone,1,1,1,-9.050442954545455
1,"[13, 6, 3]",two-tone,15,10,7,-9.04719443181818
