,flop,board_type,0b,1b,2b,profit
0,"[13, 4, 2]",two-tone,1,1,1,-8.402289237326896
1,"[13, 4, 2]",two-tone,2,2,2,-8.399124665898327
2,"[13, 4, 2]",two-tone,3,2,2,-8.388237616918731
