,flop,board_type,0b,1b,2b,profit
0,"[13, 3, 3]",two-tone,1,1,1,-9.36604034090909
1,"[13, 3, 3]",two-tone,2,2,2,-9.358506249999998
