,flop,board_type,0b,1b,2b,profit
0,"[12, 12, 4]",two-tone,1,1,1,3.4916765282375564
1,"[12, 12, 4]",two-tone,8,6,4,3.9347575049736663
