,flop,board_type,0b,1b,2b,profit
0,"[12, 11, 9]",two-tone,1,1,1,-1.772987304075732
1,"[12, 11, 9]",two-tone,2,2,2,-1.3238610951285743
