,flop,board_type,0b,1b,2b,profit
0,"[12, 5, 4]",two-tone,1,1,1,-7.060544592658106
1,"[12, 5, 4]",two-tone,2,2,2,-7.053424845170554
