,flop,board_type,0b,1b,2b,profit
0,"[11, 9, 8]",two-tone,1,1,1,-1.1304415162343737
1,"[11, 9, 8]",two-tone,2,2,2,-1.1218965581986604
