,flop,board_type,0b,1b,2b,profit
0,"[11, 9, 3]",two-tone,1,1,1,-4.028154052332869
1,"[11, 9, 3]",two-tone,2,2,2,-4.027035864070673
