,flop,board_type,0b,1b,2b,profit
0,"[11, 8, 2]",two-tone,1,1,1,-4.326071237967035
1,"[11, 8, 2]",two-tone,2,2,2,-4.321304703744474
2,"[11, 8, 2]",two-tone,3,2,2,-4.3157657673877665
