,flop,board_type,0b,1b,2b,profit
0,"[11, 6, 4]",two-tone,1,1,1,0.6981863328767441
1,"[11, 6, 4]",two-tone,3,2,2,0.7067400828767441
2,"[11, 6, 4]",two-tone,8,6,4,0.7070063328767451
3,"[11, 6, 4]",two-tone,16,11,8,0.7131900828767441
