,flop,board_type,0b,1b,2b,profit
0,"[11, 4, 2]",two-tone,1,1,1,0.703878300410929
1,"[11, 4, 2]",two-tone,15,10,7,0.7045908004109287
