,flop,board_type,0b,1b,2b,profit
0,"[11, 3, 2]",two-tone,1,1,1,0.6997233004109291
1,"[11, 3, 2]",two-tone,8,6,4,0.7006458004109288
