,flop,board_type,0b,1b,2b,profit
0,"[10, 10, 5]",two-tone,1,1,1,-4.2999409655417065
1,"[10, 10, 5]",two-tone,8,6,4,-4.299732580926322
