,flop,board_type,0b,1b,2b,profit
0,"[10, 9, 8]",two-tone,1,1,1,3.7269292970353214
1,"[10, 9, 8]",two-tone,2,2,2,3.7308514508814747
2,"[10, 9, 8]",two-tone,4,3,2,3.730906373958398
3,"[10, 9, 8]",two-tone,8,6,4,3.73312106626609
