,flop,board_type,0b,1b,2b,profit
0,"[10, 9, 5]",two-tone,1,1,1,0.12348392296071298
1,"[10, 9, 5]",two-tone,3,2,2,0.12959330757609822
