,flop,board_type,0b,1b,2b,profit
0,"[10, 8, 8]",two-tone,1,1,1,0.6060430695404291
1,"[10, 8, 8]",two-tone,8,6,4,0.6073789926173521
2,"[10, 8, 8]",two-tone,15,10,7,0.6084645310788908
