,flop,board_type,0b,1b,2b,profit
0,"[10, 8, 5]",two-tone,1,1,1,0.5396533244331385
1,"[10, 8, 5]",two-tone,2,2,2,0.5405207859716001
2,"[10, 8, 5]",two-tone,8,6,4,0.5412218628946772
