,flop,board_type,0b,1b,2b,profit
0,"[10, 7, 3]",two-tone,1,1,1,-3.527779625138428
1,"[10, 7, 3]",two-tone,2,2,2,-3.5194971414175
