,flop,board_type,0b,1b,2b,profit
0,"[9, 9, 6]",two-tone,1,1,1,-5.371326589889241
1,"[9, 9, 6]",two-tone,2,2,2,-5.365248206910517
2,"[9, 9, 6]",two-tone,3,2,2,-5.36386924414456
