,flop,board_type,0b,1b,2b,profit
0,"[9, 8, 2]",two-tone,1,1,1,-11.83105833703312
1,"[9, 8, 2]",two-tone,2,2,2,-11.83092314953312
2,"[9, 8, 2]",two-tone,4,3,2,-11.829905962033122
