,flop,board_type,0b,1b,2b,profit
0,"[9, 7, 4]",two-tone,1,1,1,-2.270368393330754
1,"[9, 7, 4]",two-tone,2,2,2,-2.2673928842398454
