,flop,board_type,0b,1b,2b,profit
0,"[9, 7, 2]",two-tone,1,1,1,-12.294656577299154
1,"[9, 7, 2]",two-tone,3,2,2,-12.293102577299155
2,"[9, 7, 2]",two-tone,4,3,2,-12.292371514799154
3,"[9, 7, 2]",two-tone,10,7,5,-12.292336077299154
