,flop,board_type,0b,1b,2b,profit
0,"[9, 6, 5]",two-tone,1,1,1,-12.696093920278365
1,"[9, 6, 5]",two-tone,10,7,5,-12.695025545278366
