,flop,board_type,0b,1b,2b,profit
0,"[9, 5, 5]",two-tone,1,1,1,-9.291196225114517
1,"[9, 5, 5]",two-tone,10,7,5,-9.291004600114515
