,flop,board_type,0b,1b,2b,profit
0,"[9, 5, 3]",two-tone,1,1,1,-13.27073341375969
1,"[9, 5, 3]",two-tone,3,2,2,-13.27045385125969
2,"[9, 5, 3]",two-tone,4,3,2,-13.27031866375969
