,flop,board_type,0b,1b,2b,profit
0,"[8, 8, 5]",two-tone,1,1,1,-9.283469656932699
1,"[8, 8, 5]",two-tone,2,2,2,-9.280236969432698
