,flop,board_type,0b,1b,2b,profit
0,"[8, 8, 4]",two-tone,1,1,1,-6.624662446571911
1,"[8, 8, 4]",two-tone,2,2,2,-6.6217537678485066
