,flop,board_type,0b,1b,2b,profit
0,"[8, 7, 6]",two-tone,1,1,1,-9.064894151779423
1,"[8, 7, 6]",two-tone,3,2,2,-9.061438339279423
