,flop,board_type,0b,1b,2b,profit
0,"[8, 5, 4]",two-tone,1,1,1,-13.04943164173714
1,"[8, 5, 4]",two-tone,3,2,2,-13.04885282923714
