,flop,board_type,0b,1b,2b,profit
0,"[8, 4, 2]",two-tone,1,1,1,-7.219784809271422
1,"[8, 4, 2]",two-tone,2,2,2,-7.213748761399081
2,"[8, 4, 2]",two-tone,3,2,2,-7.206410356079931
