,flop,board_type,0b,1b,2b,profit
0,"[7, 7, 2]",two-tone,1,1,1,-9.284064219432699
1,"[7, 7, 2]",two-tone,3,2,2,-9.283514281932698
2,"[7, 7, 2]",two-tone,4,3,2,-9.281951094432698
3,"[7, 7, 2]",two-tone,10,7,5,-9.280609719432698
