,flop,board_type,0b,1b,2b,profit
0,"[7, 6, 5]",two-tone,1,1,1,-12.307095209566596
1,"[7, 6, 5]",two-tone,3,2,2,-12.306360209566595
2,"[7, 6, 5]",two-tone,10,7,5,-12.305925772066596
