,flop,board_type,0b,1b,2b,profit
0,"[7, 4, 3]",two-tone,1,1,1,-8.458199009798435
1,"[7, 4, 3]",two-tone,2,2,2,-8.453696073628223
2,"[7, 4, 3]",two-tone,3,2,2,-8.447842770436734
