,flop,board_type,0b,1b,2b,profit
0,"[7, 4, 2]",two-tone,1,1,1,-8.560595211926096
1,"[7, 4, 2]",two-tone,2,2,2,-8.543014972564393
