,flop,board_type,0b,1b,2b,profit
0,"[7, 3, 3]",two-tone,1,1,1,-6.354909074654724
1,"[7, 3, 3]",two-tone,2,2,2,-6.353983957633448
