,flop,board_type,0b,1b,2b,profit
0,"[7, 3, 2]",two-tone,1,1,1,-8.667142148096305
1,"[7, 3, 2]",two-tone,2,2,2,-8.661091243840985
2,"[7, 3, 2]",two-tone,3,2,2,-8.6486786800112
