,flop,board_type,0b,1b,2b,profit
0,"[6, 3, 3]",two-tone,1,1,1,-9.281325031932699
1,"[6, 3, 3]",two-tone,3,2,2,-9.281275156932699
