,flop,board_type,0b,1b,2b,profit
0,"[6, 3, 2]",two-tone,1,1,1,-12.894026048934109
1,"[6, 3, 2]",two-tone,3,2,2,-12.89130129893411
