,flop,board_type,0b,1b,2b,profit
0,"[5, 5, 3]",two-tone,1,1,1,-9.369686189129668
1,"[5, 5, 3]",two-tone,3,2,2,-9.368255564129669
2,"[5, 5, 3]",two-tone,8,6,4,-9.36789068912967
