,flop,board_type,0b,1b,2b,profit
0,"[5, 5, 3]",two-tone,1,1,1,-8.844414815427605
1,"[5, 5, 3]",two-tone,2,2,2,-8.833449875427608
