,flop,board_type,0b,1b,2b,profit
0,"[5, 4, 2]",two-tone,1,1,1,-13.972697018366809
1,"[5, 4, 2]",two-tone,2,2,2,-13.971181080866808
2,"[5, 4, 2]",two-tone,15,10,7,-13.970364705866809
