,flop,board_type,0b,1b,2b,profit
0,"[4, 3, 3]",two-tone,1,1,1,-9.371091876629668
1,"[4, 3, 3]",two-tone,3,2,2,-9.36943943912967
2,"[4, 3, 3]",two-tone,10,7,5,-9.369299001629669
