,flop,board_type,0b,1b,2b,profit
0,"[3, 2, 2]",two-tone,1,1,1,-9.369225501629668
1,"[3, 2, 2]",two-tone,2,2,2,-9.368293626629669
