,flop,board_type,0b,1b,2b,profit
0,"[3, 2, 2]",two-tone,1,1,1,-8.915181036367365
1,"[3, 2, 2]",two-tone,2,2,2,-8.907895338367364
