,flop,board_type,0b,1b,2b,profit
0,"[14, 13, 10]",rainbow,1,1,1,10.600358102204556
1,"[14, 13, 10]",rainbow,10,7,5,10.600646205427552
2,"[14, 13, 10]",rainbow,15,10,7,11.035976324972484
