,flop,board_type,0b,1b,2b,profit
0,"[14, 13, 8]",rainbow,1,1,1,-4.043503695372234
1,"[14, 13, 8]",rainbow,2,2,2,-2.7194316246478882
2,"[14, 13, 8]",rainbow,3,2,2,-2.075428624044266
3,"[14, 13, 8]",rainbow,4,3,2,0.6442395876257527
4,"[14, 13, 8]",rainbow,8,6,4,1.7378112698189117
5,"[14, 13, 8]",rainbow,15,10,7,2.7990704433601596
6,"[14, 13, 8]",rainbow,16,11,8,2.8016664320925546
