,flop,board_type,0b,1b,2b,profit
0,"[14, 13, 6]",rainbow,1,1,1,-4.04020520362173
1,"[14, 13, 6]",rainbow,2,2,2,-2.7224320151911465
2,"[14, 13, 6]",rainbow,3,2,2,-2.0725903585513077
3,"[14, 13, 6]",rainbow,4,3,2,0.13114159808852976
4,"[14, 13, 6]",rainbow,8,6,4,0.5835617744466783
5,"[14, 13, 6]",rainbow,10,7,5,0.584677846680079
6,"[14, 13, 6]",rainbow,15,10,7,2.485810294466799
7,"[14, 13, 6]",rainbow,16,11,8,2.5243613288732383
