,flop,board_type,0b,1b,2b,profit
0,"[14, 13, 3]",rainbow,1,1,1,-5.085715038491221
1,"[14, 13, 3]",rainbow,2,2,2,-3.82927712733938
2,"[14, 13, 3]",rainbow,3,2,2,-3.197229998938839
3,"[14, 13, 3]",rainbow,4,3,2,-1.0794831548331087
4,"[14, 13, 3]",rainbow,8,6,4,-0.6149360050164008
5,"[14, 13, 3]",rainbow,15,10,7,1.5097610651167268
6,"[14, 13, 3]",rainbow,16,11,8,1.5465641146054399
