,flop,board_type,0b,1b,2b,profit
0,"[14, 12, 11]",rainbow,1,1,1,3.5528501739130403
1,"[14, 12, 11]",rainbow,2,2,2,5.09805113043478
2,"[14, 12, 11]",rainbow,3,2,2,5.375462304347823
3,"[14, 12, 11]",rainbow,4,3,2,7.462046565217386
4,"[14, 12, 11]",rainbow,10,7,5,7.463587391304342
5,"[14, 12, 11]",rainbow,15,10,7,8.548231133069823
