,flop,board_type,0b,1b,2b,profit
0,"[14, 12, 6]",rainbow,1,1,1,-1.4431839743232988
1,"[14, 12, 6]",rainbow,2,2,2,-0.1699502450037964
2,"[14, 12, 6]",rainbow,3,2,2,0.6019005808246889
3,"[14, 12, 6]",rainbow,4,3,2,2.629120817353906
4,"[14, 12, 6]",rainbow,8,6,4,3.1831019043764215
5,"[14, 12, 6]",rainbow,15,10,7,5.390306588666832
6,"[14, 12, 6]",rainbow,16,11,8,5.448971962939537
