,flop,board_type,0b,1b,2b,profit
0,"[14, 12, 5]",rainbow,1,1,1,-2.565639451089589
1,"[14, 12, 5]",rainbow,2,2,2,-1.357641692130751
2,"[14, 12, 5]",rainbow,3,2,2,-0.6120152887409209
3,"[14, 12, 5]",rainbow,4,3,2,1.3272009320823233
4,"[14, 12, 5]",rainbow,8,6,4,1.8893062434624692
5,"[14, 12, 5]",rainbow,15,10,7,4.401269809079902
6,"[14, 12, 5]",rainbow,16,11,8,4.455400259322033
