,flop,board_type,0b,1b,2b,profit
0,"[14, 11, 9]",rainbow,1,1,1,-3.759589784558823
1,"[14, 11, 9]",rainbow,2,2,2,-1.0538224634803925
2,"[14, 11, 9]",rainbow,3,2,2,-0.640772184681373
3,"[14, 11, 9]",rainbow,4,3,2,0.3998383845588225
4,"[14, 11, 9]",rainbow,8,6,4,0.4055417863970576
5,"[14, 11, 9]",rainbow,15,10,7,2.0596787408088226
