,flop,board_type,0b,1b,2b,profit
0,"[14, 10, 8]",rainbow,1,1,1,-1.0596910395739654
1,"[14, 10, 8]",rainbow,2,2,2,0.25679265003550245
2,"[14, 10, 8]",rainbow,3,2,2,0.8792225991479283
3,"[14, 10, 8]",rainbow,4,3,2,2.7251352654201173
4,"[14, 10, 8]",rainbow,10,7,5,2.72548359545562
5,"[14, 10, 8]",rainbow,15,10,7,4.119308602319526
