,flop,board_type,0b,1b,2b,profit
0,"[14, 10, 7]",rainbow,1,1,1,-1.061607032852073
1,"[14, 10, 7]",rainbow,8,6,4,2.770578978840235
2,"[14, 10, 7]",rainbow,15,10,7,4.101567633609466
3,"[14, 10, 7]",rainbow,16,11,8,4.104414287810649
