,flop,board_type,0b,1b,2b,profit
0,"[14, 10, 3]",rainbow,1,1,1,-2.1872896742081442
1,"[14, 10, 3]",rainbow,8,6,4,1.4876676066063337
2,"[14, 10, 3]",rainbow,15,10,7,3.210120414660632
