,flop,board_type,0b,1b,2b,profit
0,"[14, 9, 5]",rainbow,1,1,1,-1.7360036779850743
1,"[14, 9, 5]",rainbow,2,2,2,-1.730984944962686
2,"[14, 9, 5]",rainbow,8,6,4,0.30986899019485925
3,"[14, 9, 5]",rainbow,10,7,5,1.0880376925373136
4,"[14, 9, 5]",rainbow,15,10,7,5.164748949626866
5,"[14, 9, 5]",rainbow,16,11,8,5.479071236069652
