,flop,board_type,0b,1b,2b,profit
0,"[14, 6, 2]",rainbow,1,1,1,-2.424849238642403
1,"[14, 6, 2]",rainbow,8,6,4,-0.8160722370476385
2,"[14, 6, 2]",rainbow,10,7,5,-0.041632183438968295
3,"[14, 6, 2]",rainbow,15,10,7,4.424506299979555
4,"[14, 6, 2]",rainbow,16,11,8,4.927027433653649
