,flop,board_type,0b,1b,2b,profit
0,"[13, 13, 5]",rainbow,1,1,1,-5.153912328504259
1,"[13, 13, 5]",rainbow,2,2,2,-5.149334921583896
2,"[13, 13, 5]",rainbow,8,6,4,-2.5625575781369383
3,"[13, 13, 5]",rainbow,10,7,5,-2.561048761504555
4,"[13, 13, 5]",rainbow,15,10,7,-0.8741212093740813
5,"[13, 13, 5]",rainbow,16,11,8,-0.6362016189685562
