,flop,board_type,0b,1b,2b,profit
0,"[13, 12, 11]",rainbow,1,1,1,-1.217507056470589
1,"[13, 12, 11]",rainbow,2,2,2,0.9446508752941156
2,"[13, 12, 11]",rainbow,3,2,2,1.3345514989304794
3,"[13, 12, 11]",rainbow,4,3,2,3.139798377005345
4,"[13, 12, 11]",rainbow,8,6,4,3.1509810576470567
5,"[13, 12, 11]",rainbow,15,10,7,4.268429388663099
6,"[13, 12, 11]",rainbow,16,11,8,4.270660252834222
