,flop,board_type,0b,1b,2b,profit
0,"[13, 12, 10]",rainbow,1,1,1,7.165848457936503
1,"[13, 12, 10]",rainbow,2,2,2,7.165914979047614
2,"[13, 12, 10]",rainbow,3,2,2,7.357932088412694
3,"[13, 12, 10]",rainbow,4,3,2,9.580429800793649
4,"[13, 12, 10]",rainbow,15,10,7,10.1158978234942
