,flop,board_type,0b,1b,2b,profit
0,"[13, 11, 8]",rainbow,1,1,1,-3.1618494904730903
1,"[13, 11, 8]",rainbow,2,2,2,-0.7127737323784733
2,"[13, 11, 8]",rainbow,3,2,2,-0.17306305119357734
3,"[13, 11, 8]",rainbow,4,3,2,0.58747195672743
4,"[13, 11, 8]",rainbow,8,6,4,0.5951336271484373
5,"[13, 11, 8]",rainbow,15,10,7,2.512293103168402
6,"[13, 11, 8]",rainbow,16,11,8,2.5183033870225686
