,flop,board_type,0b,1b,2b,profit
0,"[13, 8, 7]",rainbow,1,1,1,-1.571905374744357
1,"[13, 8, 7]",rainbow,2,2,2,-0.5295392663322396
2,"[13, 8, 7]",rainbow,3,2,2,-0.007399135056916917
3,"[13, 8, 7]",rainbow,4,3,2,0.624975508180591
4,"[13, 8, 7]",rainbow,8,6,4,2.9064209803781593
5,"[13, 8, 7]",rainbow,10,7,5,3.8445689889639203
6,"[13, 8, 7]",rainbow,15,10,7,4.250247336098784
7,"[13, 8, 7]",rainbow,16,11,8,4.34754632840054
