,flop,board_type,0b,1b,2b,profit
0,"[13, 7, 7]",rainbow,1,1,1,-2.8838923714788725
1,"[13, 7, 7]",rainbow,2,2,2,-2.860999159859155
2,"[13, 7, 7]",rainbow,8,6,4,-0.058921673591549206
3,"[13, 7, 7]",rainbow,10,7,5,1.3162850700704227
4,"[13, 7, 7]",rainbow,15,10,7,1.6812553443661973
5,"[13, 7, 7]",rainbow,16,11,8,1.9360439637323947
