,flop,board_type,0b,1b,2b,profit
0,"[13, 6, 3]",rainbow,1,1,1,-2.8968630852112667
1,"[13, 6, 3]",rainbow,2,2,2,-2.894094168309859
2,"[13, 6, 3]",rainbow,8,6,4,0.00853757922535281
3,"[13, 6, 3]",rainbow,10,7,5,0.4733300299295784
4,"[13, 6, 3]",rainbow,15,10,7,2.3663639225352116
5,"[13, 6, 3]",rainbow,16,11,8,2.6328885542253513
