,flop,board_type,0b,1b,2b,profit
0,"[13, 5, 3]",rainbow,1,1,1,-3.5982369324656807
1,"[13, 5, 3]",rainbow,8,6,4,-0.7319297094134425
2,"[13, 5, 3]",rainbow,10,7,5,-0.2766243198074527
3,"[13, 5, 3]",rainbow,15,10,7,1.5360481410233557
4,"[13, 5, 3]",rainbow,16,11,8,1.8103277390800505
