,flop,board_type,0b,1b,2b,profit
0,"[13, 2, 2]",rainbow,1,1,1,-3.766471636762346
1,"[13, 2, 2]",rainbow,8,6,4,-0.9436541129434828
2,"[13, 2, 2]",rainbow,10,7,5,-0.9305979362274914
3,"[13, 2, 2]",rainbow,15,10,7,0.3849668217329303
4,"[13, 2, 2]",rainbow,16,11,8,0.6303880582456769
