,flop,board_type,0b,1b,2b,profit
0,"[12, 12, 9]",rainbow,1,1,1,0.5244943009568761
1,"[12, 12, 9]",rainbow,2,2,2,1.8158057667866592
2,"[12, 12, 9]",rainbow,3,2,2,2.4191880607598075
3,"[12, 12, 9]",rainbow,4,3,2,4.482195977650694
4,"[12, 12, 9]",rainbow,15,10,7,5.299368950739696
5,"[12, 12, 9]",rainbow,16,11,8,5.301707070193119
