,flop,board_type,0b,1b,2b,profit
0,"[12, 12, 6]",rainbow,1,1,1,-0.8024920628605248
1,"[12, 12, 6]",rainbow,2,2,2,-0.796038295985797
2,"[12, 12, 6]",rainbow,3,2,2,-0.7951130024989679
3,"[12, 12, 6]",rainbow,4,3,2,-0.5206401027368046
4,"[12, 12, 6]",rainbow,8,6,4,2.6052898274395067
5,"[12, 12, 6]",rainbow,10,7,5,4.129640963346247
6,"[12, 12, 6]",rainbow,15,10,7,4.1883313261587585
7,"[12, 12, 6]",rainbow,16,11,8,4.496338666636891
