,flop,board_type,0b,1b,2b,profit
0,"[12, 12, 3]",rainbow,1,1,1,-2.1580569392728237
1,"[12, 12, 3]",rainbow,2,2,2,-2.1554656056730344
2,"[12, 12, 3]",rainbow,3,2,2,-2.155177818053336
3,"[12, 12, 3]",rainbow,4,3,2,-1.8837693231256076
4,"[12, 12, 3]",rainbow,8,6,4,0.8344258371722186
5,"[12, 12, 3]",rainbow,10,7,5,1.1833360662897818
6,"[12, 12, 3]",rainbow,15,10,7,2.6919129281929357
7,"[12, 12, 3]",rainbow,16,11,8,2.9968335173058858
