,flop,board_type,0b,1b,2b,profit
0,"[12, 11, 10]",rainbow,1,1,1,6.1539055419790065
1,"[12, 11, 10]",rainbow,2,2,2,8.735946861796135
2,"[12, 11, 10]",rainbow,3,2,2,8.779163856050166
3,"[12, 11, 10]",rainbow,4,3,2,11.3256597477893
4,"[12, 11, 10]",rainbow,8,6,4,11.325771699093648
5,"[12, 11, 10]",rainbow,15,10,7,11.407436783356951
