,flop,board_type,0b,1b,2b,profit
0,"[12, 11, 6]",rainbow,1,1,1,-2.7251871650965076
1,"[12, 11, 6]",rainbow,2,2,2,-0.013548319393382968
2,"[12, 11, 6]",rainbow,3,2,2,0.4389416139705875
3,"[12, 11, 6]",rainbow,4,3,2,1.4095001640624987
4,"[12, 11, 6]",rainbow,8,6,4,1.4163792795266534
5,"[12, 11, 6]",rainbow,15,10,7,2.881024672104778
6,"[12, 11, 6]",rainbow,16,11,8,2.8885257188648885
