,flop,board_type,0b,1b,2b,profit
0,"[12, 10, 8]",rainbow,1,1,1,4.249906403435219
1,"[12, 10, 8]",rainbow,2,2,2,5.491682890443829
2,"[12, 10, 8]",rainbow,3,2,2,5.828859883414435
3,"[12, 10, 8]",rainbow,4,3,2,7.24720226628103
4,"[12, 10, 8]",rainbow,10,7,5,7.250468612413706
5,"[12, 10, 8]",rainbow,15,10,7,7.9640335439021985
