,flop,board_type,0b,1b,2b,profit
0,"[12, 10, 7]",rainbow,1,1,1,-0.09819168885869578
1,"[12, 10, 7]",rainbow,2,2,2,1.1913885114130436
2,"[12, 10, 7]",rainbow,3,2,2,1.1983279645380434
3,"[12, 10, 7]",rainbow,8,6,4,1.1985766657608699
4,"[12, 10, 7]",rainbow,15,10,7,2.652691888858695
