,flop,board_type,0b,1b,2b,profit
0,"[12, 10, 6]",rainbow,1,1,1,-0.09443291834239131
1,"[12, 10, 6]",rainbow,2,2,2,3.052079963858695
2,"[12, 10, 6]",rainbow,3,2,2,3.0585236202445643
3,"[12, 10, 6]",rainbow,10,7,5,3.069329193885869
4,"[12, 10, 6]",rainbow,15,10,7,4.014166338858695
5,"[12, 10, 6]",rainbow,16,11,8,4.015308817119564
