,flop,board_type,0b,1b,2b,profit
0,"[12, 10, 2]",rainbow,1,1,1,-1.219936442699547
1,"[12, 10, 2]",rainbow,2,2,2,0.014667730953925373
2,"[12, 10, 2]",rainbow,3,2,2,0.01813348137572901
3,"[12, 10, 2]",rainbow,4,3,2,0.018160113432834413
4,"[12, 10, 2]",rainbow,15,10,7,1.904926008046723
