,flop,board_type,0b,1b,2b,profit
0,"[12, 9, 4]",rainbow,1,1,1,-1.3626839336639556
1,"[12, 9, 4]",rainbow,2,2,2,-0.2062804583614366
2,"[12, 9, 4]",rainbow,3,2,2,0.6438822336044434
3,"[12, 9, 4]",rainbow,4,3,2,2.2321150818488387
4,"[12, 9, 4]",rainbow,10,7,5,2.6025711312041255
5,"[12, 9, 4]",rainbow,15,10,7,4.123660712795078
6,"[12, 9, 4]",rainbow,16,11,8,4.1262851415988875
