,flop,board_type,0b,1b,2b,profit
0,"[12, 9, 3]",rainbow,1,1,1,-1.3683215770283679
1,"[12, 9, 3]",rainbow,2,2,2,-0.20617809656814168
2,"[12, 9, 3]",rainbow,3,2,2,0.6431292192422131
3,"[12, 9, 3]",rainbow,4,3,2,2.235007120809362
4,"[12, 9, 3]",rainbow,10,7,5,2.606992824320571
5,"[12, 9, 3]",rainbow,15,10,7,4.124511400952191
6,"[12, 9, 3]",rainbow,16,11,8,4.124524141995634
