,flop,board_type,0b,1b,2b,profit
0,"[12, 9, 2]",rainbow,1,1,1,-1.3626848239238254
1,"[12, 9, 2]",rainbow,2,2,2,-0.2044253015274753
2,"[12, 9, 2]",rainbow,3,2,2,0.6433319437016463
3,"[12, 9, 2]",rainbow,4,3,2,2.23490466629637
4,"[12, 9, 2]",rainbow,10,7,5,2.5982070599880958
5,"[12, 9, 2]",rainbow,15,10,7,4.126919841856773
