,flop,board_type,0b,1b,2b,profit
0,"[12, 7, 2]",rainbow,1,1,1,-2.105131769894366
1,"[12, 7, 2]",rainbow,2,2,2,-2.09897875258216
2,"[12, 7, 2]",rainbow,8,6,4,0.8827578433098586
3,"[12, 7, 2]",rainbow,10,7,5,1.7210139851525832
4,"[12, 7, 2]",rainbow,15,10,7,3.857223110582942
5,"[12, 7, 2]",rainbow,16,11,8,4.126388024432708
