,flop,board_type,0b,1b,2b,profit
0,"[12, 6, 4]",rainbow,1,1,1,-2.2343133207159624
1,"[12, 6, 4]",rainbow,2,2,2,-2.2240540822769943
2,"[12, 6, 4]",rainbow,8,6,4,0.7595665215766818
3,"[12, 6, 4]",rainbow,10,7,5,1.604882982766041
4,"[12, 6, 4]",rainbow,15,10,7,3.4927546702464776
5,"[12, 6, 4]",rainbow,16,11,8,3.768502685661189
