,flop,board_type,0b,1b,2b,profit
0,"[12, 5, 3]",rainbow,1,1,1,-3.1578388047887325
1,"[12, 5, 3]",rainbow,2,2,2,-3.156057038309859
2,"[12, 5, 3]",rainbow,3,2,2,-3.1421689214084507
3,"[12, 5, 3]",rainbow,4,3,2,-2.7707892517370896
4,"[12, 5, 3]",rainbow,8,6,4,-0.21681434873239436
5,"[12, 5, 3]",rainbow,10,7,5,0.6188127660093903
6,"[12, 5, 3]",rainbow,15,10,7,2.4465915966197183
7,"[12, 5, 3]",rainbow,16,11,8,2.710071383098591
