,flop,board_type,0b,1b,2b,profit
0,"[11, 11, 6]",rainbow,1,1,1,-3.9196744345331243
1,"[11, 11, 6]",rainbow,8,6,4,-0.7161651258911501
2,"[11, 11, 6]",rainbow,10,7,5,-0.07480309989567102
3,"[11, 11, 6]",rainbow,15,10,7,0.005062172422187761
4,"[11, 11, 6]",rainbow,16,11,8,0.22472865811163212
