,flop,board_type,0b,1b,2b,profit
0,"[11, 11, 4]",rainbow,1,1,1,-4.952530817665857
1,"[11, 11, 4]",rainbow,8,6,4,-2.333274290398832
2,"[11, 11, 4]",rainbow,10,7,5,-1.8176983391865762
3,"[11, 11, 4]",rainbow,15,10,7,-1.1270563063758532
4,"[11, 11, 4]",rainbow,16,11,8,-0.9138421937564054
