,flop,board_type,0b,1b,2b,profit
0,"[11, 10, 3]",rainbow,1,1,1,-1.517195602736419
1,"[11, 10, 3]",rainbow,2,2,2,-0.32259409851106624
2,"[11, 10, 3]",rainbow,3,2,2,-0.31845701480885324
3,"[11, 10, 3]",rainbow,4,3,2,-0.3154818059557347
4,"[11, 10, 3]",rainbow,8,6,4,-0.3119869650704219
5,"[11, 10, 3]",rainbow,15,10,7,1.3965715152515088
