,flop,board_type,0b,1b,2b,profit
0,"[11, 9, 3]",rainbow,1,1,1,-1.4083382790818213
1,"[11, 9, 3]",rainbow,2,2,2,-0.2690526298407997
2,"[11, 9, 3]",rainbow,3,2,2,0.8613521816364315
3,"[11, 9, 3]",rainbow,4,3,2,2.3500218801554973
4,"[11, 9, 3]",rainbow,8,6,4,2.370076451203258
5,"[11, 9, 3]",rainbow,10,7,5,2.8436049687338008
6,"[11, 9, 3]",rainbow,15,10,7,4.175835563457978
7,"[11, 9, 3]",rainbow,16,11,8,4.179406093261754
