,flop,board_type,0b,1b,2b,profit
0,"[11, 7, 7]",rainbow,1,1,1,-2.7647107158356166
1,"[11, 7, 7]",rainbow,2,2,2,-2.7642691141917815
2,"[11, 7, 7]",rainbow,3,2,2,-2.3640777978812784
3,"[11, 7, 7]",rainbow,4,3,2,-1.021298259068493
4,"[11, 7, 7]",rainbow,8,6,4,0.27622989070319637
5,"[11, 7, 7]",rainbow,10,7,5,0.8308188772237441
6,"[11, 7, 7]",rainbow,15,10,7,1.2261250113972602
7,"[11, 7, 7]",rainbow,16,11,8,1.4094461522191788
