,flop,board_type,0b,1b,2b,profit
0,"[11, 7, 4]",rainbow,1,1,1,-2.2547278991780813
1,"[11, 7, 4]",rainbow,2,2,2,-2.2402970379178093
2,"[11, 7, 4]",rainbow,3,2,2,-1.8385338347762552
3,"[11, 7, 4]",rainbow,4,3,2,0.10973028241095861
4,"[11, 7, 4]",rainbow,8,6,4,1.5881452562191778
5,"[11, 7, 4]",rainbow,10,7,5,2.77947534389041
6,"[11, 7, 4]",rainbow,15,10,7,4.258022815196347
7,"[11, 7, 4]",rainbow,16,11,8,4.431755336547945
