,flop,board_type,0b,1b,2b,profit
0,"[11, 7, 2]",rainbow,1,1,1,-2.260948503342465
1,"[11, 7, 2]",rainbow,8,6,4,1.552112819178082
2,"[11, 7, 2]",rainbow,10,7,5,2.7656969603287664
3,"[11, 7, 2]",rainbow,15,10,7,4.22309393147032
4,"[11, 7, 2]",rainbow,16,11,8,4.414981213442922
