,flop,board_type,0b,1b,2b,profit
0,"[11, 6, 3]",rainbow,1,1,1,-2.5780555153972604
1,"[11, 6, 3]",rainbow,8,6,4,1.3685478682739716
2,"[11, 6, 3]",rainbow,10,7,5,2.5815623675616433
3,"[11, 6, 3]",rainbow,15,10,7,3.8691209136803666
4,"[11, 6, 3]",rainbow,16,11,8,4.042184315762556
