,flop,board_type,0b,1b,2b,profit
0,"[11, 6, 2]",rainbow,1,1,1,-2.6010330472328773
1,"[11, 6, 2]",rainbow,8,6,4,1.3393786560000003
2,"[11, 6, 2]",rainbow,10,7,5,2.579585530520548
3,"[11, 6, 2]",rainbow,15,10,7,3.8452653090776256
4,"[11, 6, 2]",rainbow,16,11,8,4.02192770052968
