,flop,board_type,0b,1b,2b,profit
0,"[11, 5, 2]",rainbow,1,1,1,-3.3997511692307683
1,"[11, 5, 2]",rainbow,8,6,4,0.45730335416227463
2,"[11, 5, 2]",rainbow,10,7,5,1.6706104475237098
3,"[11, 5, 2]",rainbow,15,10,7,2.874231787355111
4,"[11, 5, 2]",rainbow,16,11,8,3.0513967561292588
