,flop,board_type,0b,1b,2b,profit
0,"[11, 3, 2]",rainbow,1,1,1,-3.3993545617492096
1,"[11, 3, 2]",rainbow,8,6,4,0.4572688458377234
2,"[11, 3, 2]",rainbow,10,7,5,1.6809512425711277
3,"[11, 3, 2]",rainbow,15,10,7,2.870751967720408
4,"[11, 3, 2]",rainbow,16,11,8,3.04983539192132
