,flop,board_type,0b,1b,2b,profit
0,"[10, 10, 7]",rainbow,1,1,1,0.4034715228608796
1,"[10, 10, 7]",rainbow,8,6,4,2.186137277036785
2,"[10, 10, 7]",rainbow,10,7,5,2.841178584694981
3,"[10, 10, 7]",rainbow,15,10,7,3.3397866927511513
