,flop,board_type,0b,1b,2b,profit
0,"[10, 10, 3]",rainbow,1,1,1,-0.9289475165940069
1,"[10, 10, 3]",rainbow,2,2,2,-0.9259815339853106
2,"[10, 10, 3]",rainbow,3,2,2,-0.9206961391932749
3,"[10, 10, 3]",rainbow,4,3,2,-0.3362955871961033
4,"[10, 10, 3]",rainbow,8,6,4,0.39841628605318036
5,"[10, 10, 3]",rainbow,10,7,5,0.9266557722634619
6,"[10, 10, 3]",rainbow,15,10,7,1.6579896934134566
