,flop,board_type,0b,1b,2b,profit
0,"[10, 9, 8]",rainbow,1,1,1,2.6147815420097498
1,"[10, 9, 8]",rainbow,2,2,2,5.342839435996749
2,"[10, 9, 8]",rainbow,3,2,2,6.187910317154207
3,"[10, 9, 8]",rainbow,4,3,2,8.131037381897794
4,"[10, 9, 8]",rainbow,8,6,4,8.13122079845612
5,"[10, 9, 8]",rainbow,15,10,7,8.135746250397254
