,flop,board_type,0b,1b,2b,profit
0,"[10, 9, 7]",rainbow,1,1,1,1.8883986214273438
1,"[10, 9, 7]",rainbow,2,2,2,5.57517549379938
2,"[10, 9, 7]",rainbow,3,2,2,6.327765267150461
3,"[10, 9, 7]",rainbow,4,3,2,8.180377210340087
4,"[10, 9, 7]",rainbow,8,6,4,8.181492538406042
5,"[10, 9, 7]",rainbow,16,11,8,8.182496467305047
