,flop,board_type,0b,1b,2b,profit
0,"[10, 9, 3]",rainbow,1,1,1,0.2504353758241754
1,"[10, 9, 3]",rainbow,2,2,2,1.3908277362637353
2,"[10, 9, 3]",rainbow,3,2,2,2.334565503296702
3,"[10, 9, 3]",rainbow,4,3,2,3.6759484659340655
4,"[10, 9, 3]",rainbow,15,10,7,4.707795956043956
