,flop,board_type,0b,1b,2b,profit
0,"[10, 8, 2]",rainbow,1,1,1,-0.11669225297941455
1,"[10, 8, 2]",rainbow,8,6,4,1.0959462085590466
2,"[10, 8, 2]",rainbow,10,7,5,2.2548747269772473
3,"[10, 8, 2]",rainbow,15,10,7,4.149587910075839
4,"[10, 8, 2]",rainbow,16,11,8,4.156073806067171
