,flop,board_type,0b,1b,2b,profit
0,"[10, 7, 6]",rainbow,1,1,1,1.4798829542920835
1,"[10, 7, 6]",rainbow,8,6,4,3.8132935852842818
2,"[10, 7, 6]",rainbow,10,7,5,4.996466626532886
3,"[10, 7, 6]",rainbow,15,10,7,5.348653295429207
