,flop,board_type,0b,1b,2b,profit
0,"[10, 7, 5]",rainbow,1,1,1,-0.23884511592632762
1,"[10, 7, 5]",rainbow,8,6,4,1.1054618429035756
2,"[10, 7, 5]",rainbow,10,7,5,2.232510121343445
3,"[10, 7, 5]",rainbow,15,10,7,3.810891048754063
