,flop,board_type,0b,1b,2b,profit
0,"[10, 6, 6]",rainbow,1,1,1,-0.6499280660888409
1,"[10, 6, 6]",rainbow,2,2,2,-0.6309481468038995
2,"[10, 6, 6]",rainbow,8,6,4,1.2165656191765983
3,"[10, 6, 6]",rainbow,10,7,5,1.7920818461538468
4,"[10, 6, 6]",rainbow,15,10,7,1.9558226007583972
