,flop,board_type,0b,1b,2b,profit
0,"[10, 6, 5]",rainbow,1,1,1,-0.39713243824485356
1,"[10, 6, 5]",rainbow,2,2,2,-0.3923156397616461
2,"[10, 6, 5]",rainbow,3,2,2,-0.39227581798483135
3,"[10, 6, 5]",rainbow,4,3,2,0.2926618927410616
4,"[10, 6, 5]",rainbow,8,6,4,0.9643987204767066
5,"[10, 6, 5]",rainbow,10,7,5,2.10274121235103
6,"[10, 6, 5]",rainbow,15,10,7,3.4129642193932823
7,"[10, 6, 5]",rainbow,16,11,8,3.4156597903575303
