,flop,board_type,0b,1b,2b,profit
0,"[10, 6, 2]",rainbow,1,1,1,-0.4338650270855904
1,"[10, 6, 2]",rainbow,8,6,4,0.9282877795232938
2,"[10, 6, 2]",rainbow,10,7,5,2.0514288304442037
3,"[10, 6, 2]",rainbow,15,10,7,3.3741846533044413
4,"[10, 6, 2]",rainbow,16,11,8,3.380185864030336
