,flop,board_type,0b,1b,2b,profit
0,"[9, 9, 2]",rainbow,1,1,1,-1.1092991116883124
1,"[9, 9, 2]",rainbow,2,2,2,-1.0980873745454547
2,"[9, 9, 2]",rainbow,8,6,4,0.9347909810389607
3,"[9, 9, 2]",rainbow,10,7,5,2.072107934285715
4,"[9, 9, 2]",rainbow,15,10,7,3.893838529870131
5,"[9, 9, 2]",rainbow,16,11,8,4.01325317948052
