,flop,board_type,0b,1b,2b,profit
0,"[9, 8, 3]",rainbow,1,1,1,-0.353482059600001
1,"[9, 8, 3]",rainbow,2,2,2,0.5364895177333333
2,"[9, 8, 3]",rainbow,3,2,2,1.5075706383999992
3,"[9, 8, 3]",rainbow,4,3,2,2.4772363679999994
4,"[9, 8, 3]",rainbow,8,6,4,2.4794504379999993
5,"[9, 8, 3]",rainbow,10,7,5,3.6456319845333334
6,"[9, 8, 3]",rainbow,15,10,7,4.6122438086666655
7,"[9, 8, 3]",rainbow,16,11,8,4.614695462266666
