,flop,board_type,0b,1b,2b,profit
0,"[9, 7, 5]",rainbow,1,1,1,-0.22512268800000035
1,"[9, 7, 5]",rainbow,8,6,4,1.7307649607999995
2,"[9, 7, 5]",rainbow,10,7,5,3.6754438686666666
3,"[9, 7, 5]",rainbow,15,10,7,4.846102098933333
4,"[9, 7, 5]",rainbow,16,11,8,4.856933993866667
