,flop,board_type,0b,1b,2b,profit
0,"[9, 6, 3]",rainbow,1,1,1,-0.4347369504000005
1,"[9, 6, 3]",rainbow,8,6,4,1.6149760043999992
2,"[9, 6, 3]",rainbow,10,7,5,2.7478972656
3,"[9, 6, 3]",rainbow,15,10,7,4.609131568133332
4,"[9, 6, 3]",rainbow,16,11,8,4.7290203343999995
