,flop,board_type,0b,1b,2b,profit
0,"[8, 8, 7]",rainbow,1,1,1,0.5939439299999998
1,"[8, 8, 7]",rainbow,2,2,2,1.4237720800000002
2,"[8, 8, 7]",rainbow,3,2,2,1.8783119000000004
3,"[8, 8, 7]",rainbow,4,3,2,2.3643846449999995
4,"[8, 8, 7]",rainbow,8,6,4,4.13993636
5,"[8, 8, 7]",rainbow,10,7,5,5.7635077899999985
6,"[8, 8, 7]",rainbow,15,10,7,6.4846623625
7,"[8, 8, 7]",rainbow,16,11,8,6.5783822999999995
