,flop,board_type,0b,1b,2b,profit
0,"[8, 7, 7]",rainbow,1,1,1,0.5995052550000004
1,"[8, 7, 7]",rainbow,2,2,2,1.4196160750000009
2,"[8, 7, 7]",rainbow,3,2,2,1.887332940000001
3,"[8, 7, 7]",rainbow,4,3,2,2.35936456
4,"[8, 7, 7]",rainbow,8,6,4,4.146872415
5,"[8, 7, 7]",rainbow,10,7,5,5.763709179999999
6,"[8, 7, 7]",rainbow,15,10,7,6.4893817275000005
7,"[8, 7, 7]",rainbow,16,11,8,6.57291138
