,flop,board_type,0b,1b,2b,profit
0,"[8, 7, 2]",rainbow,1,1,1,0.4772598999999995
1,"[8, 7, 2]",rainbow,2,2,2,1.3075523649999998
2,"[8, 7, 2]",rainbow,3,2,2,1.7746888949999995
3,"[8, 7, 2]",rainbow,4,3,2,2.246578415
4,"[8, 7, 2]",rainbow,8,6,4,3.1941611399999994
5,"[8, 7, 2]",rainbow,10,7,5,4.268930364999999
6,"[8, 7, 2]",rainbow,15,10,7,6.0353176149999985
7,"[8, 7, 2]",rainbow,16,11,8,6.129012169999999
