,flop,board_type,0b,1b,2b,profit
0,"[8, 3, 2]",rainbow,1,1,1,-0.5211391746835448
1,"[8, 3, 2]",rainbow,2,2,2,-0.5208186278481017
2,"[8, 3, 2]",rainbow,8,6,4,1.936733389873417
3,"[8, 3, 2]",rainbow,10,7,5,2.9513152075949365
4,"[8, 3, 2]",rainbow,15,10,7,4.960143118987341
5,"[8, 3, 2]",rainbow,16,11,8,5.255405427848101
