,flop,board_type,0b,1b,2b,profit
0,"[7, 7, 6]",rainbow,1,1,1,1.6687637099999997
1,"[7, 7, 6]",rainbow,2,2,2,1.669256159999999
2,"[7, 7, 6]",rainbow,3,2,2,2.120118249999999
3,"[7, 7, 6]",rainbow,4,3,2,2.5928188600000004
4,"[7, 7, 6]",rainbow,8,6,4,4.7595898825
5,"[7, 7, 6]",rainbow,10,7,5,6.5598116425
6,"[7, 7, 6]",rainbow,15,10,7,6.722143217499999
7,"[7, 7, 6]",rainbow,16,11,8,7.11534354
