,flop,board_type,0b,1b,2b,profit
0,"[7, 7, 5]",rainbow,1,1,1,0.7088295964556953
1,"[7, 7, 5]",rainbow,8,6,4,2.54651164556962
2,"[7, 7, 5]",rainbow,10,7,5,4.867902905063291
3,"[7, 7, 5]",rainbow,15,10,7,5.836529595949367
4,"[7, 7, 5]",rainbow,16,11,8,6.216509946582278
