,flop,board_type,0b,1b,2b,profit
0,"[7, 6, 3]",rainbow,1,1,1,1.6708632899999996
1,"[7, 6, 3]",rainbow,2,2,2,1.6713726799999993
2,"[7, 6, 3]",rainbow,3,2,2,2.122488519999999
3,"[7, 6, 3]",rainbow,4,3,2,2.5924647999999992
4,"[7, 6, 3]",rainbow,8,6,4,3.947707727499999
5,"[7, 6, 3]",rainbow,10,7,5,4.7806669
6,"[7, 6, 3]",rainbow,15,10,7,6.747548054999999
7,"[7, 6, 3]",rainbow,16,11,8,7.138808379999999
