,flop,board_type,0b,1b,2b,profit
0,"[7, 6, 2]",rainbow,1,1,1,1.6059052499999986
1,"[7, 6, 2]",rainbow,2,2,2,1.606354649999999
2,"[7, 6, 2]",rainbow,3,2,2,2.059490199999999
3,"[7, 6, 2]",rainbow,4,3,2,2.5401327999999976
4,"[7, 6, 2]",rainbow,8,6,4,3.910887902499999
5,"[7, 6, 2]",rainbow,10,7,5,4.748705739999998
6,"[7, 6, 2]",rainbow,15,10,7,6.723351784999998
7,"[7, 6, 2]",rainbow,16,11,8,7.115462049999999
