,flop,board_type,0b,1b,2b,profit
0,"[7, 5, 2]",rainbow,1,1,1,0.7214503584810116
1,"[7, 5, 2]",rainbow,2,2,2,0.736996726075949
2,"[7, 5, 2]",rainbow,8,6,4,2.585526380253164
3,"[7, 5, 2]",rainbow,10,7,5,3.5541290325316455
4,"[7, 5, 2]",rainbow,15,10,7,5.90830258898734
5,"[7, 5, 2]",rainbow,16,11,8,6.292124083037974
