,flop,board_type,0b,1b,2b,profit
0,"[6, 5, 2]",rainbow,1,1,1,1.9585076111392397
1,"[6, 5, 2]",rainbow,8,6,4,3.731408183797468
2,"[6, 5, 2]",rainbow,10,7,5,4.537580309873416
3,"[6, 5, 2]",rainbow,15,10,7,6.7778333777215165
4,"[6, 5, 2]",rainbow,16,11,8,7.2501133954430355
