,flop,board_type,0b,1b,2b,profit
0,"[5, 5, 5]",rainbow,1,1,1,2.550451917073171
1,"[5, 5, 5]",rainbow,2,2,2,2.5551862629268296
2,"[5, 5, 5]",rainbow,8,6,4,4.19340202
3,"[5, 5, 5]",rainbow,10,7,5,6.244200390487805
4,"[5, 5, 5]",rainbow,15,10,7,7.066565262926829
5,"[5, 5, 5]",rainbow,16,11,8,7.522849317560974
