,flop,board_type,0b,1b,2b,profit
0,"[5, 5, 4]",rainbow,1,1,1,2.400109884878048
1,"[5, 5, 4]",rainbow,2,2,2,2.4047138907317076
2,"[5, 5, 4]",rainbow,8,6,4,4.122484473658536
3,"[5, 5, 4]",rainbow,10,7,5,5.560134789512195
4,"[5, 5, 4]",rainbow,15,10,7,7.053806670243901
5,"[5, 5, 4]",rainbow,16,11,8,7.504393394146341
