,flop,board_type,0b,1b,2b,profit
0,"[5, 5, 3]",rainbow,1,1,1,2.4007137048780494
1,"[5, 5, 3]",rainbow,2,2,2,2.4037487000000004
2,"[5, 5, 3]",rainbow,8,6,4,4.129010491707317
3,"[5, 5, 3]",rainbow,10,7,5,5.22521349902439
4,"[5, 5, 3]",rainbow,15,10,7,7.0542299346341455
5,"[5, 5, 3]",rainbow,16,11,8,7.509148046829267
