,flop,board_type,0b,1b,2b,profit
0,"[14, 14, 3]",rainbow,1,1,1,9.002499202978491
1,"[14, 14, 3]",rainbow,3,2,2,9.00323045297849
