,flop,board_type,0b,1b,2b,profit
0,"[14, 12, 8]",rainbow,1,1,1,5.918678468571429
1,"[14, 12, 8]",rainbow,10,7,5,5.930707405714285
