,flop,board_type,0b,1b,2b,profit
0,"[14, 12, 2]",rainbow,1,1,1,7.952483364588128
1,"[14, 12, 2]",rainbow,2,2,2,7.958313133225955
