,flop,board_type,0b,1b,2b,profit
0,"[14, 11, 10]",rainbow,1,1,1,8.085712484056247
1,"[14, 11, 10]",rainbow,8,6,4,8.095365773411569
