,flop,board_type,0b,1b,2b,profit
0,"[14, 10, 9]",rainbow,1,1,1,3.1649757851063836
1,"[14, 10, 9]",rainbow,2,2,2,3.1711765085106385
