,flop,board_type,0b,1b,2b,profit
0,"[14, 9, 8]",rainbow,1,1,1,4.317992957551021
1,"[14, 9, 8]",rainbow,2,2,2,4.319705906530612
