,flop,board_type,0b,1b,2b,profit
0,"[14, 7, 3]",rainbow,1,1,1,7.396742939150943
1,"[14, 7, 3]",rainbow,8,6,4,7.401898168867927
