,flop,board_type,0b,1b,2b,profit
0,"[13, 13, 13]",rainbow,1,1,1,4.96652168128655
1,"[13, 13, 13]",rainbow,3,2,2,4.975553830409356
2,"[13, 13, 13]",rainbow,15,10,7,6.200950935672514
