,flop,board_type,0b,1b,2b,profit
0,"[13, 13, 3]",rainbow,1,1,1,4.941908958482145
1,"[13, 13, 3]",rainbow,10,7,5,4.9455136031250015
