,flop,board_type,0b,1b,2b,profit
0,"[13, 12, 3]",rainbow,1,1,1,4.054441780188679
1,"[13, 12, 3]",rainbow,2,2,2,4.0605198933962265
2,"[13, 12, 3]",rainbow,3,2,2,4.066892652830187
