,flop,board_type,0b,1b,2b,profit
0,"[13, 11, 8]",rainbow,1,1,1,1.7194900224952736
1,"[13, 11, 8]",rainbow,8,6,4,1.7214464530718336
2,"[13, 11, 8]",rainbow,16,11,8,1.7257790895085066
