,flop,board_type,0b,1b,2b,profit
0,"[13, 10, 3]",rainbow,1,1,1,2.2347197696691175
1,"[13, 10, 3]",rainbow,15,10,7,2.2353878740808826
