,flop,board_type,0b,1b,2b,profit
0,"[13, 9, 9]",rainbow,1,1,1,2.344540734693877
1,"[13, 9, 9]",rainbow,2,2,2,2.347725906362545
2,"[13, 9, 9]",rainbow,3,2,2,2.3548526218487384
3,"[13, 9, 9]",rainbow,8,6,4,2.3578626290516205
4,"[13, 9, 9]",rainbow,10,7,5,2.3582388019207685
