,flop,board_type,0b,1b,2b,profit
0,"[13, 8, 8]",rainbow,1,1,1,3.8312963819792074
1,"[13, 8, 8]",rainbow,10,7,5,3.8354909018097803
