,flop,board_type,0b,1b,2b,profit
0,"[13, 6, 4]",rainbow,1,1,1,4.756823637723215
1,"[13, 6, 4]",rainbow,2,2,2,4.757812274665179
2,"[13, 6, 4]",rainbow,3,2,2,4.767472491964286
