,flop,board_type,0b,1b,2b,profit
0,"[13, 6, 3]",rainbow,1,1,1,4.7371813094866075
1,"[13, 6, 3]",rainbow,2,2,2,4.742987604241073
