,flop,board_type,0b,1b,2b,profit
0,"[12, 12, 9]",rainbow,1,1,1,-0.5875969578947366
1,"[12, 12, 9]",rainbow,15,10,7,-0.587535440913604
2,"[12, 12, 9]",rainbow,16,11,8,-0.5853596824230374
