,flop,board_type,0b,1b,2b,profit
0,"[12, 11, 9]",rainbow,1,1,1,-0.47157436408163367
1,"[12, 11, 9]",rainbow,15,10,7,-0.4628796499591852
