,flop,board_type,0b,1b,2b,profit
0,"[12, 11, 8]",rainbow,1,1,1,-0.7709426918400011
1,"[12, 11, 8]",rainbow,2,2,2,-0.767915942400001
2,"[12, 11, 8]",rainbow,10,7,5,-0.7647538099200002
3,"[12, 11, 8]",rainbow,15,10,7,-0.7625811916799998
4,"[12, 11, 8]",rainbow,16,11,8,-0.7551828480000005
