,flop,board_type,0b,1b,2b,profit
0,"[12, 10, 10]",rainbow,1,1,1,0.15717561886792475
1,"[12, 10, 10]",rainbow,2,2,2,0.15751396226415126
2,"[12, 10, 10]",rainbow,3,2,2,0.15777540943396273
3,"[12, 10, 10]",rainbow,15,10,7,0.1614081735849069
