,flop,board_type,0b,1b,2b,profit
0,"[12, 10, 5]",rainbow,1,1,1,0.653588800499999
1,"[12, 10, 5]",rainbow,8,6,4,0.6633697874999991
2,"[12, 10, 5]",rainbow,10,7,5,0.6668799959999994
