,flop,board_type,0b,1b,2b,profit
0,"[12, 7, 5]",rainbow,1,1,1,2.8775426192307694
1,"[12, 7, 5]",rainbow,15,10,7,2.882157657692307
