,flop,board_type,0b,1b,2b,profit
0,"[12, 6, 2]",rainbow,1,1,1,3.1390450881818186
1,"[12, 6, 2]",rainbow,10,7,5,3.1392238990909087
2,"[12, 6, 2]",rainbow,15,10,7,3.1396880809090915
