,flop,board_type,0b,1b,2b,profit
0,"[12, 5, 4]",rainbow,1,1,1,4.33175409368984
1,"[12, 5, 4]",rainbow,2,2,2,4.332698928128341
2,"[12, 5, 4]",rainbow,3,2,2,4.337018593155079
3,"[12, 5, 4]",rainbow,4,3,2,4.339222247486631
