,flop,board_type,0b,1b,2b,profit
0,"[11, 11, 7]",rainbow,1,1,1,1.1581573908355804
1,"[11, 11, 7]",rainbow,10,7,5,1.1583327331536402
