,flop,board_type,0b,1b,2b,profit
0,"[11, 10, 6]",rainbow,1,1,1,1.7014775291222315
1,"[11, 10, 6]",rainbow,2,2,2,1.7019328085315832
2,"[11, 10, 6]",rainbow,16,11,8,1.7069068410172274
