,flop,board_type,0b,1b,2b,profit
0,"[11, 10, 2]",rainbow,1,1,1,2.3898498138586954
1,"[11, 10, 2]",rainbow,2,2,2,2.391404480706522
2,"[11, 10, 2]",rainbow,15,10,7,2.391450702717391
