,flop,board_type,0b,1b,2b,profit
0,"[11, 9, 9]",rainbow,1,1,1,1.9651199606234626
1,"[11, 9, 9]",rainbow,2,2,2,1.9691703297785077
2,"[11, 9, 9]",rainbow,3,2,2,1.9715173683347014
