,flop,board_type,0b,1b,2b,profit
0,"[11, 8, 7]",rainbow,1,1,1,1.3263895929149019
1,"[11, 8, 7]",rainbow,8,6,4,1.3314080474393526
