,flop,board_type,0b,1b,2b,profit
0,"[11, 8, 4]",rainbow,1,1,1,3.10300035
1,"[11, 8, 4]",rainbow,2,2,2,3.1033595624999997
2,"[11, 8, 4]",rainbow,3,2,2,3.1047022500000003
3,"[11, 8, 4]",rainbow,10,7,5,3.1079633531249993
