,flop,board_type,0b,1b,2b,profit
0,"[11, 6, 6]",rainbow,1,1,1,3.168697065482798
1,"[11, 6, 6]",rainbow,16,11,8,3.1694259889012213
