,flop,board_type,0b,1b,2b,profit
0,"[10, 10, 7]",rainbow,1,1,1,3.1041362412698428
1,"[10, 10, 7]",rainbow,2,2,2,3.1077861460317466
2,"[10, 10, 7]",rainbow,3,2,2,3.1087934603174614
3,"[10, 10, 7]",rainbow,4,3,2,3.109182965079366
4,"[10, 10, 7]",rainbow,15,10,7,3.1110934285714285
