,flop,board_type,0b,1b,2b,profit
0,"[10, 9, 5]",rainbow,1,1,1,3.8507349348423
1,"[10, 9, 5]",rainbow,10,7,5,3.854739483784786
