,flop,board_type,0b,1b,2b,profit
0,"[10, 8, 8]",rainbow,1,1,1,4.122741126857144
1,"[10, 8, 8]",rainbow,8,6,4,4.127151648000002
2,"[10, 8, 8]",rainbow,15,10,7,4.127446621714286
