,flop,board_type,0b,1b,2b,profit
0,"[10, 8, 3]",rainbow,1,1,1,4.513789036799999
1,"[10, 8, 3]",rainbow,2,2,2,4.515253113818181
2,"[10, 8, 3]",rainbow,10,7,5,4.5181883020363625
