,flop,board_type,0b,1b,2b,profit
0,"[9, 9, 2]",rainbow,1,1,1,4.623039337987014
1,"[9, 9, 2]",rainbow,8,6,4,4.632367087012989
