,flop,board_type,0b,1b,2b,profit
0,"[9, 7, 2]",rainbow,1,1,1,4.676054919786095
1,"[9, 7, 2]",rainbow,2,2,2,4.683212199786095
2,"[9, 7, 2]",rainbow,3,2,2,4.688249656684491
