,flop,board_type,0b,1b,2b,profit
0,"[9, 5, 5]",rainbow,1,1,1,5.711347637037038
1,"[9, 5, 5]",rainbow,10,7,5,5.714353333333333
