,flop,board_type,0b,1b,2b,profit
0,"[9, 5, 4]",rainbow,1,1,1,6.390221888888888
1,"[9, 5, 4]",rainbow,2,2,2,6.391755888888888
