,flop,board_type,0b,1b,2b,profit
0,"[9, 3, 3]",rainbow,1,1,1,5.721165525925928
1,"[9, 3, 3]",rainbow,8,6,4,5.728489340740742
