,flop,board_type,0b,1b,2b,profit
0,"[8, 8, 8]",rainbow,1,1,1,5.30443397922078
1,"[8, 8, 8]",rainbow,2,2,2,5.30624981922078
2,"[8, 8, 8]",rainbow,3,2,2,5.307210333506494
3,"[8, 8, 8]",rainbow,8,6,4,5.30785512
