,flop,board_type,0b,1b,2b,profit
0,"[8, 8, 7]",rainbow,1,1,1,4.1648869714285714
1,"[8, 8, 7]",rainbow,2,2,2,4.170592285714285
2,"[8, 8, 7]",rainbow,10,7,5,4.172218285714286
