,flop,board_type,0b,1b,2b,profit
0,"[8, 8, 6]",rainbow,1,1,1,4.795610400000001
1,"[8, 8, 6]",rainbow,2,2,2,4.797304438441559
2,"[8, 8, 6]",rainbow,16,11,8,4.797958747012988
