,flop,board_type,0b,1b,2b,profit
0,"[8, 7, 6]",rainbow,1,1,1,3.6716214857142857
1,"[8, 7, 6]",rainbow,2,2,2,3.690032228571428
2,"[8, 7, 6]",rainbow,8,6,4,3.690128657142857
3,"[8, 7, 6]",rainbow,15,10,7,3.690409885714285
