,flop,board_type,0b,1b,2b,profit
0,"[8, 7, 3]",rainbow,1,1,1,4.608009327272726
1,"[8, 7, 3]",rainbow,2,2,2,4.608377691818181
2,"[8, 7, 3]",rainbow,3,2,2,4.61751046090909
3,"[8, 7, 3]",rainbow,4,3,2,4.621626725454545
4,"[8, 7, 3]",rainbow,8,6,4,4.622346629999999
