,flop,board_type,0b,1b,2b,profit
0,"[8, 6, 5]",rainbow,1,1,1,5.339882029586776
1,"[8, 6, 5]",rainbow,2,2,2,5.3557074798842965
