,flop,board_type,0b,1b,2b,profit
0,"[7, 7, 5]",rainbow,1,1,1,5.228553627471075
1,"[7, 7, 5]",rainbow,2,2,2,5.228598390446281
2,"[7, 7, 5]",rainbow,3,2,2,5.239103821090909
