,flop,board_type,0b,1b,2b,profit
0,"[7, 4, 3]",rainbow,1,1,1,6.802704922727271
1,"[7, 4, 3]",rainbow,2,2,2,6.8053413030303
2,"[7, 4, 3]",rainbow,8,6,4,6.80959053030303
3,"[7, 4, 3]",rainbow,15,10,7,6.810116793939392
