,flop,board_type,0b,1b,2b,profit
0,"[6, 6, 5]",rainbow,1,1,1,5.211617189341693
1,"[6, 6, 5]",rainbow,2,2,2,5.212562786520376
2,"[6, 6, 5]",rainbow,10,7,5,5.216552486520377
