,flop,board_type,0b,1b,2b,profit
0,"[6, 5, 5]",rainbow,1,1,1,5.985296444444446
1,"[6, 5, 5]",rainbow,2,2,2,5.991877731800768
2,"[6, 5, 5]",rainbow,8,6,4,5.994899559386974
