,flop,board_type,0b,1b,2b,profit
0,"[6, 5, 4]",rainbow,1,1,1,6.565024956896551
1,"[6, 5, 4]",rainbow,10,7,5,6.5653908620689645
2,"[6, 5, 4]",rainbow,15,10,7,6.56558903735632
