,flop,board_type,0b,1b,2b,profit
0,"[6, 3, 2]",rainbow,1,1,1,6.484842040229884
1,"[6, 3, 2]",rainbow,2,2,2,6.493869008620688
2,"[6, 3, 2]",rainbow,8,6,4,6.4977789080459765
