,flop,board_type,0b,1b,2b,profit
0,"[4, 4, 4]",rainbow,1,1,1,6.350280231699941
1,"[4, 4, 4]",rainbow,2,2,2,6.350390031760437
2,"[4, 4, 4]",rainbow,3,2,2,6.354336503024805
