,flop,board_type,0b,1b,2b,profit
0,"[14, 13, 8]",monotone,1,1,1,1.7434118022988512
1,"[14, 13, 8]",monotone,2,2,2,2.7318882786206906
2,"[14, 13, 8]",monotone,3,2,2,3.122400406436782
3,"[14, 13, 8]",monotone,4,3,2,5.095968231724138
4,"[14, 13, 8]",monotone,8,6,4,5.922543131034483
5,"[14, 13, 8]",monotone,15,10,7,6.4580576855172405
6,"[14, 13, 8]",monotone,16,11,8,6.459899873103447
