,flop,board_type,0b,1b,2b,profit
0,"[14, 12, 11]",monotone,1,1,1,7.016831513408239
1,"[14, 12, 11]",monotone,2,2,2,8.082172329413233
2,"[14, 12, 11]",monotone,3,2,2,8.399729141810237
3,"[14, 12, 11]",monotone,4,3,2,10.021384668651686
4,"[14, 12, 11]",monotone,10,7,5,10.024855023632961
5,"[14, 12, 11]",monotone,15,10,7,10.514411872209738
6,"[14, 12, 11]",monotone,16,11,8,10.728125971935082
