,flop,board_type,0b,1b,2b,profit
0,"[14, 11, 10]",monotone,1,1,1,11.652371708112144
1,"[14, 11, 10]",monotone,2,2,2,12.723347272813426
2,"[14, 11, 10]",monotone,3,2,2,12.797348087753612
3,"[14, 11, 10]",monotone,4,3,2,13.819718837366278
4,"[14, 11, 10]",monotone,8,6,4,13.822338453463209
5,"[14, 11, 10]",monotone,15,10,7,13.969735969245262
