,flop,board_type,0b,1b,2b,profit
0,"[14, 11, 8]",monotone,1,1,1,2.024705657209302
1,"[14, 11, 8]",monotone,2,2,2,4.9731521374418595
2,"[14, 11, 8]",monotone,3,2,2,5.2122566074418595
3,"[14, 11, 8]",monotone,4,3,2,5.972058238139535
4,"[14, 11, 8]",monotone,15,10,7,6.7024104930232555
5,"[14, 11, 8]",monotone,16,11,8,6.703099732558139
