,flop,board_type,0b,1b,2b,profit
0,"[14, 11, 6]",monotone,1,1,1,1.5680697459620787
1,"[14, 11, 6]",monotone,2,2,2,2.454768914325842
2,"[14, 11, 6]",monotone,3,2,2,2.8760745173806166
3,"[14, 11, 6]",monotone,4,3,2,4.6670515400280905
4,"[14, 11, 6]",monotone,8,6,4,6.405887182233146
5,"[14, 11, 6]",monotone,10,7,5,6.4099694970154495
6,"[14, 11, 6]",monotone,15,10,7,7.0236923897471915
7,"[14, 11, 6]",monotone,16,11,8,7.316287619733146
