,flop,board_type,0b,1b,2b,profit
0,"[14, 10, 3]",monotone,1,1,1,1.9647892449866304
1,"[14, 10, 3]",monotone,8,6,4,5.64534476916221
2,"[14, 10, 3]",monotone,10,7,5,5.646909913213013
3,"[14, 10, 3]",monotone,15,10,7,6.395594680815507
4,"[14, 10, 3]",monotone,16,11,8,6.726022298573975
