,flop,board_type,0b,1b,2b,profit
0,"[14, 9, 5]",monotone,1,1,1,1.250195962808694
1,"[14, 9, 5]",monotone,2,2,2,1.2539774808922262
2,"[14, 9, 5]",monotone,3,2,2,1.563422508114259
3,"[14, 9, 5]",monotone,4,3,2,2.569534356173893
4,"[14, 9, 5]",monotone,8,6,4,3.2427210749630127
5,"[14, 9, 5]",monotone,10,7,5,3.24504566474337
6,"[14, 9, 5]",monotone,15,10,7,4.381475908546715
7,"[14, 9, 5]",monotone,16,11,8,5.642980257482644
