,flop,board_type,0b,1b,2b,profit
0,"[14, 8, 7]",monotone,1,1,1,2.153769090854204
1,"[14, 8, 7]",monotone,2,2,2,3.10912093964669
2,"[14, 8, 7]",monotone,3,2,2,3.376050746198567
3,"[14, 8, 7]",monotone,4,3,2,4.0810463947562585
4,"[14, 8, 7]",monotone,15,10,7,5.040265456261178
5,"[14, 8, 7]",monotone,16,11,8,6.333031197260731
