,flop,board_type,0b,1b,2b,profit
0,"[14, 8, 4]",monotone,1,1,1,1.0291955938511315
1,"[14, 8, 4]",monotone,8,6,4,2.0150597079288026
2,"[14, 8, 4]",monotone,15,10,7,3.011991641747572
3,"[14, 8, 4]",monotone,16,11,8,4.488083525134842
