,flop,board_type,0b,1b,2b,profit
0,"[14, 8, 3]",monotone,1,1,1,1.281682631923077
1,"[14, 8, 3]",monotone,2,2,2,1.2901344573397435
2,"[14, 8, 3]",monotone,8,6,4,2.2792493505448714
3,"[14, 8, 3]",monotone,10,7,5,2.2803619485256403
4,"[14, 8, 3]",monotone,15,10,7,3.2694004215384607
5,"[14, 8, 3]",monotone,16,11,8,4.737963628846153
