,flop,board_type,0b,1b,2b,profit
0,"[14, 8, 2]",monotone,1,1,1,1.2769549664636748
1,"[14, 8, 2]",monotone,8,6,4,2.271677631923076
2,"[14, 8, 2]",monotone,15,10,7,3.262977071442307
3,"[14, 8, 2]",monotone,16,11,8,4.738851252211537
