,flop,board_type,0b,1b,2b,profit
0,"[14, 5, 4]",monotone,1,1,1,-1.601901295204882
1,"[14, 5, 4]",monotone,8,6,4,-0.6651694120895083
2,"[14, 5, 4]",monotone,10,7,5,-0.6518811367625682
3,"[14, 5, 4]",monotone,15,10,7,-0.22819462063353646
4,"[14, 5, 4]",monotone,16,11,8,1.9050817097355417
