,flop,board_type,0b,1b,2b,profit
0,"[13, 11, 4]",monotone,1,1,1,0.8538408861079918
1,"[13, 11, 4]",monotone,2,2,2,1.5593011434929056
2,"[13, 11, 4]",monotone,3,2,2,2.0920862005307743
3,"[13, 11, 4]",monotone,4,3,2,3.043902648239258
4,"[13, 11, 4]",monotone,10,7,5,3.047413561988364
5,"[13, 11, 4]",monotone,15,10,7,4.592676653179545
6,"[13, 11, 4]",monotone,16,11,8,5.4822907026844945
