,flop,board_type,0b,1b,2b,profit
0,"[13, 11, 2]",monotone,1,1,1,0.9640678708712349
1,"[13, 11, 2]",monotone,2,2,2,1.6742765572872456
2,"[13, 11, 2]",monotone,3,2,2,2.1959355424701847
3,"[13, 11, 2]",monotone,4,3,2,3.1278101577521733
4,"[13, 11, 2]",monotone,15,10,7,4.630613954457246
5,"[13, 11, 2]",monotone,16,11,8,5.53660941944613
