,flop,board_type,0b,1b,2b,profit
0,"[13, 10, 8]",monotone,1,1,1,2.288561462068966
1,"[13, 10, 8]",monotone,2,2,2,3.0787464708812267
2,"[13, 10, 8]",monotone,3,2,2,3.078793643295019
3,"[13, 10, 8]",monotone,4,3,2,3.0847737731800775
4,"[13, 10, 8]",monotone,15,10,7,4.2045856398467425
