,flop,board_type,0b,1b,2b,profit
0,"[13, 10, 3]",monotone,1,1,1,1.6780390312518487
1,"[13, 10, 3]",monotone,2,2,2,2.374582109825391
2,"[13, 10, 3]",monotone,8,6,4,3.270142719414028
3,"[13, 10, 3]",monotone,15,10,7,4.820900102160403
4,"[13, 10, 3]",monotone,16,11,8,5.3153907118871455
