,flop,board_type,0b,1b,2b,profit
0,"[13, 9, 2]",monotone,1,1,1,0.6276146245871554
1,"[13, 9, 2]",monotone,2,2,2,0.6355927222018345
2,"[13, 9, 2]",monotone,3,2,2,1.6398665563302748
3,"[13, 9, 2]",monotone,4,3,2,2.907059360733945
4,"[13, 9, 2]",monotone,8,6,4,3.8302230781651376
5,"[13, 9, 2]",monotone,10,7,5,3.8338257849541284
6,"[13, 9, 2]",monotone,15,10,7,5.150397605137613
7,"[13, 9, 2]",monotone,16,11,8,5.152226209908257
