,flop,board_type,0b,1b,2b,profit
0,"[13, 7, 6]",monotone,1,1,1,0.053869980243160254
1,"[13, 7, 6]",monotone,2,2,2,0.7961082684270522
2,"[13, 7, 6]",monotone,3,2,2,1.153798871960487
3,"[13, 7, 6]",monotone,4,3,2,1.5727188126899692
4,"[13, 7, 6]",monotone,8,6,4,2.341152376329788
5,"[13, 7, 6]",monotone,15,10,7,3.2622406386778113
6,"[13, 7, 6]",monotone,16,11,8,4.182069988601823
