,flop,board_type,0b,1b,2b,profit
0,"[13, 5, 3]",monotone,1,1,1,-1.4429949763375618
1,"[13, 5, 3]",monotone,8,6,4,-0.7618134219801445
2,"[13, 5, 3]",monotone,10,7,5,-0.7512609115830113
3,"[13, 5, 3]",monotone,15,10,7,-0.05097833916161104
4,"[13, 5, 3]",monotone,16,11,8,2.3228696378102605
