,flop,board_type,0b,1b,2b,profit
0,"[13, 5, 2]",monotone,1,1,1,-1.442918280998346
1,"[13, 5, 2]",monotone,8,6,4,-0.7567545944291225
2,"[13, 5, 2]",monotone,15,10,7,-0.06288679509100953
3,"[13, 5, 2]",monotone,16,11,8,2.300636542057364
