,flop,board_type,0b,1b,2b,profit
0,"[12, 11, 4]",monotone,1,1,1,1.3985550849994677
1,"[12, 11, 4]",monotone,2,2,2,2.9998320417970827
2,"[12, 11, 4]",monotone,3,2,2,3.5403242941765134
3,"[12, 11, 4]",monotone,4,3,2,4.677026464196742
4,"[12, 11, 4]",monotone,8,6,4,4.679043259278185
5,"[12, 11, 4]",monotone,10,7,5,4.682533618141168
6,"[12, 11, 4]",monotone,15,10,7,6.103404764611945
7,"[12, 11, 4]",monotone,16,11,8,6.433886657553497
