,flop,board_type,0b,1b,2b,profit
0,"[12, 10, 3]",monotone,1,1,1,2.4339608818369234
1,"[12, 10, 3]",monotone,2,2,2,3.22216751721472
2,"[12, 10, 3]",monotone,3,2,2,3.5838336046077726
3,"[12, 10, 3]",monotone,4,3,2,4.1098336155447885
4,"[12, 10, 3]",monotone,8,6,4,4.112039943686218
5,"[12, 10, 3]",monotone,10,7,5,4.115871704494382
6,"[12, 10, 3]",monotone,15,10,7,5.562100901185445
7,"[12, 10, 3]",monotone,16,11,8,5.951987999793835
