,flop,board_type,0b,1b,2b,profit
0,"[12, 6, 5]",monotone,1,1,1,-0.1718754826551827
1,"[12, 6, 5]",monotone,2,2,2,0.6124915027027024
2,"[12, 6, 5]",monotone,3,2,2,0.9461272557766561
3,"[12, 6, 5]",monotone,4,3,2,1.7524935437778428
4,"[12, 6, 5]",monotone,8,6,4,3.1059355694089685
5,"[12, 6, 5]",monotone,15,10,7,4.191214792931392
6,"[12, 6, 5]",monotone,16,11,8,5.195562237748736
