,flop,board_type,0b,1b,2b,profit
0,"[12, 6, 4]",monotone,1,1,1,-0.30254474427832134
1,"[12, 6, 4]",monotone,8,6,4,2.087032442495686
2,"[12, 6, 4]",monotone,15,10,7,3.2136582064692347
3,"[12, 6, 4]",monotone,16,11,8,4.640852554600344
