,flop,board_type,0b,1b,2b,profit
0,"[12, 5, 2]",monotone,1,1,1,-0.9681682130534798
1,"[12, 5, 2]",monotone,2,2,2,-0.9648256771132832
2,"[12, 5, 2]",monotone,8,6,4,0.6016807643760774
3,"[12, 5, 2]",monotone,15,10,7,1.5528537712765962
4,"[12, 5, 2]",monotone,16,11,8,3.4782232317423816
