,flop,board_type,0b,1b,2b,profit
0,"[12, 4, 3]",monotone,1,1,1,-1.5217500417665095
1,"[12, 4, 3]",monotone,2,2,2,-1.507388394399554
2,"[12, 4, 3]",monotone,8,6,4,0.0030695679019224764
3,"[12, 4, 3]",monotone,15,10,7,0.9409215867651143
4,"[12, 4, 3]",monotone,16,11,8,2.868896088799108
