,flop,board_type,0b,1b,2b,profit
0,"[11, 5, 2]",monotone,1,1,1,-1.1916758813611903
1,"[11, 5, 2]",monotone,8,6,4,1.173364551610254
2,"[11, 5, 2]",monotone,10,7,5,1.1853342668095974
3,"[11, 5, 2]",monotone,15,10,7,2.2342492032022627
4,"[11, 5, 2]",monotone,16,11,8,3.8834720094425688
