,flop,board_type,0b,1b,2b,profit
0,"[10, 8, 6]",monotone,1,1,1,4.395231301271111
1,"[10, 8, 6]",monotone,8,6,4,6.382912296746666
2,"[10, 8, 6]",monotone,10,7,5,7.328073481120001
3,"[10, 8, 6]",monotone,15,10,7,8.357658844284446
