,flop,board_type,0b,1b,2b,profit
0,"[10, 7, 6]",monotone,1,1,1,3.2925516073494507
1,"[10, 7, 6]",monotone,2,2,2,3.300804092237363
2,"[10, 7, 6]",monotone,3,2,2,3.7125488105142854
3,"[10, 7, 6]",monotone,4,3,2,5.078528074408792
4,"[10, 7, 6]",monotone,8,6,4,5.531560675621979
5,"[10, 7, 6]",monotone,10,7,5,6.514355208791208
6,"[10, 7, 6]",monotone,15,10,7,7.521263525731868
7,"[10, 7, 6]",monotone,16,11,8,7.522315343683516
