,flop,board_type,0b,1b,2b,profit
0,"[10, 6, 4]",monotone,1,1,1,1.1944100576075263
1,"[10, 6, 4]",monotone,2,2,2,1.8774083045698922
2,"[10, 6, 4]",monotone,3,2,2,2.2835512161559137
3,"[10, 6, 4]",monotone,4,3,2,3.1114141617473123
4,"[10, 6, 4]",monotone,8,6,4,3.4630705327688176
5,"[10, 6, 4]",monotone,10,7,5,4.296933799919354
6,"[10, 6, 4]",monotone,15,10,7,5.873570480080645
