,flop,board_type,0b,1b,2b,profit
0,"[9, 7, 5]",monotone,1,1,1,2.4384366540062428
1,"[9, 7, 5]",monotone,2,2,2,2.445623724462366
2,"[9, 7, 5]",monotone,3,2,2,2.808790393383629
3,"[9, 7, 5]",monotone,4,3,2,3.2013480728407906
4,"[9, 7, 5]",monotone,8,6,4,3.2054634766302454
5,"[9, 7, 5]",monotone,10,7,5,4.421406005419702
6,"[9, 7, 5]",monotone,15,10,7,5.986687085674645
7,"[9, 7, 5]",monotone,16,11,8,5.993115676855707
