,flop,board_type,0b,1b,2b,profit
0,"[9, 7, 3]",monotone,1,1,1,0.9272726798839467
1,"[9, 7, 3]",monotone,8,6,4,1.66615940212766
2,"[9, 7, 3]",monotone,10,7,5,2.950405222823986
3,"[9, 7, 3]",monotone,15,10,7,4.422784850290136
