,flop,board_type,0b,1b,2b,profit
0,"[9, 6, 2]",monotone,1,1,1,0.7574151927272725
1,"[9, 6, 2]",monotone,2,2,2,1.4214495745454545
2,"[9, 6, 2]",monotone,3,2,2,1.4262802109090909
3,"[9, 6, 2]",monotone,4,3,2,1.8704697618181818
4,"[9, 6, 2]",monotone,8,6,4,2.2236658218181824
5,"[9, 6, 2]",monotone,10,7,5,3.074016010909091
6,"[9, 6, 2]",monotone,15,10,7,4.624327285454545
7,"[9, 6, 2]",monotone,16,11,8,4.962259434545453
