,flop,board_type,0b,1b,2b,profit
0,"[9, 5, 4]",monotone,1,1,1,0.4656669552941174
1,"[9, 5, 4]",monotone,2,2,2,0.46857092705882286
2,"[9, 5, 4]",monotone,3,2,2,0.8313269440336143
3,"[9, 5, 4]",monotone,4,3,2,1.6121234673949592
4,"[9, 5, 4]",monotone,8,6,4,1.9818806416806714
5,"[9, 5, 4]",monotone,10,7,5,2.802256062184874
6,"[9, 5, 4]",monotone,15,10,7,4.312102716974789
7,"[9, 5, 4]",monotone,16,11,8,4.660523286554621
