,flop,board_type,0b,1b,2b,profit
0,"[8, 7, 4]",monotone,1,1,1,2.4184986954248906
1,"[8, 7, 4]",monotone,2,2,2,3.0262179186182667
2,"[8, 7, 4]",monotone,3,2,2,3.390782742765139
3,"[8, 7, 4]",monotone,4,3,2,3.667204292823687
4,"[8, 7, 4]",monotone,10,7,5,4.48409675434928
5,"[8, 7, 4]",monotone,15,10,7,5.426535704667113
6,"[8, 7, 4]",monotone,16,11,8,5.882260040983606
