,flop,board_type,0b,1b,2b,profit
0,"[7, 6, 5]",monotone,1,1,1,3.177183502880124
1,"[7, 6, 5]",monotone,8,6,4,3.844368592440754
2,"[7, 6, 5]",monotone,10,7,5,3.8507239070749004
3,"[7, 6, 5]",monotone,15,10,7,4.582176225488669
4,"[7, 6, 5]",monotone,16,11,8,6.165216497708009
