,flop,board_type,0b,1b,2b,profit
0,"[14, 14, 5]",two-tone,1,1,1,5.69147504049043
1,"[14, 14, 5]",two-tone,8,6,4,6.4923267461244025
2,"[14, 14, 5]",two-tone,15,10,7,6.492743156028709
