,flop,board_type,0b,1b,2b,profit
0,"[14, 13, 11]",two-tone,1,1,1,6.811851916758176
1,"[14, 13, 11]",two-tone,2,2,2,6.812210764146576
2,"[14, 13, 11]",two-tone,3,2,2,6.819416218037718
3,"[14, 13, 11]",two-tone,8,6,4,7.025188874939127
4,"[14, 13, 11]",two-tone,15,10,7,7.763596255115781
5,"[14, 13, 11]",two-tone,16,11,8,8.08904284260444
