,flop,board_type,0b,1b,2b,profit
0,"[14, 13, 6]",two-tone,1,1,1,5.07579854850438
1,"[14, 13, 6]",two-tone,2,2,2,5.084223664773187
2,"[14, 13, 6]",two-tone,8,6,4,5.774511115977992
3,"[14, 13, 6]",two-tone,10,7,5,5.781828815686055
