,flop,board_type,0b,1b,2b,profit
0,"[14, 12, 10]",two-tone,1,1,1,9.181442998978724
1,"[14, 12, 10]",two-tone,2,2,2,9.190797612
2,"[14, 12, 10]",two-tone,8,6,4,9.282637710446808
3,"[14, 12, 10]",two-tone,15,10,7,10.157557794063832
4,"[14, 12, 10]",two-tone,16,11,8,10.310254989446811
