,flop,board_type,0b,1b,2b,profit
0,"[14, 12, 7]",two-tone,1,1,1,4.22403445466418
1,"[14, 12, 7]",two-tone,2,2,2,4.233172128743004
2,"[14, 12, 7]",two-tone,8,6,4,4.998486479104478
3,"[14, 12, 7]",two-tone,15,10,7,5.124522517618937
4,"[14, 12, 7]",two-tone,16,11,8,5.298344345708956
