,flop,board_type,0b,1b,2b,profit
0,"[14, 10, 8]",two-tone,1,1,1,1.9830091730434796
1,"[14, 10, 8]",two-tone,2,2,2,1.99564527826087
2,"[14, 10, 8]",two-tone,3,2,2,2.2460517930434785
3,"[14, 10, 8]",two-tone,4,3,2,2.734504852173913
4,"[14, 10, 8]",two-tone,8,6,4,2.927524584347827
5,"[14, 10, 8]",two-tone,10,7,5,2.93291951478261
6,"[14, 10, 8]",two-tone,15,10,7,3.252057490434784
7,"[14, 10, 8]",two-tone,16,11,8,3.5752603356521746
