,flop,board_type,0b,1b,2b,profit
0,"[14, 10, 7]",two-tone,1,1,1,1.2105048599999995
1,"[14, 10, 7]",two-tone,8,6,4,2.0458634313043476
2,"[14, 10, 7]",two-tone,10,7,5,2.047844762608696
3,"[14, 10, 7]",two-tone,15,10,7,2.1917668921739137
4,"[14, 10, 7]",two-tone,16,11,8,2.3638085826086974
