,flop,board_type,0b,1b,2b,profit
0,"[14, 10, 5]",two-tone,1,1,1,2.2905025851624243
1,"[14, 10, 5]",two-tone,8,6,4,3.0031748204565414
