,flop,board_type,0b,1b,2b,profit
0,"[14, 9, 8]",two-tone,1,1,1,3.02163947173913
1,"[14, 9, 8]",two-tone,2,2,2,3.704975041209829
2,"[14, 9, 8]",two-tone,3,2,2,3.9198932308128547
3,"[14, 9, 8]",two-tone,4,3,2,4.391041457277883
4,"[14, 9, 8]",two-tone,8,6,4,4.482414164083176
5,"[14, 9, 8]",two-tone,10,7,5,4.487206612854442
6,"[14, 9, 8]",two-tone,15,10,7,4.639897584499055
7,"[14, 9, 8]",two-tone,16,11,8,4.781096806805293
