,flop,board_type,0b,1b,2b,profit
0,"[14, 9, 7]",two-tone,1,1,1,2.680609986389415
1,"[14, 9, 7]",two-tone,8,6,4,3.4350323119092625
2,"[14, 9, 7]",two-tone,15,10,7,3.5803006300567097
3,"[14, 9, 7]",two-tone,16,11,8,3.7055833625708883
