,flop,board_type,0b,1b,2b,profit
0,"[14, 8, 6]",two-tone,1,1,1,3.15852660978678
1,"[14, 8, 6]",two-tone,2,2,2,3.1603542279530923
2,"[14, 8, 6]",two-tone,3,2,2,3.348994752409382
3,"[14, 8, 6]",two-tone,4,3,2,3.8250828967164177
4,"[14, 8, 6]",two-tone,8,6,4,3.8264136598720677
5,"[14, 8, 6]",two-tone,15,10,7,3.8331798555223875
