,flop,board_type,0b,1b,2b,profit
0,"[14, 8, 5]",two-tone,1,1,1,4.639249109277709
1,"[14, 8, 5]",two-tone,2,2,2,5.232855301525529
2,"[14, 8, 5]",two-tone,3,2,2,5.2437797353673705
3,"[14, 8, 5]",two-tone,16,11,8,5.247763527085928
