,flop,board_type,0b,1b,2b,profit
0,"[14, 7, 3]",two-tone,1,1,1,4.726408210364626
1,"[14, 7, 3]",two-tone,2,2,2,5.28895938925262
2,"[14, 7, 3]",two-tone,3,2,2,5.479870865028202
3,"[14, 7, 3]",two-tone,4,3,2,5.866653791246978
4,"[14, 7, 3]",two-tone,8,6,4,5.869146175261884
5,"[14, 7, 3]",two-tone,10,7,5,5.877750057262287
