,flop,board_type,0b,1b,2b,profit
0,"[14, 4, 4]",two-tone,1,1,1,6.220614485703064
1,"[14, 4, 4]",two-tone,2,2,2,6.227666874391203
2,"[14, 4, 4]",two-tone,3,2,2,6.229079810997644
3,"[14, 4, 4]",two-tone,4,3,2,6.454457730518462
4,"[14, 4, 4]",two-tone,8,6,4,6.867472296857817
5,"[14, 4, 4]",two-tone,10,7,5,6.8804663278868805
6,"[14, 4, 4]",two-tone,15,10,7,6.982829921995288
7,"[14, 4, 4]",two-tone,16,11,8,7.131575427219168
