,flop,board_type,0b,1b,2b,profit
0,"[14, 4, 2]",two-tone,1,1,1,7.080071664645309
1,"[14, 4, 2]",two-tone,8,6,4,7.743760550114417
2,"[14, 4, 2]",two-tone,15,10,7,7.848737390045767
3,"[14, 4, 2]",two-tone,16,11,8,8.011507735011442
