,flop,board_type,0b,1b,2b,profit
0,"[13, 13, 8]",two-tone,1,1,1,3.7051763782147997
1,"[13, 13, 8]",two-tone,8,6,4,4.470371224713057
2,"[13, 13, 8]",two-tone,15,10,7,4.657363499074606
3,"[13, 13, 8]",two-tone,16,11,8,5.011026459601352
