,flop,board_type,0b,1b,2b,profit
0,"[13, 10, 5]",two-tone,1,1,1,1.165358186764422
1,"[13, 10, 5]",two-tone,2,2,2,1.175411518425622
2,"[13, 10, 5]",two-tone,8,6,4,1.8179575722554502
3,"[13, 10, 5]",two-tone,15,10,7,1.821114292301756
