,flop,board_type,0b,1b,2b,profit
0,"[13, 10, 3]",two-tone,1,1,1,1.4659814121126753
1,"[13, 10, 3]",two-tone,8,6,4,2.409950564450704
2,"[13, 10, 3]",two-tone,10,7,5,2.4195747823098595
3,"[13, 10, 3]",two-tone,15,10,7,2.540758169859155
4,"[13, 10, 3]",two-tone,16,11,8,3.120080776169014
