,flop,board_type,0b,1b,2b,profit
0,"[13, 8, 8]",two-tone,1,1,1,4.188981180298721
1,"[13, 8, 8]",two-tone,2,2,2,4.19030407083926
2,"[13, 8, 8]",two-tone,8,6,4,4.95748210380512
3,"[13, 8, 8]",two-tone,10,7,5,4.959954795341394
4,"[13, 8, 8]",two-tone,15,10,7,5.091560601849217
5,"[13, 8, 8]",two-tone,16,11,8,5.5165702985419625
