,flop,board_type,0b,1b,2b,profit
0,"[13, 8, 3]",two-tone,1,1,1,4.072961092745377
1,"[13, 8, 3]",two-tone,2,2,2,4.081190662766714
2,"[13, 8, 3]",two-tone,3,2,2,4.0825768048719775
3,"[13, 8, 3]",two-tone,4,3,2,4.410603556685632
4,"[13, 8, 3]",two-tone,8,6,4,5.244523629409672
5,"[13, 8, 3]",two-tone,15,10,7,5.310333068492177
6,"[13, 8, 3]",two-tone,16,11,8,5.528347363762447
