,flop,board_type,0b,1b,2b,profit
0,"[13, 5, 3]",two-tone,1,1,1,4.868559183834387
1,"[13, 5, 3]",two-tone,8,6,4,5.320660921940928
