,flop,board_type,0b,1b,2b,profit
0,"[12, 12, 11]",two-tone,1,1,1,0.9474642575568097
1,"[12, 12, 11]",two-tone,2,2,2,0.9487225176983287
2,"[12, 12, 11]",two-tone,8,6,4,1.263543837601246
3,"[12, 12, 11]",two-tone,10,7,5,1.6003728857156738
4,"[12, 12, 11]",two-tone,15,10,7,1.7703160314639161
5,"[12, 12, 11]",two-tone,16,11,8,2.344014983507953
