,flop,board_type,0b,1b,2b,profit
0,"[12, 11, 9]",two-tone,1,1,1,0.7818462457736519
1,"[12, 11, 9]",two-tone,8,6,4,1.0694909329301305
2,"[12, 11, 9]",two-tone,10,7,5,1.476217836778953
3,"[12, 11, 9]",two-tone,15,10,7,1.6659307409018984
4,"[12, 11, 9]",two-tone,16,11,8,2.218630176767571
