,flop,board_type,0b,1b,2b,profit
0,"[12, 11, 6]",two-tone,1,1,1,0.8586002547945206
1,"[12, 11, 6]",two-tone,8,6,4,1.6466580433017723
