,flop,board_type,0b,1b,2b,profit
0,"[12, 10, 8]",two-tone,1,1,1,-0.03369600810810791
1,"[12, 10, 8]",two-tone,8,6,4,1.0221299777027029
2,"[12, 10, 8]",two-tone,10,7,5,1.2367457162162165
3,"[12, 10, 8]",two-tone,15,10,7,1.466982432432434
4,"[12, 10, 8]",two-tone,16,11,8,1.7551085493243253
