,flop,board_type,0b,1b,2b,profit
0,"[12, 10, 6]",two-tone,1,1,1,-0.9953878643668828
1,"[12, 10, 6]",two-tone,8,6,4,-0.1795525893262977
