,flop,board_type,0b,1b,2b,profit
0,"[12, 10, 3]",two-tone,1,1,1,0.20057463470149295
1,"[12, 10, 3]",two-tone,2,2,2,0.20878780522388118
2,"[12, 10, 3]",two-tone,3,2,2,0.21226508171641845
3,"[12, 10, 3]",two-tone,4,3,2,0.566183863432836
4,"[12, 10, 3]",two-tone,8,6,4,1.2121219656716422
5,"[12, 10, 3]",two-tone,10,7,5,1.2150390220149263
6,"[12, 10, 3]",two-tone,15,10,7,1.484715259701493
7,"[12, 10, 3]",two-tone,16,11,8,1.9344005175373133
