,flop,board_type,0b,1b,2b,profit
0,"[12, 10, 2]",two-tone,1,1,1,0.19501587089552275
1,"[12, 10, 2]",two-tone,2,2,2,0.20495166604477721
2,"[12, 10, 2]",two-tone,3,2,2,0.20584586753731382
3,"[12, 10, 2]",two-tone,4,3,2,0.21679733619402985
4,"[12, 10, 2]",two-tone,8,6,4,0.5772950126865675
5,"[12, 10, 2]",two-tone,15,10,7,0.9970440962686578
6,"[12, 10, 2]",two-tone,16,11,8,1.6584562500000006
