,flop,board_type,0b,1b,2b,profit
0,"[12, 8, 8]",two-tone,1,1,1,2.788945375324675
1,"[12, 8, 8]",two-tone,8,6,4,3.6678575636363635
2,"[12, 8, 8]",two-tone,10,7,5,3.7951211818181823
3,"[12, 8, 8]",two-tone,15,10,7,3.9239238987013003
4,"[12, 8, 8]",two-tone,16,11,8,4.286599080519481
