,flop,board_type,0b,1b,2b,profit
0,"[12, 8, 3]",two-tone,1,1,1,2.554999350649351
1,"[12, 8, 3]",two-tone,8,6,4,3.989404493506494
2,"[12, 8, 3]",two-tone,15,10,7,4.1170178961038975
3,"[12, 8, 3]",two-tone,16,11,8,4.291710629870131
