,flop,board_type,0b,1b,2b,profit
0,"[12, 6, 5]",two-tone,1,1,1,2.7954556094594594
1,"[12, 6, 5]",two-tone,8,6,4,2.804049417567567
