,flop,board_type,0b,1b,2b,profit
0,"[12, 6, 4]",two-tone,1,1,1,2.3559264000000013
1,"[12, 6, 4]",two-tone,10,7,5,2.3569892799999996
