,flop,board_type,0b,1b,2b,profit
0,"[12, 5, 5]",two-tone,1,1,1,4.037866437041096
1,"[12, 5, 5]",two-tone,2,2,2,4.041690586849315
2,"[12, 5, 5]",two-tone,8,6,4,4.696546792767123
3,"[12, 5, 5]",two-tone,15,10,7,4.698694771726027
