,flop,board_type,0b,1b,2b,profit
0,"[12, 5, 4]",two-tone,1,1,1,4.02141516527027
1,"[12, 5, 4]",two-tone,2,2,2,4.598210982972972
2,"[12, 5, 4]",two-tone,3,2,2,4.612065682378377
3,"[12, 5, 4]",two-tone,10,7,5,4.617584276189188
