,flop,board_type,0b,1b,2b,profit
0,"[11, 11, 9]",two-tone,1,1,1,1.609436887199545
1,"[11, 11, 9]",two-tone,8,6,4,1.9443947338475822
2,"[11, 11, 9]",two-tone,10,7,5,2.2675576674551396
3,"[11, 11, 9]",two-tone,15,10,7,2.2731243106819337
4,"[11, 11, 9]",two-tone,16,11,8,2.880475618760684
