,flop,board_type,0b,1b,2b,profit
0,"[11, 10, 10]",two-tone,1,1,1,1.5009009543750014
1,"[11, 10, 10]",two-tone,8,6,4,1.8268864031249996
2,"[11, 10, 10]",two-tone,10,7,5,2.213378970625
3,"[11, 10, 10]",two-tone,16,11,8,2.8147863843750005
