,flop,board_type,0b,1b,2b,profit
0,"[11, 10, 4]",two-tone,1,1,1,1.5486768300000004
1,"[11, 10, 4]",two-tone,8,6,4,2.3466328499999998
2,"[11, 10, 4]",two-tone,10,7,5,2.4371200500000008
3,"[11, 10, 4]",two-tone,16,11,8,2.698095500000001
