,flop,board_type,0b,1b,2b,profit
0,"[11, 10, 2]",two-tone,1,1,1,1.699570440000001
1,"[11, 10, 2]",two-tone,8,6,4,2.147905573670886
2,"[11, 10, 2]",two-tone,10,7,5,2.1507703853164557
3,"[11, 10, 2]",two-tone,15,10,7,2.382986870886077
4,"[11, 10, 2]",two-tone,16,11,8,3.191080703544304
