,flop,board_type,0b,1b,2b,profit
0,"[11, 9, 2]",two-tone,1,1,1,2.737849806876498
1,"[11, 9, 2]",two-tone,2,2,2,2.748076502822444
2,"[11, 9, 2]",two-tone,8,6,4,3.1439064391036604
3,"[11, 9, 2]",two-tone,15,10,7,3.3826084925162503
4,"[11, 9, 2]",two-tone,16,11,8,4.0616787924221684
