,flop,board_type,0b,1b,2b,profit
0,"[11, 8, 8]",two-tone,1,1,1,3.819090665
1,"[11, 8, 8]",two-tone,8,6,4,4.635965055
2,"[11, 8, 8]",two-tone,10,7,5,4.8058694000000015
3,"[11, 8, 8]",two-tone,16,11,8,5.2259023000000004
