,flop,board_type,0b,1b,2b,profit
0,"[11, 7, 7]",two-tone,1,1,1,3.8781114650000017
1,"[11, 7, 7]",two-tone,8,6,4,4.558964325000002
2,"[11, 7, 7]",two-tone,10,7,5,4.624836435000001
3,"[11, 7, 7]",two-tone,15,10,7,4.632960605
4,"[11, 7, 7]",two-tone,16,11,8,4.834265015000001
