,flop,board_type,0b,1b,2b,profit
0,"[11, 3, 3]",two-tone,1,1,1,4.298817986538462
1,"[11, 3, 3]",two-tone,8,6,4,5.060363930769231
2,"[11, 3, 3]",two-tone,10,7,5,5.065751476923078
3,"[11, 3, 3]",two-tone,15,10,7,5.195938207692308
4,"[11, 3, 3]",two-tone,16,11,8,5.620587538461537
