,flop,board_type,0b,1b,2b,profit
0,"[10, 9, 2]",two-tone,1,1,1,2.593214079862306
1,"[10, 9, 2]",two-tone,2,2,2,2.595649002237521
2,"[10, 9, 2]",two-tone,3,2,2,2.870168105938038
3,"[10, 9, 2]",two-tone,4,3,2,3.1928743074010324
4,"[10, 9, 2]",two-tone,8,6,4,3.3988703171256467
5,"[10, 9, 2]",two-tone,15,10,7,3.6094044232358016
6,"[10, 9, 2]",two-tone,16,11,8,3.981428470740104
