,flop,board_type,0b,1b,2b,profit
0,"[10, 8, 7]",two-tone,1,1,1,3.2124367540160645
1,"[10, 8, 7]",two-tone,2,2,2,3.872818859437753
2,"[10, 8, 7]",two-tone,3,2,2,4.097101911546186
3,"[10, 8, 7]",two-tone,4,3,2,4.529876473293173
