,flop,board_type,0b,1b,2b,profit
0,"[10, 8, 4]",two-tone,1,1,1,3.2871648658581125
1,"[10, 8, 4]",two-tone,2,2,2,3.862205480751174
2,"[10, 8, 4]",two-tone,3,2,2,4.106335677856025
3,"[10, 8, 4]",two-tone,4,3,2,4.447164182185707
4,"[10, 8, 4]",two-tone,8,6,4,4.451910181090246
5,"[10, 8, 4]",two-tone,16,11,8,4.452749911241524
