,flop,board_type,0b,1b,2b,profit
0,"[10, 7, 3]",two-tone,1,1,1,3.204516596959809
1,"[10, 7, 3]",two-tone,2,2,2,3.20831254895225
2,"[10, 7, 3]",two-tone,3,2,2,3.678455003435246
3,"[10, 7, 3]",two-tone,4,3,2,4.358222357437308
4,"[10, 7, 3]",two-tone,8,6,4,4.358349650034354
5,"[10, 7, 3]",two-tone,15,10,7,4.363457648574374
