,flop,board_type,0b,1b,2b,profit
0,"[10, 7, 2]",two-tone,1,1,1,3.1308156234970816
1,"[10, 7, 2]",two-tone,8,6,4,3.8085375708519402
2,"[10, 7, 2]",two-tone,10,7,5,3.8117705951563035
3,"[10, 7, 2]",two-tone,15,10,7,3.9224705075575415
4,"[10, 7, 2]",two-tone,16,11,8,4.090856021985573
