,flop,board_type,0b,1b,2b,profit
0,"[10, 6, 4]",two-tone,1,1,1,3.133522956338028
1,"[10, 6, 4]",two-tone,2,2,2,3.1351040685211267
2,"[10, 6, 4]",two-tone,3,2,2,3.1405265790845074
3,"[10, 6, 4]",two-tone,8,6,4,3.149064423380282
