,flop,board_type,0b,1b,2b,profit
0,"[10, 4, 3]",two-tone,1,1,1,4.013534508208208
1,"[10, 4, 3]",two-tone,2,2,2,4.528935387987987
2,"[10, 4, 3]",two-tone,3,2,2,4.782303003353352
3,"[10, 4, 3]",two-tone,4,3,2,5.059483113013013
4,"[10, 4, 3]",two-tone,10,7,5,5.0742646055555545
