,flop,board_type,0b,1b,2b,profit
0,"[10, 3, 3]",two-tone,1,1,1,3.600562720698748
1,"[10, 3, 3]",two-tone,2,2,2,3.606177296440343
2,"[10, 3, 3]",two-tone,3,2,2,3.614354400988794
3,"[10, 3, 3]",two-tone,4,3,2,3.910466119775874
4,"[10, 3, 3]",two-tone,8,6,4,4.387665708174028
5,"[10, 3, 3]",two-tone,10,7,5,4.57764997653263
6,"[10, 3, 3]",two-tone,16,11,8,4.956886462425841
