,flop,board_type,0b,1b,2b,profit
0,"[9, 9, 5]",two-tone,1,1,1,3.9329582139814807
1,"[9, 9, 5]",two-tone,8,6,4,4.387445789490741
2,"[9, 9, 5]",two-tone,10,7,5,4.3889412384722215
3,"[9, 9, 5]",two-tone,15,10,7,4.398538848981481
