,flop,board_type,0b,1b,2b,profit
0,"[9, 7, 3]",two-tone,1,1,1,4.280096034146342
1,"[9, 7, 3]",two-tone,2,2,2,4.733246023170731
2,"[9, 7, 3]",two-tone,3,2,2,4.982188445121954
3,"[9, 7, 3]",two-tone,4,3,2,5.211842085365856
4,"[9, 7, 3]",two-tone,8,6,4,5.2255515365853675
5,"[9, 7, 3]",two-tone,10,7,5,5.227057554878051
6,"[9, 7, 3]",two-tone,15,10,7,5.227410219512196
