,flop,board_type,0b,1b,2b,profit
0,"[9, 6, 6]",two-tone,1,1,1,4.6624370415000005
1,"[9, 6, 6]",two-tone,2,2,2,4.662660219000001
2,"[9, 6, 6]",two-tone,3,2,2,4.668042277500001
3,"[9, 6, 6]",two-tone,8,6,4,5.174956536000001
4,"[9, 6, 6]",two-tone,10,7,5,5.179442316000001
