,flop,board_type,0b,1b,2b,profit
0,"[9, 6, 5]",two-tone,1,1,1,5.545571160714286
1,"[9, 6, 5]",two-tone,2,2,2,5.545609232142858
2,"[9, 6, 5]",two-tone,3,2,2,5.547757250000001
3,"[9, 6, 5]",two-tone,4,3,2,5.5557882321428576
