,flop,board_type,0b,1b,2b,profit
0,"[9, 5, 3]",two-tone,1,1,1,5.184732354375001
1,"[9, 5, 3]",two-tone,2,2,2,5.599625962500001
2,"[9, 5, 3]",two-tone,3,2,2,5.608344315000001
