,flop,board_type,0b,1b,2b,profit
0,"[9, 3, 2]",two-tone,1,1,1,5.113294485365854
1,"[9, 3, 2]",two-tone,2,2,2,5.523271770731708
2,"[9, 3, 2]",two-tone,3,2,2,5.785029923780488
3,"[9, 3, 2]",two-tone,4,3,2,5.959613641463415
4,"[9, 3, 2]",two-tone,8,6,4,6.055685092682925
5,"[9, 3, 2]",two-tone,10,7,5,6.1245923707317065
6,"[9, 3, 2]",two-tone,16,11,8,6.283112458536585
