,flop,board_type,0b,1b,2b,profit
0,"[7, 6, 3]",two-tone,1,1,1,6.151934740123839
1,"[7, 6, 3]",two-tone,2,2,2,6.158547954427245
2,"[7, 6, 3]",two-tone,8,6,4,6.162023787770899
