,flop,board_type,0b,1b,2b,profit
0,"[7, 5, 2]",two-tone,1,1,1,5.012434490987021
1,"[7, 5, 2]",two-tone,10,7,5,5.015168876221761
