,flop,board_type,0b,1b,2b,profit
0,"[7, 3, 3]",two-tone,1,1,1,4.672750060947023
1,"[7, 3, 3]",two-tone,2,2,2,4.676007898124707
2,"[7, 3, 3]",two-tone,3,2,2,5.096853326933896
3,"[7, 3, 3]",two-tone,4,3,2,5.709078907876231
4,"[7, 3, 3]",two-tone,8,6,4,5.720580259587436
