,flop,board_type,0b,1b,2b,profit
0,"[6, 4, 3]",two-tone,1,1,1,5.6736288099683545
1,"[6, 4, 3]",two-tone,15,10,7,5.678216951392406
