,flop,board_type,0b,1b,2b,profit
0,"[5, 5, 4]",two-tone,1,1,1,6.1126301271381065
1,"[5, 5, 4]",two-tone,2,2,2,6.710983144207317
2,"[5, 5, 4]",two-tone,3,2,2,6.717200059298781
3,"[5, 5, 4]",two-tone,4,3,2,6.717972458035715
4,"[5, 5, 4]",two-tone,15,10,7,6.722766479529618
