,flop,board_type,0b,1b,2b,profit
0,"[5, 4, 2]",two-tone,1,1,1,9.047447247034327
1,"[5, 4, 2]",two-tone,2,2,2,9.61319108144312
2,"[5, 4, 2]",two-tone,3,2,2,9.614671716163349
