,flop,board_type,0b,1b,2b,profit
0,"[5, 2, 2]",two-tone,1,1,1,5.063643906529794
1,"[5, 2, 2]",two-tone,8,6,4,5.668630199444273
2,"[5, 2, 2]",two-tone,10,7,5,5.684936248147578
