,flop,board_type,0b,1b,2b,profit
0,"[14, 8, 4]",monotone,1,1,1,0.48450036292513865
1,"[14, 8, 4]",monotone,2,2,2,0.48781611330178665
