,flop,board_type,0b,1b,2b,profit
0,"[13, 7, 5]",monotone,1,1,1,0.8234055309502881
1,"[13, 7, 5]",monotone,2,2,2,0.823678385230179
