,flop,board_type,0b,1b,2b,profit
0,"[13, 4, 3]",monotone,1,1,1,0.9151464646446078
1,"[13, 4, 3]",monotone,2,2,2,0.9189021144607841
