,flop,board_type,0b,1b,2b,profit
0,"[12, 6, 4]",monotone,1,1,1,0.6034997776595745
1,"[12, 6, 4]",monotone,2,2,2,0.609942331316489
