,flop,board_type,0b,1b,2b,profit
0,"[11, 7, 2]",monotone,1,1,1,0.19823739313915664
1,"[11, 7, 2]",monotone,2,2,2,0.20236945756707456
