,flop,board_type,0b,1b,2b,profit
0,"[10, 5, 3]",monotone,1,1,1,0.4032879095874945
1,"[10, 5, 3]",monotone,2,2,2,0.4106983417151542
