,flop,board_type,0b,1b,2b,profit
0,"[5, 3, 2]",monotone,1,1,1,0.7928858949943425
1,"[5, 3, 2]",monotone,2,2,2,0.7997014258597273
