,flop,board_type,0b,1b,2b,profit
0,"[14, 13, 10]",monotone,1,1,1,-0.2753132058422324
1,"[14, 13, 10]",monotone,2,2,2,-0.27182952353588474
