,flop,board_type,0b,1b,2b,profit
0,"[14, 5, 2]",monotone,1,1,1,1.049201399812629
1,"[14, 5, 2]",monotone,2,2,2,1.0537791487188788
