,flop,board_type,0b,1b,2b,profit
0,"[13, 7, 2]",monotone,1,1,1,0.7982303425227556
1,"[13, 7, 2]",monotone,2,2,2,0.8032873051273582
2,"[13, 7, 2]",monotone,3,2,2,0.803353426989283
