,flop,board_type,0b,1b,2b,profit
0,"[13, 3, 2]",monotone,1,1,1,1.1094928961016772
1,"[13, 3, 2]",monotone,2,2,2,1.1101041892918164
