,flop,board_type,0b,1b,2b,profit
0,"[12, 6, 2]",monotone,1,1,1,0.8658419354673828
1,"[12, 6, 2]",monotone,2,2,2,0.8722694312309816
