,flop,board_type,0b,1b,2b,profit
0,"[12, 5, 2]",monotone,1,1,1,0.8312333327876982
1,"[12, 5, 2]",monotone,2,2,2,0.8375083836991566
