,flop,board_type,0b,1b,2b,profit
0,"[12, 3, 2]",monotone,1,1,1,1.204454152759859
1,"[12, 3, 2]",monotone,2,2,2,1.209785637114265
