,flop,board_type,0b,1b,2b,profit
0,"[10, 6, 2]",monotone,1,1,1,0.13030301142347117
1,"[10, 6, 2]",monotone,2,2,2,0.13457759846428746
