,flop,board_type,0b,1b,2b,profit
0,"[14, 14, 9]",two-tone,1,1,1,6.518693686815864
1,"[14, 14, 9]",two-tone,2,2,2,6.5220417445616885
2,"[14, 14, 9]",two-tone,3,2,2,6.522613628641002
3,"[14, 14, 9]",two-tone,4,3,2,6.523890761062152
