,flop,board_type,0b,1b,2b,profit
0,"[14, 14, 8]",two-tone,1,1,1,6.988119047727192
1,"[14, 14, 8]",two-tone,2,2,2,6.988338900668369
2,"[14, 14, 8]",two-tone,4,3,2,7.213673788903662
3,"[14, 14, 8]",two-tone,8,6,4,7.923026822813698
4,"[14, 14, 8]",two-tone,15,10,7,7.926379752225463
