,flop,board_type,0b,1b,2b,profit
0,"[14, 14, 6]",two-tone,1,1,1,6.992971106550721
1,"[14, 14, 6]",two-tone,8,6,4,7.083215271256604
2,"[14, 14, 6]",two-tone,10,7,5,7.083593341844839
3,"[14, 14, 6]",two-tone,15,10,7,7.320854227657989
4,"[14, 14, 6]",two-tone,16,11,8,7.464725380599166
