,flop,board_type,0b,1b,2b,profit
0,"[14, 13, 12]",two-tone,1,1,1,10.35289221536815
1,"[14, 13, 12]",two-tone,2,2,2,12.37526414473459
2,"[14, 13, 12]",two-tone,3,2,2,12.548053911857878
3,"[14, 13, 12]",two-tone,4,3,2,13.433024710787674
4,"[14, 13, 12]",two-tone,10,7,5,13.43304173822774
5,"[14, 13, 12]",two-tone,16,11,8,13.433927943107879
