,flop,board_type,0b,1b,2b,profit
0,"[14, 13, 11]",two-tone,1,1,1,8.122404341932773
1,"[14, 13, 11]",two-tone,2,2,2,8.123200684789916
2,"[14, 13, 11]",two-tone,3,2,2,8.290626409915966
3,"[14, 13, 11]",two-tone,4,3,2,9.149229246862745
