,flop,board_type,0b,1b,2b,profit
0,"[14, 13, 8]",two-tone,1,1,1,6.6090339733351415
1,"[14, 13, 8]",two-tone,2,2,2,6.61248036724559
2,"[14, 13, 8]",two-tone,8,6,4,7.3763012574626865
3,"[14, 13, 8]",two-tone,15,10,7,7.3821602926567165
