,flop,board_type,0b,1b,2b,profit
0,"[14, 13, 6]",two-tone,1,1,1,6.6314326768575285
1,"[14, 13, 6]",two-tone,8,6,4,6.720342074096337
2,"[14, 13, 6]",two-tone,15,10,7,6.888953391964721
3,"[14, 13, 6]",two-tone,16,11,8,7.053477656890095
