,flop,board_type,0b,1b,2b,profit
0,"[14, 13, 3]",two-tone,1,1,1,7.281364029230684
1,"[14, 13, 3]",two-tone,2,2,2,7.283408964368692
2,"[14, 13, 3]",two-tone,3,2,2,7.284006875274437
3,"[14, 13, 3]",two-tone,8,6,4,7.392460049674356
4,"[14, 13, 3]",two-tone,15,10,7,7.531656392712776
5,"[14, 13, 3]",two-tone,16,11,8,7.70328037655657
