,flop,board_type,0b,1b,2b,profit
0,"[14, 12, 11]",two-tone,1,1,1,8.016737501960785
1,"[14, 12, 11]",two-tone,2,2,2,9.039547194117649
