,flop,board_type,0b,1b,2b,profit
0,"[14, 12, 5]",two-tone,1,1,1,7.665672082738096
1,"[14, 12, 5]",two-tone,2,2,2,7.670413554166668
2,"[14, 12, 5]",two-tone,8,6,4,7.811512874206349
3,"[14, 12, 5]",two-tone,10,7,5,7.812337167063493
4,"[14, 12, 5]",two-tone,15,10,7,7.932553759126985
5,"[14, 12, 5]",two-tone,16,11,8,8.173615441666666
