,flop,board_type,0b,1b,2b,profit
0,"[14, 12, 4]",two-tone,1,1,1,7.668474882738096
1,"[14, 12, 4]",two-tone,2,2,2,7.669843341666667
2,"[14, 12, 4]",two-tone,8,6,4,7.822542997619049
3,"[14, 12, 4]",two-tone,15,10,7,7.940386300396826
4,"[14, 12, 4]",two-tone,16,11,8,8.180185270238095
