,flop,board_type,0b,1b,2b,profit
0,"[14, 11, 7]",two-tone,1,1,1,4.78890322882309
1,"[14, 11, 7]",two-tone,2,2,2,4.791664608133433
2,"[14, 11, 7]",two-tone,3,2,2,5.087351247751125
3,"[14, 11, 7]",two-tone,4,3,2,5.5423665134932545
4,"[14, 11, 7]",two-tone,8,6,4,5.5527109662668686
