,flop,board_type,0b,1b,2b,profit
0,"[14, 11, 3]",two-tone,1,1,1,5.756651227873563
1,"[14, 11, 3]",two-tone,2,2,2,5.7704461512571825
2,"[14, 11, 3]",two-tone,8,6,4,6.46414071882184
3,"[14, 11, 3]",two-tone,10,7,5,6.476016344899426
