,flop,board_type,0b,1b,2b,profit
0,"[14, 10, 9]",two-tone,1,1,1,2.2788954738281255
1,"[14, 10, 9]",two-tone,2,2,2,2.2812286716796892
2,"[14, 10, 9]",two-tone,8,6,4,2.283213654882814
3,"[14, 10, 9]",two-tone,10,7,5,2.2898766626953133
