,flop,board_type,0b,1b,2b,profit
0,"[14, 9, 7]",two-tone,1,1,1,3.2873116520313608
1,"[14, 9, 7]",two-tone,2,2,2,3.291738172879545
2,"[14, 9, 7]",two-tone,15,10,7,3.2939335657163213
