,flop,board_type,0b,1b,2b,profit
0,"[14, 9, 6]",two-tone,1,1,1,3.4066869146471843
1,"[14, 9, 6]",two-tone,2,2,2,3.41537512088382
2,"[14, 9, 6]",two-tone,15,10,7,3.416701090306486
