,flop,board_type,0b,1b,2b,profit
0,"[14, 7, 5]",two-tone,1,1,1,5.450418856815629
1,"[14, 7, 5]",two-tone,2,2,2,5.454017110846619
2,"[14, 7, 5]",two-tone,8,6,4,5.576070853986075
3,"[14, 7, 5]",two-tone,15,10,7,5.712719991107119
4,"[14, 7, 5]",two-tone,16,11,8,5.90491778198967
