,flop,board_type,0b,1b,2b,profit
0,"[14, 6, 5]",two-tone,1,1,1,5.471922146597799
1,"[14, 6, 5]",two-tone,2,2,2,5.4759421681562985
2,"[14, 6, 5]",two-tone,8,6,4,5.590023953963619
3,"[14, 6, 5]",two-tone,15,10,7,5.73827101495621
4,"[14, 6, 5]",two-tone,16,11,8,5.917085645362677
