,flop,board_type,0b,1b,2b,profit
0,"[14, 5, 4]",two-tone,1,1,1,7.339561094698144
1,"[14, 5, 4]",two-tone,2,2,2,7.3409737927244585
2,"[14, 5, 4]",two-tone,8,6,4,7.467294735371517
3,"[14, 5, 4]",two-tone,10,7,5,7.468998717666409
4,"[14, 5, 4]",two-tone,15,10,7,7.580868346904025
5,"[14, 5, 4]",two-tone,16,11,8,7.787886941737616
