,flop,board_type,0b,1b,2b,profit
0,"[14, 4, 3]",two-tone,1,1,1,6.768584065938032
1,"[14, 4, 3]",two-tone,2,2,2,6.769743417084042
2,"[14, 4, 3]",two-tone,8,6,4,6.914741597368422
3,"[14, 4, 3]",two-tone,15,10,7,7.022310491065366
4,"[14, 4, 3]",two-tone,16,11,8,7.260616340195247
