,flop,board_type,0b,1b,2b,profit
0,"[13, 13, 5]",two-tone,1,1,1,4.755611350784888
1,"[13, 13, 5]",two-tone,8,6,4,4.873138595868552
2,"[13, 13, 5]",two-tone,15,10,7,4.969529195894429
3,"[13, 13, 5]",two-tone,16,11,8,5.154512679636019
