,flop,board_type,0b,1b,2b,profit
0,"[13, 12, 8]",two-tone,1,1,1,3.8020642523913035
1,"[13, 12, 8]",two-tone,8,6,4,4.520202347826087
2,"[13, 12, 8]",two-tone,10,7,5,4.520661123478261
