,flop,board_type,0b,1b,2b,profit
0,"[13, 12, 5]",two-tone,1,1,1,4.697155259887004
1,"[13, 12, 5]",two-tone,8,6,4,5.36721445819209
2,"[13, 12, 5]",two-tone,15,10,7,5.369795542090396
3,"[13, 12, 5]",two-tone,16,11,8,5.372154182768362
