,flop,board_type,0b,1b,2b,profit
0,"[13, 11, 2]",two-tone,1,1,1,4.2521871202499995
1,"[13, 11, 2]",two-tone,2,2,2,4.25546208675
2,"[13, 11, 2]",two-tone,3,2,2,4.71794082140625
3,"[13, 11, 2]",two-tone,4,3,2,4.868623366406249
4,"[13, 11, 2]",two-tone,8,6,4,4.8705817111875
