,flop,board_type,0b,1b,2b,profit
0,"[13, 7, 5]",two-tone,1,1,1,4.823607632992932
1,"[13, 7, 5]",two-tone,8,6,4,4.960581116889238
2,"[13, 7, 5]",two-tone,15,10,7,5.038891465593088
3,"[13, 7, 5]",two-tone,16,11,8,5.2729763893951285
