,flop,board_type,0b,1b,2b,profit
0,"[13, 6, 5]",two-tone,1,1,1,4.8433670304791825
1,"[13, 6, 5]",two-tone,8,6,4,4.998493742969364
2,"[13, 6, 5]",two-tone,15,10,7,5.06283237384132
3,"[13, 6, 5]",two-tone,16,11,8,5.2970573054988215
