,flop,board_type,0b,1b,2b,profit
0,"[13, 4, 3]",two-tone,1,1,1,5.545630881900623
1,"[13, 4, 3]",two-tone,2,2,2,5.560126490024561
2,"[13, 4, 3]",two-tone,8,6,4,5.698894175344795
3,"[13, 4, 3]",two-tone,10,7,5,5.703819731664462
4,"[13, 4, 3]",two-tone,15,10,7,5.74943253349707
5,"[13, 4, 3]",two-tone,16,11,8,5.995569791063668
