,flop,board_type,0b,1b,2b,profit
0,"[12, 12, 11]",two-tone,1,1,1,4.845718336266552
1,"[12, 12, 11]",two-tone,2,2,2,5.717687102989007
2,"[12, 12, 11]",two-tone,3,2,2,5.725350841103628
