,flop,board_type,0b,1b,2b,profit
0,"[12, 12, 9]",two-tone,1,1,1,2.7687738585258392
1,"[12, 12, 9]",two-tone,2,2,2,2.774763968834619
