,flop,board_type,0b,1b,2b,profit
0,"[12, 12, 4]",two-tone,1,1,1,4.14317264613214
1,"[12, 12, 4]",two-tone,2,2,2,4.148759554055678
2,"[12, 12, 4]",two-tone,8,6,4,4.234497840534287
3,"[12, 12, 4]",two-tone,15,10,7,4.433830987874395
4,"[12, 12, 4]",two-tone,16,11,8,4.5746883003611565
