,flop,board_type,0b,1b,2b,profit
0,"[12, 10, 8]",two-tone,1,1,1,3.008642540997617
1,"[12, 10, 8]",two-tone,2,2,2,3.016858149860891
2,"[12, 10, 8]",two-tone,16,11,8,3.0230442497217807
