,flop,board_type,0b,1b,2b,profit
0,"[12, 8, 7]",two-tone,1,1,1,3.1512373935422002
1,"[12, 8, 7]",two-tone,2,2,2,3.9355124107097192
