,flop,board_type,0b,1b,2b,profit
0,"[11, 11, 8]",two-tone,1,1,1,2.4450217157685947
1,"[11, 11, 8]",two-tone,2,2,2,3.090418552505264
2,"[11, 11, 8]",two-tone,10,7,5,3.093919571134787
