,flop,board_type,0b,1b,2b,profit
0,"[11, 11, 2]",two-tone,1,1,1,3.075579069853756
1,"[11, 11, 2]",two-tone,2,2,2,3.0767599791233264
2,"[11, 11, 2]",two-tone,3,2,2,3.077097451894903
3,"[11, 11, 2]",two-tone,8,6,4,3.6960322419197786
4,"[11, 11, 2]",two-tone,10,7,5,3.697900002744312
5,"[11, 11, 2]",two-tone,15,10,7,3.701614532214659
6,"[11, 11, 2]",two-tone,16,11,8,3.7039414055647537
