,flop,board_type,0b,1b,2b,profit
0,"[11, 10, 5]",two-tone,1,1,1,2.904132351428572
1,"[11, 10, 5]",two-tone,2,2,2,2.9178075120000013
2,"[11, 10, 5]",two-tone,10,7,5,2.922227014285715
