,flop,board_type,0b,1b,2b,profit
0,"[11, 9, 6]",two-tone,1,1,1,3.2245546883554854
1,"[11, 9, 6]",two-tone,8,6,4,3.2247754317595723
2,"[11, 9, 6]",two-tone,16,11,8,3.2266045267308074
