,flop,board_type,0b,1b,2b,profit
0,"[10, 10, 9]",two-tone,1,1,1,1.7220299351351356
1,"[10, 10, 9]",two-tone,2,2,2,1.7227515567567577
2,"[10, 10, 9]",two-tone,8,6,4,1.725921794594596
3,"[10, 10, 9]",two-tone,15,10,7,1.7286637297297318
