,flop,board_type,0b,1b,2b,profit
0,"[10, 10, 4]",two-tone,1,1,1,2.3750617500000004
1,"[10, 10, 4]",two-tone,8,6,4,2.3838216486301365
2,"[10, 10, 4]",two-tone,15,10,7,2.3847858568493154
