,flop,board_type,0b,1b,2b,profit
0,"[10, 8, 6]",two-tone,1,1,1,3.60321502631579
1,"[10, 8, 6]",two-tone,15,10,7,3.605311857894738
