,flop,board_type,0b,1b,2b,profit
0,"[10, 8, 2]",two-tone,1,1,1,3.390513089408451
1,"[10, 8, 2]",two-tone,2,2,2,3.3945664286197186
