,flop,board_type,0b,1b,2b,profit
0,"[10, 7, 5]",two-tone,1,1,1,3.9490047473353633
1,"[10, 7, 5]",two-tone,16,11,8,3.953513185192235
