,flop,board_type,0b,1b,2b,profit
0,"[10, 5, 2]",two-tone,1,1,1,4.438442983016801
1,"[10, 5, 2]",two-tone,2,2,2,4.443161619795473
2,"[10, 5, 2]",two-tone,3,2,2,4.443664040357925
3,"[10, 5, 2]",two-tone,10,7,5,4.445484420197225
