,flop,board_type,0b,1b,2b,profit
0,"[9, 9, 7]",two-tone,1,1,1,4.086414950649352
1,"[9, 9, 7]",two-tone,15,10,7,4.097742554720956
