,flop,board_type,0b,1b,2b,profit
0,"[9, 9, 2]",two-tone,1,1,1,4.577254396216217
1,"[9, 9, 2]",two-tone,2,2,2,4.57838973891892
2,"[9, 9, 2]",two-tone,3,2,2,4.589103492162163
