,flop,board_type,0b,1b,2b,profit
0,"[9, 8, 5]",two-tone,1,1,1,4.556453493243244
1,"[9, 8, 5]",two-tone,2,2,2,4.565995844594595
2,"[9, 8, 5]",two-tone,3,2,2,4.566810101351352
3,"[9, 8, 5]",two-tone,4,3,2,4.577712445945946
