,flop,board_type,0b,1b,2b,profit
0,"[9, 8, 4]",two-tone,1,1,1,4.607227277027027
1,"[9, 8, 4]",two-tone,8,6,4,4.609884547297298
2,"[9, 8, 4]",two-tone,16,11,8,4.611778418918919
