,flop,board_type,0b,1b,2b,profit
0,"[9, 8, 3]",two-tone,1,1,1,4.270811985600001
1,"[9, 8, 3]",two-tone,8,6,4,4.271385348000001
