,flop,board_type,0b,1b,2b,profit
0,"[9, 5, 4]",two-tone,1,1,1,5.840408400000001
1,"[9, 5, 4]",two-tone,15,10,7,5.846816593150685
