,flop,board_type,0b,1b,2b,profit
0,"[9, 5, 3]",two-tone,1,1,1,5.675808547297298
1,"[9, 5, 3]",two-tone,8,6,4,5.680865574324326
2,"[9, 5, 3]",two-tone,10,7,5,5.6832814864864885
