,flop,board_type,0b,1b,2b,profit
0,"[9, 2, 2]",two-tone,1,1,1,5.015815554000001
1,"[9, 2, 2]",two-tone,2,2,2,5.022535211999999
2,"[9, 2, 2]",two-tone,3,2,2,5.0236650659999995
