,flop,board_type,0b,1b,2b,profit
0,"[8, 8, 7]",two-tone,1,1,1,4.2877492001904445
1,"[8, 8, 7]",two-tone,2,2,2,4.815628700277008
2,"[8, 8, 7]",two-tone,3,2,2,4.825901818836565
