,flop,board_type,0b,1b,2b,profit
0,"[8, 7, 7]",two-tone,1,1,1,4.2748348694252085
1,"[8, 7, 7]",two-tone,2,2,2,4.812441276731302
