,flop,board_type,0b,1b,2b,profit
0,"[8, 5, 4]",two-tone,1,1,1,5.6205207172425595
1,"[8, 5, 4]",two-tone,8,6,4,6.170283783612727
