,flop,board_type,0b,1b,2b,profit
0,"[8, 4, 3]",two-tone,1,1,1,5.521372000759492
1,"[8, 4, 3]",two-tone,8,6,4,6.052986717468356
2,"[8, 4, 3]",two-tone,15,10,7,6.057301305569621
