,flop,board_type,0b,1b,2b,profit
0,"[7, 7, 6]",two-tone,1,1,1,4.315066579362881
1,"[7, 7, 6]",two-tone,8,6,4,4.92638472465374
2,"[7, 7, 6]",two-tone,10,7,5,4.929684513573407
