,flop,board_type,0b,1b,2b,profit
0,"[7, 7, 5]",two-tone,1,1,1,5.10046110035443
1,"[7, 7, 5]",two-tone,8,6,4,5.191644353620253
2,"[7, 7, 5]",two-tone,10,7,5,5.485462819544305
3,"[7, 7, 5]",two-tone,15,10,7,5.701576494734178
