,flop,board_type,0b,1b,2b,profit
0,"[7, 6, 5]",two-tone,1,1,1,4.85935083136842
1,"[7, 6, 5]",two-tone,2,2,2,4.866730255368423
2,"[7, 6, 5]",two-tone,3,2,2,5.08123014863158
3,"[7, 6, 5]",two-tone,4,3,2,5.477788930526316
4,"[7, 6, 5]",two-tone,8,6,4,5.479932897368421
5,"[7, 6, 5]",two-tone,15,10,7,5.487343812842106
