,flop,board_type,0b,1b,2b,profit
0,"[7, 5, 4]",two-tone,1,1,1,5.4223407168833395
1,"[7, 5, 4]",two-tone,2,2,2,5.424007814779336
2,"[7, 5, 4]",two-tone,3,2,2,5.425600227608621
3,"[7, 5, 4]",two-tone,4,3,2,5.434952868576804
4,"[7, 5, 4]",two-tone,8,6,4,5.537414923434828
5,"[7, 5, 4]",two-tone,10,7,5,5.811411879781047
6,"[7, 5, 4]",two-tone,15,10,7,6.031740621912419
