,flop,board_type,0b,1b,2b,profit
0,"[7, 4, 2]",two-tone,1,1,1,5.393107823949366
1,"[7, 4, 2]",two-tone,2,2,2,5.406108672405064
2,"[7, 4, 2]",two-tone,8,6,4,5.493204047037975
3,"[7, 4, 2]",two-tone,10,7,5,5.6645501652658234
4,"[7, 4, 2]",two-tone,15,10,7,6.00112201356962
5,"[7, 4, 2]",two-tone,16,11,8,6.007571451139242
