,flop,board_type,0b,1b,2b,profit
0,"[7, 3, 3]",two-tone,1,1,1,4.652052999233845
1,"[7, 3, 3]",two-tone,2,2,2,4.6571332994170564
2,"[7, 3, 3]",two-tone,8,6,4,4.742962963191206
3,"[7, 3, 3]",two-tone,10,7,5,5.043831509660228
4,"[7, 3, 3]",two-tone,15,10,7,5.261246225716189
