,flop,board_type,0b,1b,2b,profit
0,"[6, 6, 4]",two-tone,1,1,1,4.883654169721519
1,"[6, 6, 4]",two-tone,8,6,4,4.954340941721519
2,"[6, 6, 4]",two-tone,10,7,5,5.098654809924049
3,"[6, 6, 4]",two-tone,15,10,7,5.103594266886077
4,"[6, 6, 4]",two-tone,16,11,8,5.249404007898734
