,flop,board_type,0b,1b,2b,profit
0,"[6, 5, 3]",two-tone,1,1,1,5.318419766151898
1,"[6, 5, 3]",two-tone,2,2,2,5.3200107604556965
2,"[6, 5, 3]",two-tone,8,6,4,5.409657482177215
3,"[6, 5, 3]",two-tone,10,7,5,5.535796389037975
4,"[6, 5, 3]",two-tone,15,10,7,5.551890907392405
5,"[6, 5, 3]",two-tone,16,11,8,5.683271998759493
