,flop,board_type,0b,1b,2b,profit
0,"[6, 4, 4]",two-tone,1,1,1,5.140174416660965
1,"[6, 4, 4]",two-tone,2,2,2,5.153757336127267
2,"[6, 4, 4]",two-tone,8,6,4,5.244533846869654
3,"[6, 4, 4]",two-tone,10,7,5,5.386996056927815
4,"[6, 4, 4]",two-tone,16,11,8,5.544154865275403
