,flop,board_type,0b,1b,2b,profit
0,"[5, 4, 2]",two-tone,1,1,1,7.289020401260949
1,"[5, 4, 2]",two-tone,2,2,2,7.299759850164932
2,"[5, 4, 2]",two-tone,8,6,4,7.382701964690208
3,"[5, 4, 2]",two-tone,10,7,5,7.389113303659349
4,"[5, 4, 2]",two-tone,15,10,7,7.531077861401343
5,"[5, 4, 2]",two-tone,16,11,8,7.685451953169434
