,flop,board_type,0b,1b,2b,profit
0,"[14, 11, 6]",rainbow,1,1,1,1.7855094197868395
1,"[14, 11, 6]",rainbow,2,2,2,1.8809886344300275
