,flop,board_type,0b,1b,2b,profit
0,"[14, 11, 5]",rainbow,1,1,1,1.7648776431197737
1,"[14, 11, 5]",rainbow,2,2,2,1.8326234220056699
