,flop,board_type,0b,1b,2b,profit
0,"[14, 9, 9]",rainbow,1,1,1,1.291182634150248
1,"[14, 9, 9]",rainbow,8,6,4,1.6388850825864447
