,flop,board_type,0b,1b,2b,profit
0,"[14, 9, 7]",rainbow,1,1,1,1.382305066619183
1,"[14, 9, 7]",rainbow,2,2,2,1.3864442343779673
2,"[14, 9, 7]",rainbow,8,6,4,1.4505064193732191
