,flop,board_type,0b,1b,2b,profit
0,"[14, 9, 4]",rainbow,1,1,1,1.3377967844136873
1,"[14, 9, 4]",rainbow,2,2,2,1.3397659034671014
