,flop,board_type,0b,1b,2b,profit
0,"[14, 8, 3]",rainbow,1,1,1,1.170253808469819
1,"[14, 8, 3]",rainbow,2,2,2,1.172719206668556
