,flop,board_type,0b,1b,2b,profit
0,"[14, 7, 7]",rainbow,1,1,1,1.1737221916018896
1,"[14, 7, 7]",rainbow,2,2,2,1.1746260895965421
2,"[14, 7, 7]",rainbow,8,6,4,1.542486970055289
