,flop,board_type,0b,1b,2b,profit
0,"[14, 7, 6]",rainbow,1,1,1,1.367884206150149
1,"[14, 7, 6]",rainbow,8,6,4,1.42270613738979
2,"[14, 7, 6]",rainbow,10,7,5,1.5098972014527472
