,flop,board_type,0b,1b,2b,profit
0,"[14, 5, 2]",rainbow,1,1,1,1.2400723084372272
1,"[14, 5, 2]",rainbow,2,2,2,1.2408720370025739
2,"[14, 5, 2]",rainbow,3,2,2,1.243556121260313
3,"[14, 5, 2]",rainbow,8,6,4,1.4327058181588344
4,"[14, 5, 2]",rainbow,10,7,5,1.5097668905661117
