,flop,board_type,0b,1b,2b,profit
0,"[14, 3, 3]",rainbow,1,1,1,1.364456675452337
1,"[14, 3, 3]",rainbow,2,2,2,1.3647221532119005
2,"[14, 3, 3]",rainbow,3,2,2,1.3652689623375833
3,"[14, 3, 3]",rainbow,8,6,4,1.7501723705889494
4,"[14, 3, 3]",rainbow,10,7,5,1.809895209313904
