,flop,board_type,0b,1b,2b,profit
0,"[14, 3, 2]",rainbow,1,1,1,1.3472762021493625
1,"[14, 3, 2]",rainbow,2,2,2,1.350291887449909
2,"[14, 3, 2]",rainbow,8,6,4,1.842941051451123
3,"[14, 3, 2]",rainbow,10,7,5,1.9187965810807528
