,flop,board_type,0b,1b,2b,profit
0,"[13, 8, 3]",rainbow,1,1,1,0.9137419607721603
1,"[13, 8, 3]",rainbow,2,2,2,0.9230934359605413
