,flop,board_type,0b,1b,2b,profit
0,"[12, 12, 12]",rainbow,1,1,1,-0.13158017035734015
1,"[12, 12, 12]",rainbow,8,6,4,0.3623922413632398
2,"[12, 12, 12]",rainbow,15,10,7,0.6836822077553815
3,"[12, 12, 12]",rainbow,16,11,8,0.8630797986923202
