,flop,board_type,0b,1b,2b,profit
0,"[12, 12, 6]",rainbow,1,1,1,0.3592855685499227
1,"[12, 12, 6]",rainbow,2,2,2,0.35958804130064836
2,"[12, 12, 6]",rainbow,3,2,2,0.3604546739219508
