,flop,board_type,0b,1b,2b,profit
0,"[12, 9, 9]",rainbow,1,1,1,0.7599997689031166
1,"[12, 9, 9]",rainbow,10,7,5,0.8665775149791662
