,flop,board_type,0b,1b,2b,profit
0,"[12, 8, 2]",rainbow,1,1,1,0.7655685848230198
1,"[12, 8, 2]",rainbow,2,2,2,0.7710562410236819
