,flop,board_type,0b,1b,2b,profit
0,"[12, 7, 4]",rainbow,1,1,1,0.6404813686793848
1,"[12, 7, 4]",rainbow,2,2,2,0.6415980360464814
2,"[12, 7, 4]",rainbow,3,2,2,0.6440751602427691
