,flop,board_type,0b,1b,2b,profit
0,"[11, 10, 10]",rainbow,1,1,1,0.10243323824864864
1,"[11, 10, 10]",rainbow,2,2,2,0.3003186886999999
2,"[11, 10, 10]",rainbow,8,6,4,0.35646071662162143
3,"[11, 10, 10]",rainbow,10,7,5,0.5046883321634145
