,flop,board_type,0b,1b,2b,profit
0,"[10, 9, 7]",rainbow,1,1,1,-0.25031459703226483
1,"[10, 9, 7]",rainbow,2,2,2,-0.24377819199397588
2,"[10, 9, 7]",rainbow,8,6,4,-0.19392960944713433
3,"[10, 9, 7]",rainbow,10,7,5,-0.15608320853776275
