,flop,board_type,0b,1b,2b,profit
0,"[10, 4, 4]",rainbow,1,1,1,0.47478170399449043
1,"[10, 4, 4]",rainbow,10,7,5,0.5109481021276503
