,flop,board_type,0b,1b,2b,profit
0,"[9, 7, 3]",rainbow,1,1,1,1.0551597735632179
1,"[9, 7, 3]",rainbow,2,2,2,1.1175525629525864
