,flop,board_type,0b,1b,2b,profit
0,"[9, 4, 4]",rainbow,1,1,1,0.9784449857260447
1,"[9, 4, 4]",rainbow,2,2,2,0.9785876286557038
2,"[9, 4, 4]",rainbow,3,2,2,0.9810136442467121
3,"[9, 4, 4]",rainbow,8,6,4,1.0357028110677844
4,"[9, 4, 4]",rainbow,10,7,5,1.0969618223838131
