,flop,board_type,0b,1b,2b,profit
0,"[8, 7, 7]",rainbow,1,1,1,0.7942358345870364
1,"[8, 7, 7]",rainbow,8,6,4,0.8241024873629872
