,flop,board_type,0b,1b,2b,profit
0,"[7, 5, 5]",rainbow,1,1,1,0.925898800947356
1,"[7, 5, 5]",rainbow,8,6,4,0.948420617079222
