,flop,board_type,0b,1b,2b,profit
0,"[14, 14, 8]",two-tone,1,1,1,-0.3889660006954157
1,"[14, 14, 8]",two-tone,2,2,2,-0.38766506355255875
2,"[14, 14, 8]",two-tone,8,6,4,0.3760677026976955
3,"[14, 14, 8]",two-tone,15,10,7,0.9044385580296931
