,flop,board_type,0b,1b,2b,profit
0,"[14, 14, 6]",two-tone,1,1,1,-0.2168544788147851
1,"[14, 14, 6]",two-tone,8,6,4,0.5424597277935265
2,"[14, 14, 6]",two-tone,10,7,5,0.5868261991719944
3,"[14, 14, 6]",two-tone,15,10,7,1.1207619822137223
