,flop,board_type,0b,1b,2b,profit
0,"[14, 14, 2]",two-tone,1,1,1,-0.7933752167519826
1,"[14, 14, 2]",two-tone,2,2,2,-0.7929322434899507
2,"[14, 14, 2]",two-tone,8,6,4,-0.01703506695281482
3,"[14, 14, 2]",two-tone,10,7,5,0.018473694962291946
4,"[14, 14, 2]",two-tone,15,10,7,0.5779205984315211
