,flop,board_type,0b,1b,2b,profit
0,"[14, 13, 5]",two-tone,1,1,1,-0.07666823443570722
1,"[14, 13, 5]",two-tone,2,2,2,-0.0753428399222845
