,flop,board_type,0b,1b,2b,profit
0,"[14, 12, 12]",two-tone,1,1,1,-0.7823582323043243
1,"[14, 12, 12]",two-tone,8,6,4,-0.49135954865306114
2,"[14, 12, 12]",two-tone,10,7,5,-0.48989691640816335
3,"[14, 12, 12]",two-tone,15,10,7,-0.33343707525714317
4,"[14, 12, 12]",two-tone,16,11,8,0.1539221818857141
