,flop,board_type,0b,1b,2b,profit
0,"[14, 8, 4]",two-tone,1,1,1,0.31109708026130634
1,"[14, 8, 4]",two-tone,8,6,4,0.34352264587024656
2,"[14, 8, 4]",two-tone,10,7,5,0.3501108751711689
