,flop,board_type,0b,1b,2b,profit
0,"[14, 8, 3]",two-tone,1,1,1,0.2855669517596179
1,"[14, 8, 3]",two-tone,2,2,2,0.2866912141986422
2,"[14, 8, 3]",two-tone,8,6,4,0.3394144971254718
3,"[14, 8, 3]",two-tone,10,7,5,0.3480519594669349
