,flop,board_type,0b,1b,2b,profit
0,"[14, 7, 2]",two-tone,1,1,1,0.6141531926863912
1,"[14, 7, 2]",two-tone,8,6,4,0.6624415503992002
2,"[14, 7, 2]",two-tone,10,7,5,0.6664738478309562
