,flop,board_type,0b,1b,2b,profit
0,"[13, 13, 9]",two-tone,1,1,1,0.2352537679690585
1,"[13, 13, 9]",two-tone,15,10,7,0.31804505572413766
2,"[13, 13, 9]",two-tone,16,11,8,0.5488893107093596
