,flop,board_type,0b,1b,2b,profit
0,"[13, 13, 6]",two-tone,1,1,1,0.35583351418938935
1,"[13, 13, 6]",two-tone,2,2,2,0.35663470493120464
2,"[13, 13, 6]",two-tone,3,2,2,0.3581597767616643
3,"[13, 13, 6]",two-tone,8,6,4,1.3500660329929004
4,"[13, 13, 6]",two-tone,15,10,7,2.1070875300331657
