,flop,board_type,0b,1b,2b,profit
0,"[13, 13, 3]",two-tone,1,1,1,-0.13317217688497718
1,"[13, 13, 3]",two-tone,8,6,4,0.9763015622603416
2,"[13, 13, 3]",two-tone,10,7,5,0.9775021240950793
3,"[13, 13, 3]",two-tone,15,10,7,1.8639326281605604
