,flop,board_type,0b,1b,2b,profit
0,"[13, 11, 9]",two-tone,1,1,1,0.8390520630061411
1,"[13, 11, 9]",two-tone,2,2,2,0.8390614342144235
2,"[13, 11, 9]",two-tone,3,2,2,0.8452534093830153
3,"[13, 11, 9]",two-tone,8,6,4,1.4093553458752672
4,"[13, 11, 9]",two-tone,10,7,5,1.4129340388396554
5,"[13, 11, 9]",two-tone,16,11,8,1.6459932407580329
