,flop,board_type,0b,1b,2b,profit
0,"[13, 10, 10]",two-tone,1,1,1,0.6747480671792916
1,"[13, 10, 10]",two-tone,2,2,2,0.6754656754472781
2,"[13, 10, 10]",two-tone,3,2,2,0.6764254379139703
3,"[13, 10, 10]",two-tone,8,6,4,1.3237136203700037
4,"[13, 10, 10]",two-tone,10,7,5,1.3259261564430909
5,"[13, 10, 10]",two-tone,15,10,7,1.6103444316197177
6,"[13, 10, 10]",two-tone,16,11,8,1.812231456514084
