,flop,board_type,0b,1b,2b,profit
0,"[13, 8, 2]",two-tone,1,1,1,1.1900247930567736
1,"[13, 8, 2]",two-tone,2,2,2,1.1913620237146683
2,"[13, 8, 2]",two-tone,8,6,4,1.3490241599975632
3,"[13, 8, 2]",two-tone,10,7,5,1.3527507426291425
4,"[13, 8, 2]",two-tone,15,10,7,1.432294980273092
