,flop,board_type,0b,1b,2b,profit
0,"[13, 7, 7]",two-tone,1,1,1,1.16544507194635
1,"[13, 7, 7]",two-tone,2,2,2,1.1675890180119235
2,"[13, 7, 7]",two-tone,8,6,4,1.3240397596893387
3,"[13, 7, 7]",two-tone,10,7,5,1.3246094413607967
4,"[13, 7, 7]",two-tone,15,10,7,1.4567102008576058
