,flop,board_type,0b,1b,2b,profit
0,"[13, 7, 4]",two-tone,1,1,1,1.451408914843843
1,"[13, 7, 4]",two-tone,2,2,2,1.454494065860237
2,"[13, 7, 4]",two-tone,8,6,4,1.5749976587946628
3,"[13, 7, 4]",two-tone,15,10,7,1.6646497422356332
