,flop,board_type,0b,1b,2b,profit
0,"[13, 5, 3]",two-tone,1,1,1,2.092647425793792
1,"[13, 5, 3]",two-tone,15,10,7,2.0937022074162184
