,flop,board_type,0b,1b,2b,profit
0,"[13, 3, 2]",two-tone,1,1,1,1.8624589973464432
1,"[13, 3, 2]",two-tone,2,2,2,1.8656512924335593
2,"[13, 3, 2]",two-tone,15,10,7,1.870673821936668
