,flop,board_type,0b,1b,2b,profit
0,"[12, 12, 8]",two-tone,1,1,1,0.5941107071215666
1,"[12, 12, 8]",two-tone,2,2,2,0.5961859800147753
2,"[12, 12, 8]",two-tone,8,6,4,1.205321155195858
3,"[12, 12, 8]",two-tone,10,7,5,1.2104474422476406
4,"[12, 12, 8]",two-tone,16,11,8,1.3997317922964405
