,flop,board_type,0b,1b,2b,profit
0,"[12, 11, 11]",two-tone,1,1,1,-0.002819631616423953
1,"[12, 11, 11]",two-tone,2,2,2,0.028106532132053885
2,"[12, 11, 11]",two-tone,8,6,4,0.1982334156253052
3,"[12, 11, 11]",two-tone,10,7,5,0.20076744854122613
4,"[12, 11, 11]",two-tone,15,10,7,0.3257452979183605
5,"[12, 11, 11]",two-tone,16,11,8,0.7646732789852009
