,flop,board_type,0b,1b,2b,profit
0,"[12, 9, 6]",two-tone,1,1,1,1.6946410484626069
1,"[12, 9, 6]",two-tone,2,2,2,1.6964587777641857
