,flop,board_type,0b,1b,2b,profit
0,"[12, 8, 6]",two-tone,1,1,1,1.9042823937541948
1,"[12, 8, 6]",two-tone,2,2,2,1.9045309951144955
