,flop,board_type,0b,1b,2b,profit
0,"[12, 7, 4]",two-tone,1,1,1,1.57463472300951
1,"[12, 7, 4]",two-tone,2,2,2,1.5751618094753084
2,"[12, 7, 4]",two-tone,8,6,4,1.6436524174883376
