,flop,board_type,0b,1b,2b,profit
0,"[12, 6, 3]",two-tone,1,1,1,1.8913185760179179
1,"[12, 6, 3]",two-tone,8,6,4,1.9342067618431604
