,flop,board_type,0b,1b,2b,profit
0,"[11, 11, 10]",two-tone,1,1,1,0.698568008965905
1,"[11, 11, 10]",two-tone,8,6,4,0.8238936343595626
2,"[11, 11, 10]",two-tone,15,10,7,0.8351064168698292
3,"[11, 11, 10]",two-tone,16,11,8,1.1561808876644926
