,flop,board_type,0b,1b,2b,profit
0,"[11, 11, 6]",two-tone,1,1,1,0.4234944477608463
1,"[11, 11, 6]",two-tone,15,10,7,0.5273367799884248
