,flop,board_type,0b,1b,2b,profit
0,"[11, 11, 5]",two-tone,1,1,1,0.4775546316700474
1,"[11, 11, 5]",two-tone,2,2,2,0.4810468991613366
2,"[11, 11, 5]",two-tone,15,10,7,0.5953949131179961
