,flop,board_type,0b,1b,2b,profit
0,"[11, 11, 2]",two-tone,1,1,1,-0.1146080908891273
1,"[11, 11, 2]",two-tone,8,6,4,0.08999759666336213
2,"[11, 11, 2]",two-tone,10,7,5,0.11264954458238519
3,"[11, 11, 2]",two-tone,15,10,7,0.34842496877470375
