,flop,board_type,0b,1b,2b,profit
0,"[11, 7, 3]",two-tone,1,1,1,1.3273990627635683
1,"[11, 7, 3]",two-tone,2,2,2,1.3302509341763016
