,flop,board_type,0b,1b,2b,profit
0,"[10, 10, 7]",two-tone,1,1,1,1.9858052367881773
1,"[10, 10, 7]",two-tone,2,2,2,1.9858182478114002
2,"[10, 10, 7]",two-tone,8,6,4,2.408927093422941
3,"[10, 10, 7]",two-tone,10,7,5,2.4124197181323
4,"[10, 10, 7]",two-tone,15,10,7,2.743074641469388
5,"[10, 10, 7]",two-tone,16,11,8,2.999290092693878
