,flop,board_type,0b,1b,2b,profit
0,"[10, 9, 7]",two-tone,1,1,1,0.9446685365997634
1,"[10, 9, 7]",two-tone,2,2,2,1.6094212149999991
2,"[10, 9, 7]",two-tone,8,6,4,1.8357736940448006
3,"[10, 9, 7]",two-tone,10,7,5,1.8359485438913175
