,flop,board_type,0b,1b,2b,profit
0,"[10, 9, 5]",two-tone,1,1,1,1.9304929213516746
1,"[10, 9, 5]",two-tone,8,6,4,2.1486636366626795
2,"[10, 9, 5]",two-tone,15,10,7,2.1701891062200964
3,"[10, 9, 5]",two-tone,16,11,8,2.8645011169258385
