,flop,board_type,0b,1b,2b,profit
0,"[10, 8, 2]",two-tone,1,1,1,1.4223748288888882
1,"[10, 8, 2]",two-tone,2,2,2,1.4224224009150326
2,"[10, 8, 2]",two-tone,8,6,4,1.785592892385621
3,"[10, 8, 2]",two-tone,10,7,5,1.7877545969934638
4,"[10, 8, 2]",two-tone,15,10,7,1.913260300196078
5,"[10, 8, 2]",two-tone,16,11,8,2.3414747513725493
