,flop,board_type,0b,1b,2b,profit
0,"[10, 7, 2]",two-tone,1,1,1,1.8398118632467533
1,"[10, 7, 2]",two-tone,2,2,2,1.8435605228571426
2,"[10, 7, 2]",two-tone,8,6,4,2.1907081152597394
3,"[10, 7, 2]",two-tone,10,7,5,2.192556260324675
4,"[10, 7, 2]",two-tone,15,10,7,2.429430282727272
5,"[10, 7, 2]",two-tone,16,11,8,2.681323847792208
