,flop,board_type,0b,1b,2b,profit
0,"[10, 6, 6]",two-tone,1,1,1,1.5522353151948052
1,"[10, 6, 6]",two-tone,8,6,4,1.7120370084415584
2,"[10, 6, 6]",two-tone,10,7,5,1.7149575605194807
3,"[10, 6, 6]",two-tone,15,10,7,1.8560692264935066
4,"[10, 6, 6]",two-tone,16,11,8,1.905386925162338
