,flop,board_type,0b,1b,2b,profit
0,"[10, 5, 4]",two-tone,1,1,1,2.0877729364401287
1,"[10, 5, 4]",two-tone,16,11,8,2.0885478089320384
