,flop,board_type,0b,1b,2b,profit
0,"[10, 4, 4]",two-tone,1,1,1,1.7496754685546296
1,"[10, 4, 4]",two-tone,2,2,2,1.754635038510534
