,flop,board_type,0b,1b,2b,profit
0,"[9, 9, 6]",two-tone,1,1,1,1.3562600485431848
1,"[9, 9, 6]",two-tone,2,2,2,1.359532892787585
2,"[9, 9, 6]",two-tone,3,2,2,1.3622744802368405
3,"[9, 9, 6]",two-tone,8,6,4,1.7784970910460163
