,flop,board_type,0b,1b,2b,profit
0,"[9, 9, 5]",two-tone,1,1,1,1.4441043171410262
1,"[9, 9, 5]",two-tone,8,6,4,1.8885836348055163
