,flop,board_type,0b,1b,2b,profit
0,"[9, 7, 7]",two-tone,1,1,1,1.501499840074497
1,"[9, 7, 7]",two-tone,8,6,4,1.6217408550496701
