,flop,board_type,0b,1b,2b,profit
0,"[9, 7, 5]",two-tone,1,1,1,2.6240957710115795
1,"[9, 7, 5]",two-tone,8,6,4,2.931171916274325
