,flop,board_type,0b,1b,2b,profit
0,"[9, 7, 4]",two-tone,1,1,1,1.9257046233700472
1,"[9, 7, 4]",two-tone,8,6,4,1.9353656237176144
