,flop,board_type,0b,1b,2b,profit
0,"[8, 8, 2]",two-tone,1,1,1,0.6459204078768731
1,"[8, 8, 2]",two-tone,2,2,2,0.6477664652559447
2,"[8, 8, 2]",two-tone,8,6,4,1.0950249182371086
3,"[8, 8, 2]",two-tone,10,7,5,1.120702809300231
