,flop,board_type,0b,1b,2b,profit
0,"[8, 6, 5]",two-tone,1,1,1,3.0877740543373435
1,"[8, 6, 5]",two-tone,2,2,2,3.0942640315246375
