,flop,board_type,0b,1b,2b,profit
0,"[7, 6, 4]",two-tone,1,1,1,2.7573181495567876
1,"[7, 6, 4]",two-tone,2,2,2,3.283435528152105
2,"[7, 6, 4]",two-tone,3,2,2,3.285984101516954
