,flop,board_type,0b,1b,2b,profit
0,"[7, 5, 4]",two-tone,1,1,1,2.605720811831611
1,"[7, 5, 4]",two-tone,2,2,2,2.6089981920458603
