,flop,board_type,0b,1b,2b,profit
0,"[7, 4, 3]",two-tone,1,1,1,2.0387256303963674
1,"[7, 4, 3]",two-tone,2,2,2,2.041957520195766
2,"[7, 4, 3]",two-tone,3,2,2,2.0425394685844864
