,flop,board_type,0b,1b,2b,profit
0,"[7, 4, 2]",two-tone,1,1,1,2.1676661111929723
1,"[7, 4, 2]",two-tone,2,2,2,2.171689011536243
2,"[7, 4, 2]",two-tone,3,2,2,2.1732188281848424
3,"[7, 4, 2]",two-tone,8,6,4,2.1782551987539476
