,flop,board_type,0b,1b,2b,profit
0,"[7, 2, 2]",two-tone,1,1,1,1.873367397730945
1,"[7, 2, 2]",two-tone,8,6,4,1.908453307921308
2,"[7, 2, 2]",two-tone,10,7,5,1.9350133297238064
