,flop,board_type,0b,1b,2b,profit
0,"[6, 6, 3]",two-tone,1,1,1,1.44060266743917
1,"[6, 6, 3]",two-tone,8,6,4,1.5929994767402187
2,"[6, 6, 3]",two-tone,10,7,5,1.6149390082965138
