,flop,board_type,0b,1b,2b,profit
0,"[6, 5, 5]",two-tone,1,1,1,2.332428318031388
1,"[6, 5, 5]",two-tone,2,2,2,2.337426773586944
2,"[6, 5, 5]",two-tone,8,6,4,2.360481740234117
3,"[6, 5, 5]",two-tone,10,7,5,2.4262489943703436
