,flop,board_type,0b,1b,2b,profit
0,"[6, 5, 3]",two-tone,1,1,1,2.9882359417009905
1,"[6, 5, 3]",two-tone,2,2,2,2.9920023719284625
