,flop,board_type,0b,1b,2b,profit
0,"[5, 3, 3]",two-tone,1,1,1,2.159508583637307
1,"[5, 3, 3]",two-tone,2,2,2,2.1595679324177945
2,"[5, 3, 3]",two-tone,8,6,4,2.1894935615530495
3,"[5, 3, 3]",two-tone,10,7,5,2.222667541551347
