,flop,board_type,0b,1b,2b,profit
0,"[4, 2, 2]",two-tone,1,1,1,1.8019260920466151
1,"[4, 2, 2]",two-tone,8,6,4,1.8330444554913021
2,"[4, 2, 2]",two-tone,10,7,5,1.853787629210167
