,flop,board_type,0b,1b,2b,profit
0,"[14, 14, 11]",rainbow,1,1,1,0.8877414747720045
1,"[14, 14, 11]",rainbow,2,2,2,0.8889038145599153
2,"[14, 14, 11]",rainbow,15,10,7,1.4169478535100741
