,flop,board_type,0b,1b,2b,profit
0,"[14, 14, 6]",rainbow,1,1,1,0.13084591786461186
1,"[14, 14, 6]",rainbow,2,2,2,0.13360927097911202
2,"[14, 14, 6]",rainbow,8,6,4,0.4708370474588225
3,"[14, 14, 6]",rainbow,10,7,5,0.5751586222326658
4,"[14, 14, 6]",rainbow,15,10,7,1.6473005164783014
5,"[14, 14, 6]",rainbow,16,11,8,1.7101603233534628
