,flop,board_type,0b,1b,2b,profit
0,"[14, 12, 10]",rainbow,1,1,1,4.2175431901129095
1,"[14, 12, 10]",rainbow,3,2,2,4.218255151357951
2,"[14, 12, 10]",rainbow,15,10,7,4.470094598718341
