,flop,board_type,0b,1b,2b,profit
0,"[14, 12, 8]",rainbow,1,1,1,1.3638568357287162
1,"[14, 12, 8]",rainbow,2,2,2,3.407754164675325
2,"[14, 12, 8]",rainbow,3,2,2,3.409260037402598
3,"[14, 12, 8]",rainbow,4,3,2,3.409745862034632
4,"[14, 12, 8]",rainbow,15,10,7,3.7697328616450223
5,"[14, 12, 8]",rainbow,16,11,8,3.770107241385282
