,flop,board_type,0b,1b,2b,profit
0,"[14, 11, 11]",rainbow,1,1,1,1.796252164835165
1,"[14, 11, 11]",rainbow,10,7,5,1.796333720879121
2,"[14, 11, 11]",rainbow,15,10,7,2.32226152967033
