,flop,board_type,0b,1b,2b,profit
0,"[14, 11, 3]",rainbow,1,1,1,1.0001336086705201
1,"[14, 11, 3]",rainbow,15,10,7,1.6006506466281314
