,flop,board_type,0b,1b,2b,profit
0,"[14, 10, 6]",rainbow,1,1,1,0.9240065354957163
1,"[14, 10, 6]",rainbow,2,2,2,0.9257317590779277
2,"[14, 10, 6]",rainbow,3,2,2,1.3321035149598808
3,"[14, 10, 6]",rainbow,4,3,2,2.125161714402285
4,"[14, 10, 6]",rainbow,15,10,7,2.781076613627092
