,flop,board_type,0b,1b,2b,profit
0,"[14, 10, 4]",rainbow,1,1,1,1.1085517640930238
1,"[14, 10, 4]",rainbow,2,2,2,1.11155919324917
2,"[14, 10, 4]",rainbow,3,2,2,1.5054858521461796
3,"[14, 10, 4]",rainbow,4,3,2,2.2461406491960134
4,"[14, 10, 4]",rainbow,15,10,7,2.875897923003323
