,flop,board_type,0b,1b,2b,profit
0,"[14, 9, 9]",rainbow,1,1,1,0.7119516805490195
1,"[14, 9, 9]",rainbow,2,2,2,0.7157196239999999
2,"[14, 9, 9]",rainbow,8,6,4,1.7612369565490198
3,"[14, 9, 9]",rainbow,10,7,5,2.3965740441307193
4,"[14, 9, 9]",rainbow,15,10,7,2.706191291973856
5,"[14, 9, 9]",rainbow,16,11,8,2.7312256533333334
