,flop,board_type,0b,1b,2b,profit
0,"[14, 9, 3]",rainbow,1,1,1,0.935998798505747
1,"[14, 9, 3]",rainbow,2,2,2,0.9393934048275863
2,"[14, 9, 3]",rainbow,3,2,2,0.9394450656321838
3,"[14, 9, 3]",rainbow,4,3,2,1.2368878348148153
4,"[14, 9, 3]",rainbow,8,6,4,1.8315256064623249
5,"[14, 9, 3]",rainbow,10,7,5,2.0758206554533842
6,"[14, 9, 3]",rainbow,15,10,7,3.042457287752235
7,"[14, 9, 3]",rainbow,16,11,8,3.072574629987229
