,flop,board_type,0b,1b,2b,profit
0,"[14, 8, 8]",rainbow,1,1,1,0.9824867153030307
1,"[14, 8, 8]",rainbow,8,6,4,1.6090830181818185
2,"[14, 8, 8]",rainbow,10,7,5,2.459512117575758
3,"[14, 8, 8]",rainbow,15,10,7,2.6604080719191923
4,"[14, 8, 8]",rainbow,16,11,8,2.7249468424242425
