,flop,board_type,0b,1b,2b,profit
0,"[14, 8, 4]",rainbow,1,1,1,1.0887597914877594
1,"[14, 8, 4]",rainbow,8,6,4,1.5762822748775895
2,"[14, 8, 4]",rainbow,10,7,5,1.7793338187570629
3,"[14, 8, 4]",rainbow,15,10,7,2.766085619309479
4,"[14, 8, 4]",rainbow,16,11,8,2.841170495555556
