,flop,board_type,0b,1b,2b,profit
0,"[14, 7, 2]",rainbow,1,1,1,1.063033673822976
1,"[14, 7, 2]",rainbow,2,2,2,1.0691912915254238
2,"[14, 7, 2]",rainbow,8,6,4,1.5658164762711864
3,"[14, 7, 2]",rainbow,10,7,5,1.7747195478342754
4,"[14, 7, 2]",rainbow,15,10,7,2.587649968612681
5,"[14, 7, 2]",rainbow,16,11,8,2.6657796568738235
