,flop,board_type,0b,1b,2b,profit
0,"[14, 6, 4]",rainbow,1,1,1,0.6502920743855332
1,"[14, 6, 4]",rainbow,8,6,4,1.1303307670646072
2,"[14, 6, 4]",rainbow,10,7,5,1.3079245672401685
3,"[14, 6, 4]",rainbow,15,10,7,2.0711495210674156
4,"[14, 6, 4]",rainbow,16,11,8,2.1479373920294944
