,flop,board_type,0b,1b,2b,profit
0,"[14, 3, 3]",rainbow,1,1,1,0.7694900235655735
1,"[14, 3, 3]",rainbow,2,2,2,0.7723609168374319
2,"[14, 3, 3]",rainbow,3,2,2,0.7740333126707651
3,"[14, 3, 3]",rainbow,8,6,4,1.255504242998634
4,"[14, 3, 3]",rainbow,10,7,5,1.448474549180328
5,"[14, 3, 3]",rainbow,15,10,7,2.166375937101548
6,"[14, 3, 3]",rainbow,16,11,8,2.242679195867486
