,flop,board_type,0b,1b,2b,profit
0,"[13, 12, 12]",rainbow,1,1,1,1.4480447473786797
1,"[13, 12, 12]",rainbow,2,2,2,2.0054040133418476
2,"[13, 12, 12]",rainbow,10,7,5,2.006802454832639
3,"[13, 12, 12]",rainbow,15,10,7,2.7168505444280147
4,"[13, 12, 12]",rainbow,16,11,8,2.716991258636914
