,flop,board_type,0b,1b,2b,profit
0,"[13, 12, 11]",rainbow,1,1,1,1.5872236732954548
1,"[13, 12, 11]",rainbow,2,2,2,2.221750216477273
2,"[13, 12, 11]",rainbow,3,2,2,2.398711054545455
3,"[13, 12, 11]",rainbow,4,3,2,2.9332008028409096
4,"[13, 12, 11]",rainbow,15,10,7,3.294694594886365
5,"[13, 12, 11]",rainbow,16,11,8,3.2951037403409096
