,flop,board_type,0b,1b,2b,profit
0,"[13, 12, 7]",rainbow,1,1,1,1.1875475211038966
1,"[13, 12, 7]",rainbow,2,2,2,1.746916231493507
2,"[13, 12, 7]",rainbow,3,2,2,2.027037964935065
3,"[13, 12, 7]",rainbow,4,3,2,2.272402792857143
4,"[13, 12, 7]",rainbow,15,10,7,2.8052580644480525
5,"[13, 12, 7]",rainbow,16,11,8,2.8061366407467543
