,flop,board_type,0b,1b,2b,profit
0,"[13, 11, 6]",rainbow,1,1,1,0.9497207137055249
1,"[13, 11, 6]",rainbow,8,6,4,1.3887948649929778
2,"[13, 11, 6]",rainbow,15,10,7,2.1076192399578657
3,"[13, 11, 6]",rainbow,16,11,8,2.1096302185393263
