,flop,board_type,0b,1b,2b,profit
0,"[13, 10, 2]",rainbow,1,1,1,1.2764984974383076
1,"[13, 10, 2]",rainbow,2,2,2,1.7559626933254997
2,"[13, 10, 2]",rainbow,3,2,2,1.7607267371797888
3,"[13, 10, 2]",rainbow,15,10,7,2.3452602463102243
