,flop,board_type,0b,1b,2b,profit
0,"[13, 9, 8]",rainbow,1,1,1,0.7114801008938545
1,"[13, 9, 8]",rainbow,2,2,2,1.1971985264245815
2,"[13, 9, 8]",rainbow,3,2,2,1.5155298452513972
3,"[13, 9, 8]",rainbow,4,3,2,1.7706677642333961
4,"[13, 9, 8]",rainbow,8,6,4,1.9931573501489765
5,"[13, 9, 8]",rainbow,10,7,5,2.1837188916014902
6,"[13, 9, 8]",rainbow,15,10,7,2.485315677107388
7,"[13, 9, 8]",rainbow,16,11,8,2.486746345505898
