,flop,board_type,0b,1b,2b,profit
0,"[13, 7, 7]",rainbow,1,1,1,0.3391661483952706
1,"[13, 7, 7]",rainbow,8,6,4,1.2693355437950449
2,"[13, 7, 7]",rainbow,10,7,5,1.4570830268637387
3,"[13, 7, 7]",rainbow,16,11,8,1.504954484960586
