,flop,board_type,0b,1b,2b,profit
0,"[13, 5, 2]",rainbow,1,1,1,0.4308766281512607
1,"[13, 5, 2]",rainbow,2,2,2,0.43384130182072855
2,"[13, 5, 2]",rainbow,8,6,4,1.293439792016807
3,"[13, 5, 2]",rainbow,10,7,5,1.4742754302054157
4,"[13, 5, 2]",rainbow,15,10,7,1.7953476914098976
5,"[13, 5, 2]",rainbow,16,11,8,1.8502659820261442
