,flop,board_type,0b,1b,2b,profit
0,"[13, 4, 4]",rainbow,1,1,1,0.4005899722222225
1,"[13, 4, 4]",rainbow,8,6,4,1.283941073080066
2,"[13, 4, 4]",rainbow,10,7,5,1.2854261056168306
3,"[13, 4, 4]",rainbow,15,10,7,1.4232627963643794
4,"[13, 4, 4]",rainbow,16,11,8,1.4743259820057197
