,flop,board_type,0b,1b,2b,profit
0,"[12, 12, 12]",rainbow,1,1,1,1.3006249362512918
1,"[12, 12, 12]",rainbow,2,2,2,1.3008974913108156
2,"[12, 12, 12]",rainbow,3,2,2,1.303137244287006
3,"[12, 12, 12]",rainbow,4,3,2,1.5207805402526149
4,"[12, 12, 12]",rainbow,8,6,4,2.45736271819273
5,"[12, 12, 12]",rainbow,10,7,5,2.4601229462019893
6,"[12, 12, 12]",rainbow,15,10,7,2.923671944383206
