,flop,board_type,0b,1b,2b,profit
0,"[12, 12, 10]",rainbow,1,1,1,1.8911382038834958
1,"[12, 12, 10]",rainbow,2,2,2,2.4505626601941755
2,"[12, 12, 10]",rainbow,8,6,4,2.4511796407766995
3,"[12, 12, 10]",rainbow,15,10,7,2.915151781553398
