,flop,board_type,0b,1b,2b,profit
0,"[12, 12, 8]",rainbow,1,1,1,1.3221998299160695
1,"[12, 12, 8]",rainbow,8,6,4,2.52562428598843
2,"[12, 12, 8]",rainbow,15,10,7,2.6987531387285517
