,flop,board_type,0b,1b,2b,profit
0,"[12, 11, 3]",rainbow,1,1,1,1.4032931198412704
1,"[12, 11, 3]",rainbow,8,6,4,1.866463642857143
2,"[12, 11, 3]",rainbow,15,10,7,2.5352867690476195
