,flop,board_type,0b,1b,2b,profit
0,"[12, 10, 5]",rainbow,1,1,1,1.4593324586378742
1,"[12, 10, 5]",rainbow,2,2,2,2.0002315488372098
2,"[12, 10, 5]",rainbow,3,2,2,2.00291336345515
3,"[12, 10, 5]",rainbow,4,3,2,2.003020701162791
4,"[12, 10, 5]",rainbow,8,6,4,2.003134775415283
5,"[12, 10, 5]",rainbow,15,10,7,2.544815206976745
