,flop,board_type,0b,1b,2b,profit
0,"[12, 10, 2]",rainbow,1,1,1,1.5833710138277814
1,"[12, 10, 2]",rainbow,2,2,2,2.1137069780012574
2,"[12, 10, 2]",rainbow,8,6,4,2.1147431376492776
3,"[12, 10, 2]",rainbow,15,10,7,2.6568790000000004
