,flop,board_type,0b,1b,2b,profit
0,"[12, 9, 5]",rainbow,1,1,1,1.090179587661142
1,"[12, 9, 5]",rainbow,2,2,2,1.5734473130877842
2,"[12, 9, 5]",rainbow,3,2,2,1.8698116723388583
3,"[12, 9, 5]",rainbow,4,3,2,2.1425023229343156
4,"[12, 9, 5]",rainbow,10,7,5,2.383108289453653
5,"[12, 9, 5]",rainbow,15,10,7,3.091554553726213
