,flop,board_type,0b,1b,2b,profit
0,"[12, 8, 7]",rainbow,1,1,1,1.509491028571429
1,"[12, 8, 7]",rainbow,8,6,4,3.017503466666667
2,"[12, 8, 7]",rainbow,10,7,5,3.2461671345238106
3,"[12, 8, 7]",rainbow,15,10,7,3.285529380952382
4,"[12, 8, 7]",rainbow,16,11,8,3.2898198952380957
