,flop,board_type,0b,1b,2b,profit
0,"[12, 7, 7]",rainbow,1,1,1,0.7781144193153153
1,"[12, 7, 7]",rainbow,8,6,4,2.0467624512672673
