,flop,board_type,0b,1b,2b,profit
0,"[12, 5, 2]",rainbow,1,1,1,0.9343336341269841
1,"[12, 5, 2]",rainbow,8,6,4,2.074092027314815
2,"[12, 5, 2]",rainbow,10,7,5,2.28185714646164
3,"[12, 5, 2]",rainbow,15,10,7,2.490295587367725
4,"[12, 5, 2]",rainbow,16,11,8,2.491124752645503
