,flop,board_type,0b,1b,2b,profit
0,"[12, 4, 3]",rainbow,1,1,1,1.0287685062500003
1,"[12, 4, 3]",rainbow,8,6,4,2.1576179677083336
2,"[12, 4, 3]",rainbow,10,7,5,2.3786183333333333
3,"[12, 4, 3]",rainbow,15,10,7,2.5760860583333334
