,flop,board_type,0b,1b,2b,profit
0,"[11, 10, 7]",rainbow,1,1,1,2.0824527139032822
1,"[11, 10, 7]",rainbow,2,2,2,2.084332076079448
2,"[11, 10, 7]",rainbow,3,2,2,2.4094869803972374
3,"[11, 10, 7]",rainbow,4,3,2,3.413727903972367
4,"[11, 10, 7]",rainbow,8,6,4,3.415107832642488
5,"[11, 10, 7]",rainbow,15,10,7,3.415380230915373
