,flop,board_type,0b,1b,2b,profit
0,"[11, 9, 4]",rainbow,1,1,1,1.2242389149790749
1,"[11, 9, 4]",rainbow,10,7,5,1.4601793934840737
2,"[11, 9, 4]",rainbow,15,10,7,2.091793318629389
