,flop,board_type,0b,1b,2b,profit
0,"[11, 9, 2]",rainbow,1,1,1,1.223330189287375
1,"[11, 9, 2]",rainbow,2,2,2,1.2234572358753784
2,"[11, 9, 2]",rainbow,3,2,2,1.226743807027436
3,"[11, 9, 2]",rainbow,10,7,5,1.4597592714019996
4,"[11, 9, 2]",rainbow,15,10,7,2.0961327063124857
