,flop,board_type,0b,1b,2b,profit
0,"[11, 8, 8]",rainbow,1,1,1,1.214524530122572
1,"[11, 8, 8]",rainbow,15,10,7,1.3928140711147083
2,"[11, 8, 8]",rainbow,16,11,8,1.3931585288737283
