,flop,board_type,0b,1b,2b,profit
0,"[11, 8, 6]",rainbow,1,1,1,1.3318478842566621
1,"[11, 8, 6]",rainbow,2,2,2,1.3332141888148674
2,"[11, 8, 6]",rainbow,3,2,2,1.3388656046984577
3,"[11, 8, 6]",rainbow,10,7,5,1.5494906709502105
4,"[11, 8, 6]",rainbow,15,10,7,1.9570910865182332
