,flop,board_type,0b,1b,2b,profit
0,"[11, 7, 3]",rainbow,1,1,1,1.4968348309038904
1,"[11, 7, 3]",rainbow,2,2,2,1.4978405248855835
2,"[11, 7, 3]",rainbow,10,7,5,1.7140604110526323
3,"[11, 7, 3]",rainbow,15,10,7,1.9174049272082379
4,"[11, 7, 3]",rainbow,16,11,8,1.9185574548512585
