,flop,board_type,0b,1b,2b,profit
0,"[11, 7, 2]",rainbow,1,1,1,1.506217181830664
1,"[11, 7, 2]",rainbow,8,6,4,1.5087552481350115
2,"[11, 7, 2]",rainbow,10,7,5,1.7220162010297488
3,"[11, 7, 2]",rainbow,15,10,7,1.9342044150457667
