,flop,board_type,0b,1b,2b,profit
0,"[11, 6, 5]",rainbow,1,1,1,1.0824360250488492
1,"[11, 6, 5]",rainbow,2,2,2,1.0876646654092488
2,"[11, 6, 5]",rainbow,10,7,5,1.2815930001356923
3,"[11, 6, 5]",rainbow,15,10,7,1.4838581542824576
4,"[11, 6, 5]",rainbow,16,11,8,1.488460380780504
