,flop,board_type,0b,1b,2b,profit
0,"[11, 5, 2]",rainbow,1,1,1,1.2973623966836734
1,"[11, 5, 2]",rainbow,10,7,5,1.4779389630102044
2,"[11, 5, 2]",rainbow,15,10,7,1.6661488839285707
