,flop,board_type,0b,1b,2b,profit
0,"[10, 10, 6]",rainbow,1,1,1,0.7721093364578353
1,"[10, 10, 6]",rainbow,8,6,4,1.747874032600032
2,"[10, 10, 6]",rainbow,10,7,5,1.9838088777458953
3,"[10, 10, 6]",rainbow,15,10,7,2.047380560927786
