,flop,board_type,0b,1b,2b,profit
0,"[10, 10, 3]",rainbow,1,1,1,0.9200875927166399
1,"[10, 10, 3]",rainbow,8,6,4,1.497543075544923
2,"[10, 10, 3]",rainbow,10,7,5,1.9117044469681335
3,"[10, 10, 3]",rainbow,15,10,7,2.1399496214654286
