,flop,board_type,0b,1b,2b,profit
0,"[10, 9, 6]",rainbow,1,1,1,0.9065185518110797
1,"[10, 9, 6]",rainbow,2,2,2,1.4483645079900571
2,"[10, 9, 6]",rainbow,3,2,2,2.212963811470171
3,"[10, 9, 6]",rainbow,4,3,2,3.454569020525569
