,flop,board_type,0b,1b,2b,profit
0,"[10, 6, 6]",rainbow,1,1,1,0.8284424061514712
1,"[10, 6, 6]",rainbow,8,6,4,1.87369577594532
2,"[10, 6, 6]",rainbow,10,7,5,2.093161420526954
3,"[10, 6, 6]",rainbow,15,10,7,2.148359066255099
4,"[10, 6, 6]",rainbow,16,11,8,2.148885420504906
