,flop,board_type,0b,1b,2b,profit
0,"[10, 6, 4]",rainbow,1,1,1,0.9109270912480806
1,"[10, 6, 4]",rainbow,8,6,4,1.5178612692476428
2,"[10, 6, 4]",rainbow,10,7,5,2.001788243200264
3,"[10, 6, 4]",rainbow,15,10,7,2.2071463040140387
