,flop,board_type,0b,1b,2b,profit
0,"[10, 6, 3]",rainbow,1,1,1,0.925707212985304
1,"[10, 6, 3]",rainbow,2,2,2,0.927439086586971
2,"[10, 6, 3]",rainbow,8,6,4,1.5327607940886168
3,"[10, 6, 3]",rainbow,10,7,5,2.0162429956679095
4,"[10, 6, 3]",rainbow,15,10,7,2.2200439692915115
5,"[10, 6, 3]",rainbow,16,11,8,2.220555270070191
