,flop,board_type,0b,1b,2b,profit
0,"[10, 5, 2]",rainbow,1,1,1,1.0073541531914894
1,"[10, 5, 2]",rainbow,2,2,2,1.0079032808510637
2,"[10, 5, 2]",rainbow,8,6,4,1.600630565957447
3,"[10, 5, 2]",rainbow,10,7,5,2.048055361702128
4,"[10, 5, 2]",rainbow,15,10,7,2.2516173617021282
