,flop,board_type,0b,1b,2b,profit
0,"[10, 3, 3]",rainbow,1,1,1,1.0574205210401897
1,"[10, 3, 3]",rainbow,2,2,2,1.0587217442080379
2,"[10, 3, 3]",rainbow,8,6,4,1.6466740472813237
3,"[10, 3, 3]",rainbow,10,7,5,2.1180554486997636
4,"[10, 3, 3]",rainbow,15,10,7,2.317529618439717
