,flop,board_type,0b,1b,2b,profit
0,"[9, 7, 6]",rainbow,1,1,1,1.1136804547894021
1,"[9, 7, 6]",rainbow,2,2,2,1.1168051266644023
2,"[9, 7, 6]",rainbow,3,2,2,1.3833693781929348
3,"[9, 7, 6]",rainbow,4,3,2,1.6820000814877722
4,"[9, 7, 6]",rainbow,8,6,4,2.259160019055707
5,"[9, 7, 6]",rainbow,10,7,5,2.7519289270040765
6,"[9, 7, 6]",rainbow,15,10,7,2.874015698505435
7,"[9, 7, 6]",rainbow,16,11,8,2.875579717289402
