,flop,board_type,0b,1b,2b,profit
0,"[9, 7, 3]",rainbow,1,1,1,1.0426469335597828
1,"[9, 7, 3]",rainbow,2,2,2,1.0448024245244567
2,"[9, 7, 3]",rainbow,3,2,2,1.3178641833559788
3,"[9, 7, 3]",rainbow,4,3,2,1.5704342850543482
4,"[9, 7, 3]",rainbow,8,6,4,1.8633630691236416
5,"[9, 7, 3]",rainbow,10,7,5,2.2184275173573376
6,"[9, 7, 3]",rainbow,15,10,7,2.7152028738451093
7,"[9, 7, 3]",rainbow,16,11,8,2.7172721673913047
