,flop,board_type,0b,1b,2b,profit
0,"[8, 8, 5]",rainbow,1,1,1,1.2927073169267707
1,"[8, 8, 5]",rainbow,8,6,4,1.8039795500000002
2,"[8, 8, 5]",rainbow,10,7,5,2.4638265669867945
3,"[8, 8, 5]",rainbow,15,10,7,2.7429083072028817
4,"[8, 8, 5]",rainbow,16,11,8,2.786973785294118
