,flop,board_type,0b,1b,2b,profit
0,"[8, 8, 4]",rainbow,1,1,1,1.3487743616681458
1,"[8, 8, 4]",rainbow,2,2,2,1.3495325927240462
2,"[8, 8, 4]",rainbow,8,6,4,1.8663045831410825
3,"[8, 8, 4]",rainbow,10,7,5,2.3441415712511096
4,"[8, 8, 4]",rainbow,15,10,7,2.7765221872227155
5,"[8, 8, 4]",rainbow,16,11,8,2.819797227417924
