,flop,board_type,0b,1b,2b,profit
0,"[8, 7, 6]",rainbow,1,1,1,1.7032166282722518
1,"[8, 7, 6]",rainbow,2,2,2,1.70572608458912
2,"[8, 7, 6]",rainbow,3,2,2,1.966732692374232
3,"[8, 7, 6]",rainbow,4,3,2,2.2461597242886415
4,"[8, 7, 6]",rainbow,8,6,4,2.750872387753245
5,"[8, 7, 6]",rainbow,10,7,5,3.171072704620989
6,"[8, 7, 6]",rainbow,15,10,7,3.2169062293421358
7,"[8, 7, 6]",rainbow,16,11,8,3.2669501584338727
