,flop,board_type,0b,1b,2b,profit
0,"[8, 6, 5]",rainbow,1,1,1,1.347366205894541
1,"[8, 6, 5]",rainbow,8,6,4,1.8501476390966545
2,"[8, 6, 5]",rainbow,10,7,5,2.532283574184192
3,"[8, 6, 5]",rainbow,15,10,7,2.824146536745054
4,"[8, 6, 5]",rainbow,16,11,8,2.8706692886149385
