,flop,board_type,0b,1b,2b,profit
0,"[8, 6, 2]",rainbow,1,1,1,1.398964335047897
1,"[8, 6, 2]",rainbow,8,6,4,1.9337136918783844
2,"[8, 6, 2]",rainbow,10,7,5,2.2526135151082887
3,"[8, 6, 2]",rainbow,15,10,7,2.8503609576218247
4,"[8, 6, 2]",rainbow,16,11,8,2.895819278165349
