,flop,board_type,0b,1b,2b,profit
0,"[8, 3, 2]",rainbow,1,1,1,1.5124402813061228
1,"[8, 3, 2]",rainbow,8,6,4,2.034525404897959
2,"[8, 3, 2]",rainbow,10,7,5,2.349402414204082
3,"[8, 3, 2]",rainbow,15,10,7,2.8963541081224493
4,"[8, 3, 2]",rainbow,16,11,8,2.9444421083265313
