,flop,board_type,0b,1b,2b,profit
0,"[7, 7, 6]",rainbow,1,1,1,1.9365170880292417
1,"[7, 7, 6]",rainbow,2,2,2,1.9379516140724948
2,"[7, 7, 6]",rainbow,8,6,4,2.6362872395674692
3,"[7, 7, 6]",rainbow,10,7,5,3.2069356167377405
4,"[7, 7, 6]",rainbow,15,10,7,3.2478544462381977
5,"[7, 7, 6]",rainbow,16,11,8,3.334443716113311
