,flop,board_type,0b,1b,2b,profit
0,"[7, 7, 3]",rainbow,1,1,1,1.9795076018929314
1,"[7, 7, 3]",rainbow,2,2,2,1.9810935595977526
2,"[7, 7, 3]",rainbow,8,6,4,2.44966506743567
3,"[7, 7, 3]",rainbow,10,7,5,2.6733801362762497
4,"[7, 7, 3]",rainbow,15,10,7,3.2651284714581497
5,"[7, 7, 3]",rainbow,16,11,8,3.351038569653949
