,flop,board_type,0b,1b,2b,profit
0,"[7, 6, 6]",rainbow,1,1,1,2.0086537052061644
1,"[7, 6, 6]",rainbow,2,2,2,2.0106072830487296
2,"[7, 6, 6]",rainbow,8,6,4,2.711867844970846
3,"[7, 6, 6]",rainbow,10,7,5,3.2783843466992924
4,"[7, 6, 6]",rainbow,15,10,7,3.3199258533319456
5,"[7, 6, 6]",rainbow,16,11,8,3.4047186535610168
