,flop,board_type,0b,1b,2b,profit
0,"[7, 6, 3]",rainbow,1,1,1,1.981742905714286
1,"[7, 6, 3]",rainbow,2,2,2,1.982535916326531
2,"[7, 6, 3]",rainbow,8,6,4,2.4465254216326535
3,"[7, 6, 3]",rainbow,10,7,5,2.6639837997959193
4,"[7, 6, 3]",rainbow,15,10,7,3.2780188593877555
5,"[7, 6, 3]",rainbow,16,11,8,3.3687648685714287
