,flop,board_type,0b,1b,2b,profit
0,"[7, 6, 2]",rainbow,1,1,1,1.9956868489795925
1,"[7, 6, 2]",rainbow,2,2,2,1.9967742705539364
2,"[7, 6, 2]",rainbow,8,6,4,2.474635896209913
3,"[7, 6, 2]",rainbow,10,7,5,2.700620444897959
4,"[7, 6, 2]",rainbow,15,10,7,3.286263759183674
5,"[7, 6, 2]",rainbow,16,11,8,3.376711869387756
