,flop,board_type,0b,1b,2b,profit
0,"[7, 5, 5]",rainbow,1,1,1,2.0582785739977205
1,"[7, 5, 5]",rainbow,2,2,2,2.058806542877862
2,"[7, 5, 5]",rainbow,3,2,2,2.059783756635243
3,"[7, 5, 5]",rainbow,8,6,4,2.527280776629027
4,"[7, 5, 5]",rainbow,10,7,5,3.1278553551849164
5,"[7, 5, 5]",rainbow,15,10,7,3.360909084740496
6,"[7, 5, 5]",rainbow,16,11,8,3.445740769916089
