,flop,board_type,0b,1b,2b,profit
0,"[7, 4, 4]",rainbow,1,1,1,2.0833221051428574
1,"[7, 4, 4]",rainbow,8,6,4,2.5583091774693876
2,"[7, 4, 4]",rainbow,10,7,5,2.9643705872653063
3,"[7, 4, 4]",rainbow,15,10,7,3.3589711312653074
4,"[7, 4, 4]",rainbow,16,11,8,3.4473560894693884
