,flop,board_type,0b,1b,2b,profit
0,"[7, 4, 3]",rainbow,1,1,1,2.061739143577431
1,"[7, 4, 3]",rainbow,2,2,2,2.064180105562225
2,"[7, 4, 3]",rainbow,8,6,4,2.5269961074229697
3,"[7, 4, 3]",rainbow,10,7,5,2.737375443217288
4,"[7, 4, 3]",rainbow,15,10,7,3.321864946378552
5,"[7, 4, 3]",rainbow,16,11,8,3.413471790956383
