,flop,board_type,0b,1b,2b,profit
0,"[6, 6, 6]",rainbow,1,1,1,2.2805055333333333
1,"[6, 6, 6]",rainbow,8,6,4,2.898056447342995
2,"[6, 6, 6]",rainbow,10,7,5,3.4297978070048307
3,"[6, 6, 6]",rainbow,15,10,7,3.4661468995169087
4,"[6, 6, 6]",rainbow,16,11,8,3.5465921285024153
