,flop,board_type,0b,1b,2b,profit
0,"[6, 6, 2]",rainbow,1,1,1,2.231287366990292
1,"[6, 6, 2]",rainbow,8,6,4,2.6594257411407773
2,"[6, 6, 2]",rainbow,10,7,5,2.8630749302791267
3,"[6, 6, 2]",rainbow,15,10,7,3.430516159223301
4,"[6, 6, 2]",rainbow,16,11,8,3.5097711796116506
