,flop,board_type,0b,1b,2b,profit
0,"[6, 5, 4]",rainbow,1,1,1,2.1560821101010106
1,"[6, 5, 4]",rainbow,2,2,2,2.158640695454546
2,"[6, 5, 4]",rainbow,8,6,4,2.5682721904040413
3,"[6, 5, 4]",rainbow,10,7,5,2.9476207602272737
4,"[6, 5, 4]",rainbow,15,10,7,3.3714251856060615
5,"[6, 5, 4]",rainbow,16,11,8,3.4518320707070718
