,flop,board_type,0b,1b,2b,profit
0,"[6, 4, 4]",rainbow,1,1,1,2.2681216810945277
1,"[6, 4, 4]",rainbow,8,6,4,2.7028445699004973
2,"[6, 4, 4]",rainbow,10,7,5,3.083310175995025
3,"[6, 4, 4]",rainbow,15,10,7,3.4691420358208958
4,"[6, 4, 4]",rainbow,16,11,8,3.550135307462687
