,flop,board_type,0b,1b,2b,profit
0,"[6, 2, 2]",rainbow,1,1,1,2.281435244278607
1,"[6, 2, 2]",rainbow,2,2,2,2.2835045139303487
2,"[6, 2, 2]",rainbow,8,6,4,2.7161312756218905
3,"[6, 2, 2]",rainbow,10,7,5,2.920932475621891
4,"[6, 2, 2]",rainbow,15,10,7,3.4840162594527366
5,"[6, 2, 2]",rainbow,16,11,8,3.5605322407960203
