,flop,board_type,0b,1b,2b,profit
0,"[5, 4, 3]",rainbow,1,1,1,2.334445153846155
1,"[5, 4, 3]",rainbow,8,6,4,2.7039209230769234
2,"[5, 4, 3]",rainbow,10,7,5,2.865042692307693
3,"[5, 4, 3]",rainbow,15,10,7,3.5881117692307702
4,"[5, 4, 3]",rainbow,16,11,8,3.65314176923077
