,flop,board_type,0b,1b,2b,profit
0,"[5, 2, 2]",rainbow,1,1,1,2.3083386960396046
1,"[5, 2, 2]",rainbow,2,2,2,2.308759855445545
2,"[5, 2, 2]",rainbow,3,2,2,2.3112250980198024
3,"[5, 2, 2]",rainbow,4,3,2,2.3129025267326737
4,"[5, 2, 2]",rainbow,8,6,4,2.722582985148515
5,"[5, 2, 2]",rainbow,10,7,5,2.912131406188119
6,"[5, 2, 2]",rainbow,15,10,7,3.4973488212871287
7,"[5, 2, 2]",rainbow,16,11,8,3.5715811821782184
