,flop,board_type,0b,1b,2b,profit
0,"[3, 3, 3]",rainbow,1,1,1,2.359112444976077
1,"[3, 3, 3]",rainbow,2,2,2,2.360779665071771
2,"[3, 3, 3]",rainbow,3,2,2,2.3630713923444984
3,"[3, 3, 3]",rainbow,8,6,4,2.7589823875598096
4,"[3, 3, 3]",rainbow,10,7,5,2.945170339712919
5,"[3, 3, 3]",rainbow,15,10,7,3.5377479856459337
6,"[3, 3, 3]",rainbow,16,11,8,3.61542128708134
