,flop,board_type,0b,1b,2b,profit
0,"[14, 14, 11]",two-tone,1,1,1,1.5580295478602055
1,"[14, 14, 11]",two-tone,8,6,4,1.9620498935760555
2,"[14, 14, 11]",two-tone,10,7,5,2.028895370699881
3,"[14, 14, 11]",two-tone,15,10,7,2.4752762032028466
4,"[14, 14, 11]",two-tone,16,11,8,2.5722337485172
