,flop,board_type,0b,1b,2b,profit
0,"[14, 14, 9]",two-tone,1,1,1,1.4308817402973897
1,"[14, 14, 9]",two-tone,2,2,2,1.4319631543659592
2,"[14, 14, 9]",two-tone,8,6,4,1.7200566865634808
3,"[14, 14, 9]",two-tone,10,7,5,1.7936473018003993
4,"[14, 14, 9]",two-tone,15,10,7,2.128750605991887
5,"[14, 14, 9]",two-tone,16,11,8,2.2071608660269817
