,flop,board_type,0b,1b,2b,profit
0,"[14, 14, 7]",two-tone,1,1,1,1.4525930358879364
1,"[14, 14, 7]",two-tone,8,6,4,1.6609430224817663
2,"[14, 14, 7]",two-tone,10,7,5,1.8211624697403583
3,"[14, 14, 7]",two-tone,15,10,7,2.0053413266574345
4,"[14, 14, 7]",two-tone,16,11,8,2.165118068343072
