,flop,board_type,0b,1b,2b,profit
0,"[14, 14, 5]",two-tone,1,1,1,1.5110085801378745
1,"[14, 14, 5]",two-tone,8,6,4,1.6870129918879253
2,"[14, 14, 5]",two-tone,10,7,5,1.706419915173025
3,"[14, 14, 5]",two-tone,15,10,7,1.9308800189748139
4,"[14, 14, 5]",two-tone,16,11,8,2.137843290478465
