,flop,board_type,0b,1b,2b,profit
0,"[14, 13, 13]",two-tone,1,1,1,1.5693858582530318
1,"[14, 13, 13]",two-tone,2,2,2,1.6417944995321667
2,"[14, 13, 13]",two-tone,3,2,2,1.668950341663653
3,"[14, 13, 13]",two-tone,4,3,2,1.7892433165471107
4,"[14, 13, 13]",two-tone,8,6,4,1.9081058267150732
5,"[14, 13, 13]",two-tone,10,7,5,2.008136126297533
6,"[14, 13, 13]",two-tone,15,10,7,2.5790395338365184
7,"[14, 13, 13]",two-tone,16,11,8,2.619184999135668
