,flop,board_type,0b,1b,2b,profit
0,"[14, 13, 6]",two-tone,1,1,1,1.576527925814241
1,"[14, 13, 6]",two-tone,2,2,2,1.635550282921348
2,"[14, 13, 6]",two-tone,3,2,2,1.6785889291607154
3,"[14, 13, 6]",two-tone,4,3,2,1.7845862830739607
4,"[14, 13, 6]",two-tone,8,6,4,1.884007784748883
5,"[14, 13, 6]",two-tone,10,7,5,1.8874299837547486
6,"[14, 13, 6]",two-tone,15,10,7,2.001478054504742
7,"[14, 13, 6]",two-tone,16,11,8,2.060265830328293
