,flop,board_type,0b,1b,2b,profit
0,"[14, 11, 10]",two-tone,1,1,1,2.739556649756688
1,"[14, 11, 10]",two-tone,2,2,2,2.922221938610829
2,"[14, 11, 10]",two-tone,3,2,2,2.9391222943977517
3,"[14, 11, 10]",two-tone,4,3,2,3.106356481778539
4,"[14, 11, 10]",two-tone,8,6,4,3.1480254352307426
5,"[14, 11, 10]",two-tone,15,10,7,3.6258701347406355
6,"[14, 11, 10]",two-tone,16,11,8,3.6323113136543577
