,flop,board_type,0b,1b,2b,profit
0,"[14, 11, 8]",two-tone,1,1,1,1.4010929164987158
1,"[14, 11, 8]",two-tone,2,2,2,1.5265016932424422
2,"[14, 11, 8]",two-tone,3,2,2,1.5740083844324246
3,"[14, 11, 8]",two-tone,4,3,2,1.6508006955863466
4,"[14, 11, 8]",two-tone,8,6,4,1.8114477048965125
5,"[14, 11, 8]",two-tone,10,7,5,1.8221967734686824
6,"[14, 11, 8]",two-tone,15,10,7,2.0254810490095827
7,"[14, 11, 8]",two-tone,16,11,8,2.0501795004198775
