,flop,board_type,0b,1b,2b,profit
0,"[14, 11, 6]",two-tone,1,1,1,1.5547022784460178
1,"[14, 11, 6]",two-tone,8,6,4,1.8495768320157144
2,"[14, 11, 6]",two-tone,10,7,5,1.8570382718498402
3,"[14, 11, 6]",two-tone,15,10,7,1.9648867541711126
4,"[14, 11, 6]",two-tone,16,11,8,2.020054006402173
