,flop,board_type,0b,1b,2b,profit
0,"[14, 10, 9]",two-tone,1,1,1,1.3294495242242792
1,"[14, 10, 9]",two-tone,2,2,2,1.4567670830702233
2,"[14, 10, 9]",two-tone,3,2,2,1.5078304496461623
3,"[14, 10, 9]",two-tone,4,3,2,1.583543212629287
4,"[14, 10, 9]",two-tone,8,6,4,1.6885020572672838
5,"[14, 10, 9]",two-tone,15,10,7,1.9373746142623847
