,flop,board_type,0b,1b,2b,profit
0,"[14, 10, 7]",two-tone,1,1,1,1.3896269611378975
1,"[14, 10, 7]",two-tone,2,2,2,1.4503253160655738
2,"[14, 10, 7]",two-tone,3,2,2,1.52466594084378
3,"[14, 10, 7]",two-tone,4,3,2,1.633331068037608
4,"[14, 10, 7]",two-tone,8,6,4,1.7043780867116678
5,"[14, 10, 7]",two-tone,10,7,5,1.7274284156653807
6,"[14, 10, 7]",two-tone,15,10,7,1.8671575891610412
7,"[14, 10, 7]",two-tone,16,11,8,1.9054979193876567
