,flop,board_type,0b,1b,2b,profit
0,"[14, 10, 3]",two-tone,1,1,1,1.5100288236313362
1,"[14, 10, 3]",two-tone,8,6,4,1.768187238451613
2,"[14, 10, 3]",two-tone,10,7,5,1.7765118418709678
3,"[14, 10, 3]",two-tone,15,10,7,1.8339732886543778
4,"[14, 10, 3]",two-tone,16,11,8,1.9084115671889403
