,flop,board_type,0b,1b,2b,profit
0,"[14, 9, 9]",two-tone,1,1,1,1.5635748916879795
1,"[14, 9, 9]",two-tone,8,6,4,1.797951000511509
2,"[14, 9, 9]",two-tone,10,7,5,1.8555531897698205
3,"[14, 9, 9]",two-tone,15,10,7,2.1163673759590793
4,"[14, 9, 9]",two-tone,16,11,8,2.1795676161125312
