,flop,board_type,0b,1b,2b,profit
0,"[14, 7, 2]",two-tone,1,1,1,1.5038782247961047
1,"[14, 7, 2]",two-tone,8,6,4,1.6236043218789158
2,"[14, 7, 2]",two-tone,10,7,5,1.6455660619545383
3,"[14, 7, 2]",two-tone,15,10,7,1.7901148920848997
4,"[14, 7, 2]",two-tone,16,11,8,1.9209733420870982
