,flop,board_type,0b,1b,2b,profit
0,"[14, 5, 3]",two-tone,1,1,1,1.6621003251236486
1,"[14, 5, 3]",two-tone,2,2,2,1.6662739848458707
2,"[14, 5, 3]",two-tone,3,2,2,1.691103089256959
3,"[14, 5, 3]",two-tone,4,3,2,1.7328768049948242
4,"[14, 5, 3]",two-tone,8,6,4,1.806599322952611
5,"[14, 5, 3]",two-tone,10,7,5,1.826058555756844
6,"[14, 5, 3]",two-tone,15,10,7,2.004983443926846
7,"[14, 5, 3]",two-tone,16,11,8,2.1714604817690364
