,flop,board_type,0b,1b,2b,profit
0,"[14, 4, 3]",two-tone,1,1,1,1.5481646862068255
1,"[14, 4, 3]",two-tone,2,2,2,1.551709816290339
2,"[14, 4, 3]",two-tone,3,2,2,1.5796640280771206
3,"[14, 4, 3]",two-tone,4,3,2,1.6179210404701514
4,"[14, 4, 3]",two-tone,8,6,4,1.6967067804474685
5,"[14, 4, 3]",two-tone,10,7,5,1.713485329935045
6,"[14, 4, 3]",two-tone,15,10,7,1.8793680419300962
7,"[14, 4, 3]",two-tone,16,11,8,2.049345280375297
