,flop,board_type,0b,1b,2b,profit
0,"[14, 3, 3]",two-tone,1,1,1,1.6746491357975053
1,"[14, 3, 3]",two-tone,2,2,2,1.6775290325394374
2,"[14, 3, 3]",two-tone,8,6,4,1.7604770643880812
3,"[14, 3, 3]",two-tone,10,7,5,1.7819089229508198
4,"[14, 3, 3]",two-tone,15,10,7,1.9399147892875555
5,"[14, 3, 3]",two-tone,16,11,8,2.1109836767604913
