,flop,board_type,0b,1b,2b,profit
0,"[13, 13, 8]",two-tone,1,1,1,0.626230316898674
1,"[13, 13, 8]",two-tone,8,6,4,0.9440481954410249
2,"[13, 13, 8]",two-tone,10,7,5,0.9984943468703282
3,"[13, 13, 8]",two-tone,15,10,7,1.1900608240320554
4,"[13, 13, 8]",two-tone,16,11,8,1.2559336198639188
