,flop,board_type,0b,1b,2b,profit
0,"[13, 13, 4]",two-tone,1,1,1,0.6906043732590901
1,"[13, 13, 4]",two-tone,2,2,2,0.6907465165355022
2,"[13, 13, 4]",two-tone,8,6,4,0.8246913107454287
3,"[13, 13, 4]",two-tone,15,10,7,0.9324941794590509
4,"[13, 13, 4]",two-tone,16,11,8,1.0564651405775174
