,flop,board_type,0b,1b,2b,profit
0,"[13, 12, 2]",two-tone,1,1,1,1.0404117615079367
1,"[13, 12, 2]",two-tone,2,2,2,1.0903020388888893
2,"[13, 12, 2]",two-tone,3,2,2,1.1507388761904764
3,"[13, 12, 2]",two-tone,4,3,2,1.2060206376984128
4,"[13, 12, 2]",two-tone,8,6,4,1.2384766047619047
5,"[13, 12, 2]",two-tone,10,7,5,1.2428935500000002
6,"[13, 12, 2]",two-tone,15,10,7,1.2752329912698412
7,"[13, 12, 2]",two-tone,16,11,8,1.3374586904761907
