,flop,board_type,0b,1b,2b,profit
0,"[13, 11, 7]",two-tone,1,1,1,0.8677069465312566
1,"[13, 11, 7]",two-tone,2,2,2,0.9847991408632402
2,"[13, 11, 7]",two-tone,3,2,2,1.0504389032045562
3,"[13, 11, 7]",two-tone,4,3,2,1.107498880065875
4,"[13, 11, 7]",two-tone,8,6,4,1.1687926821244767
5,"[13, 11, 7]",two-tone,15,10,7,1.2854401437315586
6,"[13, 11, 7]",two-tone,16,11,8,1.2883758914842518
