,flop,board_type,0b,1b,2b,profit
0,"[13, 10, 9]",two-tone,1,1,1,1.2203735195031928
1,"[13, 10, 9]",two-tone,2,2,2,1.3089302249147081
2,"[13, 10, 9]",two-tone,3,2,2,1.3237313402491584
3,"[13, 10, 9]",two-tone,4,3,2,1.3918960530614557
4,"[13, 10, 9]",two-tone,8,6,4,1.450526091108872
5,"[13, 10, 9]",two-tone,10,7,5,1.45172696353577
6,"[13, 10, 9]",two-tone,15,10,7,1.783805923768172
7,"[13, 10, 9]",two-tone,16,11,8,1.785055328528675
