,flop,board_type,0b,1b,2b,profit
0,"[13, 10, 7]",two-tone,1,1,1,0.839522746153846
1,"[13, 10, 7]",two-tone,2,2,2,1.0101935424932524
2,"[13, 10, 7]",two-tone,3,2,2,1.0477773701585695
3,"[13, 10, 7]",two-tone,4,3,2,1.0783549482287453
4,"[13, 10, 7]",two-tone,8,6,4,1.1384272842611338
5,"[13, 10, 7]",two-tone,10,7,5,1.138826083063428
6,"[13, 10, 7]",two-tone,15,10,7,1.253499064912281
7,"[13, 10, 7]",two-tone,16,11,8,1.2545980634446692
