,flop,board_type,0b,1b,2b,profit
0,"[13, 10, 6]",two-tone,1,1,1,0.8533369959022078
1,"[13, 10, 6]",two-tone,2,2,2,0.9144981231641578
2,"[13, 10, 6]",two-tone,3,2,2,1.0443064849307717
3,"[13, 10, 6]",two-tone,4,3,2,1.1562033156351355
4,"[13, 10, 6]",two-tone,8,6,4,1.1879301702910054
5,"[13, 10, 6]",two-tone,15,10,7,1.2444857733531665
