,flop,board_type,0b,1b,2b,profit
0,"[13, 9, 4]",two-tone,1,1,1,0.8034775479508544
1,"[13, 9, 4]",two-tone,8,6,4,1.0522704573570463
2,"[13, 9, 4]",two-tone,10,7,5,1.0554275775038067
3,"[13, 9, 4]",two-tone,15,10,7,1.0611580638851295
4,"[13, 9, 4]",two-tone,16,11,8,1.0832079900397567
