,flop,board_type,0b,1b,2b,profit
0,"[13, 8, 6]",two-tone,1,1,1,0.7057400428011407
1,"[13, 8, 6]",two-tone,8,6,4,0.907276442860537
2,"[13, 8, 6]",two-tone,10,7,5,0.9475584623663578
3,"[13, 8, 6]",two-tone,15,10,7,1.0106798132335473
4,"[13, 8, 6]",two-tone,16,11,8,1.0914909115823237
