,flop,board_type,0b,1b,2b,profit
0,"[13, 8, 4]",two-tone,1,1,1,0.7356868090533091
1,"[13, 8, 4]",two-tone,8,6,4,0.9686710915326282
2,"[13, 8, 4]",two-tone,15,10,7,1.0075229941406247
3,"[13, 8, 4]",two-tone,16,11,8,1.0898959230353862
