,flop,board_type,0b,1b,2b,profit
0,"[13, 7, 2]",two-tone,1,1,1,0.9305899958144795
1,"[13, 7, 2]",two-tone,2,2,2,0.9328721486877827
2,"[13, 7, 2]",two-tone,8,6,4,1.102255161244344
3,"[13, 7, 2]",two-tone,10,7,5,1.1029942877036198
4,"[13, 7, 2]",two-tone,15,10,7,1.1497293560067872
5,"[13, 7, 2]",two-tone,16,11,8,1.238734348857466
