,flop,board_type,0b,1b,2b,profit
0,"[12, 11, 8]",two-tone,1,1,1,0.9947327634408604
1,"[12, 11, 8]",two-tone,2,2,2,1.0749480828121571
2,"[12, 11, 8]",two-tone,3,2,2,1.0952054883146807
3,"[12, 11, 8]",two-tone,4,3,2,1.157853770572745
4,"[12, 11, 8]",two-tone,8,6,4,1.3040292511520737
5,"[12, 11, 8]",two-tone,10,7,5,1.3052924178187406
6,"[12, 11, 8]",two-tone,15,10,7,1.5433965440531057
7,"[12, 11, 8]",two-tone,16,11,8,1.5474635170616637
