,flop,board_type,0b,1b,2b,profit
0,"[12, 10, 6]",two-tone,1,1,1,0.8969050955801108
1,"[12, 10, 6]",two-tone,2,2,2,1.0758253179120063
2,"[12, 10, 6]",two-tone,3,2,2,1.1379655743666621
3,"[12, 10, 6]",two-tone,4,3,2,1.2037964233526481
4,"[12, 10, 6]",two-tone,8,6,4,1.2323925108745455
5,"[12, 10, 6]",two-tone,10,7,5,1.2346725889772274
6,"[12, 10, 6]",two-tone,15,10,7,1.2950446848874817
