,flop,board_type,0b,1b,2b,profit
0,"[12, 10, 3]",two-tone,1,1,1,0.9945563398216215
1,"[12, 10, 3]",two-tone,2,2,2,1.102897613182703
2,"[12, 10, 3]",two-tone,3,2,2,1.1595704791264865
3,"[12, 10, 3]",two-tone,4,3,2,1.2174610637643246
4,"[12, 10, 3]",two-tone,8,6,4,1.2421207098356757
5,"[12, 10, 3]",two-tone,10,7,5,1.24217501924973
6,"[12, 10, 3]",two-tone,15,10,7,1.2614679697427031
7,"[12, 10, 3]",two-tone,16,11,8,1.3075688599329736
