,flop,board_type,0b,1b,2b,profit
0,"[12, 10, 2]",two-tone,1,1,1,0.9977654387708109
1,"[12, 10, 2]",two-tone,2,2,2,1.1079077274810814
2,"[12, 10, 2]",two-tone,3,2,2,1.1624265488918921
3,"[12, 10, 2]",two-tone,4,3,2,1.2203490712151355
4,"[12, 10, 2]",two-tone,8,6,4,1.2473706542681082
5,"[12, 10, 2]",two-tone,15,10,7,1.2666847210270271
6,"[12, 10, 2]",two-tone,16,11,8,1.3088609305881085
