,flop,board_type,0b,1b,2b,profit
0,"[12, 8, 8]",two-tone,1,1,1,0.8260016549353704
1,"[12, 8, 8]",two-tone,8,6,4,1.2257210616333722
2,"[12, 8, 8]",two-tone,10,7,5,1.2517149403642773
3,"[12, 8, 8]",two-tone,15,10,7,1.4594563544065804
4,"[12, 8, 8]",two-tone,16,11,8,1.5084341150998821
