,flop,board_type,0b,1b,2b,profit
0,"[12, 8, 5]",two-tone,1,1,1,0.8066834471071554
1,"[12, 8, 5]",two-tone,2,2,2,0.871636689875043
2,"[12, 8, 5]",two-tone,3,2,2,0.9639842091000514
3,"[12, 8, 5]",two-tone,4,3,2,1.089385620228518
4,"[12, 8, 5]",two-tone,8,6,4,1.121307183391818
5,"[12, 8, 5]",two-tone,10,7,5,1.1457990813933583
6,"[12, 8, 5]",two-tone,15,10,7,1.2040502008729888
7,"[12, 8, 5]",two-tone,16,11,8,1.2451476714310168
