,flop,board_type,0b,1b,2b,profit
0,"[12, 7, 7]",two-tone,1,1,1,0.9811428097192544
1,"[12, 7, 7]",two-tone,8,6,4,1.2481974854054054
2,"[12, 7, 7]",two-tone,10,7,5,1.2935335840771007
3,"[12, 7, 7]",two-tone,15,10,7,1.4360175373182482
4,"[12, 7, 7]",two-tone,16,11,8,1.5187889869893147
