,flop,board_type,0b,1b,2b,profit
0,"[12, 5, 4]",two-tone,1,1,1,1.0295982298076924
1,"[12, 5, 4]",two-tone,2,2,2,1.087497365598291
2,"[12, 5, 4]",two-tone,3,2,2,1.1187279178876681
3,"[12, 5, 4]",two-tone,4,3,2,1.1754169987789986
4,"[12, 5, 4]",two-tone,8,6,4,1.2980013395909644
5,"[12, 5, 4]",two-tone,10,7,5,1.3170391421703296
6,"[12, 5, 4]",two-tone,15,10,7,1.4012558917328044
7,"[12, 5, 4]",two-tone,16,11,8,1.5012979383089136
