,flop,board_type,0b,1b,2b,profit
0,"[11, 10, 8]",two-tone,1,1,1,0.9192477386872759
1,"[11, 10, 8]",two-tone,2,2,2,0.9972205415733277
2,"[11, 10, 8]",two-tone,3,2,2,1.061514785139138
3,"[11, 10, 8]",two-tone,4,3,2,1.2273675158427917
4,"[11, 10, 8]",two-tone,8,6,4,1.2752988244287635
5,"[11, 10, 8]",two-tone,15,10,7,1.428532611210673
6,"[11, 10, 8]",two-tone,16,11,8,1.429248557913929
