,flop,board_type,0b,1b,2b,profit
0,"[11, 10, 5]",two-tone,1,1,1,0.9639203242542951
1,"[11, 10, 5]",two-tone,2,2,2,1.0819171943100998
2,"[11, 10, 5]",two-tone,3,2,2,1.1462652741426853
3,"[11, 10, 5]",two-tone,4,3,2,1.2403446195885766
4,"[11, 10, 5]",two-tone,8,6,4,1.2752799389342382
