,flop,board_type,0b,1b,2b,profit
0,"[11, 9, 9]",two-tone,1,1,1,0.8983320869669977
1,"[11, 9, 9]",two-tone,2,2,2,0.9624876672088121
2,"[11, 9, 9]",two-tone,3,2,2,1.0142921991093328
3,"[11, 9, 9]",two-tone,4,3,2,1.09327844318661
4,"[11, 9, 9]",two-tone,8,6,4,1.1928049676218748
5,"[11, 9, 9]",two-tone,10,7,5,1.2075794284669334
6,"[11, 9, 9]",two-tone,15,10,7,1.450984243408201
7,"[11, 9, 9]",two-tone,16,11,8,1.4702886107697601
