,flop,board_type,0b,1b,2b,profit
0,"[11, 8, 7]",two-tone,1,1,1,0.8399771598792111
1,"[11, 8, 7]",two-tone,8,6,4,1.1912701514572253
2,"[11, 8, 7]",two-tone,10,7,5,1.1918634875748007
3,"[11, 8, 7]",two-tone,15,10,7,1.3388636682319373
4,"[11, 8, 7]",two-tone,16,11,8,1.340106961851729
