,flop,board_type,0b,1b,2b,profit
0,"[11, 8, 5]",two-tone,1,1,1,0.7271695628923508
1,"[11, 8, 5]",two-tone,2,2,2,0.8546927522901651
2,"[11, 8, 5]",two-tone,3,2,2,0.9144576689142063
3,"[11, 8, 5]",two-tone,4,3,2,0.9809384159962802
4,"[11, 8, 5]",two-tone,8,6,4,0.9811089557777262
5,"[11, 8, 5]",two-tone,10,7,5,1.0042722070216232
6,"[11, 8, 5]",two-tone,15,10,7,1.067997391211346
7,"[11, 8, 5]",two-tone,16,11,8,1.1089028333410835
