,flop,board_type,0b,1b,2b,profit
0,"[11, 8, 4]",two-tone,1,1,1,0.6863800240634066
1,"[11, 8, 4]",two-tone,2,2,2,0.7464956128916287
2,"[11, 8, 4]",two-tone,3,2,2,0.8408517752921676
3,"[11, 8, 4]",two-tone,4,3,2,0.935578064751347
4,"[11, 8, 4]",two-tone,8,6,4,0.9357710638541235
5,"[11, 8, 4]",two-tone,10,7,5,0.9603958862702033
6,"[11, 8, 4]",two-tone,15,10,7,1.0177548134314134
7,"[11, 8, 4]",two-tone,16,11,8,1.0594418544177375
