,flop,board_type,0b,1b,2b,profit
0,"[11, 7, 5]",two-tone,1,1,1,0.8709679632352941
1,"[11, 7, 5]",two-tone,2,2,2,0.9348974002757352
2,"[11, 7, 5]",two-tone,3,2,2,0.9578436456801472
3,"[11, 7, 5]",two-tone,4,3,2,1.028869099264706
4,"[11, 7, 5]",two-tone,8,6,4,1.0715187766544116
5,"[11, 7, 5]",two-tone,10,7,5,1.104859567095588
6,"[11, 7, 5]",two-tone,15,10,7,1.1653420257352942
7,"[11, 7, 5]",two-tone,16,11,8,1.2293732812499998
