,flop,board_type,0b,1b,2b,profit
0,"[11, 5, 4]",two-tone,1,1,1,0.9770802740367599
1,"[11, 5, 4]",two-tone,2,2,2,1.0352551048956324
2,"[11, 5, 4]",two-tone,3,2,2,1.0660240975949165
3,"[11, 5, 4]",two-tone,4,3,2,1.1251017722560732
4,"[11, 5, 4]",two-tone,8,6,4,1.241244475337838
5,"[11, 5, 4]",two-tone,10,7,5,1.2713901578969597
6,"[11, 5, 4]",two-tone,15,10,7,1.3364748323640607
7,"[11, 5, 4]",two-tone,16,11,8,1.417039279327542
