,flop,board_type,0b,1b,2b,profit
0,"[11, 4, 4]",two-tone,1,1,1,0.9703446405771664
1,"[11, 4, 4]",two-tone,8,6,4,1.1288731435702444
2,"[11, 4, 4]",two-tone,10,7,5,1.1789269773228037
3,"[11, 4, 4]",two-tone,15,10,7,1.239970722862435
4,"[11, 4, 4]",two-tone,16,11,8,1.3520651353027202
