,flop,board_type,0b,1b,2b,profit
0,"[10, 9, 9]",two-tone,1,1,1,0.8921395990517317
1,"[10, 9, 9]",two-tone,2,2,2,1.0189883976335623
2,"[10, 9, 9]",two-tone,3,2,2,1.0752120374566085
3,"[10, 9, 9]",two-tone,4,3,2,1.1542523121666244
4,"[10, 9, 9]",two-tone,8,6,4,1.2463042394208788
5,"[10, 9, 9]",two-tone,15,10,7,1.4863162696130723
