,flop,board_type,0b,1b,2b,profit
0,"[10, 9, 4]",two-tone,1,1,1,0.7803961590381838
1,"[10, 9, 4]",two-tone,2,2,2,0.8949832293292055
2,"[10, 9, 4]",two-tone,3,2,2,0.9567373369453047
3,"[10, 9, 4]",two-tone,4,3,2,1.0198052776140352
4,"[10, 9, 4]",two-tone,8,6,4,1.0215264677296183
5,"[10, 9, 4]",two-tone,10,7,5,1.0232359935995874
