,flop,board_type,0b,1b,2b,profit
0,"[10, 7, 4]",two-tone,1,1,1,0.8245385277665775
1,"[10, 7, 4]",two-tone,2,2,2,0.8855344571480415
2,"[10, 7, 4]",two-tone,3,2,2,0.9145106424114433
3,"[10, 7, 4]",two-tone,4,3,2,0.980861016007742
4,"[10, 7, 4]",two-tone,8,6,4,1.0236304978175848
5,"[10, 7, 4]",two-tone,10,7,5,1.063842186059757
6,"[10, 7, 4]",two-tone,15,10,7,1.1337355671559042
7,"[10, 7, 4]",two-tone,16,11,8,1.176342337019415
