,flop,board_type,0b,1b,2b,profit
0,"[10, 7, 2]",two-tone,1,1,1,0.8900286238703459
1,"[10, 7, 2]",two-tone,2,2,2,0.946133449873479
2,"[10, 7, 2]",two-tone,3,2,2,0.9782133361248344
3,"[10, 7, 2]",two-tone,4,3,2,1.0349804107723823
4,"[10, 7, 2]",two-tone,8,6,4,1.0785649480359083
5,"[10, 7, 2]",two-tone,10,7,5,1.1174728231714663
6,"[10, 7, 2]",two-tone,15,10,7,1.1866804875888664
7,"[10, 7, 2]",two-tone,16,11,8,1.2260909115556096
