,flop,board_type,0b,1b,2b,profit
0,"[10, 6, 3]",two-tone,1,1,1,0.8808523451810121
1,"[10, 6, 3]",two-tone,2,2,2,0.8831123668484778
2,"[10, 6, 3]",two-tone,3,2,2,0.9426993984955648
3,"[10, 6, 3]",two-tone,4,3,2,1.0637290953308558
4,"[10, 6, 3]",two-tone,8,6,4,1.137842235195397
5,"[10, 6, 3]",two-tone,10,7,5,1.1787254691920408
6,"[10, 6, 3]",two-tone,15,10,7,1.2481607380724047
7,"[10, 6, 3]",two-tone,16,11,8,1.2904353771277872
