,flop,board_type,0b,1b,2b,profit
0,"[9, 9, 5]",two-tone,1,1,1,1.189551343762719
1,"[9, 9, 5]",two-tone,2,2,2,1.193752573982499
2,"[9, 9, 5]",two-tone,3,2,2,1.254307571951901
3,"[9, 9, 5]",two-tone,4,3,2,1.3292556477309727
4,"[9, 9, 5]",two-tone,8,6,4,1.3737973447241814
5,"[9, 9, 5]",two-tone,10,7,5,1.4472349842838612
6,"[9, 9, 5]",two-tone,15,10,7,1.5242406204493404
7,"[9, 9, 5]",two-tone,16,11,8,1.5380552377328862
