,flop,board_type,0b,1b,2b,profit
0,"[9, 9, 3]",two-tone,1,1,1,1.2263007340433092
1,"[9, 9, 3]",two-tone,2,2,2,1.2270502326720791
2,"[9, 9, 3]",two-tone,3,2,2,1.2271323637937857
3,"[9, 9, 3]",two-tone,4,3,2,1.2579834982018163
4,"[9, 9, 3]",two-tone,8,6,4,1.36409373270894
5,"[9, 9, 3]",two-tone,10,7,5,1.427662628790562
6,"[9, 9, 3]",two-tone,15,10,7,1.5113870527458106
7,"[9, 9, 3]",two-tone,16,11,8,1.5483463426567927
