,flop,board_type,0b,1b,2b,profit
0,"[9, 8, 2]",two-tone,1,1,1,1.113784845997703
1,"[9, 8, 2]",two-tone,2,2,2,1.2083062765763628
2,"[9, 8, 2]",two-tone,3,2,2,1.2801486612701996
3,"[9, 8, 2]",two-tone,4,3,2,1.3101658293528198
4,"[9, 8, 2]",two-tone,8,6,4,1.3115258076085234
5,"[9, 8, 2]",two-tone,10,7,5,1.3788311168706433
6,"[9, 8, 2]",two-tone,15,10,7,1.4109502243841094
