,flop,board_type,0b,1b,2b,profit
0,"[9, 6, 4]",two-tone,1,1,1,1.237187599115261
1,"[9, 6, 4]",two-tone,2,2,2,1.2858242751002054
2,"[9, 6, 4]",two-tone,3,2,2,1.2861715558216835
3,"[9, 6, 4]",two-tone,4,3,2,1.3223934170006848
4,"[9, 6, 4]",two-tone,8,6,4,1.3652248184671034
5,"[9, 6, 4]",two-tone,10,7,5,1.4342482075569458
6,"[9, 6, 4]",two-tone,15,10,7,1.518130462567211
7,"[9, 6, 4]",two-tone,16,11,8,1.5296392419786884
