,flop,board_type,0b,1b,2b,profit
0,"[9, 6, 3]",two-tone,1,1,1,1.2521161942420818
1,"[9, 6, 3]",two-tone,2,2,2,1.299986171033153
2,"[9, 6, 3]",two-tone,3,2,2,1.3004306960146481
3,"[9, 6, 3]",two-tone,4,3,2,1.3393093239510694
4,"[9, 6, 3]",two-tone,8,6,4,1.380745353967821
5,"[9, 6, 3]",two-tone,10,7,5,1.4473745541606606
6,"[9, 6, 3]",two-tone,15,10,7,1.5292346617612684
7,"[9, 6, 3]",two-tone,16,11,8,1.541448345533523
