,flop,board_type,0b,1b,2b,profit
0,"[9, 6, 2]",two-tone,1,1,1,1.2635031301375201
1,"[9, 6, 2]",two-tone,2,2,2,1.3141495826288518
2,"[9, 6, 2]",two-tone,8,6,4,1.3903529257664884
3,"[9, 6, 2]",two-tone,10,7,5,1.4567212493182435
4,"[9, 6, 2]",two-tone,15,10,7,1.5378128082511977
5,"[9, 6, 2]",two-tone,16,11,8,1.5492533770209203
