,flop,board_type,0b,1b,2b,profit
0,"[9, 5, 5]",two-tone,1,1,1,1.3856303090139122
1,"[9, 5, 5]",two-tone,8,6,4,1.5630001217337985
2,"[9, 5, 5]",two-tone,10,7,5,1.6331484097957305
3,"[9, 5, 5]",two-tone,15,10,7,1.7050552560916725
4,"[9, 5, 5]",two-tone,16,11,8,1.7152689121986742
