,flop,board_type,0b,1b,2b,profit
0,"[9, 4, 3]",two-tone,1,1,1,1.374404092210292
1,"[9, 4, 3]",two-tone,2,2,2,1.3753763098663976
2,"[9, 4, 3]",two-tone,3,2,2,1.411643320504595
3,"[9, 4, 3]",two-tone,4,3,2,1.4550242822353896
4,"[9, 4, 3]",two-tone,8,6,4,1.550814091455475
5,"[9, 4, 3]",two-tone,10,7,5,1.6085791739286321
6,"[9, 4, 3]",two-tone,15,10,7,1.6850060648576226
7,"[9, 4, 3]",two-tone,16,11,8,1.6919785292208407
