,flop,board_type,0b,1b,2b,profit
0,"[9, 3, 2]",two-tone,1,1,1,1.4172045825155102
1,"[9, 3, 2]",two-tone,8,6,4,1.551762208460237
2,"[9, 3, 2]",two-tone,10,7,5,1.613621458544839
3,"[9, 3, 2]",two-tone,15,10,7,1.689663735138184
4,"[9, 3, 2]",two-tone,16,11,8,1.7221085385222785
