,flop,board_type,0b,1b,2b,profit
0,"[8, 7, 5]",two-tone,1,1,1,1.2330666640021573
1,"[8, 7, 5]",two-tone,2,2,2,1.3505841379894834
2,"[8, 7, 5]",two-tone,3,2,2,1.446528296535817
3,"[8, 7, 5]",two-tone,4,3,2,1.523125013434906
4,"[8, 7, 5]",two-tone,8,6,4,1.5494129745988792
5,"[8, 7, 5]",two-tone,10,7,5,1.6357450393994262
6,"[8, 7, 5]",two-tone,15,10,7,1.7044699435637654
7,"[8, 7, 5]",two-tone,16,11,8,1.7255352719725718
