,flop,board_type,0b,1b,2b,profit
0,"[8, 5, 4]",two-tone,1,1,1,1.2979557992831543
1,"[8, 5, 4]",two-tone,2,2,2,1.3014072594185584
2,"[8, 5, 4]",two-tone,8,6,4,1.4186504355236962
3,"[8, 5, 4]",two-tone,10,7,5,1.5088005213460776
4,"[8, 5, 4]",two-tone,15,10,7,1.6556850751692553
5,"[8, 5, 4]",two-tone,16,11,8,1.7504443683990445
