,flop,board_type,0b,1b,2b,profit
0,"[8, 5, 3]",two-tone,1,1,1,1.2925202130268638
1,"[8, 5, 3]",two-tone,2,2,2,1.3449859274938687
2,"[8, 5, 3]",two-tone,8,6,4,1.4602004966919522
3,"[8, 5, 3]",two-tone,10,7,5,1.5357805879199227
4,"[8, 5, 3]",two-tone,15,10,7,1.6727791927935896
5,"[8, 5, 3]",two-tone,16,11,8,1.7615217735698399
