,flop,board_type,0b,1b,2b,profit
0,"[7, 3, 3]",two-tone,1,1,1,1.49294091465
1,"[7, 3, 3]",two-tone,8,6,4,1.6155479446499998
2,"[7, 3, 3]",two-tone,10,7,5,1.66836573275
3,"[7, 3, 3]",two-tone,15,10,7,1.7746311867000002
4,"[7, 3, 3]",two-tone,16,11,8,1.89358966225
