,flop,board_type,0b,1b,2b,profit
0,"[6, 6, 4]",two-tone,1,1,1,1.3390681095301098
1,"[6, 6, 4]",two-tone,2,2,2,1.3406446762678936
2,"[6, 6, 4]",two-tone,3,2,2,1.3709793959187366
3,"[6, 6, 4]",two-tone,4,3,2,1.3970585339879222
4,"[6, 6, 4]",two-tone,8,6,4,1.474353320167907
5,"[6, 6, 4]",two-tone,10,7,5,1.554307918202813
6,"[6, 6, 4]",two-tone,15,10,7,1.6620446506593294
7,"[6, 6, 4]",two-tone,16,11,8,1.8052071400770244
