,flop,board_type,0b,1b,2b,profit
0,"[6, 6, 2]",two-tone,1,1,1,1.3649163541950071
1,"[6, 6, 2]",two-tone,2,2,2,1.3662941137833928
2,"[6, 6, 2]",two-tone,3,2,2,1.3665096488570008
3,"[6, 6, 2]",two-tone,4,3,2,1.4028209642324745
4,"[6, 6, 2]",two-tone,8,6,4,1.5033911694090092
5,"[6, 6, 2]",two-tone,10,7,5,1.5567182109061668
6,"[6, 6, 2]",two-tone,15,10,7,1.6866900678782208
7,"[6, 6, 2]",two-tone,16,11,8,1.8249102449023304
