,flop,board_type,0b,1b,2b,profit
0,"[5, 4, 2]",two-tone,1,1,1,1.7638681418607258
1,"[5, 4, 2]",two-tone,2,2,2,1.8160854230655867
2,"[5, 4, 2]",two-tone,3,2,2,1.84677761351199
3,"[5, 4, 2]",two-tone,4,3,2,1.8724393615310033
4,"[5, 4, 2]",two-tone,8,6,4,1.9450637510628472
5,"[5, 4, 2]",two-tone,10,7,5,1.9820540219650093
6,"[5, 4, 2]",two-tone,15,10,7,2.106569427609604
7,"[5, 4, 2]",two-tone,16,11,8,2.260534800151221
