,flop,board_type,0b,1b,2b,profit
0,"[4, 3, 3]",two-tone,1,1,1,1.660412982312686
1,"[4, 3, 3]",two-tone,8,6,4,1.8001422709949113
2,"[4, 3, 3]",two-tone,10,7,5,1.8492484947359187
3,"[4, 3, 3]",two-tone,15,10,7,1.9471043260396557
4,"[4, 3, 3]",two-tone,16,11,8,2.1202088347780315
