,flop,board_type,0b,1b,2b,profit
0,"[4, 3, 2]",two-tone,1,1,1,1.6421060379804882
1,"[4, 3, 2]",two-tone,8,6,4,1.7820973799121953
2,"[4, 3, 2]",two-tone,10,7,5,1.8243051018536587
3,"[4, 3, 2]",two-tone,15,10,7,1.9409702909073172
4,"[4, 3, 2]",two-tone,16,11,8,2.1127434230926827
