,flop,board_type,0b,1b,2b,profit
0,"[14, 14, 12]",two-tone,1,1,1,0.516832771620259
1,"[14, 14, 12]",two-tone,2,2,2,0.6147708338212787
2,"[14, 14, 12]",two-tone,3,2,2,0.7534955417475351
3,"[14, 14, 12]",two-tone,8,6,4,0.8962741694253283
