,flop,board_type,0b,1b,2b,profit
0,"[14, 14, 8]",two-tone,1,1,1,0.3308505333231833
1,"[14, 14, 8]",two-tone,2,2,2,0.33125658289650733
2,"[14, 14, 8]",two-tone,3,2,2,0.3330352012326734
3,"[14, 14, 8]",two-tone,8,6,4,0.514785890742482
