,flop,board_type,0b,1b,2b,profit
0,"[14, 12, 3]",two-tone,1,1,1,0.8138212419264655
1,"[14, 12, 3]",two-tone,2,2,2,0.8251006095544123
