,flop,board_type,0b,1b,2b,profit
0,"[14, 12, 2]",two-tone,1,1,1,0.8405067357640789
1,"[14, 12, 2]",two-tone,2,2,2,0.8407640768797565
