,flop,board_type,0b,1b,2b,profit
0,"[14, 11, 11]",two-tone,1,1,1,0.9252205520401463
1,"[14, 11, 11]",two-tone,2,2,2,1.004306007072673
2,"[14, 11, 11]",two-tone,3,2,2,1.099498068634211
3,"[14, 11, 11]",two-tone,4,3,2,1.1007967164435928
4,"[14, 11, 11]",two-tone,8,6,4,1.1026665036321408
