,flop,board_type,0b,1b,2b,profit
0,"[14, 11, 8]",two-tone,1,1,1,0.8219132794822239
1,"[14, 11, 8]",two-tone,2,2,2,0.8505287450088486
