,flop,board_type,0b,1b,2b,profit
0,"[14, 9, 3]",two-tone,1,1,1,0.6125662475044246
1,"[14, 9, 3]",two-tone,2,2,2,0.614861225872566
