,flop,board_type,0b,1b,2b,profit
0,"[13, 13, 10]",two-tone,1,1,1,1.425251882510484
1,"[13, 13, 10]",two-tone,2,2,2,1.4969624134780137
