,flop,board_type,0b,1b,2b,profit
0,"[13, 13, 7]",two-tone,1,1,1,1.1566611585811004
1,"[13, 13, 7]",two-tone,2,2,2,1.1589768997420586
2,"[13, 13, 7]",two-tone,3,2,2,1.1594424428576284
