,flop,board_type,0b,1b,2b,profit
0,"[12, 11, 8]",two-tone,1,1,1,1.5273171755102564
1,"[12, 11, 8]",two-tone,2,2,2,1.6562546415923987
