,flop,board_type,0b,1b,2b,profit
0,"[12, 9, 9]",two-tone,1,1,1,1.0776272407567942
1,"[12, 9, 9]",two-tone,2,2,2,1.1628155055213805
