,flop,board_type,0b,1b,2b,profit
0,"[12, 7, 7]",two-tone,1,1,1,1.269464226994242
1,"[12, 7, 7]",two-tone,8,6,4,1.35094053239717
