,flop,board_type,0b,1b,2b,profit
0,"[11, 9, 7]",two-tone,1,1,1,1.7577191601155469
1,"[11, 9, 7]",two-tone,2,2,2,1.8188998297062458
