,flop,board_type,0b,1b,2b,profit
0,"[11, 7, 3]",two-tone,1,1,1,1.5363580986938863
1,"[11, 7, 3]",two-tone,2,2,2,1.5400155623391112
