,flop,board_type,0b,1b,2b,profit
0,"[11, 6, 6]",two-tone,1,1,1,1.1275823568316234
1,"[11, 6, 6]",two-tone,2,2,2,1.1304942231394877
