,flop,board_type,0b,1b,2b,profit
0,"[9, 9, 2]",two-tone,1,1,1,0.7636403587765529
1,"[9, 9, 2]",two-tone,2,2,2,0.7674751569883521
