,flop,board_type,0b,1b,2b,profit
0,"[8, 8, 7]",two-tone,1,1,1,1.3270810985747241
1,"[8, 8, 7]",two-tone,15,10,7,1.3278213078258096
