,flop,board_type,0b,1b,2b,profit
0,"[7, 6, 6]",two-tone,1,1,1,0.9310135536868578
1,"[7, 6, 6]",two-tone,8,6,4,0.9913482360757986
