,flop,board_type,0b,1b,2b,profit
0,"[5, 3, 2]",two-tone,1,1,1,0.8316554733577822
1,"[5, 3, 2]",two-tone,2,2,2,0.835175790896716
