,flop,board_type,0b,1b,2b,profit
0,"[4, 2, 2]",two-tone,1,1,1,0.6238486114894656
1,"[4, 2, 2]",two-tone,2,2,2,0.6248034771044428
