,flop,board_type,0b,1b,2b,profit
0,"[14, 14, 13]",two-tone,1,1,1,1.9032244714125155
1,"[14, 14, 13]",two-tone,15,10,7,1.9733650820397708
2,"[14, 14, 13]",two-tone,16,11,8,2.218945299981207
