,flop,board_type,0b,1b,2b,profit
0,"[14, 14, 11]",two-tone,1,1,1,0.7529159741714437
1,"[14, 14, 11]",two-tone,2,2,2,0.8913608332649812
2,"[14, 14, 11]",two-tone,8,6,4,1.0397236035320065
3,"[14, 14, 11]",two-tone,15,10,7,1.1340807348313222
