,flop,board_type,0b,1b,2b,profit
0,"[14, 14, 9]",two-tone,1,1,1,0.4083723212693511
1,"[14, 14, 9]",two-tone,2,2,2,0.40956530814521686
