,flop,board_type,0b,1b,2b,profit
0,"[14, 14, 8]",two-tone,1,1,1,0.37112468377164765
1,"[14, 14, 8]",two-tone,2,2,2,0.3736050448328911
