,flop,board_type,0b,1b,2b,profit
0,"[14, 14, 6]",two-tone,1,1,1,1.0040801188520438
1,"[14, 14, 6]",two-tone,2,2,2,1.008112968504642
