,flop,board_type,0b,1b,2b,profit
0,"[14, 14, 5]",two-tone,1,1,1,1.054764275290611
1,"[14, 14, 5]",two-tone,2,2,2,1.056644049090554
