,flop,board_type,0b,1b,2b,profit
0,"[14, 14, 4]",two-tone,1,1,1,0.8979073070726995
1,"[14, 14, 4]",two-tone,2,2,2,0.8982047569236584
2,"[14, 14, 4]",two-tone,3,2,2,0.8989311953053404
3,"[14, 14, 4]",two-tone,8,6,4,1.0774991779267697
4,"[14, 14, 4]",two-tone,10,7,5,1.130410545333664
