,flop,board_type,0b,1b,2b,profit
0,"[14, 14, 2]",two-tone,1,1,1,0.8960638941976569
1,"[14, 14, 2]",two-tone,8,6,4,1.070895230006048
2,"[14, 14, 2]",two-tone,10,7,5,1.1204214070578022
