,flop,board_type,0b,1b,2b,profit
0,"[14, 10, 10]",two-tone,1,1,1,1.2232947806530992
1,"[14, 10, 10]",two-tone,2,2,2,1.224590365349943
