,flop,board_type,0b,1b,2b,profit
0,"[14, 10, 5]",two-tone,1,1,1,1.731974976249775
1,"[14, 10, 5]",two-tone,2,2,2,1.7321542985942846
