,flop,board_type,0b,1b,2b,profit
0,"[14, 9, 2]",two-tone,1,1,1,0.7991627417735574
1,"[14, 9, 2]",two-tone,2,2,2,0.8014751279804537
2,"[14, 9, 2]",two-tone,3,2,2,0.8026000314287298
