,flop,board_type,0b,1b,2b,profit
0,"[14, 7, 5]",two-tone,1,1,1,0.7912163588186645
1,"[14, 7, 5]",two-tone,2,2,2,0.7956675408876301
