,flop,board_type,0b,1b,2b,profit
0,"[14, 3, 2]",two-tone,1,1,1,1.2441455470190315
1,"[14, 3, 2]",two-tone,2,2,2,1.2445248546522283
