,flop,board_type,0b,1b,2b,profit
0,"[13, 13, 7]",two-tone,1,1,1,0.991916418606203
1,"[13, 13, 7]",two-tone,2,2,2,0.9936900107213467
