,flop,board_type,0b,1b,2b,profit
0,"[13, 9, 9]",two-tone,1,1,1,2.0779034048549097
1,"[13, 9, 9]",two-tone,2,2,2,2.0820870762600023
