,flop,board_type,0b,1b,2b,profit
0,"[13, 8, 6]",two-tone,1,1,1,1.3376878762631002
1,"[13, 8, 6]",two-tone,2,2,2,1.3390415071829542
