,flop,board_type,0b,1b,2b,profit
0,"[13, 7, 5]",two-tone,1,1,1,1.2971340223219723
1,"[13, 7, 5]",two-tone,2,2,2,1.2979650991335672
