,flop,board_type,0b,1b,2b,profit
0,"[13, 7, 4]",two-tone,1,1,1,1.1846202605011946
1,"[13, 7, 4]",two-tone,2,2,2,1.1862598579833696
