,flop,board_type,0b,1b,2b,profit
0,"[13, 7, 2]",two-tone,1,1,1,1.172042922534279
1,"[13, 7, 2]",two-tone,2,2,2,1.1802560685013022
