,flop,board_type,0b,1b,2b,profit
0,"[13, 6, 4]",two-tone,1,1,1,1.6940291997609505
1,"[13, 6, 4]",two-tone,2,2,2,1.6996663360823945
