,flop,board_type,0b,1b,2b,profit
0,"[13, 6, 2]",two-tone,1,1,1,1.6847056547154171
1,"[13, 6, 2]",two-tone,2,2,2,1.6860137401920543
