,flop,board_type,0b,1b,2b,profit
0,"[12, 12, 11]",two-tone,1,1,1,0.05550303996729822
1,"[12, 12, 11]",two-tone,8,6,4,0.06343652999611271
2,"[12, 12, 11]",two-tone,15,10,7,0.27122353995290926
