,flop,board_type,0b,1b,2b,profit
0,"[12, 12, 3]",two-tone,1,1,1,0.12073745811275122
1,"[12, 12, 3]",two-tone,2,2,2,0.12272990026927855
