,flop,board_type,0b,1b,2b,profit
0,"[12, 7, 7]",two-tone,1,1,1,0.6707386352375313
1,"[12, 7, 7]",two-tone,2,2,2,0.6745292829852791
