,flop,board_type,0b,1b,2b,profit
0,"[12, 7, 5]",two-tone,1,1,1,0.44697579699802814
1,"[12, 7, 5]",two-tone,2,2,2,0.4509148291840185
