,flop,board_type,0b,1b,2b,profit
0,"[12, 5, 5]",two-tone,1,1,1,0.8316268596367657
1,"[12, 5, 5]",two-tone,2,2,2,0.8396818535190409
