,flop,board_type,0b,1b,2b,profit
0,"[12, 2, 2]",two-tone,1,1,1,0.7007959412185465
1,"[12, 2, 2]",two-tone,2,2,2,0.7009050228700225
