,flop,board_type,0b,1b,2b,profit
0,"[11, 4, 3]",two-tone,1,1,1,1.1492215101293262
1,"[11, 4, 3]",two-tone,2,2,2,1.155623610809599
