,flop,board_type,0b,1b,2b,profit
0,"[10, 6, 6]",two-tone,1,1,1,0.3856509495561339
1,"[10, 6, 6]",two-tone,2,2,2,0.38816747131227947
