,flop,board_type,0b,1b,2b,profit
0,"[10, 4, 2]",two-tone,1,1,1,0.3027991031076177
1,"[10, 4, 2]",two-tone,2,2,2,0.3040275588942072
