,flop,board_type,0b,1b,2b,profit
0,"[9, 4, 3]",two-tone,1,1,1,0.7316218889568009
1,"[9, 4, 3]",two-tone,2,2,2,0.732362161075313
