,flop,board_type,0b,1b,2b,profit
0,"[8, 8, 4]",two-tone,1,1,1,1.084924256221462
1,"[8, 8, 4]",two-tone,2,2,2,1.0869682041684618
