,flop,board_type,0b,1b,2b,profit
0,"[8, 6, 4]",two-tone,1,1,1,0.5671145163253599
1,"[8, 6, 4]",two-tone,2,2,2,0.5671154348875116
