,flop,board_type,0b,1b,2b,profit
0,"[8, 2, 2]",two-tone,1,1,1,0.36032981179375734
1,"[8, 2, 2]",two-tone,2,2,2,0.3646721505100838
