,flop,board_type,0b,1b,2b,profit
0,"[7, 4, 2]",two-tone,1,1,1,0.464410099817384
1,"[7, 4, 2]",two-tone,2,2,2,0.4703730572153436
