,flop,board_type,0b,1b,2b,profit
0,"[6, 4, 4]",two-tone,1,1,1,0.6516400678345444
1,"[6, 4, 4]",two-tone,2,2,2,0.6578205894763356
