,flop,board_type,0b,1b,2b,profit
0,"[5, 5, 3]",two-tone,1,1,1,0.870495373527576
1,"[5, 5, 3]",two-tone,2,2,2,0.8747421157958686
