,flop,board_type,0b,1b,2b,profit
0,"[4, 2, 2]",two-tone,1,1,1,0.4672744061520078
1,"[4, 2, 2]",two-tone,2,2,2,0.46938195700566643
