,flop,board_type,0b,1b,2b,profit
0,"[14, 14, 9]",rainbow,1,1,1,0.717471653383349
1,"[14, 14, 9]",rainbow,2,2,2,0.7183385369592671
2,"[14, 14, 9]",rainbow,3,2,2,0.7214502313214319
3,"[14, 14, 9]",rainbow,4,3,2,0.7706786632647471
4,"[14, 14, 9]",rainbow,8,6,4,0.9621044244932851
5,"[14, 14, 9]",rainbow,15,10,7,1.0217280961806405
6,"[14, 14, 9]",rainbow,16,11,8,1.0305426310361483
