,flop,board_type,0b,1b,2b,profit
0,"[14, 7, 6]",rainbow,1,1,1,0.33505037356758904
1,"[14, 7, 6]",rainbow,10,7,5,0.3382927764418384
