,flop,board_type,0b,1b,2b,profit
0,"[14, 7, 3]",rainbow,1,1,1,0.8228719514266567
1,"[14, 7, 3]",rainbow,2,2,2,0.8232314053149916
