,flop,board_type,0b,1b,2b,profit
0,"[14, 5, 4]",rainbow,1,1,1,1.2833037884479719
1,"[14, 5, 4]",rainbow,8,6,4,1.3640100858024686
2,"[14, 5, 4]",rainbow,10,7,5,1.443571881422692
