,flop,board_type,0b,1b,2b,profit
0,"[14, 5, 2]",rainbow,1,1,1,1.2414995761022927
1,"[14, 5, 2]",rainbow,2,2,2,1.2420607106701937
2,"[14, 5, 2]",rainbow,3,2,2,1.2441343952380945
3,"[14, 5, 2]",rainbow,8,6,4,1.3642189261022932
4,"[14, 5, 2]",rainbow,10,7,5,1.4344581221340387
