,flop,board_type,0b,1b,2b,profit
0,"[14, 4, 3]",rainbow,1,1,1,1.0399456444444442
1,"[14, 4, 3]",rainbow,2,2,2,1.0408656205828775
2,"[14, 4, 3]",rainbow,8,6,4,1.3006936582877957
3,"[14, 4, 3]",rainbow,10,7,5,1.3791204004553734
