,flop,board_type,0b,1b,2b,profit
0,"[14, 4, 2]",rainbow,1,1,1,1.0185773088342442
1,"[14, 4, 2]",rainbow,8,6,4,1.4961845783849421
2,"[14, 4, 2]",rainbow,10,7,5,1.5574389299028533
