,flop,board_type,0b,1b,2b,profit
0,"[13, 11, 11]",rainbow,1,1,1,0.45470315772727277
1,"[13, 11, 11]",rainbow,8,6,4,0.7569129760259136
2,"[13, 11, 11]",rainbow,10,7,5,1.1749582268525152
3,"[13, 11, 11]",rainbow,15,10,7,1.356712536491202
