,flop,board_type,0b,1b,2b,profit
0,"[13, 9, 4]",rainbow,1,1,1,1.2687049628442026
1,"[13, 9, 4]",rainbow,2,2,2,1.2699675376026567
