,flop,board_type,0b,1b,2b,profit
0,"[13, 4, 3]",rainbow,1,1,1,1.0584907704495614
1,"[13, 4, 3]",rainbow,2,2,2,1.0597576126096488
