,flop,board_type,0b,1b,2b,profit
0,"[12, 5, 5]",rainbow,1,1,1,0.5848849565059766
1,"[12, 5, 5]",rainbow,2,2,2,0.589435648157946
