,flop,board_type,0b,1b,2b,profit
0,"[12, 4, 4]",rainbow,1,1,1,0.4621628838348764
1,"[12, 4, 4]",rainbow,2,2,2,0.4669430620756168
2,"[12, 4, 4]",rainbow,10,7,5,0.5879159351755402
