,flop,board_type,0b,1b,2b,profit
0,"[12, 2, 2]",rainbow,1,1,1,0.4568765180941356
1,"[12, 2, 2]",rainbow,10,7,5,0.5747172051986882
