,flop,board_type,0b,1b,2b,profit
0,"[11, 9, 9]",rainbow,1,1,1,0.40916023513804994
1,"[11, 9, 9]",rainbow,8,6,4,0.6626746198809798
2,"[11, 9, 9]",rainbow,10,7,5,0.9940051532983624
