,flop,board_type,0b,1b,2b,profit
0,"[10, 10, 9]",rainbow,1,1,1,0.4376064414405363
1,"[10, 10, 9]",rainbow,10,7,5,0.5838740022175786
