,flop,board_type,0b,1b,2b,profit
0,"[9, 7, 4]",rainbow,1,1,1,0.8600360224999997
1,"[9, 7, 4]",rainbow,2,2,2,0.8672847274999999
