,flop,board_type,0b,1b,2b,profit
0,"[9, 3, 2]",rainbow,1,1,1,0.7147366471312101
1,"[9, 3, 2]",rainbow,2,2,2,0.7147845105276108
