,flop,board_type,0b,1b,2b,profit
0,"[7, 7, 3]",rainbow,1,1,1,0.9200153307625507
1,"[7, 7, 3]",rainbow,2,2,2,0.9224095897639075
