,flop,board_type,0b,1b,2b,profit
0,"[5, 5, 5]",rainbow,1,1,1,0.6344848744057577
1,"[5, 5, 5]",rainbow,2,2,2,0.634592978958821
