,flop,board_type,0b,1b,2b,profit
0,"[5, 2, 2]",rainbow,1,1,1,0.3655461379822465
1,"[5, 2, 2]",rainbow,2,2,2,0.3675543557016044
