,flop,board_type,0b,1b,2b,profit
0,"[4, 4, 3]",rainbow,1,1,1,0.45312201185344825
1,"[4, 4, 3]",rainbow,2,2,2,0.45341137769396533
