,flop,board_type,0b,1b,2b,profit
0,"[14, 14, 12]",two-tone,1,1,1,0.1553953564400805
1,"[14, 14, 12]",two-tone,2,2,2,0.922819949152613
2,"[14, 14, 12]",two-tone,3,2,2,1.131390661581655
3,"[14, 14, 12]",two-tone,4,3,2,2.48864172025024
4,"[14, 14, 12]",two-tone,8,6,4,3.3705743320475117
5,"[14, 14, 12]",two-tone,10,7,5,4.046481644208145
6,"[14, 14, 12]",two-tone,15,10,7,8.75302171146819
7,"[14, 14, 12]",two-tone,16,11,8,8.942889983521185
