,flop,board_type,0b,1b,2b,profit
0,"[14, 14, 10]",two-tone,1,1,1,0.5685979044495886
1,"[14, 14, 10]",two-tone,2,2,2,0.5699192127759067
2,"[14, 14, 10]",two-tone,3,2,2,0.7967556342592594
3,"[14, 14, 10]",two-tone,4,3,2,2.1594859224186305
4,"[14, 14, 10]",two-tone,8,6,4,3.6505045635404967
5,"[14, 14, 10]",two-tone,10,7,5,3.8770715017127286
6,"[14, 14, 10]",two-tone,15,10,7,7.848224845480264
7,"[14, 14, 10]",two-tone,16,11,8,7.9239673527871295
