,flop,board_type,0b,1b,2b,profit
0,"[14, 14, 7]",two-tone,1,1,1,1.0004563705959506
1,"[14, 14, 7]",two-tone,2,2,2,1.0036982231570146
2,"[14, 14, 7]",two-tone,3,2,2,1.0057386991499997
3,"[14, 14, 7]",two-tone,4,3,2,1.133747212374002
4,"[14, 14, 7]",two-tone,8,6,4,2.2084935483142165
5,"[14, 14, 7]",two-tone,10,7,5,3.5247027133298583
6,"[14, 14, 7]",two-tone,15,10,7,5.139082685610011
7,"[14, 14, 7]",two-tone,16,11,8,5.828207412985433
