,flop,board_type,0b,1b,2b,profit
0,"[14, 14, 4]",two-tone,1,1,1,-0.2841307373634905
1,"[14, 14, 4]",two-tone,2,2,2,-0.2821536470867194
2,"[14, 14, 4]",two-tone,8,6,4,-0.010491308440147229
3,"[14, 14, 4]",two-tone,10,7,5,0.055629118309600045
4,"[14, 14, 4]",two-tone,15,10,7,1.802094226870941
5,"[14, 14, 4]",two-tone,16,11,8,2.6454738528013073
