,flop,board_type,0b,1b,2b,profit
0,"[14, 13, 12]",two-tone,1,1,1,2.189437566666666
1,"[14, 13, 12]",two-tone,2,2,2,2.192044303333333
2,"[14, 13, 12]",two-tone,3,2,2,2.3649743866666664
3,"[14, 13, 12]",two-tone,4,3,2,4.795477186666666
4,"[14, 13, 12]",two-tone,8,6,4,5.15559489
5,"[14, 13, 12]",two-tone,10,7,5,5.695887946666667
6,"[14, 13, 12]",two-tone,15,10,7,10.003316133333334
7,"[14, 13, 12]",two-tone,16,11,8,10.058484871111112
