,flop,board_type,0b,1b,2b,profit
0,"[14, 13, 7]",two-tone,1,1,1,-0.6514563079923672
1,"[14, 13, 7]",two-tone,2,2,2,0.04937622702989186
2,"[14, 13, 7]",two-tone,3,2,2,0.2396034363366557
3,"[14, 13, 7]",two-tone,4,3,2,1.5742372205427186
4,"[14, 13, 7]",two-tone,8,6,4,2.747523256094976
5,"[14, 13, 7]",two-tone,10,7,5,2.937915016599534
6,"[14, 13, 7]",two-tone,15,10,7,6.423152279298283
7,"[14, 13, 7]",two-tone,16,11,8,6.468256397625609
