,flop,board_type,0b,1b,2b,profit
0,"[14, 11, 2]",two-tone,1,1,1,-0.8661220268342392
1,"[14, 11, 2]",two-tone,2,2,2,-0.22631389062499996
2,"[14, 11, 2]",two-tone,3,2,2,0.025489640455163665
3,"[14, 11, 2]",two-tone,4,3,2,1.0777265429687513
4,"[14, 11, 2]",two-tone,8,6,4,2.6789985686141304
5,"[14, 11, 2]",two-tone,15,10,7,6.866231489130435
6,"[14, 11, 2]",two-tone,16,11,8,7.010222472826087
