,flop,board_type,0b,1b,2b,profit
0,"[14, 9, 7]",two-tone,1,1,1,1.4702345191518462
1,"[14, 9, 7]",two-tone,8,6,4,2.8669395987232087
2,"[14, 9, 7]",two-tone,10,7,5,3.734302031463747
3,"[14, 9, 7]",two-tone,15,10,7,5.950895834473323
4,"[14, 9, 7]",two-tone,16,11,8,6.465230894208844
