,flop,board_type,0b,1b,2b,profit
0,"[14, 9, 6]",two-tone,1,1,1,1.7912468150777547
1,"[14, 9, 6]",two-tone,2,2,2,2.4505261707234607
2,"[14, 9, 6]",two-tone,8,6,4,3.6906092787919764
3,"[14, 9, 6]",two-tone,10,7,5,3.830590691120125
4,"[14, 9, 6]",two-tone,15,10,7,6.826869207459994
5,"[14, 9, 6]",two-tone,16,11,8,7.328263849447823
