,flop,board_type,0b,1b,2b,profit
0,"[14, 9, 4]",two-tone,1,1,1,0.49959290273927426
1,"[14, 9, 4]",two-tone,8,6,4,2.5349246682288227
2,"[14, 9, 4]",two-tone,10,7,5,2.6783800026512647
3,"[14, 9, 4]",two-tone,15,10,7,6.198639755302529
4,"[14, 9, 4]",two-tone,16,11,8,6.673735067997798
