,flop,board_type,0b,1b,2b,profit
0,"[14, 8, 2]",two-tone,1,1,1,1.4985422376923077
1,"[14, 8, 2]",two-tone,2,2,2,1.5016590086538457
2,"[14, 8, 2]",two-tone,3,2,2,1.5025505909615382
3,"[14, 8, 2]",two-tone,4,3,2,1.6646229562179484
4,"[14, 8, 2]",two-tone,8,6,4,2.711368129967948
5,"[14, 8, 2]",two-tone,10,7,5,2.82514475451923
6,"[14, 8, 2]",two-tone,15,10,7,5.857103287692306
7,"[14, 8, 2]",two-tone,16,11,8,6.419546548621794
