,flop,board_type,0b,1b,2b,profit
0,"[14, 7, 7]",two-tone,1,1,1,1.6866428118681318
1,"[14, 7, 7]",two-tone,8,6,4,2.8346387957299846
2,"[14, 7, 7]",two-tone,10,7,5,3.8022755585557295
3,"[14, 7, 7]",two-tone,15,10,7,5.111991584489796
4,"[14, 7, 7]",two-tone,16,11,8,5.717756349324961
