,flop,board_type,0b,1b,2b,profit
0,"[14, 6, 2]",two-tone,1,1,1,2.1018239185253442
1,"[14, 6, 2]",two-tone,8,6,4,3.1165076831336402
2,"[14, 6, 2]",two-tone,10,7,5,3.203579226543778
3,"[14, 6, 2]",two-tone,15,10,7,5.230967672565283
4,"[14, 6, 2]",two-tone,16,11,8,5.913497341075267
