,flop,board_type,0b,1b,2b,profit
0,"[14, 5, 5]",two-tone,1,1,1,0.8641850478701418
1,"[14, 5, 5]",two-tone,8,6,4,1.1693512710918121
2,"[14, 5, 5]",two-tone,10,7,5,1.232103888440861
3,"[14, 5, 5]",two-tone,15,10,7,2.622109891956164
4,"[14, 5, 5]",two-tone,16,11,8,3.404889919561622
