,flop,board_type,0b,1b,2b,profit
0,"[14, 5, 4]",two-tone,1,1,1,0.7073611431560594
1,"[14, 5, 4]",two-tone,8,6,4,1.604000449869224
2,"[14, 5, 4]",two-tone,10,7,5,1.7038842880557967
3,"[14, 5, 4]",two-tone,15,10,7,3.209288946352805
4,"[14, 5, 4]",two-tone,16,11,8,3.9149548478930534
