,flop,board_type,0b,1b,2b,profit
0,"[13, 13, 11]",two-tone,1,1,1,-2.5315121731719126
1,"[13, 13, 11]",two-tone,2,2,2,-1.9563231972950537
2,"[13, 13, 11]",two-tone,3,2,2,-1.7920823794949847
3,"[13, 13, 11]",two-tone,4,3,2,-1.35579299307506
4,"[13, 13, 11]",two-tone,8,6,4,-0.3464924622068484
5,"[13, 13, 11]",two-tone,10,7,5,-0.04992278928398508
6,"[13, 13, 11]",two-tone,15,10,7,3.418084896471809
7,"[13, 13, 11]",two-tone,16,11,8,3.6246194496368034
