,flop,board_type,0b,1b,2b,profit
0,"[13, 13, 10]",two-tone,1,1,1,-1.7979373206099034
1,"[13, 13, 10]",two-tone,2,2,2,-1.2306460039267484
2,"[13, 13, 10]",two-tone,3,2,2,-1.2266904734418111
3,"[13, 13, 10]",two-tone,8,6,4,0.28372875977472467
4,"[13, 13, 10]",two-tone,10,7,5,0.42825079576175074
5,"[13, 13, 10]",two-tone,15,10,7,3.3426465284867746
6,"[13, 13, 10]",two-tone,16,11,8,3.4537027230660398
