,flop,board_type,0b,1b,2b,profit
0,"[13, 13, 7]",two-tone,1,1,1,-1.2207972453682487
1,"[13, 13, 7]",two-tone,2,2,2,-1.2145470473486075
2,"[13, 13, 7]",two-tone,3,2,2,-1.2065239111292965
3,"[13, 13, 7]",two-tone,4,3,2,-1.0432048334042554
4,"[13, 13, 7]",two-tone,8,6,4,0.34702747085106456
5,"[13, 13, 7]",two-tone,10,7,5,0.7388908792962354
6,"[13, 13, 7]",two-tone,15,10,7,1.7880939728477903
7,"[13, 13, 7]",two-tone,16,11,8,2.083369046595744
