,flop,board_type,0b,1b,2b,profit
0,"[13, 13, 2]",two-tone,1,1,1,-2.011553104923318
1,"[13, 13, 2]",two-tone,2,2,2,-2.0080105502656673
2,"[13, 13, 2]",two-tone,8,6,4,-1.1686603521036105
3,"[13, 13, 2]",two-tone,10,7,5,-1.165540662464678
4,"[13, 13, 2]",two-tone,15,10,7,-0.5245372022291985
5,"[13, 13, 2]",two-tone,16,11,8,-0.017178359176427405
