,flop,board_type,0b,1b,2b,profit
0,"[13, 12, 11]",two-tone,1,1,1,0.7510130171428577
1,"[13, 12, 11]",two-tone,2,2,2,3.3248766549450544
2,"[13, 12, 11]",two-tone,3,2,2,3.751042740109889
3,"[13, 12, 11]",two-tone,4,3,2,5.344671854688645
4,"[13, 12, 11]",two-tone,8,6,4,5.93500792007326
5,"[13, 12, 11]",two-tone,10,7,5,6.112861266471306
6,"[13, 12, 11]",two-tone,15,10,7,8.706586915018313
7,"[13, 12, 11]",two-tone,16,11,8,8.787070706227105
