,flop,board_type,0b,1b,2b,profit
0,"[13, 12, 3]",two-tone,1,1,1,0.45963844569201673
1,"[13, 12, 3]",two-tone,2,2,2,0.9696374837476305
2,"[13, 12, 3]",two-tone,3,2,2,1.2896295059721925
3,"[13, 12, 3]",two-tone,4,3,2,1.984902994270066
4,"[13, 12, 3]",two-tone,8,6,4,3.0269825001474624
5,"[13, 12, 3]",two-tone,10,7,5,3.1361842568780283
6,"[13, 12, 3]",two-tone,15,10,7,6.635744256298715
7,"[13, 12, 3]",two-tone,16,11,8,6.85081124528123
