,flop,board_type,0b,1b,2b,profit
0,"[13, 11, 10]",two-tone,1,1,1,5.431536554796981
1,"[13, 11, 10]",two-tone,2,2,2,6.283602349739489
2,"[13, 11, 10]",two-tone,3,2,2,6.564519027344591
3,"[13, 11, 10]",two-tone,4,3,2,10.498218231782248
4,"[13, 11, 10]",two-tone,8,6,4,10.718294197466761
5,"[13, 11, 10]",two-tone,15,10,7,14.048548035411427
