,flop,board_type,0b,1b,2b,profit
0,"[13, 11, 5]",two-tone,1,1,1,0.40014066734779985
1,"[13, 11, 5]",two-tone,2,2,2,0.9192451584158414
2,"[13, 11, 5]",two-tone,3,2,2,1.2655155503054567
3,"[13, 11, 5]",two-tone,4,3,2,1.9906160953444287
4,"[13, 11, 5]",two-tone,8,6,4,2.939944648272594
5,"[13, 11, 5]",two-tone,10,7,5,3.058457316378766
6,"[13, 11, 5]",two-tone,15,10,7,6.2812020811249205
7,"[13, 11, 5]",two-tone,16,11,8,6.502115843206235
