,flop,board_type,0b,1b,2b,profit
0,"[13, 11, 4]",two-tone,1,1,1,-0.18886132250688903
1,"[13, 11, 4]",two-tone,2,2,2,0.30881603876696995
2,"[13, 11, 4]",two-tone,3,2,2,0.6426626261916916
3,"[13, 11, 4]",two-tone,4,3,2,1.3446305935898748
4,"[13, 11, 4]",two-tone,8,6,4,2.43349764968868
5,"[13, 11, 4]",two-tone,10,7,5,2.554921191528019
6,"[13, 11, 4]",two-tone,15,10,7,6.183845739981626
7,"[13, 11, 4]",two-tone,16,11,8,6.396576262468102
