,flop,board_type,0b,1b,2b,profit
0,"[13, 9, 7]",two-tone,1,1,1,0.7764278635346299
1,"[13, 9, 7]",two-tone,2,2,2,1.2959115870047389
2,"[13, 9, 7]",two-tone,3,2,2,1.6777098418993852
3,"[13, 9, 7]",two-tone,4,3,2,2.3433011926202245
4,"[13, 9, 7]",two-tone,8,6,4,3.003989650710757
5,"[13, 9, 7]",two-tone,10,7,5,3.2255121911684643
6,"[13, 9, 7]",two-tone,15,10,7,4.939895053664684
