,flop,board_type,0b,1b,2b,profit
0,"[13, 9, 6]",two-tone,1,1,1,0.9682029159752694
1,"[13, 9, 6]",two-tone,2,2,2,1.4816078105604316
2,"[13, 9, 6]",two-tone,3,2,2,2.0742403147985646
3,"[13, 9, 6]",two-tone,4,3,2,3.047986301834862
4,"[13, 9, 6]",two-tone,8,6,4,3.5573980843837254
5,"[13, 9, 6]",two-tone,10,7,5,3.683235273095332
6,"[13, 9, 6]",two-tone,15,10,7,5.58055688546071
