,flop,board_type,0b,1b,2b,profit
0,"[13, 8, 5]",two-tone,1,1,1,1.4394658517786563
1,"[13, 8, 5]",two-tone,8,6,4,2.894777422924901
2,"[13, 8, 5]",two-tone,10,7,5,2.99918394367589
3,"[13, 8, 5]",two-tone,15,10,7,4.534870865612648
4,"[13, 8, 5]",two-tone,16,11,8,4.760497765612648
