,flop,board_type,0b,1b,2b,profit
0,"[13, 7, 4]",two-tone,1,1,1,1.1727796767901906
1,"[13, 7, 4]",two-tone,8,6,4,2.636330565617163
2,"[13, 7, 4]",two-tone,10,7,5,2.804311529674004
3,"[13, 7, 4]",two-tone,15,10,7,4.513821759543047
4,"[13, 7, 4]",two-tone,16,11,8,4.845245154639175
