,flop,board_type,0b,1b,2b,profit
0,"[13, 6, 5]",two-tone,1,1,1,1.521874418378378
1,"[13, 6, 5]",two-tone,2,2,2,2.011667877837838
2,"[13, 6, 5]",two-tone,3,2,2,2.221937217297298
3,"[13, 6, 5]",two-tone,4,3,2,2.5208073318918913
4,"[13, 6, 5]",two-tone,8,6,4,3.269195877837837
5,"[13, 6, 5]",two-tone,10,7,5,3.4388023443243236
6,"[13, 6, 5]",two-tone,15,10,7,4.361948170810809
7,"[13, 6, 5]",two-tone,16,11,8,4.7167163643243235
