,flop,board_type,0b,1b,2b,profit
0,"[13, 5, 4]",two-tone,1,1,1,0.8024935728385902
1,"[13, 5, 4]",two-tone,8,6,4,2.10954138671614
2,"[13, 5, 4]",two-tone,10,7,5,2.295744605435993
3,"[13, 5, 4]",two-tone,15,10,7,3.3016014699072356
4,"[13, 5, 4]",two-tone,16,11,8,3.7879499224489797
