,flop,board_type,0b,1b,2b,profit
0,"[12, 12, 8]",two-tone,1,1,1,1.009950009869064
1,"[12, 12, 8]",two-tone,8,6,4,3.3278268360041694
2,"[12, 12, 8]",two-tone,10,7,5,3.4926355942283895
3,"[12, 12, 8]",two-tone,15,10,7,5.43052101467331
4,"[12, 12, 8]",two-tone,16,11,8,5.770749416601523
