,flop,board_type,0b,1b,2b,profit
0,"[12, 12, 4]",two-tone,1,1,1,-0.22482782351421093
1,"[12, 12, 4]",two-tone,2,2,2,-0.21753434948320294
2,"[12, 12, 4]",two-tone,8,6,4,1.1550789376614992
3,"[12, 12, 4]",two-tone,10,7,5,1.1977528677002574
4,"[12, 12, 4]",two-tone,15,10,7,1.9123966707579676
5,"[12, 12, 4]",two-tone,16,11,8,2.501242686477175
