,flop,board_type,0b,1b,2b,profit
0,"[12, 11, 6]",two-tone,1,1,1,0.735217717516339
1,"[12, 11, 6]",two-tone,2,2,2,1.9003844096732028
2,"[12, 11, 6]",two-tone,3,2,2,2.2216899635947716
3,"[12, 11, 6]",two-tone,4,3,2,3.2938495036601303
4,"[12, 11, 6]",two-tone,8,6,4,4.420388853071895
5,"[12, 11, 6]",two-tone,10,7,5,4.522553080827886
6,"[12, 11, 6]",two-tone,15,10,7,7.736426961220044
