,flop,board_type,0b,1b,2b,profit
0,"[12, 11, 3]",two-tone,1,1,1,0.025366446426312583
1,"[12, 11, 3]",two-tone,2,2,2,1.170644090006325
2,"[12, 11, 3]",two-tone,3,2,2,1.4854852063883628
3,"[12, 11, 3]",two-tone,4,3,2,2.329367818469323
4,"[12, 11, 3]",two-tone,8,6,4,3.2316976773350192
5,"[12, 11, 3]",two-tone,10,7,5,3.341086858444023
6,"[12, 11, 3]",two-tone,15,10,7,7.174809738519923
7,"[12, 11, 3]",two-tone,16,11,8,7.26517550512334
