,flop,board_type,0b,1b,2b,profit
0,"[12, 10, 10]",two-tone,1,1,1,0.8032078096559381
1,"[12, 10, 10]",two-tone,2,2,2,1.4535937456159824
2,"[12, 10, 10]",two-tone,3,2,2,1.6492833430632627
3,"[12, 10, 10]",two-tone,4,3,2,2.134673846281909
4,"[12, 10, 10]",two-tone,8,6,4,3.013501235960044
5,"[12, 10, 10]",two-tone,10,7,5,3.172663839511653
6,"[12, 10, 10]",two-tone,15,10,7,6.406393330743619
7,"[12, 10, 10]",two-tone,16,11,8,6.529681133851276
