,flop,board_type,0b,1b,2b,profit
0,"[12, 10, 6]",two-tone,1,1,1,1.7183701075101352
1,"[12, 10, 6]",two-tone,2,2,2,4.067270277341583
2,"[12, 10, 6]",two-tone,3,2,2,4.269843525922766
3,"[12, 10, 6]",two-tone,4,3,2,4.669269395903564
4,"[12, 10, 6]",two-tone,8,6,4,5.196094542201835
5,"[12, 10, 6]",two-tone,10,7,5,5.320565762652017
6,"[12, 10, 6]",two-tone,15,10,7,7.4983822390441635
