,flop,board_type,0b,1b,2b,profit
0,"[12, 9, 7]",two-tone,1,1,1,1.392339592217652
1,"[12, 9, 7]",two-tone,2,2,2,1.9637749790045345
2,"[12, 9, 7]",two-tone,3,2,2,2.3195988644838126
3,"[12, 9, 7]",two-tone,4,3,2,3.123602673542128
4,"[12, 9, 7]",two-tone,8,6,4,3.7178953013603295
5,"[12, 9, 7]",two-tone,10,7,5,3.98119801704102
6,"[12, 9, 7]",two-tone,15,10,7,5.842368404070442
