,flop,board_type,0b,1b,2b,profit
0,"[12, 9, 5]",two-tone,1,1,1,1.339368745580808
1,"[12, 9, 5]",two-tone,2,2,2,1.9071696875000013
2,"[12, 9, 5]",two-tone,3,2,2,2.458183013888889
3,"[12, 9, 5]",two-tone,4,3,2,3.6627205202020203
4,"[12, 9, 5]",two-tone,8,6,4,4.152633409090909
5,"[12, 9, 5]",two-tone,10,7,5,4.26652508270202
6,"[12, 9, 5]",two-tone,15,10,7,6.409291777146465
7,"[12, 9, 5]",two-tone,16,11,8,6.412431922979799
