,flop,board_type,0b,1b,2b,profit
0,"[12, 9, 3]",two-tone,1,1,1,0.7780032954934978
1,"[12, 9, 3]",two-tone,2,2,2,1.3234210259602774
2,"[12, 9, 3]",two-tone,3,2,2,1.6801975083173708
3,"[12, 9, 3]",two-tone,4,3,2,2.454487217915112
4,"[12, 9, 3]",two-tone,8,6,4,3.667252433914709
5,"[12, 9, 3]",two-tone,10,7,5,3.781651345800989
6,"[12, 9, 3]",two-tone,15,10,7,6.341399451960882
7,"[12, 9, 3]",two-tone,16,11,8,6.347357795644721
