,flop,board_type,0b,1b,2b,profit
0,"[12, 8, 6]",two-tone,1,1,1,1.9801894657248162
1,"[12, 8, 6]",two-tone,2,2,2,2.5272007839373463
2,"[12, 8, 6]",two-tone,3,2,2,2.701995777764128
3,"[12, 8, 6]",two-tone,4,3,2,3.2710573026412773
4,"[12, 8, 6]",two-tone,8,6,4,3.993093764434889
5,"[12, 8, 6]",two-tone,10,7,5,4.220061047911548
6,"[12, 8, 6]",two-tone,15,10,7,5.769107557002457
7,"[12, 8, 6]",two-tone,16,11,8,6.039193647051597
