,flop,board_type,0b,1b,2b,profit
0,"[12, 6, 6]",two-tone,1,1,1,0.31564994813829905
1,"[12, 6, 6]",two-tone,2,2,2,0.3164577968085105
2,"[12, 6, 6]",two-tone,3,2,2,0.32266870226063915
3,"[12, 6, 6]",two-tone,4,3,2,0.6733585468085113
4,"[12, 6, 6]",two-tone,8,6,4,2.2510360256648947
5,"[12, 6, 6]",two-tone,10,7,5,2.6198528682180857
6,"[12, 6, 6]",two-tone,15,10,7,3.215917111170213
7,"[12, 6, 6]",two-tone,16,11,8,3.669399980053192
