,flop,board_type,0b,1b,2b,profit
0,"[12, 5, 4]",two-tone,1,1,1,1.2943518934235982
1,"[12, 5, 4]",two-tone,8,6,4,3.0969640344293996
2,"[12, 5, 4]",two-tone,10,7,5,3.317687932978722
3,"[12, 5, 4]",two-tone,15,10,7,4.435514920116054
4,"[12, 5, 4]",two-tone,16,11,8,4.91832729197292
