,flop,board_type,0b,1b,2b,profit
0,"[12, 5, 3]",two-tone,1,1,1,1.3046602374928113
1,"[12, 5, 3]",two-tone,8,6,4,2.6223136600057497
2,"[12, 5, 3]",two-tone,10,7,5,2.854514872484186
3,"[12, 5, 3]",two-tone,15,10,7,4.07531537162162
4,"[12, 5, 3]",two-tone,16,11,8,4.678562618315124
