,flop,board_type,0b,1b,2b,profit
0,"[12, 5, 2]",two-tone,1,1,1,1.2880238964922364
1,"[12, 5, 2]",two-tone,8,6,4,2.613810040109258
2,"[12, 5, 2]",two-tone,10,7,5,2.839187288959172
3,"[12, 5, 2]",two-tone,15,10,7,4.0520289377515795
4,"[12, 5, 2]",two-tone,16,11,8,4.660492651380103
