,flop,board_type,0b,1b,2b,profit
0,"[12, 4, 3]",two-tone,1,1,1,0.70683376071329
1,"[12, 4, 3]",two-tone,8,6,4,1.9939824619671223
2,"[12, 4, 3]",two-tone,10,7,5,2.2178791941209246
3,"[12, 4, 3]",two-tone,15,10,7,3.399025856701031
4,"[12, 4, 3]",two-tone,16,11,8,3.998705491473947
