,flop,board_type,0b,1b,2b,profit
0,"[12, 2, 2]",two-tone,1,1,1,-0.34252247719072093
1,"[12, 2, 2]",two-tone,8,6,4,0.8843490363402071
2,"[12, 2, 2]",two-tone,10,7,5,0.9347199338917531
3,"[12, 2, 2]",two-tone,15,10,7,1.514255769458763
4,"[12, 2, 2]",two-tone,16,11,8,2.069951878994847
