,flop,board_type,0b,1b,2b,profit
0,"[11, 11, 10]",two-tone,1,1,1,-1.051081499197432
1,"[11, 11, 10]",two-tone,2,2,2,-0.45740859686280677
2,"[11, 11, 10]",two-tone,3,2,2,-0.27367406412715845
3,"[11, 11, 10]",two-tone,4,3,2,0.1526137022015175
4,"[11, 11, 10]",two-tone,8,6,4,0.9171562878283677
5,"[11, 11, 10]",two-tone,15,10,7,3.842511173002389
