,flop,board_type,0b,1b,2b,profit
0,"[11, 10, 2]",two-tone,1,1,1,0.8464452336368967
1,"[11, 10, 2]",two-tone,2,2,2,1.9313063943399924
2,"[11, 10, 2]",two-tone,3,2,2,2.1271123070603215
3,"[11, 10, 2]",two-tone,4,3,2,2.497986842420682
4,"[11, 10, 2]",two-tone,8,6,4,3.282026336036037
5,"[11, 10, 2]",two-tone,10,7,5,3.406443170133177
6,"[11, 10, 2]",two-tone,15,10,7,6.4029920022228755
7,"[11, 10, 2]",two-tone,16,11,8,6.404703678211908
