,flop,board_type,0b,1b,2b,profit
0,"[11, 8, 7]",two-tone,1,1,1,4.018293749293784
1,"[11, 8, 7]",two-tone,2,2,2,4.019974497881355
2,"[11, 8, 7]",two-tone,3,2,2,4.5915295593220335
3,"[11, 8, 7]",two-tone,4,3,2,6.523722174435028
4,"[11, 8, 7]",two-tone,8,6,4,7.149818091101695
5,"[11, 8, 7]",two-tone,15,10,7,8.193112089689265
