,flop,board_type,0b,1b,2b,profit
0,"[11, 8, 6]",two-tone,1,1,1,1.9654146814159292
1,"[11, 8, 6]",two-tone,2,2,2,2.503275477623262
2,"[11, 8, 6]",two-tone,3,2,2,2.680800342215307
3,"[11, 8, 6]",two-tone,4,3,2,3.2504565063308384
4,"[11, 8, 6]",two-tone,8,6,4,3.948874226276378
5,"[11, 8, 6]",two-tone,10,7,5,4.156456024739861
6,"[11, 8, 6]",two-tone,15,10,7,5.670307634717496
7,"[11, 8, 6]",two-tone,16,11,8,5.913607221102791
