,flop,board_type,0b,1b,2b,profit
0,"[11, 7, 6]",two-tone,1,1,1,2.161655003225807
1,"[11, 7, 6]",two-tone,2,2,2,2.6931049075268816
2,"[11, 7, 6]",two-tone,3,2,2,2.8673982462365597
3,"[11, 7, 6]",two-tone,4,3,2,3.62225251827957
4,"[11, 7, 6]",two-tone,8,6,4,4.5339018623655925
5,"[11, 7, 6]",two-tone,10,7,5,4.810424134408601
6,"[11, 7, 6]",two-tone,15,10,7,6.00678602795699
7,"[11, 7, 6]",two-tone,16,11,8,6.2451784827956995
