,flop,board_type,0b,1b,2b,profit
0,"[11, 4, 3]",two-tone,1,1,1,0.7427304440884959
1,"[11, 4, 3]",two-tone,2,2,2,0.7572187868141584
2,"[11, 4, 3]",two-tone,3,2,2,0.7585448206902645
3,"[11, 4, 3]",two-tone,4,3,2,1.109661982123893
4,"[11, 4, 3]",two-tone,8,6,4,2.503243500070795
5,"[11, 4, 3]",two-tone,10,7,5,2.740195792619468
6,"[11, 4, 3]",two-tone,15,10,7,3.7900802677256626
7,"[11, 4, 3]",two-tone,16,11,8,4.277578709008848
