,flop,board_type,0b,1b,2b,profit
0,"[10, 9, 7]",two-tone,1,1,1,3.386208040019472
1,"[10, 9, 7]",two-tone,2,2,2,5.778123896174863
2,"[10, 9, 7]",two-tone,3,2,2,6.312303045389736
3,"[10, 9, 7]",two-tone,4,3,2,7.242832717043527
4,"[10, 9, 7]",two-tone,8,6,4,7.413991363582689
5,"[10, 9, 7]",two-tone,10,7,5,7.415719453024307
6,"[10, 9, 7]",two-tone,15,10,7,7.904608968510144
