,flop,board_type,0b,1b,2b,profit
0,"[10, 9, 5]",two-tone,1,1,1,2.4621529398074458
1,"[10, 9, 5]",two-tone,2,2,2,3.479387342725219
2,"[10, 9, 5]",two-tone,3,2,2,3.9190820616367033
3,"[10, 9, 5]",two-tone,4,3,2,4.4914876010708324
4,"[10, 9, 5]",two-tone,8,6,4,5.0523246958640335
5,"[10, 9, 5]",two-tone,10,7,5,5.137389632822477
6,"[10, 9, 5]",two-tone,15,10,7,6.78764878212005
7,"[10, 9, 5]",two-tone,16,11,8,6.794105368877099
