,flop,board_type,0b,1b,2b,profit
0,"[10, 9, 3]",two-tone,1,1,1,2.152428563370998
1,"[10, 9, 3]",two-tone,2,2,2,3.112258587288135
2,"[10, 9, 3]",two-tone,3,2,2,3.534019674500942
3,"[10, 9, 3]",two-tone,4,3,2,4.088565926459511
4,"[10, 9, 3]",two-tone,8,6,4,4.792007637815442
5,"[10, 9, 3]",two-tone,10,7,5,4.8747999739359695
6,"[10, 9, 3]",two-tone,15,10,7,6.874667065461392
7,"[10, 9, 3]",two-tone,16,11,8,6.879756217966101
