,flop,board_type,0b,1b,2b,profit
0,"[10, 9, 2]",two-tone,1,1,1,2.1452935524105463
1,"[10, 9, 2]",two-tone,2,2,2,3.119830768568738
2,"[10, 9, 2]",two-tone,3,2,2,3.537267676195856
3,"[10, 9, 2]",two-tone,4,3,2,4.086996878549906
4,"[10, 9, 2]",two-tone,8,6,4,4.796002023559322
5,"[10, 9, 2]",two-tone,10,7,5,4.872069890772129
6,"[10, 9, 2]",two-tone,15,10,7,6.870035971826741
7,"[10, 9, 2]",two-tone,16,11,8,6.872335079887004
