,flop,board_type,0b,1b,2b,profit
0,"[10, 5, 3]",two-tone,1,1,1,2.6257890205645156
1,"[10, 5, 3]",two-tone,2,2,2,2.643742185430108
2,"[10, 5, 3]",two-tone,8,6,4,3.74814829077957
3,"[10, 5, 3]",two-tone,10,7,5,4.376250634005375
4,"[10, 5, 3]",two-tone,15,10,7,5.318598689946237
5,"[10, 5, 3]",two-tone,16,11,8,5.4705858777150524
