,flop,board_type,0b,1b,2b,profit
0,"[10, 4, 2]",two-tone,1,1,1,2.1565818141927076
1,"[10, 4, 2]",two-tone,8,6,4,3.2391618795572916
2,"[10, 4, 2]",two-tone,10,7,5,3.76563712734375
3,"[10, 4, 2]",two-tone,15,10,7,4.7577494992187495
4,"[10, 4, 2]",two-tone,16,11,8,4.900308960807292
