,flop,board_type,0b,1b,2b,profit
0,"[9, 8, 8]",two-tone,1,1,1,2.8111612610370362
1,"[9, 8, 8]",two-tone,2,2,2,3.2827962104444444
2,"[9, 8, 8]",two-tone,3,2,2,3.71555301925926
3,"[9, 8, 8]",two-tone,4,3,2,4.2578671312592595
4,"[9, 8, 8]",two-tone,8,6,4,4.962060894222222
5,"[9, 8, 8]",two-tone,10,7,5,5.423470776888889
6,"[9, 8, 8]",two-tone,15,10,7,7.1168535612592585
7,"[9, 8, 8]",two-tone,16,11,8,7.121339924296295
