,flop,board_type,0b,1b,2b,profit
0,"[9, 6, 4]",two-tone,1,1,1,2.1275106575000002
1,"[9, 6, 4]",two-tone,2,2,2,2.5787727875
2,"[9, 6, 4]",two-tone,3,2,2,2.582025113500001
3,"[9, 6, 4]",two-tone,4,3,2,2.7889708005
4,"[9, 6, 4]",two-tone,8,6,4,3.2206643985000003
5,"[9, 6, 4]",two-tone,10,7,5,3.62304621
6,"[9, 6, 4]",two-tone,15,10,7,4.5717958625
7,"[9, 6, 4]",two-tone,16,11,8,4.744763370499999
