,flop,board_type,0b,1b,2b,profit
0,"[9, 3, 3]",two-tone,1,1,1,1.6609932727272727
1,"[9, 3, 3]",two-tone,2,2,2,1.6659137704081635
2,"[9, 3, 3]",two-tone,3,2,2,1.6669092875695743
3,"[9, 3, 3]",two-tone,4,3,2,1.8667760862708738
4,"[9, 3, 3]",two-tone,8,6,4,2.7493584373840454
5,"[9, 3, 3]",two-tone,10,7,5,3.137189821428571
6,"[9, 3, 3]",two-tone,15,10,7,4.0506306841372925
7,"[9, 3, 3]",two-tone,16,11,8,4.21671290955473
