,flop,board_type,0b,1b,2b,profit
0,"[8, 8, 5]",two-tone,1,1,1,3.3438319071528753
1,"[8, 8, 5]",two-tone,2,2,2,3.344535673281907
2,"[8, 8, 5]",two-tone,8,6,4,4.059626639726508
3,"[8, 8, 5]",two-tone,10,7,5,4.6056555009116416
4,"[8, 8, 5]",two-tone,15,10,7,5.177879014551191
5,"[8, 8, 5]",two-tone,16,11,8,5.611770284782608
