,flop,board_type,0b,1b,2b,profit
0,"[8, 8, 3]",two-tone,1,1,1,2.954708501877552
1,"[8, 8, 3]",two-tone,8,6,4,3.6622269920000012
2,"[8, 8, 3]",two-tone,10,7,5,3.9423580626938772
3,"[8, 8, 3]",two-tone,15,10,7,4.727039809306122
4,"[8, 8, 3]",two-tone,16,11,8,5.142650882285715
