,flop,board_type,0b,1b,2b,profit
0,"[8, 6, 5]",two-tone,1,1,1,4.228835431737497
1,"[8, 6, 5]",two-tone,8,6,4,4.93205710651135
2,"[8, 6, 5]",two-tone,10,7,5,5.469170043317973
3,"[8, 6, 5]",two-tone,15,10,7,6.069412807535414
4,"[8, 6, 5]",two-tone,16,11,8,6.4951685665130565
