,flop,board_type,0b,1b,2b,profit
0,"[8, 5, 2]",two-tone,1,1,1,3.2754143249180325
1,"[8, 5, 2]",two-tone,2,2,2,3.281020011803278
2,"[8, 5, 2]",two-tone,8,6,4,3.9629242840983623
3,"[8, 5, 2]",two-tone,10,7,5,4.262774941803279
4,"[8, 5, 2]",two-tone,15,10,7,5.025067643770492
5,"[8, 5, 2]",two-tone,16,11,8,5.426965183934425
