,flop,board_type,0b,1b,2b,profit
0,"[7, 7, 2]",two-tone,1,1,1,3.470512945552297
1,"[7, 7, 2]",two-tone,2,2,2,3.4714672748778117
2,"[7, 7, 2]",two-tone,8,6,4,4.22001788354513
3,"[7, 7, 2]",two-tone,10,7,5,4.512543678918214
4,"[7, 7, 2]",two-tone,15,10,7,5.242825752297165
5,"[7, 7, 2]",two-tone,16,11,8,5.761157843206256
