,flop,board_type,0b,1b,2b,profit
0,"[7, 3, 3]",two-tone,1,1,1,3.3514704320645166
1,"[7, 3, 3]",two-tone,2,2,2,3.355046715032258
2,"[7, 3, 3]",two-tone,8,6,4,4.079392297516129
3,"[7, 3, 3]",two-tone,10,7,5,4.418545611483871
4,"[7, 3, 3]",two-tone,15,10,7,5.073610584419355
5,"[7, 3, 3]",two-tone,16,11,8,5.587166772032257
