,flop,board_type,0b,1b,2b,profit
0,"[7, 3, 2]",two-tone,1,1,1,3.380442686258065
1,"[7, 3, 2]",two-tone,8,6,4,4.107987890806452
2,"[7, 3, 2]",two-tone,10,7,5,4.399400545870969
3,"[7, 3, 2]",two-tone,15,10,7,5.113760862225806
4,"[7, 3, 2]",two-tone,16,11,8,5.622537710161289
