,flop,board_type,0b,1b,2b,profit
0,"[6, 5, 2]",two-tone,1,1,1,4.2188220810353405
1,"[6, 5, 2]",two-tone,2,2,2,4.604874339522151
2,"[6, 5, 2]",two-tone,3,2,2,4.834008040866102
3,"[6, 5, 2]",two-tone,4,3,2,5.008286945296168
4,"[6, 5, 2]",two-tone,8,6,4,5.352341070383276
5,"[6, 5, 2]",two-tone,10,7,5,5.512220889596815
6,"[6, 5, 2]",two-tone,15,10,7,6.151458520059732
7,"[6, 5, 2]",two-tone,16,11,8,6.850619256545546
