,flop,board_type,0b,1b,2b,profit
0,"[6, 4, 4]",two-tone,1,1,1,3.806570158513228
1,"[6, 4, 4]",two-tone,2,2,2,3.810194078071742
2,"[6, 4, 4]",two-tone,3,2,2,4.0167447291998055
3,"[6, 4, 4]",two-tone,4,3,2,4.210270283590327
4,"[6, 4, 4]",two-tone,8,6,4,4.602365014380782
5,"[6, 4, 4]",two-tone,10,7,5,5.079032383574095
6,"[6, 4, 4]",two-tone,15,10,7,5.706210847881838
7,"[6, 4, 4]",two-tone,16,11,8,6.343781057652977
