,flop,board_type,0b,1b,2b,profit
0,"[5, 5, 3]",two-tone,1,1,1,4.419902180467329
1,"[5, 5, 3]",two-tone,8,6,4,4.890414793124754
2,"[5, 5, 3]",two-tone,10,7,5,5.382739547247525
3,"[5, 5, 3]",two-tone,15,10,7,6.113931515786138
4,"[5, 5, 3]",two-tone,16,11,8,6.896790842740595
