,flop,board_type,0b,1b,2b,profit
0,"[4, 4, 2]",two-tone,1,1,1,4.6707426832
1,"[4, 4, 2]",two-tone,2,2,2,4.671171687999999
2,"[4, 4, 2]",two-tone,8,6,4,5.1344983083999995
3,"[4, 4, 2]",two-tone,10,7,5,5.402074559507692
4,"[4, 4, 2]",two-tone,15,10,7,6.045606755323077
5,"[4, 4, 2]",two-tone,16,11,8,6.934904208369232
