,flop,board_type,0b,1b,2b,profit
0,"[14, 13, 9]",monotone,1,1,1,1.1007196191737285
1,"[14, 13, 9]",monotone,2,2,2,2.665521561440677
2,"[14, 13, 9]",monotone,3,2,2,3.0574476869703378
3,"[14, 13, 9]",monotone,4,3,2,4.307803972987287
4,"[14, 13, 9]",monotone,8,6,4,4.311185827860169
5,"[14, 13, 9]",monotone,15,10,7,5.153587616140214
6,"[14, 13, 9]",monotone,16,11,8,5.155783864021569
