,flop,board_type,0b,1b,2b,profit
0,"[14, 13, 6]",monotone,1,1,1,0.9677762968749994
1,"[14, 13, 6]",monotone,2,2,2,2.508204080208332
2,"[14, 13, 6]",monotone,3,2,2,2.8878199177083324
3,"[14, 13, 6]",monotone,4,3,2,4.122654410416667
4,"[14, 13, 6]",monotone,15,10,7,4.990181770833333
5,"[14, 13, 6]",monotone,16,11,8,5.3671805871212115
