,flop,board_type,0b,1b,2b,profit
0,"[14, 12, 8]",monotone,1,1,1,1.861346864406779
1,"[14, 12, 8]",monotone,2,2,2,5.803243036797502
2,"[14, 12, 8]",monotone,3,2,2,6.318353564785371
3,"[14, 12, 8]",monotone,4,3,2,7.374553386373239
4,"[14, 12, 8]",monotone,15,10,7,8.229752582921092
