,flop,board_type,0b,1b,2b,profit
0,"[14, 12, 5]",monotone,1,1,1,1.3284910921052622
1,"[14, 12, 5]",monotone,2,2,2,2.7031906311544978
2,"[14, 12, 5]",monotone,3,2,2,3.140146206494056
3,"[14, 12, 5]",monotone,4,3,2,4.15332157236842
4,"[14, 12, 5]",monotone,8,6,4,4.154647353353139
5,"[14, 12, 5]",monotone,15,10,7,5.564542313628644
6,"[14, 12, 5]",monotone,16,11,8,6.026489083963573
