,flop,board_type,0b,1b,2b,profit
0,"[14, 11, 9]",monotone,1,1,1,2.480941600997151
1,"[14, 11, 9]",monotone,2,2,2,4.074310338888889
2,"[14, 11, 9]",monotone,3,2,2,4.07633385940171
3,"[14, 11, 9]",monotone,4,3,2,4.0775997337606835
4,"[14, 11, 9]",monotone,8,6,4,4.081593694017093
5,"[14, 11, 9]",monotone,15,10,7,5.228791691452991
6,"[14, 11, 9]",monotone,16,11,8,5.231001018376068
