,flop,board_type,0b,1b,2b,profit
0,"[14, 10, 6]",monotone,1,1,1,0.6558777005494494
1,"[14, 10, 6]",monotone,2,2,2,0.6570802513736251
2,"[14, 10, 6]",monotone,3,2,2,1.805677757652723
3,"[14, 10, 6]",monotone,4,3,2,5.2210623730373396
4,"[14, 10, 6]",monotone,15,10,7,6.231375820754719
