,flop,board_type,0b,1b,2b,profit
0,"[14, 10, 5]",monotone,1,1,1,0.2517791790091257
1,"[14, 10, 5]",monotone,2,2,2,0.2573750117340281
2,"[14, 10, 5]",monotone,3,2,2,1.318860172789111
3,"[14, 10, 5]",monotone,4,3,2,4.560581163662644
4,"[14, 10, 5]",monotone,8,6,4,4.570613581002931
5,"[14, 10, 5]",monotone,15,10,7,5.859597107124284
