,flop,board_type,0b,1b,2b,profit
0,"[14, 10, 3]",monotone,1,1,1,0.25281582059973884
1,"[14, 10, 3]",monotone,2,2,2,0.25360950677966
2,"[14, 10, 3]",monotone,3,2,2,1.3219792149012362
3,"[14, 10, 3]",monotone,4,3,2,4.5637002057747695
4,"[14, 10, 3]",monotone,8,6,4,4.5670632886952385
5,"[14, 10, 3]",monotone,15,10,7,5.859035478962615
