,flop,board_type,0b,1b,2b,profit
0,"[14, 10, 2]",monotone,1,1,1,0.25185498318122557
1,"[14, 10, 2]",monotone,2,2,2,0.2587908478487613
2,"[14, 10, 2]",monotone,3,2,2,1.3266627926065817
3,"[14, 10, 2]",monotone,4,3,2,4.568383783480115
4,"[14, 10, 2]",monotone,15,10,7,5.860844055364179
