,flop,board_type,0b,1b,2b,profit
0,"[14, 9, 4]",monotone,1,1,1,-1.020991159250586
1,"[14, 9, 4]",monotone,2,2,2,-1.017376163934426
2,"[14, 9, 4]",monotone,8,6,4,0.4032708622950809
3,"[14, 9, 4]",monotone,15,10,7,2.4362068515222477
4,"[14, 9, 4]",monotone,16,11,8,2.9940610938464385
