,flop,board_type,0b,1b,2b,profit
0,"[14, 8, 7]",monotone,1,1,1,-1.5563307500000005
1,"[14, 8, 7]",monotone,2,2,2,-0.23808872518159818
2,"[14, 8, 7]",monotone,3,2,2,0.2739970084745753
3,"[14, 8, 7]",monotone,4,3,2,1.130406502542372
4,"[14, 8, 7]",monotone,8,6,4,1.1357445409200957
5,"[14, 8, 7]",monotone,15,10,7,2.5409780048426147
6,"[14, 8, 7]",monotone,16,11,8,3.198794854130614
