,flop,board_type,0b,1b,2b,profit
0,"[14, 8, 3]",monotone,1,1,1,-2.204489290322581
1,"[14, 8, 3]",monotone,8,6,4,-0.7629640813364065
2,"[14, 8, 3]",monotone,10,7,5,-0.7561925357142865
3,"[14, 8, 3]",monotone,15,10,7,0.9055769849078328
4,"[14, 8, 3]",monotone,16,11,8,2.1471997894097825
