,flop,board_type,0b,1b,2b,profit
0,"[13, 12, 9]",monotone,1,1,1,7.574220276792451
1,"[13, 12, 9]",monotone,2,2,2,7.574985747806943
2,"[13, 12, 9]",monotone,3,2,2,8.191340270505124
3,"[13, 12, 9]",monotone,4,3,2,10.951247030411885
4,"[13, 12, 9]",monotone,15,10,7,11.515320421795058
