,flop,board_type,0b,1b,2b,profit
0,"[13, 11, 10]",monotone,1,1,1,10.566497559504413
1,"[13, 11, 10]",monotone,2,2,2,10.567089217927595
2,"[13, 11, 10]",monotone,3,2,2,10.648276044073146
3,"[13, 11, 10]",monotone,4,3,2,12.053541612772605
4,"[13, 11, 10]",monotone,15,10,7,12.293518679854815
5,"[13, 11, 10]",monotone,16,11,8,12.29990317695724
