,flop,board_type,0b,1b,2b,profit
0,"[13, 10, 8]",monotone,1,1,1,0.24327121894736692
1,"[13, 10, 8]",monotone,2,2,2,1.8363244917543842
2,"[13, 10, 8]",monotone,8,6,4,1.8383949143859648
3,"[13, 10, 8]",monotone,15,10,7,2.4729568452631563
