,flop,board_type,0b,1b,2b,profit
0,"[13, 9, 7]",monotone,1,1,1,-0.8379268084942848
1,"[13, 9, 7]",monotone,2,2,2,0.5004826583366175
2,"[13, 9, 7]",monotone,3,2,2,0.9188924870319264
3,"[13, 9, 7]",monotone,4,3,2,1.9024264374458015
4,"[13, 9, 7]",monotone,8,6,4,1.9046843489554584
5,"[13, 9, 7]",monotone,15,10,7,2.9131957451320445
6,"[13, 9, 7]",monotone,16,11,8,2.9165237842924703
