,flop,board_type,0b,1b,2b,profit
0,"[13, 8, 7]",monotone,1,1,1,-2.224295389767443
1,"[13, 8, 7]",monotone,2,2,2,-0.902351626937985
2,"[13, 8, 7]",monotone,3,2,2,-0.5027840148449609
3,"[13, 8, 7]",monotone,4,3,2,0.45760700860465064
4,"[13, 8, 7]",monotone,8,6,4,1.9158817315116266
5,"[13, 8, 7]",monotone,15,10,7,2.667065335736432
