,flop,board_type,0b,1b,2b,profit
0,"[13, 8, 2]",monotone,1,1,1,-2.7376515136212625
1,"[13, 8, 2]",monotone,8,6,4,0.034173987449242826
2,"[13, 8, 2]",monotone,10,7,5,0.04381109841269781
3,"[13, 8, 2]",monotone,15,10,7,1.0146040248062005
4,"[13, 8, 2]",monotone,16,11,8,1.5214156290882235
