,flop,board_type,0b,1b,2b,profit
0,"[13, 7, 5]",monotone,1,1,1,-3.7730604929125144
1,"[13, 7, 5]",monotone,8,6,4,-2.4105558463270578
2,"[13, 7, 5]",monotone,15,10,7,-1.702419851605759
3,"[13, 7, 5]",monotone,16,11,8,-0.668813528977483
