,flop,board_type,0b,1b,2b,profit
0,"[13, 7, 4]",monotone,1,1,1,-3.8016520400885945
1,"[13, 7, 4]",monotone,8,6,4,-2.4443408727574756
2,"[13, 7, 4]",monotone,10,7,5,-2.440701415356221
3,"[13, 7, 4]",monotone,15,10,7,-1.7289490250646
4,"[13, 7, 4]",monotone,16,11,8,-0.6961311015503877
