,flop,board_type,0b,1b,2b,profit
0,"[13, 6, 4]",monotone,1,1,1,-4.8818681136212625
1,"[13, 6, 4]",monotone,8,6,4,-3.5219739461055735
2,"[13, 6, 4]",monotone,15,10,7,-3.0670916956810643
3,"[13, 6, 4]",monotone,16,11,8,-1.9939408383905497
