,flop,board_type,0b,1b,2b,profit
0,"[12, 10, 9]",monotone,1,1,1,5.722386846270201
1,"[12, 10, 9]",monotone,2,2,2,5.7237424434322035
2,"[12, 10, 9]",monotone,3,2,2,5.963412998265667
3,"[12, 10, 9]",monotone,4,3,2,6.729989661834844
4,"[12, 10, 9]",monotone,10,7,5,6.731160242042766
5,"[12, 10, 9]",monotone,15,10,7,7.199476456459401
6,"[12, 10, 9]",monotone,16,11,8,7.200645352197476
