,flop,board_type,0b,1b,2b,profit
0,"[12, 10, 8]",monotone,1,1,1,5.176658199348354
1,"[12, 10, 8]",monotone,2,2,2,6.601413315567347
2,"[12, 10, 8]",monotone,3,2,2,6.818354896518129
3,"[12, 10, 8]",monotone,4,3,2,7.553396283983639
4,"[12, 10, 8]",monotone,8,6,4,7.555287775174021
5,"[12, 10, 8]",monotone,15,10,7,8.014144582322437
