,flop,board_type,0b,1b,2b,profit
0,"[12, 9, 8]",monotone,1,1,1,4.075950525652174
1,"[12, 9, 8]",monotone,2,2,2,4.081800759202897
2,"[12, 9, 8]",monotone,3,2,2,5.156417591501714
3,"[12, 9, 8]",monotone,4,3,2,6.70076541758867
4,"[12, 9, 8]",monotone,15,10,7,7.235236973185687
