,flop,board_type,0b,1b,2b,profit
0,"[12, 8, 7]",monotone,1,1,1,-0.8784564902358143
1,"[12, 8, 7]",monotone,2,2,2,0.3175331566322761
2,"[12, 8, 7]",monotone,3,2,2,0.7914111365143688
3,"[12, 8, 7]",monotone,4,3,2,2.185841198341929
4,"[12, 8, 7]",monotone,8,6,4,2.9642243548636693
5,"[12, 8, 7]",monotone,10,7,5,2.96765128559322
6,"[12, 8, 7]",monotone,15,10,7,3.9399884611312648
