,flop,board_type,0b,1b,2b,profit
0,"[12, 8, 6]",monotone,1,1,1,-0.8782206459100956
1,"[12, 8, 6]",monotone,2,2,2,0.336083691488577
2,"[12, 8, 6]",monotone,3,2,2,0.80572337999263
3,"[12, 8, 6]",monotone,4,3,2,2.1880941220707433
4,"[12, 8, 6]",monotone,8,6,4,2.972912581982313
5,"[12, 8, 6]",monotone,10,7,5,2.97767512137067
6,"[12, 8, 6]",monotone,15,10,7,3.933482384675848
