,flop,board_type,0b,1b,2b,profit
0,"[11, 9, 5]",monotone,1,1,1,1.4837464482082856
1,"[11, 9, 5]",monotone,2,2,2,2.4334043379059347
2,"[11, 9, 5]",monotone,3,2,2,2.927293824468085
3,"[11, 9, 5]",monotone,4,3,2,3.8491922535460996
4,"[11, 9, 5]",monotone,8,6,4,3.8528987723964163
5,"[11, 9, 5]",monotone,15,10,7,4.868396332120193
