,flop,board_type,0b,1b,2b,profit
0,"[11, 4, 2]",monotone,1,1,1,-3.3378826761423093
1,"[11, 4, 2]",monotone,2,2,2,-3.3279141482734564
2,"[11, 4, 2]",monotone,8,6,4,-0.4409251100104645
3,"[11, 4, 2]",monotone,15,10,7,0.21118415692361325
4,"[11, 4, 2]",monotone,16,11,8,0.21297679337286302
