,flop,board_type,0b,1b,2b,profit
0,"[10, 9, 2]",monotone,1,1,1,3.3216684702861334
1,"[10, 9, 2]",monotone,2,2,2,4.773674977439471
2,"[10, 9, 2]",monotone,3,2,2,5.485941677659574
3,"[10, 9, 2]",monotone,4,3,2,7.8326060701393985
4,"[10, 9, 2]",monotone,8,6,4,7.83403966812179
5,"[10, 9, 2]",monotone,15,10,7,8.42841507083639
