,flop,board_type,0b,1b,2b,profit
0,"[10, 8, 7]",monotone,1,1,1,3.6416264210526306
1,"[10, 8, 7]",monotone,8,6,4,7.767373674692049
2,"[10, 8, 7]",monotone,10,7,5,8.174668890910787
3,"[10, 8, 7]",monotone,15,10,7,9.370477408454647
