,flop,board_type,0b,1b,2b,profit
0,"[10, 8, 5]",monotone,1,1,1,1.2588051547782184
1,"[10, 8, 5]",monotone,8,6,4,2.73991769394158
2,"[10, 8, 5]",monotone,10,7,5,3.595742369184998
3,"[10, 8, 5]",monotone,15,10,7,6.237143741218896
4,"[10, 8, 5]",monotone,16,11,8,6.239284590840244
