,flop,board_type,0b,1b,2b,profit
0,"[10, 6, 4]",monotone,1,1,1,-1.2279854547421567
1,"[10, 6, 4]",monotone,8,6,4,0.3347245961053007
2,"[10, 6, 4]",monotone,10,7,5,1.2253774113775688
3,"[10, 6, 4]",monotone,15,10,7,3.5314691194554637
