,flop,board_type,0b,1b,2b,profit
0,"[9, 5, 2]",monotone,1,1,1,-0.8859573095312512
1,"[9, 5, 2]",monotone,2,2,2,-0.8800984173437505
2,"[9, 5, 2]",monotone,3,2,2,-0.8707644100000009
3,"[9, 5, 2]",monotone,4,3,2,-0.5402906659375013
4,"[9, 5, 2]",monotone,8,6,4,0.5618361560937508
5,"[9, 5, 2]",monotone,10,7,5,0.9049561532812502
6,"[9, 5, 2]",monotone,15,10,7,2.3769372646875
