,flop,board_type,0b,1b,2b,profit
0,"[8, 4, 3]",monotone,1,1,1,0.9640703089230764
1,"[8, 4, 3]",monotone,2,2,2,0.9707924461538457
2,"[8, 4, 3]",monotone,8,6,4,2.3685428578461543
3,"[8, 4, 3]",monotone,10,7,5,2.684705672
4,"[8, 4, 3]",monotone,15,10,7,4.1148064018461525
5,"[8, 4, 3]",monotone,16,11,8,4.455366401230767
