,flop,board_type,0b,1b,2b,profit
0,"[7, 6, 4]",monotone,1,1,1,4.628604348387097
1,"[7, 6, 4]",monotone,2,2,2,4.635701091612904
2,"[7, 6, 4]",monotone,3,2,2,4.913732220645161
3,"[7, 6, 4]",monotone,4,3,2,6.047196427096773
4,"[7, 6, 4]",monotone,8,6,4,6.048523796129031
5,"[7, 6, 4]",monotone,10,7,5,6.050054927741934
6,"[7, 6, 4]",monotone,15,10,7,6.386305914838708
7,"[7, 6, 4]",monotone,16,11,8,7.042454175483869
