,flop,board_type,0b,1b,2b,profit
0,"[6, 5, 4]",monotone,1,1,1,5.141825329230768
1,"[6, 5, 4]",monotone,2,2,2,5.146089641846153
2,"[6, 5, 4]",monotone,3,2,2,5.146093922461537
3,"[6, 5, 4]",monotone,15,10,7,5.45304660553846
4,"[6, 5, 4]",monotone,16,11,8,6.388722779076922
