,flop,board_type,0b,1b,2b,profit
0,"[6, 4, 3]",monotone,1,1,1,5.099561811692306
1,"[6, 4, 3]",monotone,15,10,7,5.414826994461537
2,"[6, 4, 3]",monotone,16,11,8,6.351435067076922
