,flop,board_type,0b,1b,2b,profit
0,"[6, 3, 2]",monotone,1,1,1,5.051418914461537
1,"[6, 3, 2]",monotone,8,6,4,5.052434695384614
2,"[6, 3, 2]",monotone,15,10,7,5.36513934153846
3,"[6, 3, 2]",monotone,16,11,8,6.317822582153845
