,flop,board_type,0b,1b,2b,profit
0,"[4, 3, 2]",monotone,1,1,1,5.924172957647058
1,"[4, 3, 2]",monotone,2,2,2,5.926023915294118
2,"[4, 3, 2]",monotone,15,10,7,6.229260157647059
3,"[4, 3, 2]",monotone,16,11,8,7.154523858823529
