,flop,board_type,0b,1b,2b,profit
0,"[13, 11, 9]",two-tone,1,1,1,1.3214667880587287
1,"[13, 11, 9]",two-tone,2,2,2,1.325672681286612
