,flop,board_type,0b,1b,2b,profit
0,"[13, 6, 6]",two-tone,1,1,1,1.3318908763731125
1,"[13, 6, 6]",two-tone,2,2,2,1.3357605554372836
