,flop,board_type,0b,1b,2b,profit
0,"[13, 3, 2]",two-tone,1,1,1,1.3766318378906508
1,"[13, 3, 2]",two-tone,2,2,2,1.3790941021043603
