,flop,board_type,0b,1b,2b,profit
0,"[12, 12, 4]",two-tone,1,1,1,0.3069979328043551
1,"[12, 12, 4]",two-tone,2,2,2,0.3084420145722317
2,"[12, 12, 4]",two-tone,3,2,2,0.3102044135491261
