,flop,board_type,0b,1b,2b,profit
0,"[12, 7, 7]",two-tone,1,1,1,0.7131639140748703
1,"[12, 7, 7]",two-tone,2,2,2,0.7143960977846513
