,flop,board_type,0b,1b,2b,profit
0,"[12, 7, 3]",two-tone,1,1,1,0.7545199159348277
1,"[12, 7, 3]",two-tone,2,2,2,0.7566073437234403
2,"[12, 7, 3]",two-tone,3,2,2,0.7567253802066117
