,flop,board_type,0b,1b,2b,profit
0,"[11, 10, 10]",two-tone,1,1,1,0.6824429582324324
1,"[11, 10, 10]",two-tone,2,2,2,0.7668751190891889
