,flop,board_type,0b,1b,2b,profit
0,"[11, 6, 2]",two-tone,1,1,1,1.093350560727556
1,"[11, 6, 2]",two-tone,2,2,2,1.0979320907940306
