,flop,board_type,0b,1b,2b,profit
0,"[10, 10, 5]",two-tone,1,1,1,0.01938312403560144
1,"[10, 10, 5]",two-tone,2,2,2,0.021094962249238514
