,flop,board_type,0b,1b,2b,profit
0,"[9, 7, 7]",two-tone,1,1,1,1.0732979720077302
1,"[9, 7, 7]",two-tone,8,6,4,1.0903247194211356
