,flop,board_type,0b,1b,2b,profit
0,"[9, 5, 2]",two-tone,1,1,1,1.5459256533125143
1,"[9, 5, 2]",two-tone,2,2,2,1.5464984134835549
