,flop,board_type,0b,1b,2b,profit
0,"[14, 14, 14]",rainbow,1,1,1,1.0588814907157094
1,"[14, 14, 14]",rainbow,8,6,4,1.6299192120913173
2,"[14, 14, 14]",rainbow,10,7,5,2.1809102222679972
3,"[14, 14, 14]",rainbow,15,10,7,2.3895181514322132
4,"[14, 14, 14]",rainbow,16,11,8,2.515792128313683
