,flop,board_type,0b,1b,2b,profit
0,"[14, 14, 10]",rainbow,1,1,1,1.142211092547221
1,"[14, 14, 10]",rainbow,8,6,4,1.8797785815334427
2,"[14, 14, 10]",rainbow,10,7,5,2.0286462322178114
3,"[14, 14, 10]",rainbow,15,10,7,2.2778433083992033
4,"[14, 14, 10]",rainbow,16,11,8,2.319660225638744
