,flop,board_type,0b,1b,2b,profit
0,"[14, 14, 5]",rainbow,1,1,1,0.8989062745341612
1,"[14, 14, 5]",rainbow,2,2,2,0.9017665236502626
2,"[14, 14, 5]",rainbow,8,6,4,1.4718437530817008
3,"[14, 14, 5]",rainbow,10,7,5,1.5769238248037674
4,"[14, 14, 5]",rainbow,15,10,7,2.1704168329943343
5,"[14, 14, 5]",rainbow,16,11,8,2.2878769576138143
