,flop,board_type,0b,1b,2b,profit
0,"[14, 13, 8]",rainbow,1,1,1,1.0571431371422233
1,"[14, 13, 8]",rainbow,2,2,2,1.1596366885383107
2,"[14, 13, 8]",rainbow,3,2,2,1.2743420258957836
3,"[14, 13, 8]",rainbow,4,3,2,1.4646378053083993
4,"[14, 13, 8]",rainbow,8,6,4,1.820377752751319
5,"[14, 13, 8]",rainbow,10,7,5,1.899982104506467
6,"[14, 13, 8]",rainbow,15,10,7,2.0411044751818648
7,"[14, 13, 8]",rainbow,16,11,8,2.054475798833637
