,flop,board_type,0b,1b,2b,profit
0,"[14, 13, 5]",rainbow,1,1,1,1.110256386439644
1,"[14, 13, 5]",rainbow,2,2,2,1.2049465349522877
2,"[14, 13, 5]",rainbow,3,2,2,1.3025487760372045
3,"[14, 13, 5]",rainbow,4,3,2,1.4975902995360784
4,"[14, 13, 5]",rainbow,8,6,4,1.939031578080931
5,"[14, 13, 5]",rainbow,10,7,5,1.9408795338582576
6,"[14, 13, 5]",rainbow,15,10,7,2.1293879484083784
7,"[14, 13, 5]",rainbow,16,11,8,2.1724091910830885
