,flop,board_type,0b,1b,2b,profit
0,"[14, 13, 2]",rainbow,1,1,1,1.0915000944690465
1,"[14, 13, 2]",rainbow,2,2,2,1.1739866157837036
2,"[14, 13, 2]",rainbow,3,2,2,1.270298955316054
3,"[14, 13, 2]",rainbow,4,3,2,1.3683708387987248
4,"[14, 13, 2]",rainbow,8,6,4,1.8279825036631334
5,"[14, 13, 2]",rainbow,10,7,5,1.8291305639251254
6,"[14, 13, 2]",rainbow,15,10,7,2.047388811993131
7,"[14, 13, 2]",rainbow,16,11,8,2.100204020721412
