,flop,board_type,0b,1b,2b,profit
0,"[14, 12, 12]",rainbow,1,1,1,1.1968679886090632
1,"[14, 12, 12]",rainbow,2,2,2,1.2915597791204827
2,"[14, 12, 12]",rainbow,3,2,2,1.3527423103495386
3,"[14, 12, 12]",rainbow,4,3,2,1.501863444911584
4,"[14, 12, 12]",rainbow,8,6,4,1.8810268097798624
5,"[14, 12, 12]",rainbow,10,7,5,2.1613756075295143
6,"[14, 12, 12]",rainbow,15,10,7,2.345150089359179
7,"[14, 12, 12]",rainbow,16,11,8,2.3852976384750217
