,flop,board_type,0b,1b,2b,profit
0,"[14, 12, 7]",rainbow,1,1,1,1.1776908245578228
1,"[14, 12, 7]",rainbow,2,2,2,1.2724147242857142
2,"[14, 12, 7]",rainbow,3,2,2,1.3773798293877557
3,"[14, 12, 7]",rainbow,4,3,2,1.5750027220408167
4,"[14, 12, 7]",rainbow,8,6,4,1.8547310671428572
5,"[14, 12, 7]",rainbow,10,7,5,1.9644649430612242
6,"[14, 12, 7]",rainbow,15,10,7,2.0637728057823126
7,"[14, 12, 7]",rainbow,16,11,8,2.0925205651020407
