,flop,board_type,0b,1b,2b,profit
0,"[14, 11, 5]",rainbow,1,1,1,1.1216225410903873
1,"[14, 11, 5]",rainbow,8,6,4,1.8477160189167867
2,"[14, 11, 5]",rainbow,10,7,5,1.9088905216881875
3,"[14, 11, 5]",rainbow,15,10,7,2.056591855824964
4,"[14, 11, 5]",rainbow,16,11,8,2.0965786592778572
