,flop,board_type,0b,1b,2b,profit
0,"[14, 10, 9]",rainbow,1,1,1,1.1312530207947742
1,"[14, 10, 9]",rainbow,2,2,2,1.3469276929776812
2,"[14, 10, 9]",rainbow,3,2,2,1.5008666682634733
3,"[14, 10, 9]",rainbow,4,3,2,1.6019281154055527
4,"[14, 10, 9]",rainbow,15,10,7,1.794983205225912
