,flop,board_type,0b,1b,2b,profit
0,"[14, 9, 8]",rainbow,1,1,1,0.9641101213900561
1,"[14, 9, 8]",rainbow,2,2,2,1.1937632641677804
2,"[14, 9, 8]",rainbow,3,2,2,1.3310178649861617
3,"[14, 9, 8]",rainbow,4,3,2,1.4381273206694982
4,"[14, 9, 8]",rainbow,8,6,4,1.5696386423363242
5,"[14, 9, 8]",rainbow,10,7,5,1.6496588816186297
6,"[14, 9, 8]",rainbow,15,10,7,1.8161838390293954
7,"[14, 9, 8]",rainbow,16,11,8,1.830045625978241
