,flop,board_type,0b,1b,2b,profit
0,"[14, 8, 4]",rainbow,1,1,1,0.7880020560795875
1,"[14, 8, 4]",rainbow,8,6,4,1.3789621834315895
2,"[14, 8, 4]",rainbow,10,7,5,1.556319326074675
3,"[14, 8, 4]",rainbow,15,10,7,1.866126706251535
4,"[14, 8, 4]",rainbow,16,11,8,1.9362553010685337
