,flop,board_type,0b,1b,2b,profit
0,"[14, 8, 3]",rainbow,1,1,1,0.8255529782485878
1,"[14, 8, 3]",rainbow,8,6,4,1.4202376847824638
2,"[14, 8, 3]",rainbow,10,7,5,1.5890148878086214
3,"[14, 8, 3]",rainbow,15,10,7,1.8992717021064105
4,"[14, 8, 3]",rainbow,16,11,8,1.965881843171405
