,flop,board_type,0b,1b,2b,profit
0,"[14, 7, 4]",rainbow,1,1,1,0.8904574525456835
1,"[14, 7, 4]",rainbow,8,6,4,1.4174287335264393
2,"[14, 7, 4]",rainbow,10,7,5,1.5728103308924788
3,"[14, 7, 4]",rainbow,15,10,7,1.9128865296411548
4,"[14, 7, 4]",rainbow,16,11,8,1.9875555009048378
