,flop,board_type,0b,1b,2b,profit
0,"[14, 6, 6]",rainbow,1,1,1,0.9281836124710359
1,"[14, 6, 6]",rainbow,8,6,4,1.4946115652603504
2,"[14, 6, 6]",rainbow,10,7,5,1.6352412642635423
3,"[14, 6, 6]",rainbow,15,10,7,2.067887613400079
4,"[14, 6, 6]",rainbow,16,11,8,2.140533632960259
