,flop,board_type,0b,1b,2b,profit
0,"[14, 4, 2]",rainbow,1,1,1,0.9363268850561915
1,"[14, 4, 2]",rainbow,2,2,2,0.9384827112155897
2,"[14, 4, 2]",rainbow,3,2,2,0.9411046752531191
3,"[14, 4, 2]",rainbow,8,6,4,1.5193056106773897
4,"[14, 4, 2]",rainbow,10,7,5,1.6398786103887004
5,"[14, 4, 2]",rainbow,15,10,7,2.1031636497824517
6,"[14, 4, 2]",rainbow,16,11,8,2.201249482165172
