,flop,board_type,0b,1b,2b,profit
0,"[14, 3, 2]",rainbow,1,1,1,0.8043388227611095
1,"[14, 3, 2]",rainbow,8,6,4,1.3879111190432003
2,"[14, 3, 2]",rainbow,10,7,5,1.5076937681534182
3,"[14, 3, 2]",rainbow,15,10,7,1.9754023909846379
4,"[14, 3, 2]",rainbow,16,11,8,2.074020598779256
