,flop,board_type,0b,1b,2b,profit
0,"[13, 13, 9]",rainbow,1,1,1,0.43358255412257085
1,"[13, 13, 9]",rainbow,8,6,4,0.9204847669225553
2,"[13, 13, 9]",rainbow,10,7,5,0.9632286348224219
3,"[13, 13, 9]",rainbow,15,10,7,1.1349046250095909
4,"[13, 13, 9]",rainbow,16,11,8,1.1450469662651372
