,flop,board_type,0b,1b,2b,profit
0,"[13, 13, 3]",rainbow,1,1,1,0.28322306310873363
1,"[13, 13, 3]",rainbow,8,6,4,0.7784634859634666
2,"[13, 13, 3]",rainbow,15,10,7,1.100139018155967
3,"[13, 13, 3]",rainbow,16,11,8,1.1652110427918352
