,flop,board_type,0b,1b,2b,profit
0,"[13, 12, 8]",rainbow,1,1,1,0.6507472687428573
1,"[13, 12, 8]",rainbow,2,2,2,0.7401174941142856
2,"[13, 12, 8]",rainbow,3,2,2,0.8753529794285716
3,"[13, 12, 8]",rainbow,4,3,2,0.955445973257143
4,"[13, 12, 8]",rainbow,8,6,4,1.0932076657714285
5,"[13, 12, 8]",rainbow,10,7,5,1.096204674857143
6,"[13, 12, 8]",rainbow,15,10,7,1.2769841094857148
