,flop,board_type,0b,1b,2b,profit
0,"[13, 12, 4]",rainbow,1,1,1,0.6662350741035857
1,"[13, 12, 4]",rainbow,2,2,2,0.7440886658255865
2,"[13, 12, 4]",rainbow,3,2,2,0.8660561584329354
3,"[13, 12, 4]",rainbow,4,3,2,0.9415965460823372
4,"[13, 12, 4]",rainbow,8,6,4,1.1935905487881806
5,"[13, 12, 4]",rainbow,15,10,7,1.2754445394588316
6,"[13, 12, 4]",rainbow,16,11,8,1.310441466932271
