,flop,board_type,0b,1b,2b,profit
0,"[13, 12, 3]",rainbow,1,1,1,0.7141673579365081
1,"[13, 12, 3]",rainbow,2,2,2,0.7885929592592595
2,"[13, 12, 3]",rainbow,3,2,2,0.9096078994708998
3,"[13, 12, 3]",rainbow,4,3,2,0.9823738976190477
4,"[13, 12, 3]",rainbow,8,6,4,1.232258363690476
5,"[13, 12, 3]",rainbow,15,10,7,1.3168811781746033
6,"[13, 12, 3]",rainbow,16,11,8,1.3501188523809524
