,flop,board_type,0b,1b,2b,profit
0,"[13, 12, 2]",rainbow,1,1,1,0.7159376507936513
1,"[13, 12, 2]",rainbow,2,2,2,0.7916327859788361
2,"[13, 12, 2]",rainbow,3,2,2,0.9087453423280423
3,"[13, 12, 2]",rainbow,4,3,2,0.9818890333333337
4,"[13, 12, 2]",rainbow,8,6,4,1.234563398412699
5,"[13, 12, 2]",rainbow,10,7,5,1.234988153373016
6,"[13, 12, 2]",rainbow,15,10,7,1.31731473968254
7,"[13, 12, 2]",rainbow,16,11,8,1.3554318960317462
