,flop,board_type,0b,1b,2b,profit
0,"[13, 11, 10]",rainbow,1,1,1,1.890046996272224
1,"[13, 11, 10]",rainbow,2,2,2,2.009981037042455
2,"[13, 11, 10]",rainbow,3,2,2,2.086500209163932
3,"[13, 11, 10]",rainbow,4,3,2,2.2915713998735834
4,"[13, 11, 10]",rainbow,8,6,4,2.3412405655125195
5,"[13, 11, 10]",rainbow,10,7,5,2.4031368908234505
6,"[13, 11, 10]",rainbow,15,10,7,2.5444675726391788
7,"[13, 11, 10]",rainbow,16,11,8,2.5512785174797497
