,flop,board_type,0b,1b,2b,profit
0,"[13, 11, 6]",rainbow,1,1,1,0.6332346795762636
1,"[13, 11, 6]",rainbow,2,2,2,0.7138125096381296
2,"[13, 11, 6]",rainbow,3,2,2,0.8415674100213801
3,"[13, 11, 6]",rainbow,4,3,2,1.0138219993403996
4,"[13, 11, 6]",rainbow,8,6,4,1.1300565223638719
5,"[13, 11, 6]",rainbow,10,7,5,1.1608183051448848
6,"[13, 11, 6]",rainbow,15,10,7,1.2169286304360187
7,"[13, 11, 6]",rainbow,16,11,8,1.232489802040213
