,flop,board_type,0b,1b,2b,profit
0,"[13, 10, 9]",rainbow,1,1,1,1.085181575200902
1,"[13, 10, 9]",rainbow,2,2,2,1.204654419814421
2,"[13, 10, 9]",rainbow,3,2,2,1.2464233161657337
3,"[13, 10, 9]",rainbow,4,3,2,1.3398514353229776
4,"[13, 10, 9]",rainbow,8,6,4,1.34080025585911
5,"[13, 10, 9]",rainbow,15,10,7,1.4543594222140452
