,flop,board_type,0b,1b,2b,profit
0,"[13, 10, 4]",rainbow,1,1,1,0.6092534103697298
1,"[13, 10, 4]",rainbow,2,2,2,0.6794889670054053
2,"[13, 10, 4]",rainbow,3,2,2,0.7906812316281082
3,"[13, 10, 4]",rainbow,4,3,2,0.8651647920000002
4,"[13, 10, 4]",rainbow,8,6,4,1.154879371368649
5,"[13, 10, 4]",rainbow,15,10,7,1.2098548072864868
6,"[13, 10, 4]",rainbow,16,11,8,1.2357802481643247
