,flop,board_type,0b,1b,2b,profit
0,"[13, 8, 5]",rainbow,1,1,1,0.3917896896579289
1,"[13, 8, 5]",rainbow,2,2,2,0.4875519372090795
2,"[13, 8, 5]",rainbow,8,6,4,0.9754717171579287
3,"[13, 8, 5]",rainbow,15,10,7,1.0923401371909638
4,"[13, 8, 5]",rainbow,16,11,8,1.1396665217764281
