,flop,board_type,0b,1b,2b,profit
0,"[13, 8, 4]",rainbow,1,1,1,0.3565140525850189
1,"[13, 8, 4]",rainbow,2,2,2,0.3568379750114892
2,"[13, 8, 4]",rainbow,3,2,2,0.42650182687270266
3,"[13, 8, 4]",rainbow,4,3,2,0.5411639393037686
4,"[13, 8, 4]",rainbow,8,6,4,0.9423796012867651
5,"[13, 8, 4]",rainbow,15,10,7,1.0535146741383277
6,"[13, 8, 4]",rainbow,16,11,8,1.101494654549633
