,flop,board_type,0b,1b,2b,profit
0,"[13, 8, 3]",rainbow,1,1,1,0.41369797145799997
1,"[13, 8, 3]",rainbow,8,6,4,1.0002586010185401
2,"[13, 8, 3]",rainbow,15,10,7,1.1130202480544749
3,"[13, 8, 3]",rainbow,16,11,8,1.1575804710574507
