,flop,board_type,0b,1b,2b,profit
0,"[13, 7, 6]",rainbow,1,1,1,0.510574627237022
1,"[13, 7, 6]",rainbow,2,2,2,0.6040407162525616
2,"[13, 7, 6]",rainbow,3,2,2,0.6658980551805843
3,"[13, 7, 6]",rainbow,4,3,2,0.7070334258730365
4,"[13, 7, 6]",rainbow,8,6,4,1.0590074182505127
5,"[13, 7, 6]",rainbow,10,7,5,1.1816413342960215
6,"[13, 7, 6]",rainbow,15,10,7,1.235436282112364
7,"[13, 7, 6]",rainbow,16,11,8,1.2763893097015886
