,flop,board_type,0b,1b,2b,profit
0,"[13, 6, 4]",rainbow,1,1,1,0.4735434950936499
1,"[13, 6, 4]",rainbow,2,2,2,0.4744657157602891
2,"[13, 6, 4]",rainbow,3,2,2,0.5427334321777706
3,"[13, 6, 4]",rainbow,4,3,2,0.5778641465230432
4,"[13, 6, 4]",rainbow,8,6,4,1.05894914114639
5,"[13, 6, 4]",rainbow,15,10,7,1.228029667662039
6,"[13, 6, 4]",rainbow,16,11,8,1.2943991189004358
