,flop,board_type,0b,1b,2b,profit
0,"[12, 12, 4]",rainbow,1,1,1,0.35768173979602863
1,"[12, 12, 4]",rainbow,8,6,4,0.824928957903991
2,"[12, 12, 4]",rainbow,10,7,5,0.9033095019128589
3,"[12, 12, 4]",rainbow,15,10,7,1.2125041932014649
4,"[12, 12, 4]",rainbow,16,11,8,1.2850444773892422
