,flop,board_type,0b,1b,2b,profit
0,"[12, 11, 6]",rainbow,1,1,1,0.7009680681590845
1,"[12, 11, 6]",rainbow,2,2,2,0.8715136617874762
2,"[12, 11, 6]",rainbow,3,2,2,0.9990461537715813
3,"[12, 11, 6]",rainbow,4,3,2,1.1787057928781859
4,"[12, 11, 6]",rainbow,8,6,4,1.2183250502260896
5,"[12, 11, 6]",rainbow,15,10,7,1.2805738093655799
