,flop,board_type,0b,1b,2b,profit
0,"[12, 11, 4]",rainbow,1,1,1,0.6843386236793326
1,"[12, 11, 4]",rainbow,2,2,2,0.8410664640606382
2,"[12, 11, 4]",rainbow,3,2,2,0.9602741934132136
3,"[12, 11, 4]",rainbow,4,3,2,1.043055459029525
4,"[12, 11, 4]",rainbow,8,6,4,1.210107181927711
5,"[12, 11, 4]",rainbow,15,10,7,1.2702831662452008
6,"[12, 11, 4]",rainbow,16,11,8,1.29389402616841
