,flop,board_type,0b,1b,2b,profit
0,"[12, 11, 3]",rainbow,1,1,1,0.7189488498659347
1,"[12, 11, 3]",rainbow,2,2,2,0.8801946812857147
2,"[12, 11, 3]",rainbow,3,2,2,1.0008149330967036
3,"[12, 11, 3]",rainbow,4,3,2,1.080604630621978
4,"[12, 11, 3]",rainbow,8,6,4,1.245141814639561
5,"[12, 11, 3]",rainbow,15,10,7,1.3035642034923076
6,"[12, 11, 3]",rainbow,16,11,8,1.3297309991406596
