,flop,board_type,0b,1b,2b,profit
0,"[12, 10, 8]",rainbow,1,1,1,0.8118651098475799
1,"[12, 10, 8]",rainbow,2,2,2,0.9191681940540863
2,"[12, 10, 8]",rainbow,3,2,2,1.016585266683257
3,"[12, 10, 8]",rainbow,4,3,2,1.1765217415259557
4,"[12, 10, 8]",rainbow,15,10,7,1.288609473878361
