,flop,board_type,0b,1b,2b,profit
0,"[12, 10, 6]",rainbow,1,1,1,0.6933385176020755
1,"[12, 10, 6]",rainbow,2,2,2,0.9576095822598034
2,"[12, 10, 6]",rainbow,3,2,2,1.0941508973521088
3,"[12, 10, 6]",rainbow,4,3,2,1.1740126853523787
4,"[12, 10, 6]",rainbow,15,10,7,1.2328321957418145
5,"[12, 10, 6]",rainbow,16,11,8,1.23607369355882
