,flop,board_type,0b,1b,2b,profit
0,"[12, 9, 5]",rainbow,1,1,1,0.6240253856310258
1,"[12, 9, 5]",rainbow,2,2,2,0.7064485456201928
2,"[12, 9, 5]",rainbow,3,2,2,0.9627603235088289
3,"[12, 9, 5]",rainbow,4,3,2,1.1324038662138447
4,"[12, 9, 5]",rainbow,10,7,5,1.133636441845954
5,"[12, 9, 5]",rainbow,16,11,8,1.133754298033799
