,flop,board_type,0b,1b,2b,profit
0,"[12, 9, 3]",rainbow,1,1,1,0.6218933462982152
1,"[12, 9, 3]",rainbow,2,2,2,0.7038776416268397
2,"[12, 9, 3]",rainbow,3,2,2,0.7993463368053205
3,"[12, 9, 3]",rainbow,4,3,2,0.8818311865314667
4,"[12, 9, 3]",rainbow,8,6,4,1.0907666455760445
5,"[12, 9, 3]",rainbow,15,10,7,1.1206937349560142
6,"[12, 9, 3]",rainbow,16,11,8,1.1333255061918457
