,flop,board_type,0b,1b,2b,profit
0,"[12, 7, 5]",rainbow,1,1,1,0.5948184877611657
1,"[12, 7, 5]",rainbow,8,6,4,1.0406197917600668
2,"[12, 7, 5]",rainbow,10,7,5,1.21302424899023
3,"[12, 7, 5]",rainbow,15,10,7,1.295940627474201
4,"[12, 7, 5]",rainbow,16,11,8,1.3406392676841907
