,flop,board_type,0b,1b,2b,profit
0,"[12, 7, 4]",rainbow,1,1,1,0.5421979229822166
1,"[12, 7, 4]",rainbow,8,6,4,0.99547357756498
2,"[12, 7, 4]",rainbow,10,7,5,1.1034696579685366
3,"[12, 7, 4]",rainbow,15,10,7,1.246783483686731
4,"[12, 7, 4]",rainbow,16,11,8,1.2944052156292751
