,flop,board_type,0b,1b,2b,profit
0,"[12, 4, 2]",rainbow,1,1,1,0.5950513733748809
1,"[12, 4, 2]",rainbow,2,2,2,0.5958259764760263
2,"[12, 4, 2]",rainbow,3,2,2,0.597054568890148
3,"[12, 4, 2]",rainbow,4,3,2,0.6327729874821089
4,"[12, 4, 2]",rainbow,8,6,4,1.113236636440443
5,"[12, 4, 2]",rainbow,10,7,5,1.2079532423773465
6,"[12, 4, 2]",rainbow,15,10,7,1.435431270319458
7,"[12, 4, 2]",rainbow,16,11,8,1.5073747928166752
