,flop,board_type,0b,1b,2b,profit
0,"[12, 3, 2]",rainbow,1,1,1,0.6182295374673243
1,"[12, 3, 2]",rainbow,8,6,4,1.1327079095443209
2,"[12, 3, 2]",rainbow,10,7,5,1.2282365891842928
3,"[12, 3, 2]",rainbow,15,10,7,1.4529463983266004
4,"[12, 3, 2]",rainbow,16,11,8,1.5239099563777336
