,flop,board_type,0b,1b,2b,profit
0,"[11, 11, 9]",rainbow,1,1,1,0.36797216031533253
1,"[11, 11, 9]",rainbow,2,2,2,0.4604338939340972
2,"[11, 11, 9]",rainbow,3,2,2,0.5597835845948087
3,"[11, 11, 9]",rainbow,4,3,2,0.6765367870480489
4,"[11, 11, 9]",rainbow,8,6,4,0.7455349655455367
5,"[11, 11, 9]",rainbow,10,7,5,0.7928001707178636
6,"[11, 11, 9]",rainbow,15,10,7,0.9678755225588137
7,"[11, 11, 9]",rainbow,16,11,8,0.9764887740464071
