,flop,board_type,0b,1b,2b,profit
0,"[11, 10, 5]",rainbow,1,1,1,0.7151927418514061
1,"[11, 10, 5]",rainbow,2,2,2,0.8960778423569326
2,"[11, 10, 5]",rainbow,3,2,2,1.0202216833767372
3,"[11, 10, 5]",rainbow,4,3,2,1.2053879470029545
4,"[11, 10, 5]",rainbow,8,6,4,1.2442408577678086
5,"[11, 10, 5]",rainbow,10,7,5,1.2459495408359778
6,"[11, 10, 5]",rainbow,15,10,7,1.2471253623831935
