,flop,board_type,0b,1b,2b,profit
0,"[11, 9, 8]",rainbow,1,1,1,0.7897691133900556
1,"[11, 9, 8]",rainbow,2,2,2,1.021967589517028
2,"[11, 9, 8]",rainbow,3,2,2,1.0637185312572977
3,"[11, 9, 8]",rainbow,4,3,2,1.178690272037593
4,"[11, 9, 8]",rainbow,15,10,7,1.265147673999826
