,flop,board_type,0b,1b,2b,profit
0,"[11, 9, 3]",rainbow,1,1,1,0.6154807061121323
1,"[11, 9, 3]",rainbow,2,2,2,0.695440202435662
2,"[11, 9, 3]",rainbow,3,2,2,0.8153761008157171
3,"[11, 9, 3]",rainbow,4,3,2,0.8978630103975185
4,"[11, 9, 3]",rainbow,8,6,4,0.9804349816750919
5,"[11, 9, 3]",rainbow,15,10,7,1.0143470477941179
6,"[11, 9, 3]",rainbow,16,11,8,1.025755637063419
