,flop,board_type,0b,1b,2b,profit
0,"[11, 9, 2]",rainbow,1,1,1,0.6174695583065256
1,"[11, 9, 2]",rainbow,2,2,2,0.7008451843405334
2,"[11, 9, 2]",rainbow,3,2,2,0.8137338312844671
3,"[11, 9, 2]",rainbow,4,3,2,0.902770905158548
4,"[11, 9, 2]",rainbow,8,6,4,0.9772808882123163
5,"[11, 9, 2]",rainbow,10,7,5,0.9851271977251839
6,"[11, 9, 2]",rainbow,15,10,7,1.0183245373391545
7,"[11, 9, 2]",rainbow,16,11,8,1.0297908265739892
