,flop,board_type,0b,1b,2b,profit
0,"[11, 7, 5]",rainbow,1,1,1,0.5775228727022059
1,"[11, 7, 5]",rainbow,2,2,2,0.6707814595588236
2,"[11, 7, 5]",rainbow,3,2,2,0.733719146139706
3,"[11, 7, 5]",rainbow,4,3,2,0.8447817752757354
4,"[11, 7, 5]",rainbow,8,6,4,0.9539125732996326
5,"[11, 7, 5]",rainbow,10,7,5,1.09142714453125
6,"[11, 7, 5]",rainbow,15,10,7,1.1789795342371323
7,"[11, 7, 5]",rainbow,16,11,8,1.2096047559742646
