,flop,board_type,0b,1b,2b,profit
0,"[11, 7, 4]",rainbow,1,1,1,0.5244500292852754
1,"[11, 7, 4]",rainbow,2,2,2,0.527747742555806
2,"[11, 7, 4]",rainbow,3,2,2,0.6485751763669874
3,"[11, 7, 4]",rainbow,4,3,2,0.8034049976244113
4,"[11, 7, 4]",rainbow,8,6,4,0.9084137062871189
5,"[11, 7, 4]",rainbow,10,7,5,1.009899923673971
6,"[11, 7, 4]",rainbow,15,10,7,1.1261978201515463
7,"[11, 7, 4]",rainbow,16,11,8,1.1603691804833096
