,flop,board_type,0b,1b,2b,profit
0,"[11, 7, 3]",rainbow,1,1,1,0.5798169354957161
1,"[11, 7, 3]",rainbow,8,6,4,0.9534182013157897
2,"[11, 7, 3]",rainbow,10,7,5,1.0545196476438186
3,"[11, 7, 3]",rainbow,15,10,7,1.1693485076193397
4,"[11, 7, 3]",rainbow,16,11,8,1.2013860968176255
