,flop,board_type,0b,1b,2b,profit
0,"[11, 6, 6]",rainbow,1,1,1,0.502743221298382
1,"[11, 6, 6]",rainbow,8,6,4,1.0728145009870977
2,"[11, 6, 6]",rainbow,10,7,5,1.2188937440753635
3,"[11, 6, 6]",rainbow,15,10,7,1.276595180077821
4,"[11, 6, 6]",rainbow,16,11,8,1.3200172401679298
