,flop,board_type,0b,1b,2b,profit
0,"[11, 6, 5]",rainbow,1,1,1,0.5533826029691657
1,"[11, 6, 5]",rainbow,2,2,2,0.6519622675490364
2,"[11, 6, 5]",rainbow,3,2,2,0.7127064080556018
3,"[11, 6, 5]",rainbow,4,3,2,0.8238977263858882
4,"[11, 6, 5]",rainbow,8,6,4,1.0457420418612868
5,"[11, 6, 5]",rainbow,10,7,5,1.1842219936419551
6,"[11, 6, 5]",rainbow,15,10,7,1.2707790785384812
7,"[11, 6, 5]",rainbow,16,11,8,1.3046919098404257
