,flop,board_type,0b,1b,2b,profit
0,"[11, 6, 4]",rainbow,1,1,1,0.5028973792908511
1,"[11, 6, 4]",rainbow,2,2,2,0.5067020400055009
2,"[11, 6, 4]",rainbow,3,2,2,0.5725300296819936
3,"[11, 6, 4]",rainbow,4,3,2,0.679367182451566
4,"[11, 6, 4]",rainbow,8,6,4,0.9651604553598718
5,"[11, 6, 4]",rainbow,10,7,5,1.104410298841852
6,"[11, 6, 4]",rainbow,15,10,7,1.2186554095330742
7,"[11, 6, 4]",rainbow,16,11,8,1.2632059999032332
