,flop,board_type,0b,1b,2b,profit
0,"[11, 2, 2]",rainbow,1,1,1,0.6231786922109339
1,"[11, 2, 2]",rainbow,8,6,4,1.0996395231736817
2,"[11, 2, 2]",rainbow,10,7,5,1.1916483497629413
3,"[11, 2, 2]",rainbow,15,10,7,1.392815581093372
4,"[11, 2, 2]",rainbow,16,11,8,1.4501244288340587
