,flop,board_type,0b,1b,2b,profit
0,"[10, 10, 9]",rainbow,1,1,1,0.27177471285147226
1,"[10, 10, 9]",rainbow,2,2,2,0.46943673430477706
2,"[10, 10, 9]",rainbow,3,2,2,0.576176444894038
3,"[10, 10, 9]",rainbow,4,3,2,0.692535155456152
4,"[10, 10, 9]",rainbow,10,7,5,0.6936248183082273
5,"[10, 10, 9]",rainbow,15,10,7,0.8724497258516468
6,"[10, 10, 9]",rainbow,16,11,8,0.8731151152988831
