,flop,board_type,0b,1b,2b,profit
0,"[10, 9, 9]",rainbow,1,1,1,0.7208428677758019
1,"[10, 9, 9]",rainbow,2,2,2,0.906792232452798
2,"[10, 9, 9]",rainbow,3,2,2,1.0247834096520194
3,"[10, 9, 9]",rainbow,4,3,2,1.1301350352214037
4,"[10, 9, 9]",rainbow,10,7,5,1.1301477548387098
5,"[10, 9, 9]",rainbow,15,10,7,1.3060447988061974
6,"[10, 9, 9]",rainbow,16,11,8,1.3063302736262807
