,flop,board_type,0b,1b,2b,profit
0,"[10, 9, 4]",rainbow,1,1,1,0.5923102319091851
1,"[10, 9, 4]",rainbow,2,2,2,0.7733928818740972
2,"[10, 9, 4]",rainbow,3,2,2,0.8991929642703818
3,"[10, 9, 4]",rainbow,4,3,2,0.9849473642868936
4,"[10, 9, 4]",rainbow,8,6,4,0.9880315419484005
