,flop,board_type,0b,1b,2b,profit
0,"[10, 8, 3]",rainbow,1,1,1,0.4686451563852486
1,"[10, 8, 3]",rainbow,2,2,2,0.5512517623326224
2,"[10, 8, 3]",rainbow,3,2,2,0.7350235259727725
3,"[10, 8, 3]",rainbow,4,3,2,0.8613022183216502
4,"[10, 8, 3]",rainbow,8,6,4,0.8618768965417049
5,"[10, 8, 3]",rainbow,10,7,5,0.9796157573077314
6,"[10, 8, 3]",rainbow,15,10,7,1.0639346206512243
7,"[10, 8, 3]",rainbow,16,11,8,1.0687308018723969
