,flop,board_type,0b,1b,2b,profit
0,"[10, 6, 4]",rainbow,1,1,1,0.5168138899273943
1,"[10, 6, 4]",rainbow,2,2,2,0.615669457178387
2,"[10, 6, 4]",rainbow,3,2,2,0.6750358892855712
3,"[10, 6, 4]",rainbow,4,3,2,0.8620756373701313
4,"[10, 6, 4]",rainbow,8,6,4,1.0066233684564163
5,"[10, 6, 4]",rainbow,10,7,5,1.1192784375827354
6,"[10, 6, 4]",rainbow,15,10,7,1.2351985476001852
7,"[10, 6, 4]",rainbow,16,11,8,1.2561053698704323
