,flop,board_type,0b,1b,2b,profit
0,"[9, 9, 7]",rainbow,1,1,1,0.9420789870803746
1,"[9, 9, 7]",rainbow,2,2,2,1.0237354489391055
2,"[9, 9, 7]",rainbow,3,2,2,1.0868162188442212
3,"[9, 9, 7]",rainbow,4,3,2,1.1087429128510722
4,"[9, 9, 7]",rainbow,8,6,4,1.2914597605939586
5,"[9, 9, 7]",rainbow,10,7,5,1.3808357010911883
6,"[9, 9, 7]",rainbow,15,10,7,1.5129563682370968
