,flop,board_type,0b,1b,2b,profit
0,"[9, 8, 3]",rainbow,1,1,1,0.8952988603057669
1,"[9, 8, 3]",rainbow,2,2,2,1.0391666362682193
2,"[9, 8, 3]",rainbow,3,2,2,1.1729196158606623
3,"[9, 8, 3]",rainbow,4,3,2,1.2108105253881498
4,"[9, 8, 3]",rainbow,8,6,4,1.2171316303172528
5,"[9, 8, 3]",rainbow,10,7,5,1.3631543134901776
6,"[9, 8, 3]",rainbow,15,10,7,1.4040874817510298
7,"[9, 8, 3]",rainbow,16,11,8,1.4056408084897813
