,flop,board_type,0b,1b,2b,profit
0,"[9, 7, 3]",rainbow,1,1,1,1.0227882423167294
1,"[9, 7, 3]",rainbow,8,6,4,1.2448794270050125
2,"[9, 7, 3]",rainbow,10,7,5,1.4021579590098294
3,"[9, 7, 3]",rainbow,15,10,7,1.4891700961074563
