,flop,board_type,0b,1b,2b,profit
0,"[9, 6, 2]",rainbow,1,1,1,0.9931265831450385
1,"[9, 6, 2]",rainbow,2,2,2,1.071446208714792
2,"[9, 6, 2]",rainbow,3,2,2,1.072027373631618
3,"[9, 6, 2]",rainbow,4,3,2,1.1566809888484162
4,"[9, 6, 2]",rainbow,8,6,4,1.3124227706474734
5,"[9, 6, 2]",rainbow,10,7,5,1.4550441137851107
6,"[9, 6, 2]",rainbow,15,10,7,1.5526592095426393
7,"[9, 6, 2]",rainbow,16,11,8,1.554598407144805
