,flop,board_type,0b,1b,2b,profit
0,"[9, 5, 5]",rainbow,1,1,1,1.056895459471889
1,"[9, 5, 5]",rainbow,8,6,4,1.4886206820066683
2,"[9, 5, 5]",rainbow,10,7,5,1.6551108293641974
3,"[9, 5, 5]",rainbow,15,10,7,1.7234195709807227
4,"[9, 5, 5]",rainbow,16,11,8,1.727760115249301
