,flop,board_type,0b,1b,2b,profit
0,"[9, 5, 3]",rainbow,1,1,1,1.0542863936374833
1,"[9, 5, 3]",rainbow,2,2,2,1.134108829416064
2,"[9, 5, 3]",rainbow,3,2,2,1.2124652668102784
3,"[9, 5, 3]",rainbow,4,3,2,1.314050814356055
4,"[9, 5, 3]",rainbow,8,6,4,1.475123848207417
5,"[9, 5, 3]",rainbow,10,7,5,1.6106301783928298
6,"[9, 5, 3]",rainbow,15,10,7,1.7032352410563167
7,"[9, 5, 3]",rainbow,16,11,8,1.7068903665948607
