,flop,board_type,0b,1b,2b,profit
0,"[9, 4, 2]",rainbow,1,1,1,1.045827620138509
1,"[9, 4, 2]",rainbow,2,2,2,1.047989607419848
2,"[9, 4, 2]",rainbow,8,6,4,1.4777647875474123
3,"[9, 4, 2]",rainbow,10,7,5,1.6204323703932597
4,"[9, 4, 2]",rainbow,15,10,7,1.7138187073245528
5,"[9, 4, 2]",rainbow,16,11,8,1.7310903347611952
