,flop,board_type,0b,1b,2b,profit
0,"[8, 7, 4]",rainbow,1,1,1,0.796214152722628
1,"[8, 7, 4]",rainbow,2,2,2,0.8788175844379562
2,"[8, 7, 4]",rainbow,3,2,2,0.9984559313722632
3,"[8, 7, 4]",rainbow,4,3,2,1.0754502646058395
4,"[8, 7, 4]",rainbow,8,6,4,1.2570173642043798
5,"[8, 7, 4]",rainbow,10,7,5,1.46139147390511
6,"[8, 7, 4]",rainbow,15,10,7,1.6723302907883213
7,"[8, 7, 4]",rainbow,16,11,8,1.6866234670948905
