,flop,board_type,0b,1b,2b,profit
0,"[8, 4, 2]",rainbow,1,1,1,0.8155299781856347
1,"[8, 4, 2]",rainbow,8,6,4,1.340754367343284
2,"[8, 4, 2]",rainbow,10,7,5,1.524357923960821
3,"[8, 4, 2]",rainbow,15,10,7,1.7205666694617539
4,"[8, 4, 2]",rainbow,16,11,8,1.7664483995867533
