,flop,board_type,0b,1b,2b,profit
0,"[8, 3, 3]",rainbow,1,1,1,0.9092951870514707
1,"[8, 3, 3]",rainbow,8,6,4,1.4304230432904412
2,"[8, 3, 3]",rainbow,10,7,5,1.6103989802481617
3,"[8, 3, 3]",rainbow,15,10,7,1.7975577411047794
4,"[8, 3, 3]",rainbow,16,11,8,1.839023122055147
