,flop,board_type,0b,1b,2b,profit
0,"[7, 7, 5]",rainbow,1,1,1,0.866228300390484
1,"[7, 7, 5]",rainbow,2,2,2,0.9627302298951184
2,"[7, 7, 5]",rainbow,3,2,2,1.029182580390785
3,"[7, 7, 5]",rainbow,4,3,2,1.0544388763741424
4,"[7, 7, 5]",rainbow,8,6,4,1.3627004183688456
5,"[7, 7, 5]",rainbow,10,7,5,1.624717711232394
6,"[7, 7, 5]",rainbow,15,10,7,1.7231788715429757
7,"[7, 7, 5]",rainbow,16,11,8,1.780083866315607
