,flop,board_type,0b,1b,2b,profit
0,"[7, 3, 3]",rainbow,1,1,1,1.0599680233
1,"[7, 3, 3]",rainbow,8,6,4,1.5329671986500002
2,"[7, 3, 3]",rainbow,10,7,5,1.7062665529499998
3,"[7, 3, 3]",rainbow,15,10,7,1.8728617929
4,"[7, 3, 3]",rainbow,16,11,8,1.9355957869
