,flop,board_type,0b,1b,2b,profit
0,"[7, 3, 2]",rainbow,1,1,1,1.0393155223897061
1,"[7, 3, 2]",rainbow,8,6,4,1.517990623382353
2,"[7, 3, 2]",rainbow,10,7,5,1.6725795817830884
3,"[7, 3, 2]",rainbow,15,10,7,1.861887550422794
4,"[7, 3, 2]",rainbow,16,11,8,1.922181117426471
