,flop,board_type,0b,1b,2b,profit
0,"[6, 5, 5]",rainbow,1,1,1,1.0618987547385619
1,"[6, 5, 5]",rainbow,2,2,2,1.1383732716911765
2,"[6, 5, 5]",rainbow,3,2,2,1.2027644894403597
3,"[6, 5, 5]",rainbow,4,3,2,1.2314217007761434
4,"[6, 5, 5]",rainbow,8,6,4,1.5936846621323526
5,"[6, 5, 5]",rainbow,10,7,5,1.8539494551879088
6,"[6, 5, 5]",rainbow,15,10,7,1.9428458635825159
7,"[6, 5, 5]",rainbow,16,11,8,2.020611432679739
