,flop,board_type,0b,1b,2b,profit
0,"[5, 3, 2]",rainbow,1,1,1,1.2724321679377297
1,"[5, 3, 2]",rainbow,2,2,2,1.2728533907785127
2,"[5, 3, 2]",rainbow,3,2,2,1.3311101518769655
3,"[5, 3, 2]",rainbow,4,3,2,1.3681949179214126
4,"[5, 3, 2]",rainbow,8,6,4,1.8081218183098593
5,"[5, 3, 2]",rainbow,10,7,5,1.9836825022431
6,"[5, 3, 2]",rainbow,15,10,7,2.268687613172771
7,"[5, 3, 2]",rainbow,16,11,8,2.351535822468125
