,flop,board_type,0b,1b,2b,profit
0,"[3, 3, 2]",rainbow,1,1,1,1.1452623380462397
1,"[3, 3, 2]",rainbow,2,2,2,1.1480131313262192
2,"[3, 3, 2]",rainbow,8,6,4,1.660427044918699
3,"[3, 3, 2]",rainbow,10,7,5,1.8418967506654549
4,"[3, 3, 2]",rainbow,15,10,7,2.0558151117886174
5,"[3, 3, 2]",rainbow,16,11,8,2.158905810053158
