,flop,board_type,0b,1b,2b,profit
0,"[14, 14, 8]",rainbow,1,1,1,-5.050854755367232
1,"[14, 14, 8]",rainbow,2,2,2,-5.048408663328987
2,"[14, 14, 8]",rainbow,8,6,4,-2.2541605220338976
3,"[14, 14, 8]",rainbow,10,7,5,0.6796100357062151
4,"[14, 14, 8]",rainbow,15,10,7,1.5757286123076923
5,"[14, 14, 8]",rainbow,16,11,8,1.7375032829465455
