,flop,board_type,0b,1b,2b,profit
0,"[14, 14, 4]",rainbow,1,1,1,-7.671862158633776
1,"[14, 14, 4]",rainbow,2,2,2,-7.658505736685641
2,"[14, 14, 4]",rainbow,8,6,4,-6.5822502543247925
3,"[14, 14, 4]",rainbow,10,7,5,-6.190642983523085
4,"[14, 14, 4]",rainbow,15,10,7,-2.393220200577165
5,"[14, 14, 4]",rainbow,16,11,8,-2.1513232419987336
