,flop,board_type,0b,1b,2b,profit
0,"[14, 13, 6]",rainbow,1,1,1,-5.440848414705883
1,"[14, 13, 6]",rainbow,2,2,2,-3.7066495397058823
2,"[14, 13, 6]",rainbow,3,2,2,-3.3216161882352955
3,"[14, 13, 6]",rainbow,4,3,2,-1.894607338725491
4,"[14, 13, 6]",rainbow,8,6,4,-1.4472237176470601
5,"[14, 13, 6]",rainbow,15,10,7,1.439575009190166
6,"[14, 13, 6]",rainbow,16,11,8,1.4818220254138006
