,flop,board_type,0b,1b,2b,profit
0,"[14, 12, 9]",rainbow,1,1,1,-4.725009100504626
1,"[14, 12, 9]",rainbow,2,2,2,-1.3194334003364188
2,"[14, 12, 9]",rainbow,3,2,2,-1.315790074432298
3,"[14, 12, 9]",rainbow,4,3,2,-1.3146797968881425
4,"[14, 12, 9]",rainbow,15,10,7,1.1945205349032788
5,"[14, 12, 9]",rainbow,16,11,8,1.1945663170731697
