,flop,board_type,0b,1b,2b,profit
0,"[14, 12, 5]",rainbow,1,1,1,-6.29170103729347
1,"[14, 12, 5]",rainbow,2,2,2,-4.694443555704171
2,"[14, 12, 5]",rainbow,3,2,2,-4.258218447757673
3,"[14, 12, 5]",rainbow,4,3,2,-3.0135601453186474
4,"[14, 12, 5]",rainbow,8,6,4,-2.5193394388670343
5,"[14, 12, 5]",rainbow,10,7,5,-2.5187333777340686
6,"[14, 12, 5]",rainbow,15,10,7,1.3013992033803938
7,"[14, 12, 5]",rainbow,16,11,8,1.3602052512174672
