,flop,board_type,0b,1b,2b,profit
0,"[14, 11, 11]",rainbow,1,1,1,-1.2385492683982684
1,"[14, 11, 11]",rainbow,2,2,2,-1.2378183523809523
2,"[14, 11, 11]",rainbow,8,6,4,0.8339478493506496
3,"[14, 11, 11]",rainbow,15,10,7,2.9564582582719927
