,flop,board_type,0b,1b,2b,profit
0,"[14, 9, 7]",rainbow,1,1,1,-2.1949542088455765
1,"[14, 9, 7]",rainbow,8,6,4,0.9881886406296854
2,"[14, 9, 7]",rainbow,10,7,5,3.4425389374062965
3,"[14, 9, 7]",rainbow,15,10,7,4.546404147751123
4,"[14, 9, 7]",rainbow,16,11,8,4.634790858770614
