,flop,board_type,0b,1b,2b,profit
0,"[14, 9, 3]",rainbow,1,1,1,-3.6787555555238765
1,"[14, 9, 3]",rainbow,8,6,4,-1.4909443775481115
2,"[14, 9, 3]",rainbow,10,7,5,-0.48288550741268677
3,"[14, 9, 3]",rainbow,15,10,7,3.4300245006414833
4,"[14, 9, 3]",rainbow,16,11,8,3.5124915508196732
