,flop,board_type,0b,1b,2b,profit
0,"[14, 8, 3]",rainbow,1,1,1,-3.9626023039270684
1,"[14, 8, 3]",rainbow,8,6,4,-1.310568696143058
2,"[14, 8, 3]",rainbow,10,7,5,-0.24211671234221632
3,"[14, 8, 3]",rainbow,15,10,7,3.976098226157083
4,"[14, 8, 3]",rainbow,16,11,8,4.1612263809957915
