,flop,board_type,0b,1b,2b,profit
0,"[14, 8, 2]",rainbow,1,1,1,-3.9668295267882194
1,"[14, 8, 2]",rainbow,8,6,4,-1.3157299848527357
2,"[14, 8, 2]",rainbow,10,7,5,-0.2342436266479666
3,"[14, 8, 2]",rainbow,15,10,7,3.977898557433381
4,"[14, 8, 2]",rainbow,16,11,8,4.162286301192145
