,flop,board_type,0b,1b,2b,profit
0,"[14, 6, 6]",rainbow,1,1,1,-4.9803344392706865
1,"[14, 6, 6]",rainbow,8,6,4,-3.3952519991584835
2,"[14, 6, 6]",rainbow,10,7,5,-2.8461265423562407
3,"[14, 6, 6]",rainbow,15,10,7,0.32454415091164135
4,"[14, 6, 6]",rainbow,16,11,8,0.6243686770687233
