,flop,board_type,0b,1b,2b,profit
0,"[14, 6, 3]",rainbow,1,1,1,-4.429650947826087
1,"[14, 6, 3]",rainbow,8,6,4,-2.828595514165497
2,"[14, 6, 3]",rainbow,10,7,5,-1.7659562072931272
3,"[14, 6, 3]",rainbow,15,10,7,2.260298025806452
4,"[14, 6, 3]",rainbow,16,11,8,2.5718792123422163
