,flop,board_type,0b,1b,2b,profit
0,"[14, 3, 3]",rainbow,1,1,1,-6.252719810568562
1,"[14, 3, 3]",rainbow,8,6,4,-4.680263337123746
2,"[14, 3, 3]",rainbow,10,7,5,-4.155867085016722
3,"[14, 3, 3]",rainbow,15,10,7,-1.1211380370568556
4,"[14, 3, 3]",rainbow,16,11,8,-0.832041422274246
