,flop,board_type,0b,1b,2b,profit
0,"[13, 13, 9]",rainbow,1,1,1,-4.661207425151515
1,"[13, 13, 9]",rainbow,8,6,4,-1.4554489933699055
2,"[13, 13, 9]",rainbow,15,10,7,-0.47278762200626945
3,"[13, 13, 9]",rainbow,16,11,8,-0.46652480865203705
