,flop,board_type,0b,1b,2b,profit
0,"[13, 13, 2]",rainbow,1,1,1,-7.632119442610835
1,"[13, 13, 2]",rainbow,8,6,4,-5.162094585837437
2,"[13, 13, 2]",rainbow,15,10,7,-3.4973061996305406
3,"[13, 13, 2]",rainbow,16,11,8,-3.352814316379309
