,flop,board_type,0b,1b,2b,profit
0,"[13, 12, 11]",rainbow,1,1,1,0.07820828640109578
1,"[13, 12, 11]",rainbow,2,2,2,3.0436147457417553
2,"[13, 12, 11]",rainbow,3,2,2,3.300542911263733
3,"[13, 12, 11]",rainbow,4,3,2,6.0537613741758225
4,"[13, 12, 11]",rainbow,8,6,4,6.054338264285712
5,"[13, 12, 11]",rainbow,10,7,5,6.054521478571426
6,"[13, 12, 11]",rainbow,15,10,7,6.736619559827671
7,"[13, 12, 11]",rainbow,16,11,8,6.741550725349649
