,flop,board_type,0b,1b,2b,profit
0,"[13, 11, 7]",rainbow,1,1,1,-2.5091832368506504
1,"[13, 11, 7]",rainbow,2,2,2,1.6385131890827918
2,"[13, 11, 7]",rainbow,3,2,2,2.070310996022727
3,"[13, 11, 7]",rainbow,4,3,2,3.399719211566557
4,"[13, 11, 7]",rainbow,8,6,4,3.401682459821427
5,"[13, 11, 7]",rainbow,15,10,7,4.528122167532466
6,"[13, 11, 7]",rainbow,16,11,8,4.530030716761361
