,flop,board_type,0b,1b,2b,profit
0,"[13, 11, 6]",rainbow,1,1,1,-2.6405919760551955
1,"[13, 11, 6]",rainbow,8,6,4,0.9892118835633101
2,"[13, 11, 6]",rainbow,10,7,5,0.9905690233360374
3,"[13, 11, 6]",rainbow,15,10,7,2.515103533725648
4,"[13, 11, 6]",rainbow,16,11,8,2.5192071288961024
