,flop,board_type,0b,1b,2b,profit
0,"[13, 10, 8]",rainbow,1,1,1,-2.5369399446808516
1,"[13, 10, 8]",rainbow,2,2,2,-0.9989636680851071
2,"[13, 10, 8]",rainbow,3,2,2,-0.9933075070921986
3,"[13, 10, 8]",rainbow,4,3,2,-0.9930431283687948
4,"[13, 10, 8]",rainbow,15,10,7,0.6180986283687937
