,flop,board_type,0b,1b,2b,profit
0,"[13, 10, 6]",rainbow,1,1,1,-2.65018205106383
1,"[13, 10, 6]",rainbow,2,2,2,-1.101064687234043
2,"[13, 10, 6]",rainbow,15,10,7,0.49148259219858037
3,"[13, 10, 6]",rainbow,16,11,8,0.4967666290780133
