,flop,board_type,0b,1b,2b,profit
0,"[13, 10, 3]",rainbow,1,1,1,-3.838600333191489
1,"[13, 10, 3]",rainbow,2,2,2,-2.3763261345390085
2,"[13, 10, 3]",rainbow,3,2,2,-2.3660214744326242
3,"[13, 10, 3]",rainbow,15,10,7,-0.3113137251418445
