,flop,board_type,0b,1b,2b,profit
0,"[13, 9, 8]",rainbow,1,1,1,-2.6917438381355936
1,"[13, 9, 8]",rainbow,2,2,2,-1.2567349762711868
2,"[13, 9, 8]",rainbow,3,2,2,-0.6893567025423737
3,"[13, 9, 8]",rainbow,4,3,2,0.3464926237288122
4,"[13, 9, 8]",rainbow,8,6,4,0.8925742644067791
5,"[13, 9, 8]",rainbow,10,7,5,1.6705910627118636
6,"[13, 9, 8]",rainbow,15,10,7,2.4874332661016942
