,flop,board_type,0b,1b,2b,profit
0,"[13, 8, 7]",rainbow,1,1,1,-3.466020733333333
1,"[13, 8, 7]",rainbow,2,2,2,-2.119814113333333
2,"[13, 8, 7]",rainbow,3,2,2,-1.61647308
3,"[13, 8, 7]",rainbow,4,3,2,-0.6003578933333333
4,"[13, 8, 7]",rainbow,8,6,4,1.6606669966666665
5,"[13, 8, 7]",rainbow,10,7,5,2.4230130216666668
6,"[13, 8, 7]",rainbow,15,10,7,2.880218698333333
7,"[13, 8, 7]",rainbow,16,11,8,2.8830103366666666
