,flop,board_type,0b,1b,2b,profit
0,"[13, 7, 7]",rainbow,1,1,1,-5.530134138095237
1,"[13, 7, 7]",rainbow,8,6,4,-2.885318757142857
2,"[13, 7, 7]",rainbow,10,7,5,-1.4465145333333322
3,"[13, 7, 7]",rainbow,15,10,7,-1.0199021952380947
4,"[13, 7, 7]",rainbow,16,11,8,-0.8233786206349207
