,flop,board_type,0b,1b,2b,profit
0,"[13, 7, 3]",rainbow,1,1,1,-5.258525911111111
1,"[13, 7, 3]",rainbow,2,2,2,-5.2563927238095225
2,"[13, 7, 3]",rainbow,3,2,2,-5.245071015873016
3,"[13, 7, 3]",rainbow,8,6,4,-2.587625098412698
4,"[13, 7, 3]",rainbow,10,7,5,-2.0023279873015865
5,"[13, 7, 3]",rainbow,15,10,7,0.5942596333333343
6,"[13, 7, 3]",rainbow,16,11,8,0.7824738444444441
