,flop,board_type,0b,1b,2b,profit
0,"[13, 3, 2]",rainbow,1,1,1,-6.650935719696969
1,"[13, 3, 2]",rainbow,2,2,2,-6.640918977272727
2,"[13, 3, 2]",rainbow,8,6,4,-3.99781890151515
3,"[13, 3, 2]",rainbow,10,7,5,-3.433545746212121
4,"[13, 3, 2]",rainbow,15,10,7,-1.2702466969696964
5,"[13, 3, 2]",rainbow,16,11,8,-1.0956479242424249
