,flop,board_type,0b,1b,2b,profit
0,"[12, 12, 10]",rainbow,1,1,1,-1.5721517068554136
1,"[12, 12, 10]",rainbow,2,2,2,-0.11899813956043914
2,"[12, 12, 10]",rainbow,8,6,4,-0.11897784993640581
3,"[12, 12, 10]",rainbow,10,7,5,-0.11878415863349545
4,"[12, 12, 10]",rainbow,15,10,7,1.9606051664784294
5,"[12, 12, 10]",rainbow,16,11,8,1.9633718634259267
