,flop,board_type,0b,1b,2b,profit
0,"[12, 12, 9]",rainbow,1,1,1,-1.5239919273616245
1,"[12, 12, 9]",rainbow,2,2,2,-0.18941816140691525
2,"[12, 12, 9]",rainbow,3,2,2,0.3859109452229448
3,"[12, 12, 9]",rainbow,4,3,2,1.339610644282506
4,"[12, 12, 9]",rainbow,8,6,4,1.3435636939362738
5,"[12, 12, 9]",rainbow,15,10,7,2.5343583162050245
6,"[12, 12, 9]",rainbow,16,11,8,2.5350783193515176
