,flop,board_type,0b,1b,2b,profit
0,"[12, 12, 4]",rainbow,1,1,1,-4.474795293048614
1,"[12, 12, 4]",rainbow,2,2,2,-4.468628285118335
2,"[12, 12, 4]",rainbow,8,6,4,-0.8191678285490065
3,"[12, 12, 4]",rainbow,10,7,5,-0.8166389553095703
4,"[12, 12, 4]",rainbow,15,10,7,-0.15191127190120124
5,"[12, 12, 4]",rainbow,16,11,8,-0.0615160774028336
