,flop,board_type,0b,1b,2b,profit
0,"[12, 12, 2]",rainbow,1,1,1,-4.469654933336086
1,"[12, 12, 2]",rainbow,8,6,4,-0.8183317563504184
2,"[12, 12, 2]",rainbow,10,7,5,-0.8169006900995406
3,"[12, 12, 2]",rainbow,15,10,7,-0.15297007674197616
4,"[12, 12, 2]",rainbow,16,11,8,-0.060595185989839706
