,flop,board_type,0b,1b,2b,profit
0,"[12, 11, 6]",rainbow,1,1,1,-1.025367316247583
1,"[12, 11, 6]",rainbow,2,2,2,0.6311212160541575
2,"[12, 11, 6]",rainbow,3,2,2,1.2449696218568662
3,"[12, 11, 6]",rainbow,4,3,2,2.3684260278529976
4,"[12, 11, 6]",rainbow,8,6,4,2.3708276682785296
5,"[12, 11, 6]",rainbow,10,7,5,2.3726654938104446
6,"[12, 11, 6]",rainbow,15,10,7,4.147121479690521
