,flop,board_type,0b,1b,2b,profit
0,"[12, 11, 4]",rainbow,1,1,1,-2.2534748701393994
1,"[12, 11, 4]",rainbow,2,2,2,-0.6701759449743221
2,"[12, 11, 4]",rainbow,3,2,2,-0.06773954365370494
3,"[12, 11, 4]",rainbow,4,3,2,0.9921004007703595
4,"[12, 11, 4]",rainbow,8,6,4,0.9963353690388841
5,"[12, 11, 4]",rainbow,15,10,7,3.1454445502567863
