,flop,board_type,0b,1b,2b,profit
0,"[12, 9, 7]",rainbow,1,1,1,-0.8292683227180533
1,"[12, 9, 7]",rainbow,2,2,2,0.5064719511156186
2,"[12, 9, 7]",rainbow,3,2,2,1.2125530882352935
3,"[12, 9, 7]",rainbow,4,3,2,2.0820586093306286
4,"[12, 9, 7]",rainbow,8,6,4,2.787238915212982
5,"[12, 9, 7]",rainbow,10,7,5,3.4311420166328594
6,"[12, 9, 7]",rainbow,15,10,7,4.300734244016226
