,flop,board_type,0b,1b,2b,profit
0,"[12, 9, 2]",rainbow,1,1,1,-1.7729207539054967
1,"[12, 9, 2]",rainbow,2,2,2,-0.49950145303760807
2,"[12, 9, 2]",rainbow,3,2,2,0.21291873596914157
3,"[12, 9, 2]",rainbow,4,3,2,1.023240175506268
4,"[12, 9, 2]",rainbow,8,6,4,1.0361184487945991
5,"[12, 9, 2]",rainbow,10,7,5,1.7633510268080999
6,"[12, 9, 2]",rainbow,15,10,7,3.5557832395371256
