,flop,board_type,0b,1b,2b,profit
0,"[12, 8, 8]",rainbow,1,1,1,-3.075221635673624
1,"[12, 8, 8]",rainbow,2,2,2,-3.0617389634724854
2,"[12, 8, 8]",rainbow,3,2,2,-1.9366091133776089
3,"[12, 8, 8]",rainbow,4,3,2,0.5395757741935487
4,"[12, 8, 8]",rainbow,8,6,4,1.3381777533206827
5,"[12, 8, 8]",rainbow,10,7,5,1.3434702808349148
6,"[12, 8, 8]",rainbow,15,10,7,2.2999463425047444
