,flop,board_type,0b,1b,2b,profit
0,"[12, 5, 4]",rainbow,1,1,1,-4.424974072669683
1,"[12, 5, 4]",rainbow,2,2,2,-4.424228032941175
2,"[12, 5, 4]",rainbow,8,6,4,-0.6870126388235283
3,"[12, 5, 4]",rainbow,10,7,5,0.06869814298642685
4,"[12, 5, 4]",rainbow,15,10,7,1.3238505282352955
5,"[12, 5, 4]",rainbow,16,11,8,1.434468982171947
