,flop,board_type,0b,1b,2b,profit
0,"[12, 4, 2]",rainbow,1,1,1,-4.509487688959275
1,"[12, 4, 2]",rainbow,2,2,2,-4.50051531638009
2,"[12, 4, 2]",rainbow,8,6,4,-0.759134914208144
3,"[12, 4, 2]",rainbow,10,7,5,-0.015093530045249048
4,"[12, 4, 2]",rainbow,15,10,7,1.2365075952941191
5,"[12, 4, 2]",rainbow,16,11,8,1.3520854584615398
