,flop,board_type,0b,1b,2b,profit
0,"[11, 11, 10]",rainbow,1,1,1,1.1195203870089698
1,"[11, 11, 10]",rainbow,15,10,7,3.096500273368388
2,"[11, 11, 10]",rainbow,16,11,8,3.0990777829260745
