,flop,board_type,0b,1b,2b,profit
0,"[11, 10, 10]",rainbow,1,1,1,0.5849971209056608
1,"[11, 10, 10]",rainbow,8,6,4,0.5866061685283019
2,"[11, 10, 10]",rainbow,15,10,7,2.6461594887547166
