,flop,board_type,0b,1b,2b,profit
0,"[11, 9, 9]",rainbow,1,1,1,-0.6041459560439564
1,"[11, 9, 9]",rainbow,2,2,2,-0.6015841662087911
2,"[11, 9, 9]",rainbow,15,10,7,0.726954451923076
3,"[11, 9, 9]",rainbow,16,11,8,0.733746260302198
