,flop,board_type,0b,1b,2b,profit
0,"[11, 9, 2]",rainbow,1,1,1,-0.6786577692307694
1,"[11, 9, 2]",rainbow,8,6,4,0.9192648717948715
2,"[11, 9, 2]",rainbow,10,7,5,1.422404743589744
3,"[11, 9, 2]",rainbow,15,10,7,3.1391991025641017
