,flop,board_type,0b,1b,2b,profit
0,"[11, 7, 6]",rainbow,1,1,1,-0.6528190183216793
1,"[11, 7, 6]",rainbow,8,6,4,2.6914356507692294
2,"[11, 7, 6]",rainbow,10,7,5,3.2016736220979007
3,"[11, 7, 6]",rainbow,15,10,7,4.039434616503495
