,flop,board_type,0b,1b,2b,profit
0,"[11, 6, 5]",rainbow,1,1,1,-2.0819939880636613
1,"[11, 6, 5]",rainbow,8,6,4,1.2911560815649876
2,"[11, 6, 5]",rainbow,10,7,5,1.8289176551724133
3,"[11, 6, 5]",rainbow,15,10,7,2.620169102122016
4,"[11, 6, 5]",rainbow,16,11,8,2.6269746299734753
