,flop,board_type,0b,1b,2b,profit
0,"[10, 10, 7]",rainbow,1,1,1,0.8518350497695857
1,"[10, 10, 7]",rainbow,2,2,2,0.8610930396313372
2,"[10, 10, 7]",rainbow,8,6,4,2.9948572523809522
3,"[10, 10, 7]",rainbow,10,7,5,3.9084511887864832
4,"[10, 10, 7]",rainbow,15,10,7,4.570608145622121
5,"[10, 10, 7]",rainbow,16,11,8,4.572742833640554
