,flop,board_type,0b,1b,2b,profit
0,"[10, 10, 4]",rainbow,1,1,1,-1.0728841740112989
1,"[10, 10, 4]",rainbow,8,6,4,0.5219514524119937
2,"[10, 10, 4]",rainbow,10,7,5,1.1188954922207737
3,"[10, 10, 4]",rainbow,15,10,7,2.1718032333767927
4,"[10, 10, 4]",rainbow,16,11,8,2.17432844797914
