,flop,board_type,0b,1b,2b,profit
0,"[10, 10, 2]",rainbow,1,1,1,-1.0752948118209478
1,"[10, 10, 2]",rainbow,8,6,4,0.5387234920469353
2,"[10, 10, 2]",rainbow,10,7,5,1.119544216601477
3,"[10, 10, 2]",rainbow,15,10,7,2.1664368130378104
