,flop,board_type,0b,1b,2b,profit
0,"[10, 9, 4]",rainbow,1,1,1,0.7308543765517237
1,"[10, 9, 4]",rainbow,2,2,2,2.1571757151724116
2,"[10, 9, 4]",rainbow,3,2,2,3.271234688777428
3,"[10, 9, 4]",rainbow,4,3,2,5.325286045517239
4,"[10, 9, 4]",rainbow,8,6,4,5.3289756406269575
5,"[10, 9, 4]",rainbow,10,7,5,5.331686964451409
6,"[10, 9, 4]",rainbow,15,10,7,6.440441731285263
