,flop,board_type,0b,1b,2b,profit
0,"[10, 8, 5]",rainbow,1,1,1,-0.13337597667180345
1,"[10, 8, 5]",rainbow,2,2,2,-0.13185597198767418
2,"[10, 8, 5]",rainbow,3,2,2,0.36125698154083064
3,"[10, 8, 5]",rainbow,4,3,2,1.3732068574422172
4,"[10, 8, 5]",rainbow,10,7,5,2.650190954268104
5,"[10, 8, 5]",rainbow,15,10,7,5.284381519969181
