,flop,board_type,0b,1b,2b,profit
0,"[10, 8, 4]",rainbow,1,1,1,-0.1336796616640994
1,"[10, 8, 4]",rainbow,2,2,2,1.7983268875808927
2,"[10, 8, 4]",rainbow,3,2,2,2.2666685603697982
3,"[10, 8, 4]",rainbow,4,3,2,3.2761699305701066
4,"[10, 8, 4]",rainbow,10,7,5,4.47209621861325
5,"[10, 8, 4]",rainbow,15,10,7,6.79811260785824
6,"[10, 8, 4]",rainbow,16,11,8,6.8034637046224935
