,flop,board_type,0b,1b,2b,profit
0,"[9, 7, 2]",rainbow,1,1,1,0.700564013348945
1,"[9, 7, 2]",rainbow,8,6,4,2.5248173629976574
2,"[9, 7, 2]",rainbow,10,7,5,3.1616716618266962
3,"[9, 7, 2]",rainbow,15,10,7,4.756260144262293
