,flop,board_type,0b,1b,2b,profit
0,"[9, 6, 6]",rainbow,1,1,1,0.4321215433255272
1,"[9, 6, 6]",rainbow,8,6,4,2.8784432004683844
2,"[9, 6, 6]",rainbow,10,7,5,4.251472104449649
3,"[9, 6, 6]",rainbow,15,10,7,4.567540819906323
4,"[9, 6, 6]",rainbow,16,11,8,4.570887774473068
