,flop,board_type,0b,1b,2b,profit
0,"[9, 6, 4]",rainbow,1,1,1,0.523896669320842
1,"[9, 6, 4]",rainbow,2,2,2,0.5343234154566736
2,"[9, 6, 4]",rainbow,8,6,4,2.46391413114754
3,"[9, 6, 4]",rainbow,10,7,5,3.11314672084309
4,"[9, 6, 4]",rainbow,15,10,7,4.702069385480092
