,flop,board_type,0b,1b,2b,profit
0,"[9, 5, 3]",rainbow,1,1,1,-0.6513724712053577
1,"[9, 5, 3]",rainbow,2,2,2,-0.6496771750000012
2,"[9, 5, 3]",rainbow,3,2,2,-0.6321319049107155
3,"[9, 5, 3]",rainbow,4,3,2,-0.08280357834821528
4,"[9, 5, 3]",rainbow,8,6,4,1.2417113506696418
5,"[9, 5, 3]",rainbow,10,7,5,1.8898891747767852
6,"[9, 5, 3]",rainbow,15,10,7,3.406886699776784
7,"[9, 5, 3]",rainbow,16,11,8,3.4111227455357125
