,flop,board_type,0b,1b,2b,profit
0,"[9, 4, 2]",rainbow,1,1,1,-0.7011183984375
1,"[9, 4, 2]",rainbow,8,6,4,1.1820731540178566
2,"[9, 4, 2]",rainbow,10,7,5,1.8334952069196429
3,"[9, 4, 2]",rainbow,15,10,7,3.3443248781249997
4,"[9, 4, 2]",rainbow,16,11,8,3.352970522767857
