,flop,board_type,0b,1b,2b,profit
0,"[8, 8, 7]",rainbow,1,1,1,2.4978767926267276
1,"[8, 8, 7]",rainbow,2,2,2,3.6628341769585253
2,"[8, 8, 7]",rainbow,3,2,2,4.107013550230414
3,"[8, 8, 7]",rainbow,4,3,2,4.946671776958525
4,"[8, 8, 7]",rainbow,8,6,4,5.885333382488479
5,"[8, 8, 7]",rainbow,10,7,5,7.142194624884793
6,"[8, 8, 7]",rainbow,15,10,7,7.732673315207372
7,"[8, 8, 7]",rainbow,16,11,8,7.837991786175115
