,flop,board_type,0b,1b,2b,profit
0,"[8, 7, 7]",rainbow,1,1,1,2.5039484921658977
1,"[8, 7, 7]",rainbow,2,2,2,3.663415524423963
2,"[8, 7, 7]",rainbow,3,2,2,4.113417408294931
3,"[8, 7, 7]",rainbow,4,3,2,4.949884265437787
4,"[8, 7, 7]",rainbow,8,6,4,5.886801618433179
5,"[8, 7, 7]",rainbow,10,7,5,7.149457843317972
6,"[8, 7, 7]",rainbow,15,10,7,7.736503470046081
7,"[8, 7, 7]",rainbow,16,11,8,7.833601858064516
