,flop,board_type,0b,1b,2b,profit
0,"[8, 7, 4]",rainbow,1,1,1,2.4581903718893994
1,"[8, 7, 4]",rainbow,2,2,2,3.616333638248846
2,"[8, 7, 4]",rainbow,3,2,2,4.05551039907834
3,"[8, 7, 4]",rainbow,4,3,2,4.895950602764975
4,"[8, 7, 4]",rainbow,8,6,4,5.360579956221195
5,"[8, 7, 4]",rainbow,10,7,5,5.847823048387094
6,"[8, 7, 4]",rainbow,15,10,7,7.213548538248846
7,"[8, 7, 4]",rainbow,16,11,8,7.315065450691241
