,flop,board_type,0b,1b,2b,profit
0,"[8, 5, 3]",rainbow,1,1,1,0.7066397406593397
1,"[8, 5, 3]",rainbow,2,2,2,0.7087266171428559
2,"[8, 5, 3]",rainbow,3,2,2,0.7092769072527454
3,"[8, 5, 3]",rainbow,4,3,2,1.2103628799999988
4,"[8, 5, 3]",rainbow,8,6,4,2.9280260852747233
5,"[8, 5, 3]",rainbow,10,7,5,3.542912670769229
6,"[8, 5, 3]",rainbow,15,10,7,5.648962584615383
7,"[8, 5, 3]",rainbow,16,11,8,5.750588364835162
