,flop,board_type,0b,1b,2b,profit
0,"[8, 5, 2]",rainbow,1,1,1,0.7023807340659336
1,"[8, 5, 2]",rainbow,2,2,2,0.7095879727472512
2,"[8, 5, 2]",rainbow,8,6,4,2.925826778901097
3,"[8, 5, 2]",rainbow,10,7,5,3.550658858021976
4,"[8, 5, 2]",rainbow,15,10,7,5.653542194285711
5,"[8, 5, 2]",rainbow,16,11,8,5.736442777142854
