,flop,board_type,0b,1b,2b,profit
0,"[8, 4, 4]",rainbow,1,1,1,0.6592310074725276
1,"[8, 4, 4]",rainbow,2,2,2,0.6606184000000002
2,"[8, 4, 4]",rainbow,8,6,4,2.8734811859340663
3,"[8, 4, 4]",rainbow,10,7,5,4.079406592527473
4,"[8, 4, 4]",rainbow,15,10,7,5.5802992905494495
5,"[8, 4, 4]",rainbow,16,11,8,5.674459164835165
