,flop,board_type,0b,1b,2b,profit
0,"[8, 4, 3]",rainbow,1,1,1,0.6846419164835154
1,"[8, 4, 3]",rainbow,8,6,4,2.90375145142857
2,"[8, 4, 3]",rainbow,10,7,5,3.51946114197802
3,"[8, 4, 3]",rainbow,15,10,7,5.625606581978019
4,"[8, 4, 3]",rainbow,16,11,8,5.727816777142854
