,flop,board_type,0b,1b,2b,profit
0,"[8, 4, 2]",rainbow,1,1,1,0.6754262567032954
1,"[8, 4, 2]",rainbow,2,2,2,0.684798092307692
2,"[8, 4, 2]",rainbow,8,6,4,2.9126459235164814
3,"[8, 4, 2]",rainbow,10,7,5,3.5259820421978003
4,"[8, 4, 2]",rainbow,15,10,7,5.626306683956042
5,"[8, 4, 2]",rainbow,16,11,8,5.720689146373624
