,flop,board_type,0b,1b,2b,profit
0,"[7, 7, 7]",rainbow,1,1,1,2.9400983261538456
1,"[7, 7, 7]",rainbow,2,2,2,2.9459162848351648
2,"[7, 7, 7]",rainbow,8,6,4,4.604263344175823
3,"[7, 7, 7]",rainbow,10,7,5,7.1081670443956035
4,"[7, 7, 7]",rainbow,15,10,7,7.842874561758242
5,"[7, 7, 7]",rainbow,16,11,8,8.034075495384615
