,flop,board_type,0b,1b,2b,profit
0,"[7, 7, 5]",rainbow,1,1,1,2.5462905960439555
1,"[7, 7, 5]",rainbow,8,6,4,3.817414865934065
2,"[7, 7, 5]",rainbow,10,7,5,6.185939916483516
3,"[7, 7, 5]",rainbow,15,10,7,7.0911366136263725
4,"[7, 7, 5]",rainbow,16,11,8,7.2866700984615385
