,flop,board_type,0b,1b,2b,profit
0,"[7, 6, 5]",rainbow,1,1,1,4.165277286635943
1,"[7, 6, 5]",rainbow,2,2,2,4.177277931797233
2,"[7, 6, 5]",rainbow,3,2,2,4.596598860829491
3,"[7, 6, 5]",rainbow,4,3,2,5.445093330875574
4,"[7, 6, 5]",rainbow,8,6,4,6.290202473732717
5,"[7, 6, 5]",rainbow,10,7,5,8.003306846082946
6,"[7, 6, 5]",rainbow,15,10,7,8.737262346543776
7,"[7, 6, 5]",rainbow,16,11,8,8.940447926267279
