,flop,board_type,0b,1b,2b,profit
0,"[7, 4, 4]",rainbow,1,1,1,2.5340885454945052
1,"[7, 4, 4]",rainbow,2,2,2,2.5382764962637365
2,"[7, 4, 4]",rainbow,8,6,4,3.819425876043956
3,"[7, 4, 4]",rainbow,10,7,5,5.5975120545054935
4,"[7, 4, 4]",rainbow,15,10,7,7.091363561318681
5,"[7, 4, 4]",rainbow,16,11,8,7.282822661098901
