,flop,board_type,0b,1b,2b,profit
0,"[7, 3, 2]",rainbow,1,1,1,2.5397828914285707
1,"[7, 3, 2]",rainbow,2,2,2,2.5423731551648334
2,"[7, 3, 2]",rainbow,3,2,2,2.544249002197801
3,"[7, 3, 2]",rainbow,8,6,4,3.8276315125274714
4,"[7, 3, 2]",rainbow,10,7,5,4.413575961758241
5,"[7, 3, 2]",rainbow,15,10,7,7.116976580219778
6,"[7, 3, 2]",rainbow,16,11,8,7.312546135824174
