,flop,board_type,0b,1b,2b,profit
0,"[6, 6, 3]",rainbow,1,1,1,4.437780683956043
1,"[6, 6, 3]",rainbow,2,2,2,4.439856302417581
2,"[6, 6, 3]",rainbow,3,2,2,4.4412806259340645
3,"[6, 6, 3]",rainbow,8,6,4,5.673430575824175
4,"[6, 6, 3]",rainbow,10,7,5,6.707969434725274
5,"[6, 6, 3]",rainbow,15,10,7,8.613856461538461
6,"[6, 6, 3]",rainbow,16,11,8,8.908176784175822
