,flop,board_type,0b,1b,2b,profit
0,"[5, 5, 2]",rainbow,1,1,1,4.93825036302521
1,"[5, 5, 2]",rainbow,8,6,4,6.1233236957983195
2,"[5, 5, 2]",rainbow,10,7,5,6.546418665546218
3,"[5, 5, 2]",rainbow,15,10,7,8.939797477310924
4,"[5, 5, 2]",rainbow,16,11,8,9.226143539495798
