,flop,board_type,0b,1b,2b,profit
0,"[5, 3, 3]",rainbow,1,1,1,4.937054544537816
1,"[5, 3, 3]",rainbow,2,2,2,4.939474793277311
2,"[5, 3, 3]",rainbow,3,2,2,4.939652786554622
3,"[5, 3, 3]",rainbow,8,6,4,6.126010694957984
4,"[5, 3, 3]",rainbow,10,7,5,7.11722439327731
5,"[5, 3, 3]",rainbow,15,10,7,8.938516174789914
6,"[5, 3, 3]",rainbow,16,11,8,9.224271257142856
