,flop,board_type,0b,1b,2b,profit
0,"[5, 2, 2]",rainbow,1,1,1,4.933075018487395
1,"[5, 2, 2]",rainbow,2,2,2,4.935107411764706
2,"[5, 2, 2]",rainbow,3,2,2,4.9383612336134455
3,"[5, 2, 2]",rainbow,8,6,4,6.127249367226891
4,"[5, 2, 2]",rainbow,10,7,5,6.545850006722689
5,"[5, 2, 2]",rainbow,15,10,7,8.942157213445377
6,"[5, 2, 2]",rainbow,16,11,8,9.224607381512604
