,flop,board_type,0b,1b,2b,profit
0,"[4, 4, 4]",rainbow,1,1,1,5.087514810084034
1,"[4, 4, 4]",rainbow,2,2,2,5.090636749579832
2,"[4, 4, 4]",rainbow,8,6,4,6.233264960504202
3,"[4, 4, 4]",rainbow,10,7,5,7.774611300840336
4,"[4, 4, 4]",rainbow,15,10,7,9.016661546218486
5,"[4, 4, 4]",rainbow,16,11,8,9.297325011764705
