,flop,board_type,0b,1b,2b,profit
0,"[14, 13, 9]",rainbow,1,1,1,-3.148466127608526
1,"[14, 13, 9]",rainbow,2,2,2,-2.1050130554067636
2,"[14, 13, 9]",rainbow,3,2,2,-1.570434974433657
3,"[14, 13, 9]",rainbow,4,3,2,0.125433836524941
4,"[14, 13, 9]",rainbow,8,6,4,1.3745604777368594
5,"[14, 13, 9]",rainbow,10,7,5,1.3778755782725132
6,"[14, 13, 9]",rainbow,15,10,7,2.584580659323735
7,"[14, 13, 9]",rainbow,16,11,8,2.5943977621359213
