,flop,board_type,0b,1b,2b,profit
0,"[14, 13, 7]",rainbow,1,1,1,-2.4389280448908206
1,"[14, 13, 7]",rainbow,2,2,2,-1.4705045305490778
2,"[14, 13, 7]",rainbow,3,2,2,-1.086831418284927
3,"[14, 13, 7]",rainbow,4,3,2,0.9068595342802614
4,"[14, 13, 7]",rainbow,8,6,4,2.014631718168326
5,"[14, 13, 7]",rainbow,10,7,5,2.617754891456434
6,"[14, 13, 7]",rainbow,15,10,7,3.5088663462370144
7,"[14, 13, 7]",rainbow,16,11,8,3.527373417076531
