,flop,board_type,0b,1b,2b,profit
0,"[14, 12, 7]",rainbow,1,1,1,-0.7464440497278575
1,"[14, 12, 7]",rainbow,2,2,2,0.1744549765586345
2,"[14, 12, 7]",rainbow,3,2,2,0.6256644457323108
3,"[14, 12, 7]",rainbow,4,3,2,2.5840081246041553
4,"[14, 12, 7]",rainbow,8,6,4,3.6851174149925767
5,"[14, 12, 7]",rainbow,10,7,5,4.267412153290448
6,"[14, 12, 7]",rainbow,15,10,7,5.344645960242453
7,"[14, 12, 7]",rainbow,16,11,8,5.374270543777831
