,flop,board_type,0b,1b,2b,profit
0,"[14, 9, 9]",rainbow,1,1,1,-1.5379467769545456
1,"[14, 9, 9]",rainbow,2,2,2,-1.5318459494999999
2,"[14, 9, 9]",rainbow,8,6,4,1.7054435814318185
3,"[14, 9, 9]",rainbow,10,7,5,3.939603740977272
4,"[14, 9, 9]",rainbow,15,10,7,4.8848593015
5,"[14, 9, 9]",rainbow,16,11,8,5.127420194181819
