,flop,board_type,0b,1b,2b,profit
0,"[14, 9, 4]",rainbow,1,1,1,-2.019688491276126
1,"[14, 9, 4]",rainbow,2,2,2,-2.011734210462045
2,"[14, 9, 4]",rainbow,8,6,4,0.70637946210121
3,"[14, 9, 4]",rainbow,10,7,5,1.4634849809900996
4,"[14, 9, 4]",rainbow,15,10,7,5.052093710594061
5,"[14, 9, 4]",rainbow,16,11,8,5.2936386410781076
