,flop,board_type,0b,1b,2b,profit
0,"[14, 8, 5]",rainbow,1,1,1,-0.36215424528512397
1,"[14, 8, 5]",rainbow,2,2,2,-0.35301169590447457
2,"[14, 8, 5]",rainbow,8,6,4,1.5356538542015394
3,"[14, 8, 5]",rainbow,10,7,5,2.1817455179109477
4,"[14, 8, 5]",rainbow,15,10,7,5.803565737864078
5,"[14, 8, 5]",rainbow,16,11,8,6.099320575382212
