,flop,board_type,0b,1b,2b,profit
0,"[14, 8, 3]",rainbow,1,1,1,-0.8578138259615387
1,"[14, 8, 3]",rainbow,2,2,2,-0.8574110827991444
2,"[14, 8, 3]",rainbow,3,2,2,-0.8382231303739318
3,"[14, 8, 3]",rainbow,4,3,2,-0.4530744764743577
4,"[14, 8, 3]",rainbow,8,6,4,1.0101793830128198
5,"[14, 8, 3]",rainbow,10,7,5,1.638195502403847
6,"[14, 8, 3]",rainbow,15,10,7,5.402927559903846
7,"[14, 8, 3]",rainbow,16,11,8,5.693769379679487
