,flop,board_type,0b,1b,2b,profit
0,"[14, 8, 2]",rainbow,1,1,1,-0.8553905440384604
1,"[14, 8, 2]",rainbow,2,2,2,-0.8474627341559815
2,"[14, 8, 2]",rainbow,8,6,4,1.0033836962499998
3,"[14, 8, 2]",rainbow,10,7,5,1.6353581008653844
4,"[14, 8, 2]",rainbow,15,10,7,5.401894783846153
5,"[14, 8, 2]",rainbow,16,11,8,5.683842097083333
