,flop,board_type,0b,1b,2b,profit
0,"[14, 6, 4]",rainbow,1,1,1,-1.2341041873449128
1,"[14, 6, 4]",rainbow,8,6,4,1.1361014871794874
2,"[14, 6, 4]",rainbow,10,7,5,1.7206490516956165
3,"[14, 6, 4]",rainbow,15,10,7,5.756608778742763
4,"[14, 6, 4]",rainbow,16,11,8,6.110672780810587
