,flop,board_type,0b,1b,2b,profit
0,"[14, 5, 4]",rainbow,1,1,1,-2.246914636965998
1,"[14, 5, 4]",rainbow,2,2,2,-2.2431607173496064
2,"[14, 5, 4]",rainbow,3,2,2,-1.945311058761987
3,"[14, 5, 4]",rainbow,4,3,2,-1.2767038063353677
4,"[14, 5, 4]",rainbow,8,6,4,0.05553053734379565
5,"[14, 5, 4]",rainbow,10,7,5,0.6041474271432726
6,"[14, 5, 4]",rainbow,15,10,7,4.716178317988957
7,"[14, 5, 4]",rainbow,16,11,8,5.084130282708516
