,flop,board_type,0b,1b,2b,profit
0,"[14, 4, 2]",rainbow,1,1,1,-2.458720078125
1,"[14, 4, 2]",rainbow,2,2,2,-2.445392765625
2,"[14, 4, 2]",rainbow,3,2,2,-2.4436033515624977
3,"[14, 4, 2]",rainbow,4,3,2,-2.442189484374999
4,"[14, 4, 2]",rainbow,8,6,4,-0.7388464609375003
5,"[14, 4, 2]",rainbow,10,7,5,-0.20247690624999937
6,"[14, 4, 2]",rainbow,15,10,7,4.1653115234375
7,"[14, 4, 2]",rainbow,16,11,8,4.596658677083333
