,flop,board_type,0b,1b,2b,profit
0,"[14, 3, 2]",rainbow,1,1,1,-2.0475815974770626
1,"[14, 3, 2]",rainbow,8,6,4,-0.3489460487385312
2,"[14, 3, 2]",rainbow,10,7,5,0.18683748967889824
3,"[14, 3, 2]",rainbow,15,10,7,4.576973703841744
4,"[14, 3, 2]",rainbow,16,11,8,5.018590313455657
