,flop,board_type,0b,1b,2b,profit
0,"[13, 13, 12]",rainbow,1,1,1,-3.0929867519762837
1,"[13, 13, 12]",rainbow,2,2,2,-2.311402389822134
2,"[13, 13, 12]",rainbow,3,2,2,-1.9291529263833989
3,"[13, 13, 12]",rainbow,4,3,2,-1.384725775691699
4,"[13, 13, 12]",rainbow,8,6,4,-0.39985511847826016
5,"[13, 13, 12]",rainbow,10,7,5,0.4102126999011857
6,"[13, 13, 12]",rainbow,15,10,7,2.146474948913044
7,"[13, 13, 12]",rainbow,16,11,8,2.2624429332015805
