,flop,board_type,0b,1b,2b,profit
0,"[13, 13, 3]",rainbow,1,1,1,-4.374855980050719
1,"[13, 13, 3]",rainbow,2,2,2,-4.370856094590025
2,"[13, 13, 3]",rainbow,3,2,2,-4.359568765484844
3,"[13, 13, 3]",rainbow,8,6,4,-1.7677420558030423
4,"[13, 13, 3]",rainbow,10,7,5,-1.7577926615897832
5,"[13, 13, 3]",rainbow,15,10,7,0.17028236041299438
6,"[13, 13, 3]",rainbow,16,11,8,0.4509316417534115
