,flop,board_type,0b,1b,2b,profit
0,"[13, 12, 11]",rainbow,1,1,1,-0.9688097156043958
1,"[13, 12, 11]",rainbow,2,2,2,2.231400948571428
2,"[13, 12, 11]",rainbow,3,2,2,2.976829761807081
3,"[13, 12, 11]",rainbow,4,3,2,4.765513499975579
4,"[13, 12, 11]",rainbow,8,6,4,5.273273888766787
5,"[13, 12, 11]",rainbow,10,7,5,5.808996157655676
6,"[13, 12, 11]",rainbow,15,10,7,6.75411207101343
7,"[13, 12, 11]",rainbow,16,11,8,6.797975494212452
