,flop,board_type,0b,1b,2b,profit
0,"[13, 12, 10]",rainbow,1,1,1,4.017816901449272
1,"[13, 12, 10]",rainbow,8,6,4,9.334029207391302
2,"[13, 12, 10]",rainbow,10,7,5,10.093117159891301
3,"[13, 12, 10]",rainbow,15,10,7,10.571648647210141
4,"[13, 12, 10]",rainbow,16,11,8,10.59163617427536
