,flop,board_type,0b,1b,2b,profit
0,"[13, 12, 6]",rainbow,1,1,1,-1.4689469845936236
1,"[13, 12, 6]",rainbow,2,2,2,-0.724904759003372
2,"[13, 12, 6]",rainbow,3,2,2,-0.10446456120117553
3,"[13, 12, 6]",rainbow,4,3,2,1.4473062824937433
4,"[13, 12, 6]",rainbow,8,6,4,2.4738127247959953
5,"[13, 12, 6]",rainbow,10,7,5,3.5506431157436613
6,"[13, 12, 6]",rainbow,15,10,7,5.673475189750841
7,"[13, 12, 6]",rainbow,16,11,8,5.734660634653464
