,flop,board_type,0b,1b,2b,profit
0,"[13, 12, 2]",rainbow,1,1,1,-2.05051137068675
1,"[13, 12, 2]",rainbow,2,2,2,-1.319473901611543
2,"[13, 12, 2]",rainbow,3,2,2,-0.7077853616073302
3,"[13, 12, 2]",rainbow,4,3,2,0.21780508583315839
4,"[13, 12, 2]",rainbow,8,6,4,1.3387577117126608
5,"[13, 12, 2]",rainbow,10,7,5,2.0367614245628807
6,"[13, 12, 2]",rainbow,15,10,7,5.078715505319147
7,"[13, 12, 2]",rainbow,16,11,8,5.194241253149357
