,flop,board_type,0b,1b,2b,profit
0,"[13, 11, 7]",rainbow,1,1,1,-1.6380235827956984
1,"[13, 11, 7]",rainbow,2,2,2,0.9938639042378243
2,"[13, 11, 7]",rainbow,3,2,2,1.7176141603626387
3,"[13, 11, 7]",rainbow,4,3,2,2.695958778578958
4,"[13, 11, 7]",rainbow,8,6,4,3.41174662061986
5,"[13, 11, 7]",rainbow,10,7,5,4.151231670461732
6,"[13, 11, 7]",rainbow,15,10,7,5.409836029432848
7,"[13, 11, 7]",rainbow,16,11,8,5.410583345941386
