,flop,board_type,0b,1b,2b,profit
0,"[13, 10, 10]",rainbow,1,1,1,-0.9728664111935561
1,"[13, 10, 10]",rainbow,2,2,2,-0.16728457578969658
2,"[13, 10, 10]",rainbow,8,6,4,1.4878581336018657
3,"[13, 10, 10]",rainbow,10,7,5,1.8916454842908632
4,"[13, 10, 10]",rainbow,15,10,7,3.5060408677973296
5,"[13, 10, 10]",rainbow,16,11,8,3.5819030124655504
