,flop,board_type,0b,1b,2b,profit
0,"[13, 10, 8]",rainbow,1,1,1,-0.18144719348658944
1,"[13, 10, 8]",rainbow,2,2,2,0.6490398800766282
2,"[13, 10, 8]",rainbow,8,6,4,1.0292026030651342
3,"[13, 10, 8]",rainbow,10,7,5,1.3717636417624521
4,"[13, 10, 8]",rainbow,15,10,7,2.9858365363984665
5,"[13, 10, 8]",rainbow,16,11,8,2.985951672030651
