,flop,board_type,0b,1b,2b,profit
0,"[13, 10, 7]",rainbow,1,1,1,-0.3591873399031036
1,"[13, 10, 7]",rainbow,2,2,2,1.2850537689928867
2,"[13, 10, 7]",rainbow,8,6,4,2.0213964529945363
3,"[13, 10, 7]",rainbow,10,7,5,2.7022749874342846
4,"[13, 10, 7]",rainbow,15,10,7,4.291416384434594
