,flop,board_type,0b,1b,2b,profit
0,"[13, 10, 6]",rainbow,1,1,1,-0.6283075929052001
1,"[13, 10, 6]",rainbow,2,2,2,0.12445247045871499
2,"[13, 10, 6]",rainbow,3,2,2,1.122042965463812
3,"[13, 10, 6]",rainbow,4,3,2,2.0112754912945965
4,"[13, 10, 6]",rainbow,8,6,4,2.013535783975535
5,"[13, 10, 6]",rainbow,10,7,5,2.7768205287665646
6,"[13, 10, 6]",rainbow,15,10,7,4.972882715351682
7,"[13, 10, 6]",rainbow,16,11,8,4.980742605912335
