,flop,board_type,0b,1b,2b,profit
0,"[13, 10, 4]",rainbow,1,1,1,-1.5972150422939064
1,"[13, 10, 4]",rainbow,2,2,2,-0.8811496071684592
2,"[13, 10, 4]",rainbow,8,6,4,0.6428434573476703
3,"[13, 10, 4]",rainbow,10,7,5,1.4626727275985663
4,"[13, 10, 4]",rainbow,15,10,7,4.338325043010752
5,"[13, 10, 4]",rainbow,16,11,8,4.403486734767025
