,flop,board_type,0b,1b,2b,profit
0,"[13, 9, 8]",rainbow,1,1,1,-0.5042358925717855
1,"[13, 9, 8]",rainbow,2,2,2,0.32345018262588443
2,"[13, 9, 8]",rainbow,3,2,2,1.1982741370370367
3,"[13, 9, 8]",rainbow,4,3,2,2.1513526205368274
4,"[13, 9, 8]",rainbow,8,6,4,2.4675959588223053
5,"[13, 9, 8]",rainbow,10,7,5,2.8323323598210566
6,"[13, 9, 8]",rainbow,15,10,7,3.8179407674365375
7,"[13, 9, 8]",rainbow,16,11,8,3.8248351261756137
