,flop,board_type,0b,1b,2b,profit
0,"[13, 9, 5]",rainbow,1,1,1,-1.4681319898550733
1,"[13, 9, 5]",rainbow,8,6,4,1.9308045000000003
2,"[13, 9, 5]",rainbow,10,7,5,2.7352396072463763
3,"[13, 9, 5]",rainbow,15,10,7,4.526747266666667
