,flop,board_type,0b,1b,2b,profit
0,"[13, 9, 3]",rainbow,1,1,1,-1.885324944220184
1,"[13, 9, 3]",rainbow,2,2,2,-1.8833056146788993
2,"[13, 9, 3]",rainbow,3,2,2,-0.7193312990825679
3,"[13, 9, 3]",rainbow,4,3,2,0.556294489541284
4,"[13, 9, 3]",rainbow,8,6,4,1.593264853211008
5,"[13, 9, 3]",rainbow,10,7,5,2.322783301284403
6,"[13, 9, 3]",rainbow,15,10,7,4.325630792293577
7,"[13, 9, 3]",rainbow,16,11,8,4.32652581504587
