,flop,board_type,0b,1b,2b,profit
0,"[13, 7, 7]",rainbow,1,1,1,-1.6064302351562498
1,"[13, 7, 7]",rainbow,8,6,4,1.32182196108631
2,"[13, 7, 7]",rainbow,10,7,5,2.245260532217263
3,"[13, 7, 7]",rainbow,15,10,7,2.804397314025298
4,"[13, 7, 7]",rainbow,16,11,8,2.9917310959077374
