,flop,board_type,0b,1b,2b,profit
0,"[13, 7, 6]",rainbow,1,1,1,-0.8357311926291793
1,"[13, 7, 6]",rainbow,2,2,2,-0.09792639057750685
2,"[13, 7, 6]",rainbow,3,2,2,0.2899056158814589
3,"[13, 7, 6]",rainbow,4,3,2,0.7102634278115494
4,"[13, 7, 6]",rainbow,8,6,4,2.388748737082067
5,"[13, 7, 6]",rainbow,10,7,5,3.8475344186930087
6,"[13, 7, 6]",rainbow,15,10,7,5.1764853039513685
7,"[13, 7, 6]",rainbow,16,11,8,5.299726465045594
