,flop,board_type,0b,1b,2b,profit
0,"[13, 7, 4]",rainbow,1,1,1,-1.5762934243521876
1,"[13, 7, 4]",rainbow,2,2,2,-1.5757541822234609
2,"[13, 7, 4]",rainbow,8,6,4,1.2922231979660075
3,"[13, 7, 4]",rainbow,10,7,5,2.2101421161883534
4,"[13, 7, 4]",rainbow,15,10,7,4.623959807049317
5,"[13, 7, 4]",rainbow,16,11,8,4.797661404290888
