,flop,board_type,0b,1b,2b,profit
0,"[13, 6, 3]",rainbow,1,1,1,-1.8440679439139933
1,"[13, 6, 3]",rainbow,8,6,4,1.526854198870262
2,"[13, 6, 3]",rainbow,10,7,5,2.3558208987973748
3,"[13, 6, 3]",rainbow,15,10,7,4.800389094825073
4,"[13, 6, 3]",rainbow,16,11,8,5.081483336005831
