,flop,board_type,0b,1b,2b,profit
0,"[13, 5, 2]",rainbow,1,1,1,-2.253291369718698
1,"[13, 5, 2]",rainbow,8,6,4,0.570999729233315
2,"[13, 5, 2]",rainbow,10,7,5,1.4925783795918366
3,"[13, 5, 2]",rainbow,15,10,7,4.060017531053502
4,"[13, 5, 2]",rainbow,16,11,8,4.424336118946497
