,flop,board_type,0b,1b,2b,profit
0,"[12, 12, 6]",rainbow,1,1,1,-1.1146703642793985
1,"[12, 12, 6]",rainbow,8,6,4,2.547800039080459
2,"[12, 12, 6]",rainbow,10,7,5,3.9921025909814327
3,"[12, 12, 6]",rainbow,15,10,7,4.239979997877985
4,"[12, 12, 6]",rainbow,16,11,8,4.498160424403183
