,flop,board_type,0b,1b,2b,profit
0,"[12, 12, 2]",rainbow,1,1,1,-2.232891393219373
1,"[12, 12, 2]",rainbow,8,6,4,0.4615321504415957
2,"[12, 12, 2]",rainbow,10,7,5,0.7331291165811966
3,"[12, 12, 2]",rainbow,15,10,7,2.6546878601139614
4,"[12, 12, 2]",rainbow,16,11,8,2.9566142834757843
