,flop,board_type,0b,1b,2b,profit
0,"[12, 11, 9]",rainbow,1,1,1,2.07657648862053
1,"[12, 11, 9]",rainbow,2,2,2,4.396437247075328
2,"[12, 11, 9]",rainbow,3,2,2,5.234197467003644
3,"[12, 11, 9]",rainbow,4,3,2,7.97794659137579
4,"[12, 11, 9]",rainbow,8,6,4,7.985275335704436
5,"[12, 11, 9]",rainbow,15,10,7,8.58882413011304
