,flop,board_type,0b,1b,2b,profit
0,"[12, 11, 8]",rainbow,1,1,1,2.1080886886060837
1,"[12, 11, 8]",rainbow,2,2,2,3.9754330610459307
2,"[12, 11, 8]",rainbow,3,2,2,4.591757543249152
3,"[12, 11, 8]",rainbow,4,3,2,7.496543712666531
4,"[12, 11, 8]",rainbow,15,10,7,8.093474098826801
5,"[12, 11, 8]",rainbow,16,11,8,8.095523854643067
