,flop,board_type,0b,1b,2b,profit
0,"[12, 10, 3]",rainbow,1,1,1,-0.8028322523451188
1,"[12, 10, 3]",rainbow,2,2,2,-0.010196343469745517
2,"[12, 10, 3]",rainbow,3,2,2,0.42474308508401204
3,"[12, 10, 3]",rainbow,4,3,2,0.9560987557365217
4,"[12, 10, 3]",rainbow,8,6,4,1.4330574491083394
5,"[12, 10, 3]",rainbow,10,7,5,2.103670180723636
6,"[12, 10, 3]",rainbow,15,10,7,4.95188475262344
7,"[12, 10, 3]",rainbow,16,11,8,5.010257690547365
