,flop,board_type,0b,1b,2b,profit
0,"[12, 9, 8]",rainbow,1,1,1,2.9514430304347816
1,"[12, 9, 8]",rainbow,2,2,2,2.9614961613154955
2,"[12, 9, 8]",rainbow,3,2,2,3.807478212709029
3,"[12, 9, 8]",rainbow,4,3,2,5.848396497658861
4,"[12, 9, 8]",rainbow,15,10,7,6.439963581939797
