,flop,board_type,0b,1b,2b,profit
0,"[12, 9, 4]",rainbow,1,1,1,-1.4754351153846155
1,"[12, 9, 4]",rainbow,2,2,2,-0.6786181147741146
2,"[12, 9, 4]",rainbow,3,2,2,0.004031644078144714
3,"[12, 9, 4]",rainbow,4,3,2,1.049692909035409
4,"[12, 9, 4]",rainbow,8,6,4,2.1047662844932846
5,"[12, 9, 4]",rainbow,10,7,5,2.8114856214896218
6,"[12, 9, 4]",rainbow,15,10,7,4.89047968009768
