,flop,board_type,0b,1b,2b,profit
0,"[12, 8, 8]",rainbow,1,1,1,-0.519424121590909
1,"[12, 8, 8]",rainbow,2,2,2,-0.5186660215909085
2,"[12, 8, 8]",rainbow,3,2,2,0.21235211250000074
3,"[12, 8, 8]",rainbow,4,3,2,1.7418520045454542
4,"[12, 8, 8]",rainbow,8,6,4,2.7102292363636358
5,"[12, 8, 8]",rainbow,10,7,5,3.1246512340909085
6,"[12, 8, 8]",rainbow,15,10,7,4.007311326136364
7,"[12, 8, 8]",rainbow,16,11,8,4.150281727272727
