,flop,board_type,0b,1b,2b,profit
0,"[12, 7, 3]",rainbow,1,1,1,-0.9023802548387101
1,"[12, 7, 3]",rainbow,2,2,2,-0.8960677500000003
2,"[12, 7, 3]",rainbow,3,2,2,-0.8909140459677423
3,"[12, 7, 3]",rainbow,4,3,2,-0.13088180725806436
4,"[12, 7, 3]",rainbow,8,6,4,2.1165761572580655
5,"[12, 7, 3]",rainbow,10,7,5,3.185392626612904
6,"[12, 7, 3]",rainbow,15,10,7,5.555588811155914
7,"[12, 7, 3]",rainbow,16,11,8,5.732280748924731
