,flop,board_type,0b,1b,2b,profit
0,"[11, 11, 3]",rainbow,1,1,1,-3.975522517373512
1,"[11, 11, 3]",rainbow,2,2,2,-3.9747715324776784
2,"[11, 11, 3]",rainbow,3,2,2,-3.9685720699776788
3,"[11, 11, 3]",rainbow,4,3,2,-3.6755394679687496
4,"[11, 11, 3]",rainbow,8,6,4,-1.4903635066220238
5,"[11, 11, 3]",rainbow,10,7,5,-1.1496682779017848
6,"[11, 11, 3]",rainbow,15,10,7,0.14405202578124943
7,"[11, 11, 3]",rainbow,16,11,8,0.39796345037202396
