,flop,board_type,0b,1b,2b,profit
0,"[11, 10, 2]",rainbow,1,1,1,-0.934303528241284
1,"[11, 10, 2]",rainbow,2,2,2,0.6992828243439095
2,"[11, 10, 2]",rainbow,3,2,2,1.2319708200744224
3,"[11, 10, 2]",rainbow,4,3,2,1.7112884658832734
4,"[11, 10, 2]",rainbow,8,6,4,1.7160647851253417
5,"[11, 10, 2]",rainbow,10,7,5,2.439517291402271
6,"[11, 10, 2]",rainbow,15,10,7,4.738518773521347
7,"[11, 10, 2]",rainbow,16,11,8,4.74186857957305
