,flop,board_type,0b,1b,2b,profit
0,"[11, 9, 3]",rainbow,1,1,1,-1.332333241575618
1,"[11, 9, 3]",rainbow,2,2,2,-0.5559704142610694
2,"[11, 9, 3]",rainbow,3,2,2,0.7524184383553768
3,"[11, 9, 3]",rainbow,4,3,2,2.223590172282921
4,"[11, 9, 3]",rainbow,10,7,5,2.97518656187464
5,"[11, 9, 3]",rainbow,15,10,7,4.905924907188038
