,flop,board_type,0b,1b,2b,profit
0,"[11, 7, 6]",rainbow,1,1,1,-0.4801388720430102
1,"[11, 7, 6]",rainbow,2,2,2,0.2950362139784949
2,"[11, 7, 6]",rainbow,3,2,2,0.6355752709677415
3,"[11, 7, 6]",rainbow,4,3,2,2.0139361827956996
4,"[11, 7, 6]",rainbow,8,6,4,3.4280853881720423
5,"[11, 7, 6]",rainbow,10,7,5,4.624709389247311
6,"[11, 7, 6]",rainbow,15,10,7,6.11997939032258
7,"[11, 7, 6]",rainbow,16,11,8,6.243198386021505
