,flop,board_type,0b,1b,2b,profit
0,"[11, 6, 5]",rainbow,1,1,1,-0.9477660089248734
1,"[11, 6, 5]",rainbow,2,2,2,-0.1919895715496156
2,"[11, 6, 5]",rainbow,3,2,2,0.14978947483524752
3,"[11, 6, 5]",rainbow,4,3,2,1.4144951722274526
4,"[11, 6, 5]",rainbow,8,6,4,3.3174608314630016
5,"[11, 6, 5]",rainbow,10,7,5,4.7349961471662585
6,"[11, 6, 5]",rainbow,15,10,7,6.410616327424213
7,"[11, 6, 5]",rainbow,16,11,8,6.53002898131237
