,flop,board_type,0b,1b,2b,profit
0,"[11, 6, 3]",rainbow,1,1,1,-1.4522551216494841
1,"[11, 6, 3]",rainbow,2,2,2,-1.444121909278349
2,"[11, 6, 3]",rainbow,8,6,4,2.5219028371134025
3,"[11, 6, 3]",rainbow,10,7,5,3.820076420618557
4,"[11, 6, 3]",rainbow,15,10,7,5.91275495257732
5,"[11, 6, 3]",rainbow,16,11,8,6.101619760824741
