,flop,board_type,0b,1b,2b,profit
0,"[11, 6, 2]",rainbow,1,1,1,-1.4393227876288657
1,"[11, 6, 2]",rainbow,2,2,2,-1.431381562886598
2,"[11, 6, 2]",rainbow,8,6,4,2.528473670103093
3,"[11, 6, 2]",rainbow,10,7,5,3.829175340206186
4,"[11, 6, 2]",rainbow,15,10,7,5.920423426804123
5,"[11, 6, 2]",rainbow,16,11,8,6.11796378556701
