,flop,board_type,0b,1b,2b,profit
0,"[11, 5, 4]",rainbow,1,1,1,-1.8154057238402048
1,"[11, 5, 4]",rainbow,2,2,2,-1.8106754363402051
2,"[11, 5, 4]",rainbow,3,2,2,-1.4767752759020611
3,"[11, 5, 4]",rainbow,4,3,2,-0.31454733505154575
4,"[11, 5, 4]",rainbow,8,6,4,1.9470975288659795
5,"[11, 5, 4]",rainbow,10,7,5,3.7727101881443303
6,"[11, 5, 4]",rainbow,15,10,7,5.4260056675257715
7,"[11, 5, 4]",rainbow,16,11,8,5.6147402381443285
