,flop,board_type,0b,1b,2b,profit
0,"[11, 5, 2]",rainbow,1,1,1,-1.8373005414834418
1,"[11, 5, 2]",rainbow,2,2,2,-1.8348221787793093
2,"[11, 5, 2]",rainbow,3,2,2,-1.8300871522215132
3,"[11, 5, 2]",rainbow,4,3,2,-1.1360241418848636
4,"[11, 5, 2]",rainbow,8,6,4,1.5238406237387097
5,"[11, 5, 2]",rainbow,10,7,5,2.914381853133839
6,"[11, 5, 2]",rainbow,15,10,7,5.221868905948361
7,"[11, 5, 2]",rainbow,16,11,8,5.493562610172429
