,flop,board_type,0b,1b,2b,profit
0,"[10, 10, 8]",rainbow,1,1,1,0.9552674027526065
1,"[10, 10, 8]",rainbow,2,2,2,0.9578539797987236
2,"[10, 10, 8]",rainbow,3,2,2,1.3913354655696093
3,"[10, 10, 8]",rainbow,4,3,2,1.8230323158136248
4,"[10, 10, 8]",rainbow,8,6,4,2.249102157803863
5,"[10, 10, 8]",rainbow,10,7,5,2.6496705205209503
6,"[10, 10, 8]",rainbow,15,10,7,3.6783501831479395
