,flop,board_type,0b,1b,2b,profit
0,"[10, 9, 6]",rainbow,1,1,1,3.051761027173913
1,"[10, 9, 6]",rainbow,2,2,2,3.827447512636973
2,"[10, 9, 6]",rainbow,3,2,2,5.528330138653235
3,"[10, 9, 6]",rainbow,4,3,2,8.105327206433367
4,"[10, 9, 6]",rainbow,8,6,4,8.10831012416048
5,"[10, 9, 6]",rainbow,15,10,7,8.404577572463767
6,"[10, 9, 6]",rainbow,16,11,8,8.408842411762105
