,flop,board_type,0b,1b,2b,profit
0,"[10, 9, 4]",rainbow,1,1,1,0.35876991164292504
1,"[10, 9, 4]",rainbow,2,2,2,1.8422972171699898
2,"[10, 9, 4]",rainbow,3,2,2,2.680518872193732
3,"[10, 9, 4]",rainbow,4,3,2,3.4273791989933517
4,"[10, 9, 4]",rainbow,8,6,4,3.428090669781576
5,"[10, 9, 4]",rainbow,10,7,5,3.8712115156315283
6,"[10, 9, 4]",rainbow,15,10,7,5.6400104363532755
7,"[10, 9, 4]",rainbow,16,11,8,5.643129188736942
