,flop,board_type,0b,1b,2b,profit
0,"[10, 9, 2]",rainbow,1,1,1,0.6031464850847451
1,"[10, 9, 2]",rainbow,2,2,2,2.0930309047080975
2,"[10, 9, 2]",rainbow,3,2,2,2.9756816726930317
3,"[10, 9, 2]",rainbow,4,3,2,3.7093983665536725
4,"[10, 9, 2]",rainbow,10,7,5,4.115647247984934
5,"[10, 9, 2]",rainbow,15,10,7,5.819508363013181
