,flop,board_type,0b,1b,2b,profit
0,"[10, 8, 8]",rainbow,1,1,1,1.325955288370521
1,"[10, 8, 8]",rainbow,2,2,2,1.3373109164976333
2,"[10, 8, 8]",rainbow,3,2,2,1.8201677826233944
3,"[10, 8, 8]",rainbow,4,3,2,2.245811274509804
4,"[10, 8, 8]",rainbow,8,6,4,2.749814267072346
5,"[10, 8, 8]",rainbow,10,7,5,3.140744412102772
6,"[10, 8, 8]",rainbow,15,10,7,4.2341513826910075
7,"[10, 8, 8]",rainbow,16,11,8,4.235033366801893
