,flop,board_type,0b,1b,2b,profit
0,"[10, 8, 3]",rainbow,1,1,1,1.2698963980555547
1,"[10, 8, 3]",rainbow,8,6,4,2.128236888333333
2,"[10, 8, 3]",rainbow,10,7,5,3.612437998749999
3,"[10, 8, 3]",rainbow,15,10,7,5.444719774166666
4,"[10, 8, 3]",rainbow,16,11,8,5.446797661666666
