,flop,board_type,0b,1b,2b,profit
0,"[10, 6, 6]",rainbow,1,1,1,0.14523325366568907
1,"[10, 6, 6]",rainbow,2,2,2,0.156425563049855
2,"[10, 6, 6]",rainbow,3,2,2,1.00205803372434
3,"[10, 6, 6]",rainbow,4,3,2,2.2567010527859237
4,"[10, 6, 6]",rainbow,8,6,4,3.0574504809384173
5,"[10, 6, 6]",rainbow,10,7,5,3.3886097365591406
6,"[10, 6, 6]",rainbow,15,10,7,3.79684151710655
7,"[10, 6, 6]",rainbow,16,11,8,3.801277422776148
