,flop,board_type,0b,1b,2b,profit
0,"[10, 5, 2]",rainbow,1,1,1,0.10208472787634548
1,"[10, 5, 2]",rainbow,8,6,4,2.3343691769623662
2,"[10, 5, 2]",rainbow,10,7,5,4.019958492311829
3,"[10, 5, 2]",rainbow,15,10,7,5.6689046926612905
4,"[10, 5, 2]",rainbow,16,11,8,5.755385563575269
