,flop,board_type,0b,1b,2b,profit
0,"[10, 4, 2]",rainbow,1,1,1,-0.37420123177083403
1,"[10, 4, 2]",rainbow,8,6,4,1.83852299674479
2,"[10, 4, 2]",rainbow,10,7,5,3.5173831545572916
3,"[10, 4, 2]",rainbow,15,10,7,5.11964291731771
4,"[10, 4, 2]",rainbow,16,11,8,5.215807040885418
