,flop,board_type,0b,1b,2b,profit
0,"[9, 9, 9]",rainbow,1,1,1,-0.4372576486453481
1,"[9, 9, 9]",rainbow,8,6,4,2.7260991086742727
2,"[9, 9, 9]",rainbow,10,7,5,4.0410950919620765
3,"[9, 9, 9]",rainbow,15,10,7,5.387680783673469
4,"[9, 9, 9]",rainbow,16,11,8,5.484277623011409
