,flop,board_type,0b,1b,2b,profit
0,"[9, 9, 4]",rainbow,1,1,1,-1.3083465226822162
1,"[9, 9, 4]",rainbow,8,6,4,1.1613124758114668
2,"[9, 9, 4]",rainbow,10,7,5,2.0549751596501467
3,"[9, 9, 4]",rainbow,15,10,7,3.5734963297959186
4,"[9, 9, 4]",rainbow,16,11,8,3.6802591964625857
