,flop,board_type,0b,1b,2b,profit
0,"[9, 9, 3]",rainbow,1,1,1,-1.138038415503776
1,"[9, 9, 3]",rainbow,8,6,4,1.3407950722673954
2,"[9, 9, 3]",rainbow,10,7,5,2.277199513520811
3,"[9, 9, 3]",rainbow,15,10,7,3.7867128289763783
4,"[9, 9, 3]",rainbow,16,11,8,3.880388266006749
