,flop,board_type,0b,1b,2b,profit
0,"[9, 8, 7]",rainbow,1,1,1,2.452366152613636
1,"[9, 8, 7]",rainbow,2,2,2,4.9465008853409085
2,"[9, 8, 7]",rainbow,3,2,2,6.163360864204543
3,"[9, 8, 7]",rainbow,4,3,2,7.619299144999998
4,"[9, 8, 7]",rainbow,15,10,7,7.622665567159089
