,flop,board_type,0b,1b,2b,profit
0,"[9, 8, 4]",rainbow,1,1,1,0.5930132938436242
1,"[9, 8, 4]",rainbow,2,2,2,1.2814246998903913
2,"[9, 8, 4]",rainbow,3,2,2,2.13563394533248
3,"[9, 8, 4]",rainbow,4,3,2,2.8424714580105954
4,"[9, 8, 4]",rainbow,10,7,5,3.8807644836956516
5,"[9, 8, 4]",rainbow,15,10,7,4.598653527383997
