,flop,board_type,0b,1b,2b,profit
0,"[9, 7, 3]",rainbow,1,1,1,0.5331141003868486
1,"[9, 7, 3]",rainbow,2,2,2,0.5338830381044494
2,"[9, 7, 3]",rainbow,3,2,2,0.926239293036751
3,"[9, 7, 3]",rainbow,4,3,2,1.2950155998065755
4,"[9, 7, 3]",rainbow,8,6,4,2.1436192185686656
5,"[9, 7, 3]",rainbow,10,7,5,3.194081589941974
6,"[9, 7, 3]",rainbow,15,10,7,4.56521210270793
7,"[9, 7, 3]",rainbow,16,11,8,4.578886013152804
