,flop,board_type,0b,1b,2b,profit
0,"[9, 6, 6]",rainbow,1,1,1,0.2775118272727284
1,"[9, 6, 6]",rainbow,2,2,2,0.899411558181819
2,"[9, 6, 6]",rainbow,3,2,2,0.909836932727274
3,"[9, 6, 6]",rainbow,4,3,2,1.3952586672727272
4,"[9, 6, 6]",rainbow,8,6,4,3.3710829290909103
5,"[9, 6, 6]",rainbow,10,7,5,4.553865418181818
6,"[9, 6, 6]",rainbow,15,10,7,5.150186527272728
7,"[9, 6, 6]",rainbow,16,11,8,5.235959587272726
