,flop,board_type,0b,1b,2b,profit
0,"[9, 6, 3]",rainbow,1,1,1,0.2850221272727278
1,"[9, 6, 3]",rainbow,2,2,2,0.9294047709090915
2,"[9, 6, 3]",rainbow,3,2,2,0.9328757799999995
3,"[9, 6, 3]",rainbow,4,3,2,1.4238809690909084
4,"[9, 6, 3]",rainbow,8,6,4,2.6160694927272727
5,"[9, 6, 3]",rainbow,10,7,5,3.5885702218181814
6,"[9, 6, 3]",rainbow,15,10,7,4.940261274545453
7,"[9, 6, 3]",rainbow,16,11,8,5.025311094545453
