,flop,board_type,0b,1b,2b,profit
0,"[9, 3, 2]",rainbow,1,1,1,-0.6231262286641922
1,"[9, 3, 2]",rainbow,2,2,2,-0.6187980357142856
2,"[9, 3, 2]",rainbow,3,2,2,-0.618178015306123
3,"[9, 3, 2]",rainbow,4,3,2,-0.15019958163265257
4,"[9, 3, 2]",rainbow,8,6,4,1.8717188358070505
5,"[9, 3, 2]",rainbow,10,7,5,2.855965384044527
6,"[9, 3, 2]",rainbow,15,10,7,4.173227135435992
7,"[9, 3, 2]",rainbow,16,11,8,4.2571817374768095
