,flop,board_type,0b,1b,2b,profit
0,"[8, 8, 8]",rainbow,1,1,1,1.2694139128685713
1,"[8, 8, 8]",rainbow,2,2,2,1.2867448349257138
2,"[8, 8, 8]",rainbow,8,6,4,3.9599874829583674
3,"[8, 8, 8]",rainbow,10,7,5,5.1560037974726525
4,"[8, 8, 8]",rainbow,15,10,7,6.209748164649795
5,"[8, 8, 8]",rainbow,16,11,8,6.434718404440817
