,flop,board_type,0b,1b,2b,profit
0,"[8, 8, 6]",rainbow,1,1,1,1.577339240991304
1,"[8, 8, 6]",rainbow,2,2,2,2.323735804660871
2,"[8, 8, 6]",rainbow,3,2,2,2.7215026446260877
3,"[8, 8, 6]",rainbow,4,3,2,3.031166662295652
4,"[8, 8, 6]",rainbow,8,6,4,4.653280618730435
5,"[8, 8, 6]",rainbow,10,7,5,5.657771934504348
6,"[8, 8, 6]",rainbow,15,10,7,6.209546196017391
7,"[8, 8, 6]",rainbow,16,11,8,6.359762021756522
