,flop,board_type,0b,1b,2b,profit
0,"[8, 8, 5]",rainbow,1,1,1,1.3403892444950913
1,"[8, 8, 5]",rainbow,2,2,2,1.3432388880785417
2,"[8, 8, 5]",rainbow,3,2,2,1.3447878890603082
3,"[8, 8, 5]",rainbow,4,3,2,1.830137339621318
4,"[8, 8, 5]",rainbow,8,6,4,3.3050535047335208
5,"[8, 8, 5]",rainbow,10,7,5,4.864631593969144
6,"[8, 8, 5]",rainbow,15,10,7,5.5496551590112215
7,"[8, 8, 5]",rainbow,16,11,8,5.786011852664797
