,flop,board_type,0b,1b,2b,profit
0,"[8, 7, 6]",rainbow,1,1,1,2.6456714055213073
1,"[8, 7, 6]",rainbow,2,2,2,3.5387060156347703
2,"[8, 7, 6]",rainbow,3,2,2,4.767767011149825
3,"[8, 7, 6]",rainbow,4,3,2,5.773018552488161
4,"[8, 7, 6]",rainbow,8,6,4,6.614611991566157
5,"[8, 7, 6]",rainbow,10,7,5,7.114865587706602
6,"[8, 7, 6]",rainbow,15,10,7,7.193228081961939
7,"[8, 7, 6]",rainbow,16,11,8,7.271520588725096
