,flop,board_type,0b,1b,2b,profit
0,"[8, 7, 2]",rainbow,1,1,1,1.6193904032174355
1,"[8, 7, 2]",rainbow,2,2,2,2.2176750534509595
2,"[8, 7, 2]",rainbow,3,2,2,2.626685830046705
3,"[8, 7, 2]",rainbow,4,3,2,2.9239575277633625
4,"[8, 7, 2]",rainbow,8,6,4,3.773254954333161
5,"[8, 7, 2]",rainbow,10,7,5,4.804170339128177
6,"[8, 7, 2]",rainbow,15,10,7,5.868550743383496
7,"[8, 7, 2]",rainbow,16,11,8,5.949187901920083
