,flop,board_type,0b,1b,2b,profit
0,"[8, 6, 6]",rainbow,1,1,1,1.4586609941463422
1,"[8, 6, 6]",rainbow,8,6,4,4.189674272682927
2,"[8, 6, 6]",rainbow,10,7,5,5.3132481078048786
3,"[8, 6, 6]",rainbow,15,10,7,5.844285233658537
4,"[8, 6, 6]",rainbow,16,11,8,6.05822310195122
