,flop,board_type,0b,1b,2b,profit
0,"[8, 6, 5]",rainbow,1,1,1,2.319301465710872
1,"[8, 6, 5]",rainbow,8,6,4,4.180301655162996
2,"[8, 6, 5]",rainbow,10,7,5,5.762270391568526
3,"[8, 6, 5]",rainbow,15,10,7,6.4623032172811055
4,"[8, 6, 5]",rainbow,16,11,8,6.700076151356885
