,flop,board_type,0b,1b,2b,profit
0,"[8, 6, 3]",rainbow,1,1,1,1.4778354009756098
1,"[8, 6, 3]",rainbow,8,6,4,3.4252395526829265
2,"[8, 6, 3]",rainbow,10,7,5,4.365146527804877
3,"[8, 6, 3]",rainbow,15,10,7,5.624973480487807
4,"[8, 6, 3]",rainbow,16,11,8,5.837292492682926
