,flop,board_type,0b,1b,2b,profit
0,"[8, 5, 5]",rainbow,1,1,1,1.1065453841322315
1,"[8, 5, 5]",rainbow,2,2,2,1.114709681487604
2,"[8, 5, 5]",rainbow,3,2,2,1.122953654545455
3,"[8, 5, 5]",rainbow,4,3,2,1.616622094545455
4,"[8, 5, 5]",rainbow,8,6,4,3.0967837674380174
5,"[8, 5, 5]",rainbow,10,7,5,4.638829845950413
6,"[8, 5, 5]",rainbow,15,10,7,5.30442181338843
7,"[8, 5, 5]",rainbow,16,11,8,5.52230425586777
