,flop,board_type,0b,1b,2b,profit
0,"[8, 3, 3]",rainbow,1,1,1,0.8782879018666008
1,"[8, 3, 3]",rainbow,8,6,4,2.880332876779492
2,"[8, 3, 3]",rainbow,10,7,5,3.7981037603036336
3,"[8, 3, 3]",rainbow,15,10,7,5.018108006047785
4,"[8, 3, 3]",rainbow,16,11,8,5.225958704181185
