,flop,board_type,0b,1b,2b,profit
0,"[8, 3, 2]",rainbow,1,1,1,0.8536624548780494
1,"[8, 3, 2]",rainbow,8,6,4,2.873998160925834
2,"[8, 3, 2]",rainbow,10,7,5,3.802477696017919
3,"[8, 3, 2]",rainbow,15,10,7,5.0327030163514195
4,"[8, 3, 2]",rainbow,16,11,8,5.240114422000996
