,flop,board_type,0b,1b,2b,profit
0,"[7, 7, 4]",rainbow,1,1,1,1.2397647743779252
1,"[7, 7, 4]",rainbow,2,2,2,1.2423067581177634
2,"[7, 7, 4]",rainbow,3,2,2,1.2553893857600398
3,"[7, 7, 4]",rainbow,4,3,2,1.7274010410445928
4,"[7, 7, 4]",rainbow,8,6,4,3.4691125587583147
5,"[7, 7, 4]",rainbow,10,7,5,4.634227010125647
6,"[7, 7, 4]",rainbow,15,10,7,5.547014806109879
7,"[7, 7, 4]",rainbow,16,11,8,5.822397405863512
