,flop,board_type,0b,1b,2b,profit
0,"[7, 7, 3]",rainbow,1,1,1,1.3538447801889864
1,"[7, 7, 3]",rainbow,2,2,2,1.3561931975236234
2,"[7, 7, 3]",rainbow,8,6,4,3.5949616844574774
3,"[7, 7, 3]",rainbow,10,7,5,4.593232223297491
4,"[7, 7, 3]",rainbow,15,10,7,5.682794532942325
5,"[7, 7, 3]",rainbow,16,11,8,5.9665562901270786
