,flop,board_type,0b,1b,2b,profit
0,"[7, 5, 3]",rainbow,1,1,1,1.646779863590646
1,"[7, 5, 3]",rainbow,2,2,2,1.6470604133769173
2,"[7, 5, 3]",rainbow,3,2,2,2.042037069021876
3,"[7, 5, 3]",rainbow,4,3,2,2.2789168888609503
4,"[7, 5, 3]",rainbow,8,6,4,3.7871932152376155
5,"[7, 5, 3]",rainbow,10,7,5,4.778256084988685
6,"[7, 5, 3]",rainbow,15,10,7,5.891823000251446
7,"[7, 5, 3]",rainbow,16,11,8,6.186620882700528
