,flop,board_type,0b,1b,2b,profit
0,"[7, 4, 4]",rainbow,1,1,1,1.0481732444754097
1,"[7, 4, 4]",rainbow,8,6,4,3.23272416390164
2,"[7, 4, 4]",rainbow,10,7,5,4.394391836475411
3,"[7, 4, 4]",rainbow,15,10,7,5.365398990868853
4,"[7, 4, 4]",rainbow,16,11,8,5.633146473196721
