,flop,board_type,0b,1b,2b,profit
0,"[6, 6, 5]",rainbow,1,1,1,2.2683670996515684
1,"[6, 6, 5]",rainbow,2,2,2,2.79588550562469
2,"[6, 6, 5]",rainbow,3,2,2,3.183576365156795
3,"[6, 6, 5]",rainbow,4,3,2,3.4265488134395223
4,"[6, 6, 5]",rainbow,8,6,4,4.86697067555998
5,"[6, 6, 5]",rainbow,10,7,5,6.262708793529118
6,"[6, 6, 5]",rainbow,15,10,7,6.774586026879046
7,"[6, 6, 5]",rainbow,16,11,8,7.141514289795919
