,flop,board_type,0b,1b,2b,profit
0,"[6, 6, 3]",rainbow,1,1,1,1.637862628042159
1,"[6, 6, 3]",rainbow,2,2,2,1.6627348926860428
2,"[6, 6, 3]",rainbow,8,6,4,4.202153703513256
3,"[6, 6, 3]",rainbow,10,7,5,5.331443243308847
4,"[6, 6, 3]",rainbow,15,10,7,6.39109756646439
5,"[6, 6, 3]",rainbow,16,11,8,6.742087089683807
