,flop,board_type,0b,1b,2b,profit
0,"[6, 5, 4]",rainbow,1,1,1,2.8429021462696538
1,"[6, 5, 4]",rainbow,8,6,4,4.847227460689194
2,"[6, 5, 4]",rainbow,10,7,5,5.855433038976244
3,"[6, 5, 4]",rainbow,15,10,7,6.734465057075944
4,"[6, 5, 4]",rainbow,16,11,8,7.107474144061558
