,flop,board_type,0b,1b,2b,profit
0,"[5, 5, 3]",rainbow,1,1,1,2.2292564236990096
1,"[5, 5, 3]",rainbow,8,6,4,4.293088579865346
2,"[5, 5, 3]",rainbow,10,7,5,5.6034827174970285
3,"[5, 5, 3]",rainbow,15,10,7,6.851790038178217
4,"[5, 5, 3]",rainbow,16,11,8,7.267108617916833
