,flop,board_type,0b,1b,2b,profit
0,"[2, 2, 2]",rainbow,1,1,1,2.806230388709677
1,"[2, 2, 2]",rainbow,2,2,2,2.810186238213399
2,"[2, 2, 2]",rainbow,3,2,2,2.814630769602977
3,"[2, 2, 2]",rainbow,8,6,4,4.880489970719603
4,"[2, 2, 2]",rainbow,10,7,5,5.828268526550868
5,"[2, 2, 2]",rainbow,15,10,7,6.979685156265507
6,"[2, 2, 2]",rainbow,16,11,8,7.472863565384614
