,flop,board_type,0b,1b,2b,profit
0,"[14, 14, 12]",rainbow,1,1,1,9.981660395002468
1,"[14, 14, 12]",rainbow,2,2,2,9.98579450343883
2,"[14, 14, 12]",rainbow,10,7,5,9.988385615311559
3,"[14, 14, 12]",rainbow,15,10,7,10.44802426250778
4,"[14, 14, 12]",rainbow,16,11,8,10.45075660246938
