,flop,board_type,0b,1b,2b,profit
0,"[14, 14, 9]",rainbow,1,1,1,7.044158824942226
1,"[14, 14, 9]",rainbow,8,6,4,7.772876880138047
