,flop,board_type,0b,1b,2b,profit
0,"[14, 13, 12]",rainbow,1,1,1,6.7702691636989965
1,"[14, 13, 12]",rainbow,2,2,2,7.227038573142657
2,"[14, 13, 12]",rainbow,3,2,2,7.230335527896756
3,"[14, 13, 12]",rainbow,8,6,4,7.241489287896752
