,flop,board_type,0b,1b,2b,profit
0,"[14, 12, 8]",rainbow,1,1,1,9.403510039586607
1,"[14, 12, 8]",rainbow,2,2,2,9.40617531905746
