,flop,board_type,0b,1b,2b,profit
0,"[14, 12, 2]",rainbow,1,1,1,11.537286418568057
1,"[14, 12, 2]",rainbow,2,2,2,11.543327064201415
2,"[14, 12, 2]",rainbow,8,6,4,11.544367415106214
3,"[14, 12, 2]",rainbow,15,10,7,11.61186337088906
4,"[14, 12, 2]",rainbow,16,11,8,11.612170229110934
