,flop,board_type,0b,1b,2b,profit
0,"[14, 11, 10]",rainbow,1,1,1,7.641518508546124
1,"[14, 11, 10]",rainbow,8,6,4,7.669662189306296
