,flop,board_type,0b,1b,2b,profit
0,"[14, 10, 9]",rainbow,1,1,1,4.148428886173736
1,"[14, 10, 9]",rainbow,2,2,2,4.157966193422221
2,"[14, 10, 9]",rainbow,8,6,4,4.519310205259126
3,"[14, 10, 9]",rainbow,16,11,8,4.5346961758773086
