,flop,board_type,0b,1b,2b,profit
0,"[14, 9, 8]",rainbow,1,1,1,5.002681947233883
1,"[14, 9, 8]",rainbow,2,2,2,5.013046612308845
2,"[14, 9, 8]",rainbow,8,6,4,5.658129687976012
