,flop,board_type,0b,1b,2b,profit
0,"[14, 9, 6]",rainbow,1,1,1,3.2741828459693227
1,"[14, 9, 6]",rainbow,10,7,5,3.8630897481057547
