,flop,board_type,0b,1b,2b,profit
0,"[14, 7, 6]",rainbow,1,1,1,6.363997949472501
1,"[14, 7, 6]",rainbow,8,6,4,6.367368220437867
2,"[14, 7, 6]",rainbow,10,7,5,6.806156754704632
