,flop,board_type,0b,1b,2b,profit
0,"[13, 13, 13]",rainbow,1,1,1,5.207012933390267
1,"[13, 13, 13]",rainbow,2,2,2,5.209732086099627
2,"[13, 13, 13]",rainbow,8,6,4,5.488252438806076
3,"[13, 13, 13]",rainbow,15,10,7,5.934746362391508
