,flop,board_type,0b,1b,2b,profit
0,"[13, 12, 10]",rainbow,1,1,1,7.077442221946432
1,"[13, 12, 10]",rainbow,2,2,2,7.884895610285712
