,flop,board_type,0b,1b,2b,profit
0,"[13, 12, 6]",rainbow,1,1,1,9.41258098117829
1,"[13, 12, 6]",rainbow,2,2,2,9.427851369550384
