,flop,board_type,0b,1b,2b,profit
0,"[13, 10, 4]",rainbow,1,1,1,7.069205905895772
1,"[13, 10, 4]",rainbow,2,2,2,7.07658083809435
2,"[13, 10, 4]",rainbow,3,2,2,7.081360048909954
3,"[13, 10, 4]",rainbow,10,7,5,7.087138600434778
