,flop,board_type,0b,1b,2b,profit
0,"[13, 8, 6]",rainbow,1,1,1,6.544549701077439
1,"[13, 8, 6]",rainbow,10,7,5,6.73716853309133
