,flop,board_type,0b,1b,2b,profit
0,"[13, 8, 5]",rainbow,1,1,1,6.356826629365079
1,"[13, 8, 5]",rainbow,2,2,2,6.362453524603172
2,"[13, 8, 5]",rainbow,8,6,4,6.369564184126981
3,"[13, 8, 5]",rainbow,10,7,5,6.643886150198412
