,flop,board_type,0b,1b,2b,profit
0,"[13, 7, 4]",rainbow,1,1,1,6.394390443650792
1,"[13, 7, 4]",rainbow,2,2,2,6.402739179365079
2,"[13, 7, 4]",rainbow,10,7,5,6.668594666269841
