,flop,board_type,0b,1b,2b,profit
0,"[13, 6, 3]",rainbow,1,1,1,6.461113648412696
1,"[13, 6, 3]",rainbow,2,2,2,6.461398874603173
2,"[13, 6, 3]",rainbow,10,7,5,6.73827300436508
