,flop,board_type,0b,1b,2b,profit
0,"[13, 5, 2]",rainbow,1,1,1,8.13080470151515
1,"[13, 5, 2]",rainbow,10,7,5,8.434478203787878
