,flop,board_type,0b,1b,2b,profit
0,"[13, 3, 2]",rainbow,1,1,1,8.122166092424242
1,"[13, 3, 2]",rainbow,2,2,2,8.126067540909089
2,"[13, 3, 2]",rainbow,3,2,2,8.126517063636364
3,"[13, 3, 2]",rainbow,10,7,5,8.429802537689392
