,flop,board_type,0b,1b,2b,profit
0,"[12, 10, 4]",rainbow,1,1,1,4.521138605945604
1,"[12, 10, 4]",rainbow,15,10,7,4.521332181810009
