,flop,board_type,0b,1b,2b,profit
0,"[12, 10, 2]",rainbow,1,1,1,4.507680328216789
1,"[12, 10, 2]",rainbow,8,6,4,4.510493742589671
2,"[12, 10, 2]",rainbow,10,7,5,4.523362495403232
