,flop,board_type,0b,1b,2b,profit
0,"[12, 9, 6]",rainbow,1,1,1,3.264018952008112
1,"[12, 9, 6]",rainbow,10,7,5,3.6870230441852594
