,flop,board_type,0b,1b,2b,profit
0,"[12, 9, 4]",rainbow,1,1,1,4.29630780819029
1,"[12, 9, 4]",rainbow,2,2,2,4.312317407778849
2,"[12, 9, 4]",rainbow,10,7,5,4.832495087187398
