,flop,board_type,0b,1b,2b,profit
0,"[12, 9, 2]",rainbow,1,1,1,4.291775889347477
1,"[12, 9, 2]",rainbow,2,2,2,4.305302830575376
2,"[12, 9, 2]",rainbow,8,6,4,4.313490902012211
3,"[12, 9, 2]",rainbow,10,7,5,4.825999934805527
