,flop,board_type,0b,1b,2b,profit
0,"[12, 8, 7]",rainbow,1,1,1,3.896375613718842
1,"[12, 8, 7]",rainbow,8,6,4,4.250257287271517
