,flop,board_type,0b,1b,2b,profit
0,"[12, 7, 7]",rainbow,1,1,1,3.3956141086556713
1,"[12, 7, 7]",rainbow,8,6,4,3.844384367099692
