,flop,board_type,0b,1b,2b,profit
0,"[12, 7, 4]",rainbow,1,1,1,4.173737496513891
1,"[12, 7, 4]",rainbow,2,2,2,4.180913935318444
2,"[12, 7, 4]",rainbow,10,7,5,4.655944104578405
