,flop,board_type,0b,1b,2b,profit
0,"[12, 7, 2]",rainbow,1,1,1,4.206865272794725
1,"[12, 7, 2]",rainbow,2,2,2,4.241028657234951
2,"[12, 7, 2]",rainbow,10,7,5,4.703614985603072
