,flop,board_type,0b,1b,2b,profit
0,"[12, 6, 2]",rainbow,1,1,1,4.211850654673283
1,"[12, 6, 2]",rainbow,2,2,2,4.216927063496812
2,"[12, 6, 2]",rainbow,8,6,4,4.221356812548048
3,"[12, 6, 2]",rainbow,10,7,5,4.689422977064173
