,flop,board_type,0b,1b,2b,profit
0,"[11, 11, 6]",rainbow,1,1,1,-1.093544898538481
1,"[11, 11, 6]",rainbow,2,2,2,-1.0881667896720395
