,flop,board_type,0b,1b,2b,profit
0,"[11, 11, 4]",rainbow,1,1,1,0.5711586762201439
1,"[11, 11, 4]",rainbow,2,2,2,0.5779253181954531
