,flop,board_type,0b,1b,2b,profit
0,"[11, 6, 5]",rainbow,1,1,1,2.5499328923076914
1,"[11, 6, 5]",rainbow,2,2,2,2.551246049336869
