,flop,board_type,0b,1b,2b,profit
0,"[10, 10, 5]",rainbow,1,1,1,0.6317023913904172
1,"[10, 10, 5]",rainbow,8,6,4,0.635433154700487
