,flop,board_type,0b,1b,2b,profit
0,"[10, 9, 5]",rainbow,1,1,1,1.8767452057680238
1,"[10, 9, 5]",rainbow,2,2,2,1.8883139257680261
