,flop,board_type,0b,1b,2b,profit
0,"[10, 9, 3]",rainbow,1,1,1,1.848951082332288
1,"[10, 9, 3]",rainbow,2,2,2,1.882293322031348
