,flop,board_type,0b,1b,2b,profit
0,"[9, 7, 6]",rainbow,1,1,1,3.289841697852066
1,"[9, 7, 6]",rainbow,2,2,2,3.311661465606498
