,flop,board_type,0b,1b,2b,profit
0,"[9, 7, 2]",rainbow,1,1,1,5.506320021964545
1,"[9, 7, 2]",rainbow,8,6,4,5.5066357512385515
