,flop,board_type,0b,1b,2b,profit
0,"[9, 6, 6]",rainbow,1,1,1,3.868332793049656
1,"[9, 6, 6]",rainbow,8,6,4,3.8684462518611324
