,flop,board_type,0b,1b,2b,profit
0,"[8, 7, 7]",rainbow,1,1,1,5.417387821198156
1,"[8, 7, 7]",rainbow,2,2,2,5.421901969032258
2,"[8, 7, 7]",rainbow,3,2,2,5.431937499354838
3,"[8, 7, 7]",rainbow,4,3,2,5.442450884055301
