,flop,board_type,0b,1b,2b,profit
0,"[8, 6, 5]",rainbow,1,1,1,5.795988008413852
1,"[8, 6, 5]",rainbow,2,2,2,5.809975353114313
2,"[8, 6, 5]",rainbow,3,2,2,5.811597672929981
