,flop,board_type,0b,1b,2b,profit
0,"[8, 5, 5]",rainbow,1,1,1,5.255805859591042
1,"[8, 5, 5]",rainbow,2,2,2,5.264375235415217
2,"[8, 5, 5]",rainbow,10,7,5,5.284819068382252
