,flop,board_type,0b,1b,2b,profit
0,"[8, 3, 3]",rainbow,1,1,1,5.3483962500431215
1,"[8, 3, 3]",rainbow,2,2,2,5.349490165647518
2,"[8, 3, 3]",rainbow,3,2,2,5.349913310262902
3,"[8, 3, 3]",rainbow,10,7,5,5.370865762790375
