,flop,board_type,0b,1b,2b,profit
0,"[8, 3, 2]",rainbow,1,1,1,6.508730438183335
1,"[8, 3, 2]",rainbow,2,2,2,6.514836545436083
