,flop,board_type,0b,1b,2b,profit
0,"[6, 6, 5]",rainbow,1,1,1,6.146763147703389
1,"[6, 6, 5]",rainbow,2,2,2,6.153770731879213
