,flop,board_type,0b,1b,2b,profit
0,"[6, 5, 3]",rainbow,1,1,1,6.525852144840355
1,"[6, 5, 3]",rainbow,2,2,2,6.526353281323871
2,"[6, 5, 3]",rainbow,3,2,2,6.5293424490161796
