,flop,board_type,0b,1b,2b,profit
0,"[5, 5, 5]",rainbow,1,1,1,7.159523826310382
1,"[5, 5, 5]",rainbow,2,2,2,7.159890638075087
2,"[5, 5, 5]",rainbow,8,6,4,7.164181205301978
