,flop,board_type,0b,1b,2b,profit
0,"[5, 4, 3]",rainbow,1,1,1,7.926154992521612
1,"[5, 4, 3]",rainbow,2,2,2,7.929167913530015
