,flop,board_type,0b,1b,2b,profit
0,"[4, 3, 3]",rainbow,1,1,1,7.006923853382503
1,"[4, 3, 3]",rainbow,8,6,4,7.00699161472704
