,flop,board_type,0b,1b,2b,profit
0,"[3, 3, 2]",rainbow,1,1,1,7.094583151405599
1,"[3, 3, 2]",rainbow,2,2,2,7.096005500985432
