,flop,board_type,0b,1b,2b,profit
0,"[14, 13, 10]",rainbow,1,1,1,2.0220182509852718
1,"[14, 13, 10]",rainbow,10,7,5,2.023136900014975
