,flop,board_type,0b,1b,2b,profit
0,"[14, 12, 7]",rainbow,1,1,1,1.380170672079223
1,"[14, 12, 7]",rainbow,2,2,2,1.3805711103129892
