,flop,board_type,0b,1b,2b,profit
0,"[14, 10, 6]",rainbow,1,1,1,0.9809078434329064
1,"[14, 10, 6]",rainbow,2,2,2,0.9831945487908955
