,flop,board_type,0b,1b,2b,profit
0,"[14, 9, 2]",rainbow,1,1,1,0.5759450654881422
1,"[14, 9, 2]",rainbow,2,2,2,0.5768347315498477
