,flop,board_type,0b,1b,2b,profit
0,"[14, 6, 2]",rainbow,1,1,1,0.37689871630583727
1,"[14, 6, 2]",rainbow,2,2,2,0.3781139953411893
2,"[14, 6, 2]",rainbow,3,2,2,0.38141856842970656
3,"[14, 6, 2]",rainbow,8,6,4,0.7263435539599891
4,"[14, 6, 2]",rainbow,10,7,5,0.7267461731981366
