,flop,board_type,0b,1b,2b,profit
0,"[14, 5, 2]",rainbow,1,1,1,0.43141508579687676
1,"[14, 5, 2]",rainbow,8,6,4,0.7110075498083124
