,flop,board_type,0b,1b,2b,profit
0,"[14, 2, 2]",rainbow,1,1,1,0.4439339022790884
1,"[14, 2, 2]",rainbow,2,2,2,0.44395547748900427
2,"[14, 2, 2]",rainbow,3,2,2,0.44426498520591745
3,"[14, 2, 2]",rainbow,8,6,4,0.8550133245901641
