,flop,board_type,0b,1b,2b,profit
0,"[13, 13, 13]",rainbow,1,1,1,0.053754323232323376
1,"[13, 13, 13]",rainbow,8,6,4,0.7309104678713363
2,"[13, 13, 13]",rainbow,15,10,7,1.4067530482575246
