,flop,board_type,0b,1b,2b,profit
0,"[13, 13, 7]",rainbow,1,1,1,0.3119334623945508
1,"[13, 13, 7]",rainbow,2,2,2,0.3133604484572686
2,"[13, 13, 7]",rainbow,8,6,4,0.5849037357873522
3,"[13, 13, 7]",rainbow,15,10,7,0.6434830751007081
