,flop,board_type,0b,1b,2b,profit
0,"[13, 13, 4]",rainbow,1,1,1,-0.06328341014799149
1,"[13, 13, 4]",rainbow,2,2,2,-0.05700141014799176
2,"[13, 13, 4]",rainbow,8,6,4,0.37887126876321325
3,"[13, 13, 4]",rainbow,15,10,7,0.787907584232425
