,flop,board_type,0b,1b,2b,profit
0,"[13, 12, 6]",rainbow,1,1,1,0.6340192818181816
1,"[13, 12, 6]",rainbow,2,2,2,0.9123661501136364
2,"[13, 12, 6]",rainbow,3,2,2,0.9137044245454548
3,"[13, 12, 6]",rainbow,4,3,2,0.9152702230681816
