,flop,board_type,0b,1b,2b,profit
0,"[13, 8, 6]",rainbow,1,1,1,0.46992414625035317
1,"[13, 8, 6]",rainbow,2,2,2,0.47079212769777457
2,"[13, 8, 6]",rainbow,3,2,2,0.4712111460104491
