,flop,board_type,0b,1b,2b,profit
0,"[13, 6, 6]",rainbow,1,1,1,0.37825560651434087
1,"[13, 6, 6]",rainbow,2,2,2,0.38010253164803076
2,"[13, 6, 6]",rainbow,8,6,4,0.8131767708313072
