,flop,board_type,0b,1b,2b,profit
0,"[13, 6, 4]",rainbow,1,1,1,0.45990864680851073
1,"[13, 6, 4]",rainbow,2,2,2,0.4636046882978725
2,"[13, 6, 4]",rainbow,8,6,4,0.7530519110009672
3,"[13, 6, 4]",rainbow,10,7,5,0.7722940838295571
