,flop,board_type,0b,1b,2b,profit
0,"[13, 6, 2]",rainbow,1,1,1,0.49658424999999995
1,"[13, 6, 2]",rainbow,2,2,2,0.5018670106382979
2,"[13, 6, 2]",rainbow,3,2,2,0.5029757436170212
3,"[13, 6, 2]",rainbow,8,6,4,0.8329852367746615
