,flop,board_type,0b,1b,2b,profit
0,"[13, 5, 2]",rainbow,1,1,1,0.5680042233766236
1,"[13, 5, 2]",rainbow,2,2,2,0.5704304519480521
2,"[13, 5, 2]",rainbow,8,6,4,0.8948188571428571
