,flop,board_type,0b,1b,2b,profit
0,"[12, 12, 6]",rainbow,1,1,1,2.0177771982185506
1,"[12, 12, 6]",rainbow,2,2,2,2.020267530877371
