,flop,board_type,0b,1b,2b,profit
0,"[12, 11, 3]",rainbow,1,1,1,1.8527402110468474
1,"[12, 11, 3]",rainbow,2,2,2,1.8528857080971661
2,"[12, 11, 3]",rainbow,15,10,7,2.3258481159167146
