,flop,board_type,0b,1b,2b,profit
0,"[12, 10, 9]",rainbow,1,1,1,2.1780170465370645
1,"[12, 10, 9]",rainbow,2,2,2,2.1815644648253603
2,"[12, 10, 9]",rainbow,8,6,4,2.4298318077825276
