,flop,board_type,0b,1b,2b,profit
0,"[12, 9, 4]",rainbow,1,1,1,2.035248543045333
1,"[12, 9, 4]",rainbow,15,10,7,2.0736176857010324
