,flop,board_type,0b,1b,2b,profit
0,"[12, 8, 8]",rainbow,1,1,1,1.4658621747552956
1,"[12, 8, 8]",rainbow,2,2,2,1.4668900461943024
2,"[12, 8, 8]",rainbow,15,10,7,1.51806600190504
3,"[12, 8, 8]",rainbow,16,11,8,1.5207706606574143
