,flop,board_type,0b,1b,2b,profit
0,"[12, 8, 4]",rainbow,1,1,1,2.3156661515247867
1,"[12, 8, 4]",rainbow,2,2,2,2.318406202630438
