,flop,board_type,0b,1b,2b,profit
0,"[11, 11, 5]",rainbow,1,1,1,1.3908429969325058
1,"[11, 11, 5]",rainbow,8,6,4,1.3914448723805857
2,"[11, 11, 5]",rainbow,10,7,5,1.392103604582114
3,"[11, 11, 5]",rainbow,15,10,7,2.5624841587756517
