,flop,board_type,0b,1b,2b,profit
0,"[11, 10, 6]",rainbow,1,1,1,1.3747643321510292
1,"[11, 10, 6]",rainbow,2,2,2,1.3750006933638441
2,"[11, 10, 6]",rainbow,8,6,4,1.3751877831807777
3,"[11, 10, 6]",rainbow,15,10,7,1.6614990443935929
