,flop,board_type,0b,1b,2b,profit
0,"[11, 9, 7]",rainbow,1,1,1,1.525112110526286
1,"[11, 9, 7]",rainbow,8,6,4,1.9819030702261653
