,flop,board_type,0b,1b,2b,profit
0,"[11, 9, 2]",rainbow,1,1,1,1.382126454561909
1,"[11, 9, 2]",rainbow,2,2,2,1.3847875921842858
2,"[11, 9, 2]",rainbow,10,7,5,1.3850725227313865
3,"[11, 9, 2]",rainbow,15,10,7,1.5866744380419577
4,"[11, 9, 2]",rainbow,16,11,8,1.589050835705471
