,flop,board_type,0b,1b,2b,profit
0,"[11, 8, 8]",rainbow,1,1,1,1.2717285326350243
1,"[11, 8, 8]",rainbow,2,2,2,1.2766837522422256
2,"[11, 8, 8]",rainbow,3,2,2,1.2771044939443532
3,"[11, 8, 8]",rainbow,15,10,7,1.3793727433387888
4,"[11, 8, 8]",rainbow,16,11,8,1.3820174954173488
