,flop,board_type,0b,1b,2b,profit
0,"[11, 7, 3]",rainbow,1,1,1,1.7976349181287246
1,"[11, 7, 3]",rainbow,2,2,2,1.7983192412056477
2,"[11, 7, 3]",rainbow,8,6,4,1.8016384285740688
