,flop,board_type,0b,1b,2b,profit
0,"[11, 6, 3]",rainbow,1,1,1,1.5300005049836638
1,"[11, 6, 3]",rainbow,2,2,2,1.5320530681848603
