,flop,board_type,0b,1b,2b,profit
0,"[10, 8, 6]",rainbow,1,1,1,1.2190649224043957
1,"[10, 8, 6]",rainbow,8,6,4,1.4015202796692847
