,flop,board_type,0b,1b,2b,profit
0,"[10, 8, 2]",rainbow,1,1,1,1.421747442184568
1,"[10, 8, 2]",rainbow,2,2,2,1.4221274081949304
2,"[10, 8, 2]",rainbow,8,6,4,1.441091990141437
3,"[10, 8, 2]",rainbow,10,7,5,1.4415167558605235
