,flop,board_type,0b,1b,2b,profit
0,"[10, 6, 4]",rainbow,1,1,1,0.9708440284530695
1,"[10, 6, 4]",rainbow,2,2,2,0.9718685177829665
2,"[10, 6, 4]",rainbow,8,6,4,1.023480056701031
3,"[10, 6, 4]",rainbow,10,7,5,1.0277842157731956
