,flop,board_type,0b,1b,2b,profit
0,"[9, 7, 2]",rainbow,1,1,1,1.485226142623604
1,"[9, 7, 2]",rainbow,2,2,2,1.4869658429525514
