,flop,board_type,0b,1b,2b,profit
0,"[9, 4, 4]",rainbow,1,1,1,0.6868980561684696
1,"[9, 4, 4]",rainbow,2,2,2,0.6888662965547516
