,flop,board_type,0b,1b,2b,profit
0,"[8, 5, 2]",rainbow,1,1,1,1.1857394480998662
1,"[8, 5, 2]",rainbow,8,6,4,1.4095935347161839
