,flop,board_type,0b,1b,2b,profit
0,"[8, 4, 4]",rainbow,1,1,1,1.2478053957160042
1,"[8, 4, 4]",rainbow,8,6,4,1.62848533537454
