,flop,board_type,0b,1b,2b,profit
0,"[8, 4, 2]",rainbow,1,1,1,1.3831402050793646
1,"[8, 4, 2]",rainbow,2,2,2,1.384069366835462
2,"[8, 4, 2]",rainbow,3,2,2,1.3858513539574138
3,"[8, 4, 2]",rainbow,8,6,4,1.6295980378598522
