,flop,board_type,0b,1b,2b,profit
0,"[7, 7, 4]",rainbow,1,1,1,0.6679026796580863
1,"[7, 7, 4]",rainbow,8,6,4,0.9087865119142644
