,flop,board_type,0b,1b,2b,profit
0,"[7, 6, 2]",rainbow,1,1,1,1.4673098650074665
1,"[7, 6, 2]",rainbow,2,2,2,1.473293593270284
2,"[7, 6, 2]",rainbow,3,2,2,1.4755609399303138
3,"[7, 6, 2]",rainbow,8,6,4,1.5529240439621703
