,flop,board_type,0b,1b,2b,profit
0,"[7, 5, 4]",rainbow,1,1,1,1.325840255374127
1,"[7, 5, 4]",rainbow,8,6,4,1.4064271521329055
