,flop,board_type,0b,1b,2b,profit
0,"[7, 5, 2]",rainbow,1,1,1,1.3335112125987365
1,"[7, 5, 2]",rainbow,8,6,4,1.44250246881763
