,flop,board_type,0b,1b,2b,profit
0,"[6, 6, 3]",rainbow,1,1,1,0.6509908748120037
1,"[6, 6, 3]",rainbow,8,6,4,0.9112781958155339
2,"[6, 6, 3]",rainbow,10,7,5,0.9134487993711384
