,flop,board_type,0b,1b,2b,profit
0,"[6, 6, 2]",rainbow,1,1,1,0.6477873446972634
1,"[6, 6, 2]",rainbow,2,2,2,0.6498149782312447
2,"[6, 6, 2]",rainbow,3,2,2,0.6526265805030889
3,"[6, 6, 2]",rainbow,8,6,4,0.9118109424761693
4,"[6, 6, 2]",rainbow,10,7,5,0.9209621504077669
