,flop,board_type,0b,1b,2b,profit
0,"[6, 5, 4]",rainbow,1,1,1,0.5972863417079888
1,"[6, 5, 4]",rainbow,8,6,4,0.6501540802754816
