,flop,board_type,0b,1b,2b,profit
0,"[6, 5, 3]",rainbow,1,1,1,1.221723605310621
1,"[6, 5, 3]",rainbow,2,2,2,1.2248775098516886
2,"[6, 5, 3]",rainbow,8,6,4,1.279622958986199
3,"[6, 5, 3]",rainbow,10,7,5,1.2866918544752557
