,flop,board_type,0b,1b,2b,profit
0,"[6, 4, 3]",rainbow,1,1,1,1.2637386560988781
1,"[6, 4, 3]",rainbow,8,6,4,1.3599750823191585
