,flop,board_type,0b,1b,2b,profit
0,"[6, 3, 2]",rainbow,1,1,1,0.755145680054274
1,"[6, 3, 2]",rainbow,8,6,4,0.8990560541655359
