,flop,board_type,0b,1b,2b,profit
0,"[5, 5, 3]",rainbow,1,1,1,1.105339971238392
1,"[5, 5, 3]",rainbow,8,6,4,1.347199968374788
2,"[5, 5, 3]",rainbow,10,7,5,1.3487986546422688
