,flop,board_type,0b,1b,2b,profit
0,"[5, 4, 4]",rainbow,1,1,1,1.1293087055625555
1,"[5, 4, 4]",rainbow,8,6,4,1.3503952707200717
