,flop,board_type,0b,1b,2b,profit
0,"[5, 3, 2]",rainbow,1,1,1,0.7593962618209101
1,"[5, 3, 2]",rainbow,2,2,2,0.7594306741736312
2,"[5, 3, 2]",rainbow,8,6,4,0.8376676857786112
