,flop,board_type,0b,1b,2b,profit
0,"[4, 3, 2]",rainbow,1,1,1,0.5493347832727271
1,"[4, 3, 2]",rainbow,2,2,2,0.55130636454102
2,"[4, 3, 2]",rainbow,8,6,4,0.6279941502793793
