,flop,board_type,0b,1b,2b,profit
0,"[14, 14, 13]",two-tone,1,1,1,1.5393557425951443
1,"[14, 14, 13]",two-tone,2,2,2,3.1336132518549604
2,"[14, 14, 13]",two-tone,3,2,2,3.237268936949356
3,"[14, 14, 13]",two-tone,4,3,2,3.7803197520227743
4,"[14, 14, 13]",two-tone,8,6,4,4.528462014635901
5,"[14, 14, 13]",two-tone,10,7,5,5.160174772851863
6,"[14, 14, 13]",two-tone,15,10,7,8.045806263787833
7,"[14, 14, 13]",two-tone,16,11,8,8.425413013664969
