,flop,board_type,0b,1b,2b,profit
0,"[14, 14, 11]",two-tone,1,1,1,1.1447986037498348
1,"[14, 14, 11]",two-tone,2,2,2,1.1458334823118914
2,"[14, 14, 11]",two-tone,3,2,2,1.2476794800647206
3,"[14, 14, 11]",two-tone,4,3,2,1.757769888241536
4,"[14, 14, 11]",two-tone,8,6,4,2.930497927315194
5,"[14, 14, 11]",two-tone,10,7,5,3.439285616281425
6,"[14, 14, 11]",two-tone,15,10,7,6.301854775195702
7,"[14, 14, 11]",two-tone,16,11,8,6.859991438157444
