,flop,board_type,0b,1b,2b,profit
0,"[14, 14, 6]",two-tone,1,1,1,1.5217082618233397
1,"[14, 14, 6]",two-tone,8,6,4,2.724211178338914
2,"[14, 14, 6]",two-tone,10,7,5,2.870911126153186
3,"[14, 14, 6]",two-tone,15,10,7,6.020690134454178
4,"[14, 14, 6]",two-tone,16,11,8,6.816405958329579
