,flop,board_type,0b,1b,2b,profit
0,"[14, 14, 5]",two-tone,1,1,1,1.5374904444115138
1,"[14, 14, 5]",two-tone,8,6,4,2.350410146284036
2,"[14, 14, 5]",two-tone,10,7,5,2.4844859673694533
3,"[14, 14, 5]",two-tone,15,10,7,5.378550635853539
4,"[14, 14, 5]",two-tone,16,11,8,6.21076979138401
