,flop,board_type,0b,1b,2b,profit
0,"[14, 13, 11]",two-tone,1,1,1,3.9027429009327843
1,"[14, 13, 11]",two-tone,2,2,2,4.223356636959501
2,"[14, 13, 11]",two-tone,3,2,2,4.405122048318832
3,"[14, 13, 11]",two-tone,4,3,2,5.495660458110177
4,"[14, 13, 11]",two-tone,8,6,4,6.0317023952860325
5,"[14, 13, 11]",two-tone,10,7,5,6.291742442539267
6,"[14, 13, 11]",two-tone,15,10,7,8.829637503078612
7,"[14, 13, 11]",two-tone,16,11,8,9.024580358827764
