,flop,board_type,0b,1b,2b,profit
0,"[14, 12, 9]",two-tone,1,1,1,0.6396046920921667
1,"[14, 12, 9]",two-tone,2,2,2,2.412964167557604
2,"[14, 12, 9]",two-tone,3,2,2,2.575927426728112
3,"[14, 12, 9]",two-tone,4,3,2,3.0061314408847934
4,"[14, 12, 9]",two-tone,8,6,4,4.004894097880184
5,"[14, 12, 9]",two-tone,10,7,5,4.01063345467281
6,"[14, 12, 9]",two-tone,15,10,7,6.299178581566821
7,"[14, 12, 9]",two-tone,16,11,8,6.451704646562211
