,flop,board_type,0b,1b,2b,profit
0,"[14, 12, 5]",two-tone,1,1,1,1.5591027470157068
1,"[14, 12, 5]",two-tone,2,2,2,2.8764295122513084
2,"[14, 12, 5]",two-tone,3,2,2,2.999753693944154
3,"[14, 12, 5]",two-tone,4,3,2,3.4921922765968585
4,"[14, 12, 5]",two-tone,8,6,4,4.342802012085514
5,"[14, 12, 5]",two-tone,10,7,5,4.370623640573008
6,"[14, 12, 5]",two-tone,15,10,7,6.737838004438627
7,"[14, 12, 5]",two-tone,16,11,8,7.126823729371726
