,flop,board_type,0b,1b,2b,profit
0,"[14, 11, 9]",two-tone,1,1,1,0.6460508161018488
1,"[14, 11, 9]",two-tone,2,2,2,2.6910648337441105
2,"[14, 11, 9]",two-tone,3,2,2,2.860219377654948
3,"[14, 11, 9]",two-tone,4,3,2,3.297894488836535
4,"[14, 11, 9]",two-tone,8,6,4,4.0073862169083005
5,"[14, 11, 9]",two-tone,15,10,7,6.290677125199347
6,"[14, 11, 9]",two-tone,16,11,8,6.458981776177962
