,flop,board_type,0b,1b,2b,profit
0,"[14, 9, 5]",two-tone,1,1,1,0.5730472247758842
1,"[14, 9, 5]",two-tone,8,6,4,2.2954805904162914
2,"[14, 9, 5]",two-tone,10,7,5,2.658415382143656
3,"[14, 9, 5]",two-tone,15,10,7,5.911021938766248
4,"[14, 9, 5]",two-tone,16,11,8,6.247344659351187
