,flop,board_type,0b,1b,2b,profit
0,"[14, 8, 6]",two-tone,1,1,1,1.2185272273690022
1,"[14, 8, 6]",two-tone,2,2,2,1.486853242162162
2,"[14, 8, 6]",two-tone,3,2,2,1.6659100431384437
3,"[14, 8, 6]",two-tone,4,3,2,2.0695748734638713
4,"[14, 8, 6]",two-tone,8,6,4,2.679457767595146
5,"[14, 8, 6]",two-tone,10,7,5,3.058683490976282
6,"[14, 8, 6]",two-tone,15,10,7,6.307578598086044
7,"[14, 8, 6]",two-tone,16,11,8,6.904557380535024
