,flop,board_type,0b,1b,2b,profit
0,"[14, 8, 4]",two-tone,1,1,1,1.6136796110309448
1,"[14, 8, 4]",two-tone,2,2,2,1.6286441072951732
2,"[14, 8, 4]",two-tone,3,2,2,1.7945348041045377
3,"[14, 8, 4]",two-tone,4,3,2,2.3395525372775356
4,"[14, 8, 4]",two-tone,8,6,4,3.3087067761316877
5,"[14, 8, 4]",two-tone,10,7,5,3.6669944247394577
6,"[14, 8, 4]",two-tone,15,10,7,6.699675340973223
7,"[14, 8, 4]",two-tone,16,11,8,7.267211372770027
