,flop,board_type,0b,1b,2b,profit
0,"[14, 6, 6]",two-tone,1,1,1,2.060591754114246
1,"[14, 6, 6]",two-tone,2,2,2,2.060753436685682
2,"[14, 6, 6]",two-tone,3,2,2,2.0613253026855256
3,"[14, 6, 6]",two-tone,4,3,2,2.1585343695501553
4,"[14, 6, 6]",two-tone,8,6,4,3.275940234310124
5,"[14, 6, 6]",two-tone,10,7,5,3.466319567570525
6,"[14, 6, 6]",two-tone,15,10,7,5.940252922221354
7,"[14, 6, 6]",two-tone,16,11,8,6.717056566367116
