,flop,board_type,0b,1b,2b,profit
0,"[14, 5, 5]",two-tone,1,1,1,2.346992359672704
1,"[14, 5, 5]",two-tone,2,2,2,2.3534276174190745
2,"[14, 5, 5]",two-tone,3,2,2,2.358966715646644
3,"[14, 5, 5]",two-tone,4,3,2,2.4490798403503833
4,"[14, 5, 5]",two-tone,8,6,4,3.2282420162622483
5,"[14, 5, 5]",two-tone,10,7,5,3.4101944882368027
6,"[14, 5, 5]",two-tone,15,10,7,5.603158924329247
7,"[14, 5, 5]",two-tone,16,11,8,6.408139581495922
