,flop,board_type,0b,1b,2b,profit
0,"[14, 4, 4]",two-tone,1,1,1,2.374132804111645
1,"[14, 4, 4]",two-tone,2,2,2,2.378254267727091
2,"[14, 4, 4]",two-tone,8,6,4,3.2138711534263713
3,"[14, 4, 4]",two-tone,10,7,5,3.4081368504401777
4,"[14, 4, 4]",two-tone,15,10,7,5.3225048335784315
5,"[14, 4, 4]",two-tone,16,11,8,6.187404038765508
