,flop,board_type,0b,1b,2b,profit
0,"[14, 4, 2]",two-tone,1,1,1,2.589038916929306
1,"[14, 4, 2]",two-tone,2,2,2,2.597721219110114
2,"[14, 4, 2]",two-tone,3,2,2,2.7905121512831146
3,"[14, 4, 2]",two-tone,4,3,2,3.295937811526077
4,"[14, 4, 2]",two-tone,8,6,4,3.7941774843830807
5,"[14, 4, 2]",two-tone,10,7,5,4.09108889913402
6,"[14, 4, 2]",two-tone,15,10,7,6.289289337215202
7,"[14, 4, 2]",two-tone,16,11,8,7.11289642977021
