,flop,board_type,0b,1b,2b,profit
0,"[14, 3, 3]",two-tone,1,1,1,2.194659838295027
1,"[14, 3, 3]",two-tone,8,6,4,2.986498534426393
2,"[14, 3, 3]",two-tone,10,7,5,3.167037492049733
3,"[14, 3, 3]",two-tone,15,10,7,4.892218417228058
4,"[14, 3, 3]",two-tone,16,11,8,5.822867468273232
