,flop,board_type,0b,1b,2b,profit
0,"[13, 13, 8]",two-tone,1,1,1,1.2454600861401708
1,"[13, 13, 8]",two-tone,2,2,2,1.2481693133675218
2,"[13, 13, 8]",two-tone,8,6,4,3.7085761677572653
3,"[13, 13, 8]",two-tone,10,7,5,3.8928732328467244
4,"[13, 13, 8]",two-tone,15,10,7,5.063263592041025
5,"[13, 13, 8]",two-tone,16,11,8,5.392590564950427
