,flop,board_type,0b,1b,2b,profit
0,"[13, 13, 7]",two-tone,1,1,1,1.3262202168141592
1,"[13, 13, 7]",two-tone,8,6,4,3.4834287939414557
2,"[13, 13, 7]",two-tone,10,7,5,3.7639518980599047
3,"[13, 13, 7]",two-tone,15,10,7,4.661652313773542
4,"[13, 13, 7]",two-tone,16,11,8,5.03323230694917
