,flop,board_type,0b,1b,2b,profit
0,"[13, 13, 4]",two-tone,1,1,1,1.5810467583284922
1,"[13, 13, 4]",two-tone,2,2,2,1.5903125418795234
2,"[13, 13, 4]",two-tone,8,6,4,3.3230924538982896
3,"[13, 13, 4]",two-tone,15,10,7,3.9448742103321397
4,"[13, 13, 4]",two-tone,16,11,8,4.518011969137885
