,flop,board_type,0b,1b,2b,profit
0,"[13, 10, 9]",two-tone,1,1,1,5.713962372018365
1,"[13, 10, 9]",two-tone,2,2,2,5.959581535080618
2,"[13, 10, 9]",two-tone,3,2,2,6.027011374811175
3,"[13, 10, 9]",two-tone,4,3,2,6.22352584964827
4,"[13, 10, 9]",two-tone,8,6,4,6.669164774648216
5,"[13, 10, 9]",two-tone,10,7,5,6.816404752552197
6,"[13, 10, 9]",two-tone,15,10,7,8.5471648074863
7,"[13, 10, 9]",two-tone,16,11,8,8.642451578701138
