,flop,board_type,0b,1b,2b,profit
0,"[13, 10, 5]",two-tone,1,1,1,2.2271025402582536
1,"[13, 10, 5]",two-tone,2,2,2,3.238003457255546
2,"[13, 10, 5]",two-tone,3,2,2,3.439477252460169
3,"[13, 10, 5]",two-tone,4,3,2,3.7863935527647605
4,"[13, 10, 5]",two-tone,8,6,4,4.7493069846766645
5,"[13, 10, 5]",two-tone,10,7,5,4.883808153793085
6,"[13, 10, 5]",two-tone,15,10,7,6.483542684963032
7,"[13, 10, 5]",two-tone,16,11,8,6.611629760457669
