,flop,board_type,0b,1b,2b,profit
0,"[13, 9, 9]",two-tone,1,1,1,1.1947264326581892
1,"[13, 9, 9]",two-tone,2,2,2,1.1948808052712543
2,"[13, 9, 9]",two-tone,3,2,2,1.8857752788226851
3,"[13, 9, 9]",two-tone,4,3,2,2.8927003539175478
4,"[13, 9, 9]",two-tone,8,6,4,3.886340036078351
5,"[13, 9, 9]",two-tone,10,7,5,3.928831716941852
6,"[13, 9, 9]",two-tone,15,10,7,5.251251897841248
7,"[13, 9, 9]",two-tone,16,11,8,5.472715699189827
