,flop,board_type,0b,1b,2b,profit
0,"[13, 9, 8]",two-tone,1,1,1,1.7449941284077894
1,"[13, 9, 8]",two-tone,2,2,2,2.164151351968135
2,"[13, 9, 8]",two-tone,3,2,2,2.902632811845257
3,"[13, 9, 8]",two-tone,4,3,2,3.7252762226413623
4,"[13, 9, 8]",two-tone,8,6,4,4.50897711531813
5,"[13, 9, 8]",two-tone,10,7,5,4.850715553202125
6,"[13, 9, 8]",two-tone,15,10,7,6.2946143239404355
7,"[13, 9, 8]",two-tone,16,11,8,6.3681299034884935
