,flop,board_type,0b,1b,2b,profit
0,"[13, 8, 6]",two-tone,1,1,1,2.1088585182118207
1,"[13, 8, 6]",two-tone,2,2,2,2.3257324901740173
2,"[13, 8, 6]",two-tone,3,2,2,2.545925254215422
3,"[13, 8, 6]",two-tone,4,3,2,2.7587005661866186
4,"[13, 8, 6]",two-tone,8,6,4,4.345243016621661
5,"[13, 8, 6]",two-tone,10,7,5,4.742882661656164
6,"[13, 8, 6]",two-tone,15,10,7,6.135018621887188
7,"[13, 8, 6]",two-tone,16,11,8,6.37167928220822
