,flop,board_type,0b,1b,2b,profit
0,"[13, 7, 3]",two-tone,1,1,1,2.736304821110178
1,"[13, 7, 3]",two-tone,2,2,2,2.7462101240057684
2,"[13, 7, 3]",two-tone,3,2,2,2.96679577635468
3,"[13, 7, 3]",two-tone,4,3,2,3.279502255953382
4,"[13, 7, 3]",two-tone,8,6,4,4.879698335984621
5,"[13, 7, 3]",two-tone,10,7,5,5.166723609972366
6,"[13, 7, 3]",two-tone,15,10,7,6.542691840610357
7,"[13, 7, 3]",two-tone,16,11,8,6.896412607317073
