,flop,board_type,0b,1b,2b,profit
0,"[13, 4, 2]",two-tone,1,1,1,2.8766940061975936
1,"[13, 4, 2]",two-tone,8,6,4,4.55350644800401
2,"[13, 4, 2]",two-tone,10,7,5,4.865943508658404
3,"[13, 4, 2]",two-tone,15,10,7,6.019150610485783
4,"[13, 4, 2]",two-tone,16,11,8,6.697568873883522
