,flop,board_type,0b,1b,2b,profit
0,"[12, 12, 9]",two-tone,1,1,1,1.2694383027795022
1,"[12, 12, 9]",two-tone,2,2,2,1.4882633785131485
2,"[12, 12, 9]",two-tone,3,2,2,2.051779286018207
3,"[12, 12, 9]",two-tone,4,3,2,3.1067304984822943
4,"[12, 12, 9]",two-tone,8,6,4,3.9256283367024296
5,"[12, 12, 9]",two-tone,10,7,5,4.026384324288187
6,"[12, 12, 9]",two-tone,15,10,7,5.429440685003816
7,"[12, 12, 9]",two-tone,16,11,8,5.605820883559907
