,flop,board_type,0b,1b,2b,profit
0,"[12, 11, 11]",two-tone,1,1,1,2.0754928533333334
1,"[12, 11, 11]",two-tone,2,2,2,2.5474997533333323
2,"[12, 11, 11]",two-tone,3,2,2,2.820817326666666
3,"[12, 11, 11]",two-tone,4,3,2,3.303735893333333
4,"[12, 11, 11]",two-tone,8,6,4,4.1015927933333325
5,"[12, 11, 11]",two-tone,10,7,5,4.321805366666665
6,"[12, 11, 11]",two-tone,15,10,7,6.233038926666667
7,"[12, 11, 11]",two-tone,16,11,8,6.538442359999999
