,flop,board_type,0b,1b,2b,profit
0,"[12, 11, 2]",two-tone,1,1,1,2.604792821950851
1,"[12, 11, 2]",two-tone,2,2,2,3.0073948673300173
2,"[12, 11, 2]",two-tone,3,2,2,3.677531163425297
3,"[12, 11, 2]",two-tone,4,3,2,4.598627912558421
4,"[12, 11, 2]",two-tone,8,6,4,5.472986711694056
5,"[12, 11, 2]",two-tone,10,7,5,5.607703802201118
6,"[12, 11, 2]",two-tone,15,10,7,7.644825905623399
7,"[12, 11, 2]",two-tone,16,11,8,7.9630486760138695
