,flop,board_type,0b,1b,2b,profit
0,"[12, 10, 4]",two-tone,1,1,1,2.3429063030046664
1,"[12, 10, 4]",two-tone,2,2,2,3.597580443521511
2,"[12, 10, 4]",two-tone,3,2,2,3.8075943058503814
3,"[12, 10, 4]",two-tone,4,3,2,4.152050623814285
4,"[12, 10, 4]",two-tone,8,6,4,4.922905760600933
5,"[12, 10, 4]",two-tone,10,7,5,5.057058653284109
6,"[12, 10, 4]",two-tone,15,10,7,6.722427634774138
7,"[12, 10, 4]",two-tone,16,11,8,6.915268976490796
