,flop,board_type,0b,1b,2b,profit
0,"[12, 10, 3]",two-tone,1,1,1,2.4760469225314394
1,"[12, 10, 3]",two-tone,2,2,2,3.709709111318012
2,"[12, 10, 3]",two-tone,3,2,2,3.9054092799785733
3,"[12, 10, 3]",two-tone,4,3,2,4.27882489669158
4,"[12, 10, 3]",two-tone,8,6,4,5.080664478369002
5,"[12, 10, 3]",two-tone,10,7,5,5.214731384128765
6,"[12, 10, 3]",two-tone,15,10,7,6.910025036145193
7,"[12, 10, 3]",two-tone,16,11,8,7.174528106777543
