,flop,board_type,0b,1b,2b,profit
0,"[12, 9, 7]",two-tone,1,1,1,1.609409774265261
1,"[12, 9, 7]",two-tone,2,2,2,2.04495735333073
2,"[12, 9, 7]",two-tone,3,2,2,2.7660579981361453
3,"[12, 9, 7]",two-tone,4,3,2,3.6404630514278287
4,"[12, 9, 7]",two-tone,8,6,4,4.416036276863204
5,"[12, 9, 7]",two-tone,10,7,5,4.779668626830664
6,"[12, 9, 7]",two-tone,15,10,7,6.246032721970584
7,"[12, 9, 7]",two-tone,16,11,8,6.319450759221658
