,flop,board_type,0b,1b,2b,profit
0,"[12, 8, 2]",two-tone,1,1,1,2.101101312608217
1,"[12, 8, 2]",two-tone,2,2,2,2.105855016458602
2,"[12, 8, 2]",two-tone,3,2,2,2.408388799308844
3,"[12, 8, 2]",two-tone,4,3,2,3.3856614077151193
4,"[12, 8, 2]",two-tone,8,6,4,4.755280089527432
5,"[12, 8, 2]",two-tone,10,7,5,5.110504805605777
6,"[12, 8, 2]",two-tone,15,10,7,6.992485015760273
7,"[12, 8, 2]",two-tone,16,11,8,7.263491821294302
