,flop,board_type,0b,1b,2b,profit
0,"[12, 7, 6]",two-tone,1,1,1,2.1344317855096384
1,"[12, 7, 6]",two-tone,2,2,2,2.5652534596189907
2,"[12, 7, 6]",two-tone,3,2,2,2.764592917812946
3,"[12, 7, 6]",two-tone,4,3,2,3.510751055521388
4,"[12, 7, 6]",two-tone,8,6,4,4.699727384117103
5,"[12, 7, 6]",two-tone,10,7,5,5.056980207385183
6,"[12, 7, 6]",two-tone,15,10,7,6.40549875800645
7,"[12, 7, 6]",two-tone,16,11,8,6.633533751513786
