,flop,board_type,0b,1b,2b,profit
0,"[12, 5, 5]",two-tone,1,1,1,1.6704084870696367
1,"[12, 5, 5]",two-tone,2,2,2,1.672237999688936
2,"[12, 5, 5]",two-tone,8,6,4,3.5352325519688947
3,"[12, 5, 5]",two-tone,10,7,5,3.8302238078378705
4,"[12, 5, 5]",two-tone,15,10,7,4.394590456085779
5,"[12, 5, 5]",two-tone,16,11,8,4.918213427500884
