,flop,board_type,0b,1b,2b,profit
0,"[12, 5, 2]",two-tone,1,1,1,2.4466311545011092
1,"[12, 5, 2]",two-tone,2,2,2,2.446783482305986
2,"[12, 5, 2]",two-tone,3,2,2,2.4514161184035475
3,"[12, 5, 2]",two-tone,4,3,2,3.055770618891352
4,"[12, 5, 2]",two-tone,8,6,4,4.302118932949003
5,"[12, 5, 2]",two-tone,10,7,5,4.645870011973393
6,"[12, 5, 2]",two-tone,15,10,7,6.145557616141906
7,"[12, 5, 2]",two-tone,16,11,8,6.651894553082039
