,flop,board_type,0b,1b,2b,profit
0,"[12, 2, 2]",two-tone,1,1,1,1.4552894545291157
1,"[12, 2, 2]",two-tone,8,6,4,2.9988822418224297
2,"[12, 2, 2]",two-tone,10,7,5,3.0594822842379585
3,"[12, 2, 2]",two-tone,15,10,7,3.549093388389648
4,"[12, 2, 2]",two-tone,16,11,8,4.252103662697699
