,flop,board_type,0b,1b,2b,profit
0,"[11, 11, 5]",two-tone,1,1,1,1.7328980126997147
1,"[11, 11, 5]",two-tone,2,2,2,1.7381823144387467
2,"[11, 11, 5]",two-tone,8,6,4,2.71876073758964
3,"[11, 11, 5]",two-tone,10,7,5,3.004940944483191
4,"[11, 11, 5]",two-tone,15,10,7,3.59407085121036
5,"[11, 11, 5]",two-tone,16,11,8,4.051670588930122
