,flop,board_type,0b,1b,2b,profit
0,"[11, 11, 3]",two-tone,1,1,1,1.9527178544813846
1,"[11, 11, 3]",two-tone,8,6,4,2.875625243812771
2,"[11, 11, 3]",two-tone,10,7,5,2.934272177258665
3,"[11, 11, 3]",two-tone,15,10,7,3.4055992311293135
4,"[11, 11, 3]",two-tone,16,11,8,3.991305327263022
