,flop,board_type,0b,1b,2b,profit
0,"[11, 9, 8]",two-tone,1,1,1,3.6164223007389156
1,"[11, 9, 8]",two-tone,2,2,2,5.142083069170771
2,"[11, 9, 8]",two-tone,3,2,2,5.895278615394088
3,"[11, 9, 8]",two-tone,4,3,2,7.246255220648605
4,"[11, 9, 8]",two-tone,8,6,4,7.5832182995894915
5,"[11, 9, 8]",two-tone,10,7,5,7.665259987602628
6,"[11, 9, 8]",two-tone,15,10,7,8.634914016584563
7,"[11, 9, 8]",two-tone,16,11,8,8.698051955665026
