,flop,board_type,0b,1b,2b,profit
0,"[11, 9, 6]",two-tone,1,1,1,1.813266279947719
1,"[11, 9, 6]",two-tone,2,2,2,2.440387667631085
2,"[11, 9, 6]",two-tone,3,2,2,3.0549489807116386
3,"[11, 9, 6]",two-tone,4,3,2,3.743258124486066
4,"[11, 9, 6]",two-tone,8,6,4,4.428352372975992
5,"[11, 9, 6]",two-tone,10,7,5,4.708797329602559
6,"[11, 9, 6]",two-tone,15,10,7,6.378843669864475
7,"[11, 9, 6]",two-tone,16,11,8,6.3854549928430036
