,flop,board_type,0b,1b,2b,profit
0,"[11, 9, 5]",two-tone,1,1,1,1.9408435247487443
1,"[11, 9, 5]",two-tone,2,2,2,2.941383414949749
2,"[11, 9, 5]",two-tone,3,2,2,3.649450287688443
3,"[11, 9, 5]",two-tone,4,3,2,4.4543745918341715
4,"[11, 9, 5]",two-tone,8,6,4,4.811700216206031
5,"[11, 9, 5]",two-tone,10,7,5,5.1188394172110545
6,"[11, 9, 5]",two-tone,15,10,7,6.668055798366834
7,"[11, 9, 5]",two-tone,16,11,8,6.672898893592964
