,flop,board_type,0b,1b,2b,profit
0,"[11, 9, 4]",two-tone,1,1,1,2.3410175153842365
1,"[11, 9, 4]",two-tone,2,2,2,2.7242234517438413
2,"[11, 9, 4]",two-tone,3,2,2,3.4406879549605907
3,"[11, 9, 4]",two-tone,4,3,2,4.302691473827586
4,"[11, 9, 4]",two-tone,8,6,4,4.8766399330886685
5,"[11, 9, 4]",two-tone,10,7,5,5.2217323434187195
6,"[11, 9, 4]",two-tone,15,10,7,6.877181133802956
7,"[11, 9, 4]",two-tone,16,11,8,6.9448835571330045
