,flop,board_type,0b,1b,2b,profit
0,"[11, 9, 2]",two-tone,1,1,1,2.1827478392229307
1,"[11, 9, 2]",two-tone,2,2,2,2.558999018832706
2,"[11, 9, 2]",two-tone,3,2,2,3.273222369255288
3,"[11, 9, 2]",two-tone,4,3,2,4.007452928892591
4,"[11, 9, 2]",two-tone,8,6,4,4.649449127648991
5,"[11, 9, 2]",two-tone,10,7,5,4.949956092533564
6,"[11, 9, 2]",two-tone,15,10,7,6.875372678047425
7,"[11, 9, 2]",two-tone,16,11,8,7.071749683898387
