,flop,board_type,0b,1b,2b,profit
0,"[11, 8, 8]",two-tone,1,1,1,1.308178023659953
1,"[11, 8, 8]",two-tone,2,2,2,1.5183760179095733
2,"[11, 8, 8]",two-tone,3,2,2,1.8140277385455787
3,"[11, 8, 8]",two-tone,4,3,2,2.1737068216261037
4,"[11, 8, 8]",two-tone,8,6,4,2.9933252712773735
5,"[11, 8, 8]",two-tone,10,7,5,3.160433511925084
6,"[11, 8, 8]",two-tone,15,10,7,4.302260932351364
7,"[11, 8, 8]",two-tone,16,11,8,4.5948547044139865
