,flop,board_type,0b,1b,2b,profit
0,"[10, 10, 7]",two-tone,1,1,1,0.08858594377828144
1,"[10, 10, 7]",two-tone,2,2,2,0.3070371880373306
2,"[10, 10, 7]",two-tone,3,2,2,0.3984139826842277
3,"[10, 10, 7]",two-tone,4,3,2,1.0359709483779092
4,"[10, 10, 7]",two-tone,8,6,4,2.684938225282805
5,"[10, 10, 7]",two-tone,10,7,5,3.4179543488283772
6,"[10, 10, 7]",two-tone,15,10,7,4.775105972131546
7,"[10, 10, 7]",two-tone,16,11,8,4.991709983225597
