,flop,board_type,0b,1b,2b,profit
0,"[10, 10, 6]",two-tone,1,1,1,0.2155242436466327
1,"[10, 10, 6]",two-tone,2,2,2,0.21594650887454692
2,"[10, 10, 6]",two-tone,3,2,2,0.4714300183272837
3,"[10, 10, 6]",two-tone,4,3,2,1.4867212223342754
4,"[10, 10, 6]",two-tone,8,6,4,3.155035874317601
5,"[10, 10, 6]",two-tone,10,7,5,3.8310869374568592
6,"[10, 10, 6]",two-tone,15,10,7,4.944612538859755
7,"[10, 10, 6]",two-tone,16,11,8,5.101494589328134
