,flop,board_type,0b,1b,2b,profit
0,"[10, 9, 5]",two-tone,1,1,1,1.021001996469912
1,"[10, 9, 5]",two-tone,2,2,2,2.3686422985374644
2,"[10, 9, 5]",two-tone,3,2,2,3.428091155798896
3,"[10, 9, 5]",two-tone,4,3,2,4.910175533678341
4,"[10, 9, 5]",two-tone,8,6,4,5.311969607870198
5,"[10, 9, 5]",two-tone,10,7,5,5.4020929134628375
6,"[10, 9, 5]",two-tone,15,10,7,6.746251699782496
