,flop,board_type,0b,1b,2b,profit
0,"[10, 9, 3]",two-tone,1,1,1,1.407505730658928
1,"[10, 9, 3]",two-tone,2,2,2,2.7104166198019812
2,"[10, 9, 3]",two-tone,3,2,2,3.8100697620055604
3,"[10, 9, 3]",two-tone,4,3,2,5.2946189264790515
4,"[10, 9, 3]",two-tone,8,6,4,5.861510081666097
5,"[10, 9, 3]",two-tone,10,7,5,5.992165576744865
6,"[10, 9, 3]",two-tone,15,10,7,7.268825129927327
7,"[10, 9, 3]",two-tone,16,11,8,7.336278612998097
