,flop,board_type,0b,1b,2b,profit
0,"[10, 8, 8]",two-tone,1,1,1,0.5126142212727105
1,"[10, 8, 8]",two-tone,2,2,2,0.952489542064789
2,"[10, 8, 8]",two-tone,3,2,2,1.6391790051235215
3,"[10, 8, 8]",two-tone,4,3,2,2.5991402050562327
4,"[10, 8, 8]",two-tone,8,6,4,3.3635560653176957
5,"[10, 8, 8]",two-tone,10,7,5,4.068929249331923
6,"[10, 8, 8]",two-tone,15,10,7,5.542135024358357
7,"[10, 8, 8]",two-tone,16,11,8,5.779735337527635
