,flop,board_type,0b,1b,2b,profit
0,"[10, 8, 7]",two-tone,1,1,1,1.7565124218618888
1,"[10, 8, 7]",two-tone,2,2,2,2.707780437559099
2,"[10, 8, 7]",two-tone,3,2,2,3.9522272594320604
3,"[10, 8, 7]",two-tone,4,3,2,6.190210731246204
4,"[10, 8, 7]",two-tone,8,6,4,6.651992357412633
5,"[10, 8, 7]",two-tone,10,7,5,7.2568502588584245
6,"[10, 8, 7]",two-tone,15,10,7,8.368587411653511
7,"[10, 8, 7]",two-tone,16,11,8,8.370641043136873
