,flop,board_type,0b,1b,2b,profit
0,"[10, 8, 5]",two-tone,1,1,1,1.1811695390839918
1,"[10, 8, 5]",two-tone,2,2,2,1.848009243090919
2,"[10, 8, 5]",two-tone,3,2,2,2.44448926645937
3,"[10, 8, 5]",two-tone,4,3,2,3.2317754107477326
4,"[10, 8, 5]",two-tone,8,6,4,3.5511118381523756
5,"[10, 8, 5]",two-tone,10,7,5,4.69692666925178
6,"[10, 8, 5]",two-tone,15,10,7,7.192643020880889
7,"[10, 8, 5]",two-tone,16,11,8,7.282468801768119
