,flop,board_type,0b,1b,2b,profit
0,"[10, 2, 2]",two-tone,1,1,1,0.700011105864198
1,"[10, 2, 2]",two-tone,2,2,2,0.7028790503086422
2,"[10, 2, 2]",two-tone,3,2,2,0.7056905841049383
3,"[10, 2, 2]",two-tone,4,3,2,1.3105812546296305
4,"[10, 2, 2]",two-tone,8,6,4,2.4484135598765437
5,"[10, 2, 2]",two-tone,10,7,5,2.944763595987655
6,"[10, 2, 2]",two-tone,15,10,7,3.8183355388888884
7,"[10, 2, 2]",two-tone,16,11,8,4.277236475308641
