,flop,board_type,0b,1b,2b,profit
0,"[9, 8, 6]",two-tone,1,1,1,1.9551026998890535
1,"[9, 8, 6]",two-tone,2,2,2,2.3982368934541416
2,"[9, 8, 6]",two-tone,3,2,2,3.2611498699704136
3,"[9, 8, 6]",two-tone,4,3,2,4.468978267899409
4,"[9, 8, 6]",two-tone,8,6,4,4.908954482285503
5,"[9, 8, 6]",two-tone,10,7,5,5.485528162573965
6,"[9, 8, 6]",two-tone,15,10,7,6.275942417492605
7,"[9, 8, 6]",two-tone,16,11,8,6.280730526405325
