,flop,board_type,0b,1b,2b,profit
0,"[9, 7, 4]",two-tone,1,1,1,1.3517370573996659
1,"[9, 7, 4]",two-tone,2,2,2,1.7527956110228549
2,"[9, 7, 4]",two-tone,3,2,2,1.861091963795987
3,"[9, 7, 4]",two-tone,4,3,2,1.970876108444816
4,"[9, 7, 4]",two-tone,8,6,4,2.387429139738944
5,"[9, 7, 4]",two-tone,10,7,5,3.104177262876255
6,"[9, 7, 4]",two-tone,15,10,7,4.629704417948719
