,flop,board_type,0b,1b,2b,profit
0,"[9, 6, 6]",two-tone,1,1,1,1.290739960314685
1,"[9, 6, 6]",two-tone,2,2,2,1.5047198526223775
2,"[9, 6, 6]",two-tone,3,2,2,1.5955055361013988
3,"[9, 6, 6]",two-tone,4,3,2,1.8217116813811183
4,"[9, 6, 6]",two-tone,8,6,4,3.021249256818181
5,"[9, 6, 6]",two-tone,10,7,5,3.999292037937064
6,"[9, 6, 6]",two-tone,15,10,7,5.3000838520979014
7,"[9, 6, 6]",two-tone,16,11,8,5.390955748426572
