,flop,board_type,0b,1b,2b,profit
0,"[9, 4, 4]",two-tone,1,1,1,1.4429148660362812
1,"[9, 4, 4]",two-tone,8,6,4,2.7220784452225093
2,"[9, 4, 4]",two-tone,10,7,5,3.364974583001609
3,"[9, 4, 4]",two-tone,15,10,7,4.764075294994379
4,"[9, 4, 4]",two-tone,16,11,8,4.892152891258347
