,flop,board_type,0b,1b,2b,profit
0,"[8, 8, 5]",two-tone,1,1,1,0.8745431640679515
1,"[8, 8, 5]",two-tone,2,2,2,1.0832780538888431
2,"[8, 8, 5]",two-tone,3,2,2,1.1700051523840544
3,"[8, 8, 5]",two-tone,4,3,2,1.4057946316503829
4,"[8, 8, 5]",two-tone,8,6,4,2.0900859447586564
5,"[8, 8, 5]",two-tone,10,7,5,2.961087541596398
6,"[8, 8, 5]",two-tone,15,10,7,4.21468320332745
7,"[8, 8, 5]",two-tone,16,11,8,4.741663910103265
