,flop,board_type,0b,1b,2b,profit
0,"[8, 7, 4]",two-tone,1,1,1,2.5346634995865633
1,"[8, 7, 4]",two-tone,2,2,2,2.73333614630491
2,"[8, 7, 4]",two-tone,3,2,2,2.920377381737726
3,"[8, 7, 4]",two-tone,4,3,2,3.1586178662338513
4,"[8, 7, 4]",two-tone,8,6,4,3.5642694846705423
5,"[8, 7, 4]",two-tone,10,7,5,4.087439108699398
6,"[8, 7, 4]",two-tone,15,10,7,5.543437905318691
7,"[8, 7, 4]",two-tone,16,11,8,5.80669488947459
