,flop,board_type,0b,1b,2b,profit
0,"[8, 7, 2]",two-tone,1,1,1,1.4467735734712952
1,"[8, 7, 2]",two-tone,2,2,2,1.8560476017623504
2,"[8, 7, 2]",two-tone,3,2,2,2.1597417268758363
3,"[8, 7, 2]",two-tone,4,3,2,2.4670803430774377
4,"[8, 7, 2]",two-tone,8,6,4,2.8274949704539387
5,"[8, 7, 2]",two-tone,10,7,5,3.378940419957722
6,"[8, 7, 2]",two-tone,15,10,7,4.562719699339118
7,"[8, 7, 2]",two-tone,16,11,8,4.833915733259902
