,flop,board_type,0b,1b,2b,profit
0,"[8, 4, 2]",two-tone,1,1,1,1.7273125758096661
1,"[8, 4, 2]",two-tone,2,2,2,1.9131451657378638
2,"[8, 4, 2]",two-tone,3,2,2,2.006455994470047
3,"[8, 4, 2]",two-tone,4,3,2,2.3278339129739574
4,"[8, 4, 2]",two-tone,8,6,4,2.9468464527810525
5,"[8, 4, 2]",two-tone,10,7,5,3.363007817425785
6,"[8, 4, 2]",two-tone,15,10,7,4.520082684198908
7,"[8, 4, 2]",two-tone,16,11,8,5.025423842638518
