,flop,board_type,0b,1b,2b,profit
0,"[8, 3, 2]",two-tone,1,1,1,1.6969497214678904
1,"[8, 3, 2]",two-tone,2,2,2,1.8793152866737781
2,"[8, 3, 2]",two-tone,3,2,2,1.990448196646042
3,"[8, 3, 2]",two-tone,4,3,2,2.306580328952421
4,"[8, 3, 2]",two-tone,8,6,4,3.1214726297247717
5,"[8, 3, 2]",two-tone,10,7,5,3.5663266540900365
6,"[8, 3, 2]",two-tone,15,10,7,4.70580389618946
7,"[8, 3, 2]",two-tone,16,11,8,5.2147949127288244
