,flop,board_type,0b,1b,2b,profit
0,"[8, 2, 2]",two-tone,1,1,1,1.3857512838682529
1,"[8, 2, 2]",two-tone,2,2,2,1.3999272652425554
2,"[8, 2, 2]",two-tone,3,2,2,1.4007645872250873
3,"[8, 2, 2]",two-tone,4,3,2,1.6028868675365677
4,"[8, 2, 2]",two-tone,8,6,4,2.5058157756918873
5,"[8, 2, 2]",two-tone,10,7,5,2.995870493570452
6,"[8, 2, 2]",two-tone,15,10,7,4.154540741702621
7,"[8, 2, 2]",two-tone,16,11,8,4.766004299147637
