,flop,board_type,0b,1b,2b,profit
0,"[7, 7, 3]",two-tone,1,1,1,1.6204629124430727
1,"[7, 7, 3]",two-tone,2,2,2,1.6205647795759117
2,"[7, 7, 3]",two-tone,3,2,2,1.827875968209602
3,"[7, 7, 3]",two-tone,4,3,2,2.17103834499348
4,"[7, 7, 3]",two-tone,8,6,4,2.7803433835851727
5,"[7, 7, 3]",two-tone,10,7,5,3.276342116323862
6,"[7, 7, 3]",two-tone,15,10,7,4.536180600943021
7,"[7, 7, 3]",two-tone,16,11,8,5.1919137749805575
