,flop,board_type,0b,1b,2b,profit
0,"[7, 6, 5]",two-tone,1,1,1,2.3555099209823354
1,"[7, 6, 5]",two-tone,2,2,2,2.9506769545885394
2,"[7, 6, 5]",two-tone,3,2,2,3.428901342869453
3,"[7, 6, 5]",two-tone,4,3,2,4.219559682895304
4,"[7, 6, 5]",two-tone,8,6,4,4.549990134941835
5,"[7, 6, 5]",two-tone,10,7,5,5.19801387057303
6,"[7, 6, 5]",two-tone,15,10,7,5.82696850943559
7,"[7, 6, 5]",two-tone,16,11,8,6.2876118843601905
