,flop,board_type,0b,1b,2b,profit
0,"[7, 6, 4]",two-tone,1,1,1,2.4111972661163525
1,"[7, 6, 4]",two-tone,2,2,2,2.803728998427673
2,"[7, 6, 4]",two-tone,3,2,2,3.0437807566823896
3,"[7, 6, 4]",two-tone,4,3,2,3.400079040880504
4,"[7, 6, 4]",two-tone,8,6,4,3.8143330908018873
5,"[7, 6, 4]",two-tone,10,7,5,4.356291112290357
6,"[7, 6, 4]",two-tone,15,10,7,5.600773979428723
7,"[7, 6, 4]",two-tone,16,11,8,6.036704457678198
