,flop,board_type,0b,1b,2b,profit
0,"[7, 6, 3]",two-tone,1,1,1,2.608862169738863
1,"[7, 6, 3]",two-tone,2,2,2,2.8071932246543776
2,"[7, 6, 3]",two-tone,3,2,2,2.9957098821044545
3,"[7, 6, 3]",two-tone,4,3,2,3.2308413978494626
4,"[7, 6, 3]",two-tone,8,6,4,3.632469069636457
5,"[7, 6, 3]",two-tone,10,7,5,4.097014022913466
6,"[7, 6, 3]",two-tone,15,10,7,5.385364461469534
7,"[7, 6, 3]",two-tone,16,11,8,5.827997149129545
