,flop,board_type,0b,1b,2b,profit
0,"[7, 5, 4]",two-tone,1,1,1,2.591699076181822
1,"[7, 5, 4]",two-tone,8,6,4,3.8221907519395955
2,"[7, 5, 4]",two-tone,10,7,5,4.288999301477684
3,"[7, 5, 4]",two-tone,15,10,7,5.413115662231453
4,"[7, 5, 4]",two-tone,16,11,8,6.050913236732222
