,flop,board_type,0b,1b,2b,profit
0,"[7, 3, 3]",two-tone,1,1,1,1.9314153090044175
1,"[7, 3, 3]",two-tone,8,6,4,3.0224674954468225
2,"[7, 3, 3]",two-tone,10,7,5,3.502918634182808
3,"[7, 3, 3]",two-tone,15,10,7,4.686487368909277
4,"[7, 3, 3]",two-tone,16,11,8,5.306917955895345
