,flop,board_type,0b,1b,2b,profit
0,"[5, 5, 4]",two-tone,1,1,1,2.344515781966873
1,"[5, 5, 4]",two-tone,2,2,2,2.53941336414546
2,"[5, 5, 4]",two-tone,3,2,2,2.6401113239071776
3,"[5, 5, 4]",two-tone,4,3,2,2.757985353235917
4,"[5, 5, 4]",two-tone,8,6,4,3.3794293460085525
5,"[5, 5, 4]",two-tone,10,7,5,3.9592762015027603
6,"[5, 5, 4]",two-tone,15,10,7,5.242337344248412
7,"[5, 5, 4]",two-tone,16,11,8,6.048930081431359
