,flop,board_type,0b,1b,2b,profit
0,"[14, 14, 10]",two-tone,1,1,1,3.6461339155066086
1,"[14, 14, 10]",two-tone,8,6,4,5.323352161145375
2,"[14, 14, 10]",two-tone,10,7,5,5.570535763876653
3,"[14, 14, 10]",two-tone,15,10,7,7.418872891806168
4,"[14, 14, 10]",two-tone,16,11,8,7.9487899970484595
