,flop,board_type,0b,1b,2b,profit
0,"[14, 14, 7]",two-tone,1,1,1,3.2010851049019604
1,"[14, 14, 7]",two-tone,8,6,4,4.477089299754902
2,"[14, 14, 7]",two-tone,10,7,5,5.0549433855042025
3,"[14, 14, 7]",two-tone,15,10,7,6.022923059383753
4,"[14, 14, 7]",two-tone,16,11,8,6.608053167507002
