,flop,board_type,0b,1b,2b,profit
0,"[14, 13, 8]",two-tone,1,1,1,3.3826954319345184
1,"[14, 13, 8]",two-tone,2,2,2,3.6002736209525894
2,"[14, 13, 8]",two-tone,3,2,2,3.6696705687817968
3,"[14, 13, 8]",two-tone,4,3,2,3.9809238435843812
4,"[14, 13, 8]",two-tone,8,6,4,4.997848473872469
5,"[14, 13, 8]",two-tone,10,7,5,5.102417360491899
6,"[14, 13, 8]",two-tone,15,10,7,6.189614727376011
7,"[14, 13, 8]",two-tone,16,11,8,6.460342438852649
