,flop,board_type,0b,1b,2b,profit
0,"[14, 12, 9]",two-tone,1,1,1,3.3841635295994337
1,"[14, 12, 9]",two-tone,2,2,2,3.605319716058136
2,"[14, 12, 9]",two-tone,3,2,2,3.754606177596597
3,"[14, 12, 9]",two-tone,4,3,2,4.053129905352712
4,"[14, 12, 9]",two-tone,8,6,4,4.935165608649415
5,"[14, 12, 9]",two-tone,15,10,7,6.353369337823468
6,"[14, 12, 9]",two-tone,16,11,8,6.66652278092875
