,flop,board_type,0b,1b,2b,profit
0,"[14, 12, 7]",two-tone,1,1,1,3.4352971243243258
1,"[14, 12, 7]",two-tone,2,2,2,3.64318830810811
2,"[14, 12, 7]",two-tone,3,2,2,3.703266421621623
3,"[14, 12, 7]",two-tone,4,3,2,4.029718356756757
4,"[14, 12, 7]",two-tone,8,6,4,4.970147200000001
5,"[14, 12, 7]",two-tone,10,7,5,5.145098936936938
6,"[14, 12, 7]",two-tone,15,10,7,5.927219774774775
7,"[14, 12, 7]",two-tone,16,11,8,6.266513095495496
