,flop,board_type,0b,1b,2b,profit
0,"[14, 12, 3]",two-tone,1,1,1,3.924134573789436
1,"[14, 12, 3]",two-tone,2,2,2,4.103928495054662
2,"[14, 12, 3]",two-tone,3,2,2,4.266756647597861
3,"[14, 12, 3]",two-tone,4,3,2,4.536812012576296
4,"[14, 12, 3]",two-tone,8,6,4,4.917053718503649
5,"[14, 12, 3]",two-tone,10,7,5,4.940659027686297
6,"[14, 12, 3]",two-tone,15,10,7,5.516628232222012
7,"[14, 12, 3]",two-tone,16,11,8,6.19169500532241
