,flop,board_type,0b,1b,2b,profit
0,"[14, 12, 2]",two-tone,1,1,1,4.138543826243623
1,"[14, 12, 2]",two-tone,2,2,2,4.311190265752551
2,"[14, 12, 2]",two-tone,3,2,2,4.475433280133929
3,"[14, 12, 2]",two-tone,4,3,2,4.715780399266583
4,"[14, 12, 2]",two-tone,8,6,4,5.097782029528061
5,"[14, 12, 2]",two-tone,10,7,5,5.123369914795919
6,"[14, 12, 2]",two-tone,15,10,7,5.65762134406888
7,"[14, 12, 2]",two-tone,16,11,8,6.332021484119898
