,flop,board_type,0b,1b,2b,profit
0,"[14, 10, 8]",two-tone,1,1,1,2.801824582897034
1,"[14, 10, 8]",two-tone,2,2,2,3.4604744908501632
2,"[14, 10, 8]",two-tone,3,2,2,3.7046641681376222
3,"[14, 10, 8]",two-tone,4,3,2,4.145375615756669
4,"[14, 10, 8]",two-tone,8,6,4,4.6547209417102975
5,"[14, 10, 8]",two-tone,10,7,5,4.704626427324857
6,"[14, 10, 8]",two-tone,15,10,7,5.828021763051608
7,"[14, 10, 8]",two-tone,16,11,8,6.155499828970331
