,flop,board_type,0b,1b,2b,profit
0,"[14, 9, 7]",two-tone,1,1,1,2.4900037105219424
1,"[14, 9, 7]",two-tone,2,2,2,2.94027640049867
2,"[14, 9, 7]",two-tone,3,2,2,3.0244892856050534
3,"[14, 9, 7]",two-tone,4,3,2,3.1715400819980055
4,"[14, 9, 7]",two-tone,8,6,4,3.593531914444814
5,"[14, 9, 7]",two-tone,10,7,5,3.7958276971742024
6,"[14, 9, 7]",two-tone,15,10,7,4.65961523344415
7,"[14, 9, 7]",two-tone,16,11,8,4.957015227194148
