,flop,board_type,0b,1b,2b,profit
0,"[14, 7, 6]",two-tone,1,1,1,2.888232912266268
1,"[14, 7, 6]",two-tone,2,2,2,3.3389732016454756
2,"[14, 7, 6]",two-tone,3,2,2,3.4827364797681373
3,"[14, 7, 6]",two-tone,4,3,2,3.773400130067315
4,"[14, 7, 6]",two-tone,8,6,4,4.013281737434555
5,"[14, 7, 6]",two-tone,10,7,5,4.086714421989529
6,"[14, 7, 6]",two-tone,15,10,7,4.951874404188483
7,"[14, 7, 6]",two-tone,16,11,8,5.313012871204188
