,flop,board_type,0b,1b,2b,profit
0,"[14, 6, 4]",two-tone,1,1,1,3.6451854493090456
1,"[14, 6, 4]",two-tone,2,2,2,3.8627360450533934
2,"[14, 6, 4]",two-tone,3,2,2,3.935288550690956
3,"[14, 6, 4]",two-tone,4,3,2,4.088852364698492
4,"[14, 6, 4]",two-tone,8,6,4,4.319056042211055
5,"[14, 6, 4]",two-tone,10,7,5,4.385725843891332
6,"[14, 6, 4]",two-tone,15,10,7,5.0014174463567835
7,"[14, 6, 4]",two-tone,16,11,8,5.550954557255025
