,flop,board_type,0b,1b,2b,profit
0,"[14, 5, 2]",two-tone,1,1,1,4.6974799512480665
1,"[14, 5, 2]",two-tone,2,2,2,4.700725428644855
2,"[14, 5, 2]",two-tone,3,2,2,4.795947432395002
3,"[14, 5, 2]",two-tone,4,3,2,5.013448190115406
4,"[14, 5, 2]",two-tone,8,6,4,5.4589344636002375
5,"[14, 5, 2]",two-tone,10,7,5,5.5235749504913745
6,"[14, 5, 2]",two-tone,15,10,7,6.192222220535395
7,"[14, 5, 2]",two-tone,16,11,8,6.826831493192146
