,flop,board_type,0b,1b,2b,profit
0,"[14, 2, 2]",two-tone,1,1,1,4.256947283370288
1,"[14, 2, 2]",two-tone,2,2,2,4.257279537028825
2,"[14, 2, 2]",two-tone,3,2,2,4.336044248337029
3,"[14, 2, 2]",two-tone,4,3,2,4.453107196452329
4,"[14, 2, 2]",two-tone,8,6,4,4.8984392576496685
5,"[14, 2, 2]",two-tone,10,7,5,4.964523260310421
6,"[14, 2, 2]",two-tone,15,10,7,5.713120239467848
7,"[14, 2, 2]",two-tone,16,11,8,6.531837819068736
