,flop,board_type,0b,1b,2b,profit
0,"[13, 12, 11]",two-tone,1,1,1,3.939736318367347
1,"[13, 12, 11]",two-tone,2,2,2,4.61325360538903
2,"[13, 12, 11]",two-tone,3,2,2,4.894614379145408
3,"[13, 12, 11]",two-tone,4,3,2,5.575087584406887
4,"[13, 12, 11]",two-tone,8,6,4,6.179586297544642
5,"[13, 12, 11]",two-tone,10,7,5,6.354792078380101
6,"[13, 12, 11]",two-tone,15,10,7,7.773154610522957
7,"[13, 12, 11]",two-tone,16,11,8,8.147302284311223
