,flop,board_type,0b,1b,2b,profit
0,"[13, 12, 10]",two-tone,1,1,1,6.885498779069768
1,"[13, 12, 10]",two-tone,8,6,4,8.36438738095238
2,"[13, 12, 10]",two-tone,10,7,5,8.594179898671095
3,"[13, 12, 10]",two-tone,15,10,7,10.26545991915836
4,"[13, 12, 10]",two-tone,16,11,8,10.502608097452935
