,flop,board_type,0b,1b,2b,profit
0,"[13, 11, 9]",two-tone,1,1,1,4.026403793023734
1,"[13, 11, 9]",two-tone,2,2,2,4.271106152665469
2,"[13, 11, 9]",two-tone,3,2,2,4.325565297757562
3,"[13, 11, 9]",two-tone,4,3,2,4.521921080222372
4,"[13, 11, 9]",two-tone,8,6,4,4.946072996585804
5,"[13, 11, 9]",two-tone,10,7,5,5.079565990136767
6,"[13, 11, 9]",two-tone,15,10,7,6.564242973598007
7,"[13, 11, 9]",two-tone,16,11,8,6.809662280965482
