,flop,board_type,0b,1b,2b,profit
0,"[13, 10, 10]",two-tone,1,1,1,2.470519787569231
1,"[13, 10, 10]",two-tone,2,2,2,2.6637680434461544
2,"[13, 10, 10]",two-tone,3,2,2,2.810942918061539
3,"[13, 10, 10]",two-tone,4,3,2,3.064221045169231
4,"[13, 10, 10]",two-tone,8,6,4,3.974866005353846
5,"[13, 10, 10]",two-tone,10,7,5,4.148130992707692
6,"[13, 10, 10]",two-tone,15,10,7,5.463104083507693
7,"[13, 10, 10]",two-tone,16,11,8,5.922232165138462
