,flop,board_type,0b,1b,2b,profit
0,"[13, 9, 9]",two-tone,1,1,1,2.7006457031073743
1,"[13, 9, 9]",two-tone,8,6,4,4.116886322428468
2,"[13, 9, 9]",two-tone,10,7,5,4.19282513537073
3,"[13, 9, 9]",two-tone,15,10,7,5.2901344262126955
4,"[13, 9, 9]",two-tone,16,11,8,5.662887725720438
