,flop,board_type,0b,1b,2b,profit
0,"[13, 8, 2]",two-tone,1,1,1,3.096563470135748
1,"[13, 8, 2]",two-tone,8,6,4,4.078690061510182
2,"[13, 8, 2]",two-tone,15,10,7,4.273971451414028
3,"[13, 8, 2]",two-tone,16,11,8,4.689790827630091
