,flop,board_type,0b,1b,2b,profit
0,"[13, 7, 2]",two-tone,1,1,1,2.874691212842403
1,"[13, 7, 2]",two-tone,8,6,4,3.8677177802063802
2,"[13, 7, 2]",two-tone,15,10,7,4.050493992476549
3,"[13, 7, 2]",two-tone,16,11,8,4.485502087804878
