,flop,board_type,0b,1b,2b,profit
0,"[13, 5, 5]",two-tone,1,1,1,3.520422950057405
1,"[13, 5, 5]",two-tone,8,6,4,4.497145817594719
2,"[13, 5, 5]",two-tone,15,10,7,4.954488656773822
3,"[13, 5, 5]",two-tone,16,11,8,5.466910444575202
