,flop,board_type,0b,1b,2b,profit
0,"[13, 5, 4]",two-tone,1,1,1,3.5447787863882527
1,"[13, 5, 4]",two-tone,2,2,2,3.717705285149046
2,"[13, 5, 4]",two-tone,3,2,2,3.900370951446554
3,"[13, 5, 4]",two-tone,4,3,2,4.106370706937602
4,"[13, 5, 4]",two-tone,8,6,4,4.515349476967361
5,"[13, 5, 4]",two-tone,15,10,7,4.739512640352246
6,"[13, 5, 4]",two-tone,16,11,8,5.1330084945260275
