,flop,board_type,0b,1b,2b,profit
0,"[13, 2, 2]",two-tone,1,1,1,3.5396543506186933
1,"[13, 2, 2]",two-tone,2,2,2,3.5428050010750334
2,"[13, 2, 2]",two-tone,8,6,4,4.20694486172444
3,"[13, 2, 2]",two-tone,10,7,5,4.208035370399297
4,"[13, 2, 2]",two-tone,15,10,7,4.560266436169372
5,"[13, 2, 2]",two-tone,16,11,8,5.375979483931549
