,flop,board_type,0b,1b,2b,profit
0,"[12, 12, 9]",two-tone,1,1,1,2.364282235795116
1,"[12, 12, 9]",two-tone,8,6,4,3.8138538157422572
2,"[12, 12, 9]",two-tone,10,7,5,3.990481901518761
3,"[12, 12, 9]",two-tone,15,10,7,5.135119719267421
4,"[12, 12, 9]",two-tone,16,11,8,5.465085622286332
