,flop,board_type,0b,1b,2b,profit
0,"[12, 11, 7]",two-tone,1,1,1,2.6309388039333856
1,"[12, 11, 7]",two-tone,2,2,2,3.0079393837906414
2,"[12, 11, 7]",two-tone,3,2,2,3.304342608850118
3,"[12, 11, 7]",two-tone,4,3,2,3.7075247120063457
4,"[12, 11, 7]",two-tone,8,6,4,4.416929456938938
5,"[12, 11, 7]",two-tone,15,10,7,5.07561872444092
6,"[12, 11, 7]",two-tone,16,11,8,5.2164491259000805
