,flop,board_type,0b,1b,2b,profit
0,"[12, 11, 6]",two-tone,1,1,1,2.7220602772071008
1,"[12, 11, 6]",two-tone,2,2,2,3.088362315502959
2,"[12, 11, 6]",two-tone,3,2,2,3.4033529493964494
3,"[12, 11, 6]",two-tone,4,3,2,3.9085886085680466
4,"[12, 11, 6]",two-tone,8,6,4,4.549617412923077
5,"[12, 11, 6]",two-tone,10,7,5,4.586094482934911
6,"[12, 11, 6]",two-tone,15,10,7,4.970474878390533
7,"[12, 11, 6]",two-tone,16,11,8,5.041472671621301
