,flop,board_type,0b,1b,2b,profit
0,"[12, 11, 4]",two-tone,1,1,1,3.1846496273904497
1,"[12, 11, 4]",two-tone,2,2,2,3.536747275147623
2,"[12, 11, 4]",two-tone,3,2,2,3.827845234719776
3,"[12, 11, 4]",two-tone,4,3,2,4.213349215383819
4,"[12, 11, 4]",two-tone,8,6,4,4.51556366163887
5,"[12, 11, 4]",two-tone,15,10,7,4.670730128390138
6,"[12, 11, 4]",two-tone,16,11,8,5.019381533357506
