,flop,board_type,0b,1b,2b,profit
0,"[12, 11, 3]",two-tone,1,1,1,3.151250353052918
1,"[12, 11, 3]",two-tone,2,2,2,3.490900174219811
2,"[12, 11, 3]",two-tone,3,2,2,3.77473752238806
3,"[12, 11, 3]",two-tone,4,3,2,4.148941271099051
4,"[12, 11, 3]",two-tone,8,6,4,4.534423298507463
5,"[12, 11, 3]",two-tone,10,7,5,4.535399628493893
6,"[12, 11, 3]",two-tone,15,10,7,4.749692972591587
7,"[12, 11, 3]",two-tone,16,11,8,5.2256856078697425
