,flop,board_type,0b,1b,2b,profit
0,"[12, 9, 5]",two-tone,1,1,1,2.362968027986085
1,"[12, 9, 5]",two-tone,2,2,2,2.3633152182759956
2,"[12, 9, 5]",two-tone,3,2,2,2.973481390800155
3,"[12, 9, 5]",two-tone,4,3,2,3.713603108063394
4,"[12, 9, 5]",two-tone,8,6,4,3.911676546115192
5,"[12, 9, 5]",two-tone,10,7,5,3.916087400262853
6,"[12, 9, 5]",two-tone,15,10,7,4.121813712470043
