,flop,board_type,0b,1b,2b,profit
0,"[12, 8, 2]",two-tone,1,1,1,3.134071326086959
1,"[12, 8, 2]",two-tone,8,6,4,4.20993512404092
2,"[12, 8, 2]",two-tone,10,7,5,4.269545542199489
3,"[12, 8, 2]",two-tone,15,10,7,4.5636351815856795
4,"[12, 8, 2]",two-tone,16,11,8,4.945825329923274
