,flop,board_type,0b,1b,2b,profit
0,"[12, 7, 4]",two-tone,1,1,1,2.944266720192094
1,"[12, 7, 4]",two-tone,2,2,2,3.14318017739436
2,"[12, 7, 4]",two-tone,3,2,2,3.2372631677401786
3,"[12, 7, 4]",two-tone,4,3,2,3.528191584652326
4,"[12, 7, 4]",two-tone,8,6,4,3.8430376326311357
5,"[12, 7, 4]",two-tone,10,7,5,3.9125588743174005
6,"[12, 7, 4]",two-tone,15,10,7,4.185957873262867
7,"[12, 7, 4]",two-tone,16,11,8,4.503608561809045
