,flop,board_type,0b,1b,2b,profit
0,"[12, 5, 5]",two-tone,1,1,1,3.6329795730910677
1,"[12, 5, 5]",two-tone,2,2,2,3.6436674680510492
2,"[12, 5, 5]",two-tone,8,6,4,4.568033351287043
3,"[12, 5, 5]",two-tone,10,7,5,4.857439499891845
4,"[12, 5, 5]",two-tone,15,10,7,5.200585604975124
5,"[12, 5, 5]",two-tone,16,11,8,5.742107760025957
