,flop,board_type,0b,1b,2b,profit
0,"[12, 5, 3]",two-tone,1,1,1,3.4834707041404904
1,"[12, 5, 3]",two-tone,2,2,2,3.6666458663620802
2,"[12, 5, 3]",two-tone,3,2,2,3.7580335959451747
3,"[12, 5, 3]",two-tone,4,3,2,3.939014669960024
4,"[12, 5, 3]",two-tone,8,6,4,4.280174905882353
5,"[12, 5, 3]",two-tone,10,7,5,4.341131333637921
6,"[12, 5, 3]",two-tone,15,10,7,4.733808941576243
7,"[12, 5, 3]",two-tone,16,11,8,5.261665834123357
