,flop,board_type,0b,1b,2b,profit
0,"[12, 4, 2]",two-tone,1,1,1,3.7485764477115118
1,"[12, 4, 2]",two-tone,2,2,2,3.762338683495146
2,"[12, 4, 2]",two-tone,3,2,2,3.8496048835644934
3,"[12, 4, 2]",two-tone,4,3,2,3.9970657686546462
4,"[12, 4, 2]",two-tone,8,6,4,4.420166785852982
5,"[12, 4, 2]",two-tone,10,7,5,4.4844198592233
6,"[12, 4, 2]",two-tone,15,10,7,4.910057328571427
7,"[12, 4, 2]",two-tone,16,11,8,5.569404361927878
