,flop,board_type,0b,1b,2b,profit
0,"[12, 3, 2]",two-tone,1,1,1,3.5968486091507383
1,"[12, 3, 2]",two-tone,2,2,2,3.7810788776083193
2,"[12, 3, 2]",two-tone,3,2,2,3.95688919314481
3,"[12, 3, 2]",two-tone,4,3,2,4.204232754340648
4,"[12, 3, 2]",two-tone,8,6,4,4.624435962848992
5,"[12, 3, 2]",two-tone,10,7,5,4.673445978032837
6,"[12, 3, 2]",two-tone,15,10,7,5.099325585454055
7,"[12, 3, 2]",two-tone,16,11,8,5.734110046180454
