,flop,board_type,0b,1b,2b,profit
0,"[11, 11, 5]",two-tone,1,1,1,2.0042759258736
1,"[11, 11, 5]",two-tone,2,2,2,2.0058197980357537
2,"[11, 11, 5]",two-tone,8,6,4,3.1248741071312196
3,"[11, 11, 5]",two-tone,10,7,5,3.433879892476843
4,"[11, 11, 5]",two-tone,15,10,7,3.8145301941573897
5,"[11, 11, 5]",two-tone,16,11,8,4.293670204160922
