,flop,board_type,0b,1b,2b,profit
0,"[11, 11, 3]",two-tone,1,1,1,2.0827231592473545
1,"[11, 11, 3]",two-tone,2,2,2,2.089231072709569
2,"[11, 11, 3]",two-tone,8,6,4,3.0252009159170985
3,"[11, 11, 3]",two-tone,10,7,5,3.072325661534048
4,"[11, 11, 3]",two-tone,15,10,7,3.6625183234521463
5,"[11, 11, 3]",two-tone,16,11,8,4.34615686466849
