,flop,board_type,0b,1b,2b,profit
0,"[11, 10, 2]",two-tone,1,1,1,2.781211589204113
1,"[11, 10, 2]",two-tone,2,2,2,3.119817145468393
2,"[11, 10, 2]",two-tone,3,2,2,3.4046663212109674
3,"[11, 10, 2]",two-tone,4,3,2,3.680693928979437
4,"[11, 10, 2]",two-tone,8,6,4,3.923674373857579
5,"[11, 10, 2]",two-tone,10,7,5,3.929954144421174
6,"[11, 10, 2]",two-tone,15,10,7,4.106098203922317
7,"[11, 10, 2]",two-tone,16,11,8,4.524297170887282
