,flop,board_type,0b,1b,2b,profit
0,"[11, 8, 3]",two-tone,1,1,1,2.7991417708439896
1,"[11, 8, 3]",two-tone,2,2,2,2.975823344245525
2,"[11, 8, 3]",two-tone,3,2,2,3.2363075723785166
3,"[11, 8, 3]",two-tone,4,3,2,3.6531251554987216
4,"[11, 8, 3]",two-tone,8,6,4,4.063430548849105
5,"[11, 8, 3]",two-tone,10,7,5,4.1308964685422005
6,"[11, 8, 3]",two-tone,15,10,7,4.3970875831202045
7,"[11, 8, 3]",two-tone,16,11,8,4.717385548849105
