,flop,board_type,0b,1b,2b,profit
0,"[11, 7, 2]",two-tone,1,1,1,2.7312583913043476
1,"[11, 7, 2]",two-tone,8,6,4,3.9751018167256094
2,"[11, 7, 2]",two-tone,10,7,5,4.042522091741211
3,"[11, 7, 2]",two-tone,15,10,7,4.294634323070523
4,"[11, 7, 2]",two-tone,16,11,8,4.616310510713543
