,flop,board_type,0b,1b,2b,profit
0,"[11, 5, 2]",two-tone,1,1,1,3.4653231856184616
1,"[11, 5, 2]",two-tone,2,2,2,3.4670884591469977
2,"[11, 5, 2]",two-tone,3,2,2,3.5622859151576214
3,"[11, 5, 2]",two-tone,4,3,2,3.8462301961264624
4,"[11, 5, 2]",two-tone,8,6,4,4.419589732812895
5,"[11, 5, 2]",two-tone,10,7,5,4.4804028939355796
6,"[11, 5, 2]",two-tone,15,10,7,4.823334758934092
7,"[11, 5, 2]",two-tone,16,11,8,5.298894062315423
