,flop,board_type,0b,1b,2b,profit
0,"[10, 10, 8]",two-tone,1,1,1,2.6091768826678705
1,"[10, 10, 8]",two-tone,2,2,2,2.9528776274734696
2,"[10, 10, 8]",two-tone,3,2,2,3.2189956708241136
3,"[10, 10, 8]",two-tone,4,3,2,3.489239269317679
4,"[10, 10, 8]",two-tone,8,6,4,4.067327177663581
5,"[10, 10, 8]",two-tone,10,7,5,4.295556793656355
6,"[10, 10, 8]",two-tone,15,10,7,5.10233115958275
7,"[10, 10, 8]",two-tone,16,11,8,5.430979798795214
