,flop,board_type,0b,1b,2b,profit
0,"[10, 10, 2]",two-tone,1,1,1,2.77520166364089
1,"[10, 10, 2]",two-tone,8,6,4,3.6484772011361306
2,"[10, 10, 2]",two-tone,10,7,5,3.7554619491669348
3,"[10, 10, 2]",two-tone,15,10,7,4.164326033000497
4,"[10, 10, 2]",two-tone,16,11,8,4.794637821440075
