,flop,board_type,0b,1b,2b,profit
0,"[10, 9, 8]",two-tone,1,1,1,3.3488449052758034
1,"[10, 9, 8]",two-tone,2,2,2,4.197960368874366
2,"[10, 9, 8]",two-tone,3,2,2,4.564183994726447
3,"[10, 9, 8]",two-tone,4,3,2,5.102296448869471
4,"[10, 9, 8]",two-tone,8,6,4,5.323962119478525
5,"[10, 9, 8]",two-tone,10,7,5,5.369789503759991
6,"[10, 9, 8]",two-tone,15,10,7,5.8141756449375865
7,"[10, 9, 8]",two-tone,16,11,8,5.880804223230638
