,flop,board_type,0b,1b,2b,profit
0,"[10, 8, 7]",two-tone,1,1,1,3.495288065747614
1,"[10, 8, 7]",two-tone,2,2,2,4.263062045387062
2,"[10, 8, 7]",two-tone,3,2,2,4.731359451113468
3,"[10, 8, 7]",two-tone,4,3,2,5.225601644538706
4,"[10, 8, 7]",two-tone,8,6,4,5.415651843478261
5,"[10, 8, 7]",two-tone,10,7,5,5.418623418027572
6,"[10, 8, 7]",two-tone,15,10,7,5.809807070625663
