,flop,board_type,0b,1b,2b,profit
0,"[10, 7, 4]",two-tone,1,1,1,3.2636376748364064
1,"[10, 7, 4]",two-tone,2,2,2,3.7606373707555028
2,"[10, 7, 4]",two-tone,3,2,2,3.8571411059131475
3,"[10, 7, 4]",two-tone,4,3,2,4.048534227436051
4,"[10, 7, 4]",two-tone,8,6,4,4.150120078096372
5,"[10, 7, 4]",two-tone,10,7,5,4.28433078334325
6,"[10, 7, 4]",two-tone,15,10,7,4.482839105913147
7,"[10, 7, 4]",two-tone,16,11,8,4.599947072718621
