,flop,board_type,0b,1b,2b,profit
0,"[10, 5, 2]",two-tone,1,1,1,4.033902681098809
1,"[10, 5, 2]",two-tone,2,2,2,4.046126917544529
2,"[10, 5, 2]",two-tone,3,2,2,4.143602771658318
3,"[10, 5, 2]",two-tone,4,3,2,4.512331831935491
4,"[10, 5, 2]",two-tone,8,6,4,5.028856724175108
5,"[10, 5, 2]",two-tone,10,7,5,5.146245896700433
6,"[10, 5, 2]",two-tone,15,10,7,5.386636930989869
7,"[10, 5, 2]",two-tone,16,11,8,5.675868799465421
