,flop,board_type,0b,1b,2b,profit
0,"[10, 3, 2]",two-tone,1,1,1,3.9625607330693837
1,"[10, 3, 2]",two-tone,2,2,2,4.113925478341014
2,"[10, 3, 2]",two-tone,3,2,2,4.327508547880832
3,"[10, 3, 2]",two-tone,4,3,2,4.641539791315635
4,"[10, 3, 2]",two-tone,8,6,4,5.160252614889337
5,"[10, 3, 2]",two-tone,10,7,5,5.2746689100538715
6,"[10, 3, 2]",two-tone,15,10,7,5.532185654780295
7,"[10, 3, 2]",two-tone,16,11,8,5.963585156695009
