,flop,board_type,0b,1b,2b,profit
0,"[9, 9, 5]",two-tone,1,1,1,3.3765374931849923
1,"[9, 9, 5]",two-tone,2,2,2,3.389927810857622
2,"[9, 9, 5]",two-tone,3,2,2,3.6717779082859083
3,"[9, 9, 5]",two-tone,4,3,2,4.148584074902503
4,"[9, 9, 5]",two-tone,8,6,4,4.480641009881831
5,"[9, 9, 5]",two-tone,10,7,5,4.725052014589172
6,"[9, 9, 5]",two-tone,15,10,7,5.194306190709723
7,"[9, 9, 5]",two-tone,16,11,8,5.243393883045293
