,flop,board_type,0b,1b,2b,profit
0,"[9, 6, 5]",two-tone,1,1,1,4.7902244297975
1,"[9, 6, 5]",two-tone,2,2,2,4.7934268340715205
2,"[9, 6, 5]",two-tone,3,2,2,4.883844649823352
3,"[9, 6, 5]",two-tone,4,3,2,4.98424723960362
4,"[9, 6, 5]",two-tone,8,6,4,5.129556860508401
5,"[9, 6, 5]",two-tone,10,7,5,5.385968635846616
6,"[9, 6, 5]",two-tone,15,10,7,5.881471890874623
7,"[9, 6, 5]",two-tone,16,11,8,5.960741174355881
