,flop,board_type,0b,1b,2b,profit
0,"[9, 5, 5]",two-tone,1,1,1,4.460211263604208
1,"[9, 5, 5]",two-tone,8,6,4,5.514699587206103
2,"[9, 5, 5]",two-tone,10,7,5,5.755474980834586
3,"[9, 5, 5]",two-tone,15,10,7,6.179321795921859
4,"[9, 5, 5]",two-tone,16,11,8,6.2308470170986
