,flop,board_type,0b,1b,2b,profit
0,"[8, 8, 7]",two-tone,1,1,1,3.746508805872389
1,"[8, 8, 7]",two-tone,2,2,2,4.0745073827216265
2,"[8, 8, 7]",two-tone,3,2,2,4.39762056434218
3,"[8, 8, 7]",two-tone,4,3,2,4.594068633003954
4,"[8, 8, 7]",two-tone,8,6,4,5.082986899350651
5,"[8, 8, 7]",two-tone,10,7,5,5.46774838887634
6,"[8, 8, 7]",two-tone,15,10,7,6.174621541374931
7,"[8, 8, 7]",two-tone,16,11,8,6.2371263919678155
