,flop,board_type,0b,1b,2b,profit
0,"[8, 8, 6]",two-tone,1,1,1,3.730455367696292
1,"[8, 8, 6]",two-tone,2,2,2,4.237725123797454
2,"[8, 8, 6]",two-tone,3,2,2,4.43547058545804
3,"[8, 8, 6]",two-tone,4,3,2,4.582941593011725
4,"[8, 8, 6]",two-tone,8,6,4,4.981171985480322
5,"[8, 8, 6]",two-tone,10,7,5,5.307761995810934
6,"[8, 8, 6]",two-tone,15,10,7,5.88452893992424
7,"[8, 8, 6]",two-tone,16,11,8,5.985532218544411
