,flop,board_type,0b,1b,2b,profit
0,"[8, 8, 4]",two-tone,1,1,1,4.1298054392104895
1,"[8, 8, 4]",two-tone,8,6,4,5.1490853157101455
2,"[8, 8, 4]",two-tone,10,7,5,5.330500140328503
3,"[8, 8, 4]",two-tone,15,10,7,5.679768047342996
4,"[8, 8, 4]",two-tone,16,11,8,5.956488299773637
