,flop,board_type,0b,1b,2b,profit
0,"[8, 7, 6]",two-tone,1,1,1,4.479702805733652
1,"[8, 7, 6]",two-tone,2,2,2,5.361508197096539
2,"[8, 7, 6]",two-tone,3,2,2,5.7248510930298595
3,"[8, 7, 6]",two-tone,4,3,2,6.084243744788424
4,"[8, 7, 6]",two-tone,8,6,4,6.163068040703427
5,"[8, 7, 6]",two-tone,10,7,5,6.22561001283202
6,"[8, 7, 6]",two-tone,15,10,7,6.287927671047811
7,"[8, 7, 6]",two-tone,16,11,8,6.348422126442572
