,flop,board_type,0b,1b,2b,profit
0,"[6, 6, 5]",two-tone,1,1,1,4.661349632302063
1,"[6, 6, 5]",two-tone,2,2,2,4.832969310078157
2,"[6, 6, 5]",two-tone,3,2,2,5.018582437653987
3,"[6, 6, 5]",two-tone,4,3,2,5.179647377540109
4,"[6, 6, 5]",two-tone,8,6,4,5.467815328502458
5,"[6, 6, 5]",two-tone,10,7,5,5.782549514031479
6,"[6, 6, 5]",two-tone,15,10,7,6.226494862382817
7,"[6, 6, 5]",two-tone,16,11,8,6.623867666448723
