,flop,board_type,0b,1b,2b,profit
0,"[6, 6, 4]",two-tone,1,1,1,4.695170021875001
1,"[6, 6, 4]",two-tone,2,2,2,5.047240457653061
2,"[6, 6, 4]",two-tone,3,2,2,5.140011275255102
3,"[6, 6, 4]",two-tone,4,3,2,5.218461080484694
4,"[6, 6, 4]",two-tone,8,6,4,5.46644746122449
5,"[6, 6, 4]",two-tone,10,7,5,5.791909955102042
6,"[6, 6, 4]",two-tone,15,10,7,6.219661368877551
7,"[6, 6, 4]",two-tone,16,11,8,6.607207771428571
