,flop,board_type,0b,1b,2b,profit
0,"[6, 5, 5]",two-tone,1,1,1,4.9723515598086125
1,"[6, 5, 5]",two-tone,2,2,2,5.138337110047847
2,"[6, 5, 5]",two-tone,3,2,2,5.332198583732057
3,"[6, 5, 5]",two-tone,4,3,2,5.480796684210526
4,"[6, 5, 5]",two-tone,8,6,4,5.76948552631579
5,"[6, 5, 5]",two-tone,10,7,5,6.081314100478469
6,"[6, 5, 5]",two-tone,15,10,7,6.501956146730462
7,"[6, 5, 5]",two-tone,16,11,8,6.900235511961721
