,flop,board_type,0b,1b,2b,profit
0,"[6, 5, 4]",two-tone,1,1,1,5.509809494917329
1,"[6, 5, 4]",two-tone,2,2,2,5.692076014043683
2,"[6, 5, 4]",two-tone,3,2,2,5.866399429924475
3,"[6, 5, 4]",two-tone,4,3,2,6.0580476155950205
4,"[6, 5, 4]",two-tone,8,6,4,6.217833019718311
5,"[6, 5, 4]",two-tone,10,7,5,6.370331099244744
6,"[6, 5, 4]",two-tone,15,10,7,6.7068292683404795
7,"[6, 5, 4]",two-tone,16,11,8,7.099789053439478
