,flop,board_type,0b,1b,2b,profit
0,"[6, 5, 3]",two-tone,1,1,1,5.234506929383642
1,"[6, 5, 3]",two-tone,2,2,2,5.5683472947409225
2,"[6, 5, 3]",two-tone,3,2,2,5.653704853663266
3,"[6, 5, 3]",two-tone,4,3,2,5.744570600206744
4,"[6, 5, 3]",two-tone,8,6,4,5.940813064414008
5,"[6, 5, 3]",two-tone,10,7,5,6.15415891781884
6,"[6, 5, 3]",two-tone,15,10,7,6.540861120622821
7,"[6, 5, 3]",two-tone,16,11,8,6.933229218051428
