,flop,board_type,0b,1b,2b,profit
0,"[6, 4, 2]",two-tone,1,1,1,5.480790905755883
1,"[6, 4, 2]",two-tone,2,2,2,5.640220179015909
2,"[6, 4, 2]",two-tone,3,2,2,5.724317961213832
3,"[6, 4, 2]",two-tone,4,3,2,5.813996185146507
4,"[6, 4, 2]",two-tone,8,6,4,6.086507139959457
5,"[6, 4, 2]",two-tone,10,7,5,6.326840877768905
6,"[6, 4, 2]",two-tone,15,10,7,6.829904512291909
7,"[6, 4, 2]",two-tone,16,11,8,7.248958855752809
