,flop,board_type,0b,1b,2b,profit
0,"[5, 5, 2]",two-tone,1,1,1,5.216284714238371
1,"[5, 5, 2]",two-tone,8,6,4,5.93603536167805
2,"[5, 5, 2]",two-tone,10,7,5,6.246261173729944
3,"[5, 5, 2]",two-tone,15,10,7,6.7122915737622755
4,"[5, 5, 2]",two-tone,16,11,8,7.2754949278907155
