,flop,board_type,0b,1b,2b,profit
0,"[14, 14, 12]",two-tone,1,1,1,0.9912419468299039
1,"[14, 14, 12]",two-tone,2,2,2,1.156434187352437
2,"[14, 14, 12]",two-tone,3,2,2,1.2297728933732839
3,"[14, 14, 12]",two-tone,4,3,2,1.496127938920711
4,"[14, 14, 12]",two-tone,8,6,4,1.8981877644095886
5,"[14, 14, 12]",two-tone,10,7,5,2.029000047363845
6,"[14, 14, 12]",two-tone,15,10,7,3.381545547705292
7,"[14, 14, 12]",two-tone,16,11,8,3.451506123092927
