,flop,board_type,0b,1b,2b,profit
0,"[14, 14, 9]",two-tone,1,1,1,0.9004105545710959
1,"[14, 14, 9]",two-tone,8,6,4,1.5953759212275296
2,"[14, 14, 9]",two-tone,10,7,5,1.774948267533988
3,"[14, 14, 9]",two-tone,15,10,7,2.880832384534396
4,"[14, 14, 9]",two-tone,16,11,8,3.018806527033062
