,flop,board_type,0b,1b,2b,profit
0,"[14, 14, 6]",two-tone,1,1,1,1.0071723439571394
1,"[14, 14, 6]",two-tone,2,2,2,1.008171786295006
2,"[14, 14, 6]",two-tone,3,2,2,1.0103307045311156
3,"[14, 14, 6]",two-tone,4,3,2,1.0624284690899555
4,"[14, 14, 6]",two-tone,8,6,4,1.4143962432245578
5,"[14, 14, 6]",two-tone,10,7,5,1.4400980803366932
6,"[14, 14, 6]",two-tone,15,10,7,2.306102937646398
7,"[14, 14, 6]",two-tone,16,11,8,2.5327027700513285
