,flop,board_type,0b,1b,2b,profit
0,"[14, 12, 8]",two-tone,1,1,1,1.2106934548387094
1,"[14, 12, 8]",two-tone,2,2,2,1.8065449193548386
2,"[14, 12, 8]",two-tone,3,2,2,1.9051116999999995
3,"[14, 12, 8]",two-tone,4,3,2,2.1170020919354835
4,"[14, 12, 8]",two-tone,8,6,4,2.4251157854838707
5,"[14, 12, 8]",two-tone,15,10,7,3.324591484677419
6,"[14, 12, 8]",two-tone,16,11,8,3.326221899999999
