,flop,board_type,0b,1b,2b,profit
0,"[14, 12, 7]",two-tone,1,1,1,1.3078838247926265
1,"[14, 12, 7]",two-tone,2,2,2,1.4612595231797232
2,"[14, 12, 7]",two-tone,3,2,2,1.5522654804147464
3,"[14, 12, 7]",two-tone,4,3,2,1.82677557718894
4,"[14, 12, 7]",two-tone,8,6,4,2.281522053824884
5,"[14, 12, 7]",two-tone,10,7,5,2.315946583210445
6,"[14, 12, 7]",two-tone,15,10,7,3.3321485202150534
7,"[14, 12, 7]",two-tone,16,11,8,3.3603376177726574
