,flop,board_type,0b,1b,2b,profit
0,"[14, 10, 9]",two-tone,1,1,1,1.101332206483957
1,"[14, 10, 9]",two-tone,2,2,2,1.4300633420454543
2,"[14, 10, 9]",two-tone,3,2,2,1.7167262551470586
3,"[14, 10, 9]",two-tone,4,3,2,2.266754133957219
4,"[14, 10, 9]",two-tone,8,6,4,2.643104515441176
5,"[14, 10, 9]",two-tone,15,10,7,3.6174189557486622
6,"[14, 10, 9]",two-tone,16,11,8,3.6181344475935817
