,flop,board_type,0b,1b,2b,profit
0,"[14, 10, 7]",two-tone,1,1,1,1.1340364975336326
1,"[14, 10, 7]",two-tone,2,2,2,1.2914544936098653
2,"[14, 10, 7]",two-tone,3,2,2,1.5891194584080717
3,"[14, 10, 7]",two-tone,4,3,2,2.208642656278027
4,"[14, 10, 7]",two-tone,8,6,4,2.52577559573991
5,"[14, 10, 7]",two-tone,10,7,5,2.526544440919282
6,"[14, 10, 7]",two-tone,15,10,7,3.4203799353139006
