,flop,board_type,0b,1b,2b,profit
0,"[14, 8, 5]",two-tone,1,1,1,1.4076423778508778
1,"[14, 8, 5]",two-tone,8,6,4,1.8054724774122812
2,"[14, 8, 5]",two-tone,10,7,5,1.9356125650828464
3,"[14, 8, 5]",two-tone,15,10,7,2.9881509341536723
4,"[14, 8, 5]",two-tone,16,11,8,3.1309220111436007
