,flop,board_type,0b,1b,2b,profit
0,"[14, 8, 3]",two-tone,1,1,1,1.4895828225982533
1,"[14, 8, 3]",two-tone,2,2,2,1.4905714038452205
2,"[14, 8, 3]",two-tone,3,2,2,1.4915361088670551
3,"[14, 8, 3]",two-tone,4,3,2,1.5475381415211067
4,"[14, 8, 3]",two-tone,8,6,4,1.8702700078360022
5,"[14, 8, 3]",two-tone,10,7,5,1.9872614275836973
6,"[14, 8, 3]",two-tone,15,10,7,3.009982820770662
7,"[14, 8, 3]",two-tone,16,11,8,3.1482356289260887
