,flop,board_type,0b,1b,2b,profit
0,"[14, 6, 5]",two-tone,1,1,1,1.5169979601196175
1,"[14, 6, 5]",two-tone,2,2,2,1.6689965092703352
2,"[14, 6, 5]",two-tone,3,2,2,1.7208402687081343
3,"[14, 6, 5]",two-tone,4,3,2,1.8206265737320577
4,"[14, 6, 5]",two-tone,8,6,4,1.9935682633014362
5,"[14, 6, 5]",two-tone,10,7,5,2.114999508612441
6,"[14, 6, 5]",two-tone,15,10,7,2.9243863434090915
7,"[14, 6, 5]",two-tone,16,11,8,3.10836372131579
