,flop,board_type,0b,1b,2b,profit
0,"[14, 3, 3]",two-tone,1,1,1,1.3859430424289214
1,"[14, 3, 3]",two-tone,8,6,4,1.5138685152061755
2,"[14, 3, 3]",two-tone,10,7,5,1.5404469505855776
3,"[14, 3, 3]",two-tone,15,10,7,1.8277296740237243
4,"[14, 3, 3]",two-tone,16,11,8,2.080268476934664
