,flop,board_type,0b,1b,2b,profit
0,"[13, 13, 8]",two-tone,1,1,1,0.8755144902377275
1,"[13, 13, 8]",two-tone,2,2,2,0.8773932983795902
2,"[13, 13, 8]",two-tone,3,2,2,0.877700787648714
3,"[13, 13, 8]",two-tone,4,3,2,0.9362303237275751
4,"[13, 13, 8]",two-tone,8,6,4,1.4250725620113793
5,"[13, 13, 8]",two-tone,10,7,5,1.4820262856285529
6,"[13, 13, 8]",two-tone,15,10,7,2.1312330313075396
7,"[13, 13, 8]",two-tone,16,11,8,2.1914445894662586
