,flop,board_type,0b,1b,2b,profit
0,"[13, 13, 5]",two-tone,1,1,1,0.8892684594507354
1,"[13, 13, 5]",two-tone,2,2,2,0.8912205979492227
2,"[13, 13, 5]",two-tone,8,6,4,1.2268084165044528
3,"[13, 13, 5]",two-tone,10,7,5,1.2291952466112817
4,"[13, 13, 5]",two-tone,15,10,7,1.6331813801979527
5,"[13, 13, 5]",two-tone,16,11,8,1.8033929901306438
