,flop,board_type,0b,1b,2b,profit
0,"[13, 12, 10]",two-tone,1,1,1,2.6239660508682823
1,"[13, 12, 10]",two-tone,2,2,2,2.6246544769003926
2,"[13, 12, 10]",two-tone,3,2,2,2.742354895560288
3,"[13, 12, 10]",two-tone,4,3,2,3.355006563237221
4,"[13, 12, 10]",two-tone,8,6,4,3.5556204515891214
5,"[13, 12, 10]",two-tone,10,7,5,3.607298841087811
6,"[13, 12, 10]",two-tone,15,10,7,4.675797836582568
7,"[13, 12, 10]",two-tone,16,11,8,4.690101987467234
