,flop,board_type,0b,1b,2b,profit
0,"[13, 12, 3]",two-tone,1,1,1,1.6385066837666762
1,"[13, 12, 3]",two-tone,2,2,2,1.753411722308802
2,"[13, 12, 3]",two-tone,3,2,2,1.8634189685609543
3,"[13, 12, 3]",two-tone,4,3,2,1.9962644040403026
4,"[13, 12, 3]",two-tone,8,6,4,2.370019948479628
5,"[13, 12, 3]",two-tone,10,7,5,2.3871088484896434
6,"[13, 12, 3]",two-tone,15,10,7,3.240799123733023
7,"[13, 12, 3]",two-tone,16,11,8,3.312393639269259
