,flop,board_type,0b,1b,2b,profit
0,"[13, 11, 8]",two-tone,1,1,1,1.3292761272026437
1,"[13, 11, 8]",two-tone,2,2,2,1.5740025541483114
2,"[13, 11, 8]",two-tone,3,2,2,1.620365025881057
3,"[13, 11, 8]",two-tone,4,3,2,1.6881823320484577
4,"[13, 11, 8]",two-tone,8,6,4,2.072141916992984
5,"[13, 11, 8]",two-tone,10,7,5,2.09596515339982
6,"[13, 11, 8]",two-tone,15,10,7,2.932770330763582
