,flop,board_type,0b,1b,2b,profit
0,"[13, 11, 5]",two-tone,1,1,1,1.4608078246889957
1,"[13, 11, 5]",two-tone,2,2,2,1.5816976347727272
2,"[13, 11, 5]",two-tone,3,2,2,1.6879163875358847
3,"[13, 11, 5]",two-tone,4,3,2,1.8252534129066984
4,"[13, 11, 5]",two-tone,8,6,4,2.2154571070454545
5,"[13, 11, 5]",two-tone,10,7,5,2.233560903002392
6,"[13, 11, 5]",two-tone,15,10,7,3.1010278494617225
7,"[13, 11, 5]",two-tone,16,11,8,3.173310906016746
