,flop,board_type,0b,1b,2b,profit
0,"[13, 11, 4]",two-tone,1,1,1,1.5166487086740776
1,"[13, 11, 4]",two-tone,2,2,2,1.6330139184160382
2,"[13, 11, 4]",two-tone,3,2,2,1.7342349607463279
3,"[13, 11, 4]",two-tone,4,3,2,1.8704402348511315
4,"[13, 11, 4]",two-tone,8,6,4,2.2469286601826117
5,"[13, 11, 4]",two-tone,10,7,5,2.2632993745494243
6,"[13, 11, 4]",two-tone,15,10,7,3.1186246694998014
7,"[13, 11, 4]",two-tone,16,11,8,3.1876231806510518
