,flop,board_type,0b,1b,2b,profit
0,"[13, 9, 4]",two-tone,1,1,1,1.3227104175500772
1,"[13, 9, 4]",two-tone,2,2,2,1.3258182845839748
2,"[13, 9, 4]",two-tone,3,2,2,1.4965490572110942
3,"[13, 9, 4]",two-tone,4,3,2,1.7014367476425265
4,"[13, 9, 4]",two-tone,8,6,4,2.086056070878274
5,"[13, 9, 4]",two-tone,10,7,5,2.1052175511787365
6,"[13, 9, 4]",two-tone,15,10,7,2.7271261775808924
7,"[13, 9, 4]",two-tone,16,11,8,2.727744478412942
