,flop,board_type,0b,1b,2b,profit
0,"[13, 8, 5]",two-tone,1,1,1,1.3916039481546676
1,"[13, 8, 5]",two-tone,8,6,4,1.908710165377773
2,"[13, 8, 5]",two-tone,10,7,5,1.944742027797335
3,"[13, 8, 5]",two-tone,15,10,7,2.551375530291846
4,"[13, 8, 5]",two-tone,16,11,8,2.6236728136781746
