,flop,board_type,0b,1b,2b,profit
0,"[13, 8, 2]",two-tone,1,1,1,1.351937193140278
1,"[13, 8, 2]",two-tone,2,2,2,1.3536437063752478
2,"[13, 8, 2]",two-tone,8,6,4,1.88240590863246
3,"[13, 8, 2]",two-tone,10,7,5,1.9142229719114736
4,"[13, 8, 2]",two-tone,15,10,7,2.592152911469574
5,"[13, 8, 2]",two-tone,16,11,8,2.6601026294098227
