,flop,board_type,0b,1b,2b,profit
0,"[13, 7, 7]",two-tone,1,1,1,1.0971339183114033
1,"[13, 7, 7]",two-tone,8,6,4,1.6221863070175435
2,"[13, 7, 7]",two-tone,10,7,5,1.6881832944078954
3,"[13, 7, 7]",two-tone,15,10,7,2.150922171600877
4,"[13, 7, 7]",two-tone,16,11,8,2.257037109100877
