,flop,board_type,0b,1b,2b,profit
0,"[13, 6, 5]",two-tone,1,1,1,1.3686603682587197
1,"[13, 6, 5]",two-tone,2,2,2,1.4945028520785315
2,"[13, 6, 5]",two-tone,3,2,2,1.565032890267346
3,"[13, 6, 5]",two-tone,4,3,2,1.6323520051201015
4,"[13, 6, 5]",two-tone,8,6,4,1.943803458315982
5,"[13, 6, 5]",two-tone,10,7,5,1.9778184543838777
6,"[13, 6, 5]",two-tone,15,10,7,2.388385426894475
7,"[13, 6, 5]",two-tone,16,11,8,2.505338740077713
