,flop,board_type,0b,1b,2b,profit
0,"[13, 6, 3]",two-tone,1,1,1,1.4284748471896176
1,"[13, 6, 3]",two-tone,8,6,4,1.8984858566464256
2,"[13, 6, 3]",two-tone,10,7,5,1.9381703073443926
3,"[13, 6, 3]",two-tone,15,10,7,2.3490624653923065
4,"[13, 6, 3]",two-tone,16,11,8,2.5160971717036333
