,flop,board_type,0b,1b,2b,profit
0,"[13, 5, 2]",two-tone,1,1,1,1.3154198564008626
1,"[13, 5, 2]",two-tone,2,2,2,1.3156935080118537
2,"[13, 5, 2]",two-tone,8,6,4,1.6666538214493536
3,"[13, 5, 2]",two-tone,10,7,5,1.700525979084052
4,"[13, 5, 2]",two-tone,15,10,7,2.119633336373922
5,"[13, 5, 2]",two-tone,16,11,8,2.32377628372306
