,flop,board_type,0b,1b,2b,profit
0,"[13, 2, 2]",two-tone,1,1,1,1.0629004716214352
1,"[13, 2, 2]",two-tone,8,6,4,1.2926283629632185
2,"[13, 2, 2]",two-tone,10,7,5,1.2944683344124537
3,"[13, 2, 2]",two-tone,15,10,7,1.3930335146370019
4,"[13, 2, 2]",two-tone,16,11,8,1.5817232857142858
