,flop,board_type,0b,1b,2b,profit
0,"[12, 12, 8]",two-tone,1,1,1,1.2958663965200632
1,"[12, 12, 8]",two-tone,2,2,2,1.296699550912455
2,"[12, 12, 8]",two-tone,3,2,2,1.3928494031341052
3,"[12, 12, 8]",two-tone,4,3,2,1.6337506995723032
4,"[12, 12, 8]",two-tone,8,6,4,1.964647229678823
5,"[12, 12, 8]",two-tone,10,7,5,1.9991329308563157
6,"[12, 12, 8]",two-tone,15,10,7,2.7226693154623582
7,"[12, 12, 8]",two-tone,16,11,8,2.7869706297368677
