,flop,board_type,0b,1b,2b,profit
0,"[12, 9, 5]",two-tone,1,1,1,1.4287369429926424
1,"[12, 9, 5]",two-tone,2,2,2,1.559398106112547
2,"[12, 9, 5]",two-tone,3,2,2,1.741409857786836
3,"[12, 9, 5]",two-tone,4,3,2,1.9707144907476633
4,"[12, 9, 5]",two-tone,8,6,4,2.2298400896798563
5,"[12, 9, 5]",two-tone,10,7,5,2.2463091507436856
6,"[12, 9, 5]",two-tone,15,10,7,2.9267964557168415
