,flop,board_type,0b,1b,2b,profit
0,"[12, 9, 2]",two-tone,1,1,1,1.3494269479545453
1,"[12, 9, 2]",two-tone,2,2,2,1.4752042995223418
2,"[12, 9, 2]",two-tone,3,2,2,1.5847830276810473
3,"[12, 9, 2]",two-tone,4,3,2,1.7309906222419107
4,"[12, 9, 2]",two-tone,8,6,4,2.1626306282395995
5,"[12, 9, 2]",two-tone,10,7,5,2.1790248706009243
6,"[12, 9, 2]",two-tone,15,10,7,2.9373878432665634
7,"[12, 9, 2]",two-tone,16,11,8,2.938442107461479
