,flop,board_type,0b,1b,2b,profit
0,"[12, 8, 7]",two-tone,1,1,1,1.6049478824381878
1,"[12, 8, 7]",two-tone,2,2,2,1.7442160535017148
2,"[12, 8, 7]",two-tone,3,2,2,1.8006239374186679
3,"[12, 8, 7]",two-tone,4,3,2,1.945076262185023
4,"[12, 8, 7]",two-tone,8,6,4,2.2936281128889147
5,"[12, 8, 7]",two-tone,10,7,5,2.3746970402519807
6,"[12, 8, 7]",two-tone,15,10,7,2.981885235478528
7,"[12, 8, 7]",two-tone,16,11,8,3.034456826264836
