,flop,board_type,0b,1b,2b,profit
0,"[12, 8, 5]",two-tone,1,1,1,1.5661388008986927
1,"[12, 8, 5]",two-tone,2,2,2,1.567004472916667
2,"[12, 8, 5]",two-tone,3,2,2,1.69175926499183
3,"[12, 8, 5]",two-tone,4,3,2,1.9039330089869282
4,"[12, 8, 5]",two-tone,8,6,4,2.1803514779411763
5,"[12, 8, 5]",two-tone,10,7,5,2.2391291214052287
6,"[12, 8, 5]",two-tone,15,10,7,2.8980677912990194
7,"[12, 8, 5]",two-tone,16,11,8,2.9494751798202614
