,flop,board_type,0b,1b,2b,profit
0,"[12, 8, 2]",two-tone,1,1,1,1.4956842487051905
1,"[12, 8, 2]",two-tone,8,6,4,2.1176983757322168
2,"[12, 8, 2]",two-tone,10,7,5,2.169515595702815
3,"[12, 8, 2]",two-tone,15,10,7,2.9069192339816796
4,"[12, 8, 2]",two-tone,16,11,8,2.9541519440461377
