,flop,board_type,0b,1b,2b,profit
0,"[12, 7, 6]",two-tone,1,1,1,1.5472484723899669
1,"[12, 7, 6]",two-tone,2,2,2,1.680703313349205
2,"[12, 7, 6]",two-tone,3,2,2,1.7438138571013826
3,"[12, 7, 6]",two-tone,4,3,2,1.8816112298513539
4,"[12, 7, 6]",two-tone,8,6,4,2.27990003976503
5,"[12, 7, 6]",two-tone,10,7,5,2.3409833544690906
6,"[12, 7, 6]",two-tone,15,10,7,2.8627610930205556
7,"[12, 7, 6]",two-tone,16,11,8,2.913256519151861
