,flop,board_type,0b,1b,2b,profit
0,"[12, 4, 3]",two-tone,1,1,1,1.6257646460354587
1,"[12, 4, 3]",two-tone,2,2,2,1.6274143051376846
2,"[12, 4, 3]",two-tone,8,6,4,1.9823185343794796
3,"[12, 4, 3]",two-tone,10,7,5,2.0374540543983404
4,"[12, 4, 3]",two-tone,15,10,7,2.2777945247831015
5,"[12, 4, 3]",two-tone,16,11,8,2.4593174627876278
