,flop,board_type,0b,1b,2b,profit
0,"[11, 11, 9]",two-tone,1,1,1,0.8859640380755167
1,"[11, 11, 9]",two-tone,2,2,2,1.030839840977209
2,"[11, 11, 9]",two-tone,3,2,2,1.125529425631632
3,"[11, 11, 9]",two-tone,4,3,2,1.3289882772052248
4,"[11, 11, 9]",two-tone,8,6,4,1.59701072405763
5,"[11, 11, 9]",two-tone,10,7,5,1.6003488349712143
6,"[11, 11, 9]",two-tone,15,10,7,2.457336970716555
