,flop,board_type,0b,1b,2b,profit
0,"[11, 11, 7]",two-tone,1,1,1,0.7781053079337463
1,"[11, 11, 7]",two-tone,2,2,2,0.778436600708424
2,"[11, 11, 7]",two-tone,3,2,2,0.87286913997115
3,"[11, 11, 7]",two-tone,4,3,2,1.1254618490747412
4,"[11, 11, 7]",two-tone,8,6,4,1.4191310284989518
5,"[11, 11, 7]",two-tone,10,7,5,1.4533615497459975
6,"[11, 11, 7]",two-tone,15,10,7,2.0509630581347484
7,"[11, 11, 7]",two-tone,16,11,8,2.116302481886236
