,flop,board_type,0b,1b,2b,profit
0,"[11, 9, 2]",two-tone,1,1,1,1.056955875075666
1,"[11, 9, 2]",two-tone,2,2,2,1.1892796142554478
2,"[11, 9, 2]",two-tone,3,2,2,1.5392232855629537
3,"[11, 9, 2]",two-tone,4,3,2,2.0222598128783287
4,"[11, 9, 2]",two-tone,8,6,4,2.2958167683489705
5,"[11, 9, 2]",two-tone,10,7,5,2.3093532180311738
6,"[11, 9, 2]",two-tone,15,10,7,3.090296041162227
