,flop,board_type,0b,1b,2b,profit
0,"[11, 8, 7]",two-tone,1,1,1,1.5999778057182608
1,"[11, 8, 7]",two-tone,2,2,2,1.6021196018173913
2,"[11, 8, 7]",two-tone,3,2,2,1.779850181857391
3,"[11, 8, 7]",two-tone,4,3,2,2.4582930613704344
4,"[11, 8, 7]",two-tone,8,6,4,3.029742422111304
5,"[11, 8, 7]",two-tone,10,7,5,3.0311629378313043
6,"[11, 8, 7]",two-tone,15,10,7,3.595206837086956
