,flop,board_type,0b,1b,2b,profit
0,"[11, 8, 6]",two-tone,1,1,1,1.2181994944994246
1,"[11, 8, 6]",two-tone,2,2,2,1.354364092704258
2,"[11, 8, 6]",two-tone,3,2,2,1.4123354591484463
3,"[11, 8, 6]",two-tone,4,3,2,1.7861304089298042
4,"[11, 8, 6]",two-tone,8,6,4,2.336242656294591
5,"[11, 8, 6]",two-tone,10,7,5,2.397151117974683
6,"[11, 8, 6]",two-tone,15,10,7,3.050557320230149
7,"[11, 8, 6]",two-tone,16,11,8,3.1047317717376286
