,flop,board_type,0b,1b,2b,profit
0,"[11, 8, 5]",two-tone,1,1,1,1.2404726218105422
1,"[11, 8, 5]",two-tone,2,2,2,1.3733396422822766
2,"[11, 8, 5]",two-tone,3,2,2,1.4327628224102367
3,"[11, 8, 5]",two-tone,4,3,2,1.8023707064973262
4,"[11, 8, 5]",two-tone,8,6,4,2.3183342990565308
5,"[11, 8, 5]",two-tone,10,7,5,2.374286066615737
6,"[11, 8, 5]",two-tone,15,10,7,3.04871353854851
7,"[11, 8, 5]",two-tone,16,11,8,3.1034933350286478
