,flop,board_type,0b,1b,2b,profit
0,"[11, 8, 3]",two-tone,1,1,1,1.3333487535488777
1,"[11, 8, 3]",two-tone,2,2,2,1.4644736560593377
2,"[11, 8, 3]",two-tone,3,2,2,1.5176787184785083
3,"[11, 8, 3]",two-tone,4,3,2,1.8735756400684669
4,"[11, 8, 3]",two-tone,8,6,4,2.370115973579307
5,"[11, 8, 3]",two-tone,10,7,5,2.4232496226816274
6,"[11, 8, 3]",two-tone,15,10,7,3.072135283993913
7,"[11, 8, 3]",two-tone,16,11,8,3.1268695100076065
