,flop,board_type,0b,1b,2b,profit
0,"[10, 3, 2]",two-tone,1,1,1,1.3801785508849562
1,"[10, 3, 2]",two-tone,8,6,4,1.6738100663716822
2,"[10, 3, 2]",two-tone,10,7,5,2.024298318584072
3,"[10, 3, 2]",two-tone,15,10,7,2.4093911283185845
4,"[10, 3, 2]",two-tone,16,11,8,2.454618926991151
