,flop,board_type,0b,1b,2b,profit
0,"[10, 2, 2]",two-tone,1,1,1,1.1967552612586208
1,"[10, 2, 2]",two-tone,8,6,4,1.4672942069172408
2,"[10, 2, 2]",two-tone,10,7,5,1.5296614797758625
3,"[10, 2, 2]",two-tone,15,10,7,1.6104847129965516
4,"[10, 2, 2]",two-tone,16,11,8,1.6507243622448273
