,flop,board_type,0b,1b,2b,profit
0,"[9, 8, 8]",two-tone,1,1,1,1.4000555013016351
1,"[9, 8, 8]",two-tone,2,2,2,1.5182567745804652
2,"[9, 8, 8]",two-tone,3,2,2,1.6455063688037872
3,"[9, 8, 8]",two-tone,4,3,2,1.7706731885004312
4,"[9, 8, 8]",two-tone,8,6,4,2.074659525333477
5,"[9, 8, 8]",two-tone,10,7,5,2.1942547520008606
6,"[9, 8, 8]",two-tone,15,10,7,2.849581735682014
