,flop,board_type,0b,1b,2b,profit
0,"[9, 8, 5]",two-tone,1,1,1,1.5830015942857139
1,"[9, 8, 5]",two-tone,2,2,2,1.7141455482608698
2,"[9, 8, 5]",two-tone,3,2,2,1.8276508939130434
3,"[9, 8, 5]",two-tone,4,3,2,1.9834194583850928
4,"[9, 8, 5]",two-tone,8,6,4,2.0794359847826085
5,"[9, 8, 5]",two-tone,10,7,5,2.2042857222981365
6,"[9, 8, 5]",two-tone,15,10,7,2.602892655714285
7,"[9, 8, 5]",two-tone,16,11,8,2.603704664782608
