,flop,board_type,0b,1b,2b,profit
0,"[9, 7, 7]",two-tone,1,1,1,1.3967192613831005
1,"[9, 7, 7]",two-tone,8,6,4,1.8061138729660295
2,"[9, 7, 7]",two-tone,10,7,5,2.0114814560019982
3,"[9, 7, 7]",two-tone,15,10,7,2.6355224762346565
