,flop,board_type,0b,1b,2b,profit
0,"[9, 7, 2]",two-tone,1,1,1,1.29115543245614
1,"[9, 7, 2]",two-tone,2,2,2,1.2912102649122805
2,"[9, 7, 2]",two-tone,3,2,2,1.3525576464912281
3,"[9, 7, 2]",two-tone,4,3,2,1.4131783684210524
4,"[9, 7, 2]",two-tone,8,6,4,1.4662412114035084
5,"[9, 7, 2]",two-tone,10,7,5,1.6335747973684211
6,"[9, 7, 2]",two-tone,15,10,7,1.8816532324561406
7,"[9, 7, 2]",two-tone,16,11,8,1.882501464035088
