,flop,board_type,0b,1b,2b,profit
0,"[9, 2, 2]",two-tone,1,1,1,1.3469938648775899
1,"[9, 2, 2]",two-tone,2,2,2,1.3513188253295672
2,"[9, 2, 2]",two-tone,8,6,4,1.6385843422787196
3,"[9, 2, 2]",two-tone,10,7,5,1.7569353323917136
4,"[9, 2, 2]",two-tone,15,10,7,1.9806464934086634
5,"[9, 2, 2]",two-tone,16,11,8,2.018814830037665
