,flop,board_type,0b,1b,2b,profit
0,"[8, 8, 3]",two-tone,1,1,1,1.4847648928451855
1,"[8, 8, 3]",two-tone,2,2,2,1.4911305478036696
2,"[8, 8, 3]",two-tone,8,6,4,1.6867123009374587
3,"[8, 8, 3]",two-tone,10,7,5,1.7753392516539441
4,"[8, 8, 3]",two-tone,15,10,7,1.988034849216553
5,"[8, 8, 3]",two-tone,16,11,8,2.1057252643832864
