,flop,board_type,0b,1b,2b,profit
0,"[8, 7, 3]",two-tone,1,1,1,1.5866994304732145
1,"[8, 7, 3]",two-tone,2,2,2,1.6998938818571427
2,"[8, 7, 3]",two-tone,3,2,2,1.7615774923660714
3,"[8, 7, 3]",two-tone,4,3,2,1.8186421881339287
4,"[8, 7, 3]",two-tone,8,6,4,1.8729323122410713
5,"[8, 7, 3]",two-tone,10,7,5,2.001032470767857
6,"[8, 7, 3]",two-tone,15,10,7,2.1976564590892855
7,"[8, 7, 3]",two-tone,16,11,8,2.237874101767857
