,flop,board_type,0b,1b,2b,profit
0,"[8, 6, 5]",two-tone,1,1,1,1.6803422682286249
1,"[8, 6, 5]",two-tone,2,2,2,1.6809423867796962
2,"[8, 6, 5]",two-tone,3,2,2,1.839502282938076
3,"[8, 6, 5]",two-tone,4,3,2,2.032750949188683
4,"[8, 6, 5]",two-tone,8,6,4,2.1624560172664857
5,"[8, 6, 5]",two-tone,10,7,5,2.3116970043686282
6,"[8, 6, 5]",two-tone,15,10,7,2.586088777147909
7,"[8, 6, 5]",two-tone,16,11,8,2.7081439076260305
