,flop,board_type,0b,1b,2b,profit
0,"[8, 6, 4]",two-tone,1,1,1,1.7123728464055645
1,"[8, 6, 4]",two-tone,8,6,4,1.957719150099369
2,"[8, 6, 4]",two-tone,10,7,5,2.0644697612733003
3,"[8, 6, 4]",two-tone,15,10,7,2.390647563723273
4,"[8, 6, 4]",two-tone,16,11,8,2.510840701507675
