,flop,board_type,0b,1b,2b,profit
0,"[8, 5, 4]",two-tone,1,1,1,1.6395454746881852
1,"[8, 5, 4]",two-tone,8,6,4,1.8943303034779322
2,"[8, 5, 4]",two-tone,10,7,5,1.9977085150904608
3,"[8, 5, 4]",two-tone,15,10,7,2.326949803310032
4,"[8, 5, 4]",two-tone,16,11,8,2.445911980653783
