,flop,board_type,0b,1b,2b,profit
0,"[8, 4, 2]",two-tone,1,1,1,1.5253746416256158
1,"[8, 4, 2]",two-tone,2,2,2,1.5296849909482755
2,"[8, 4, 2]",two-tone,3,2,2,1.5299512756157636
3,"[8, 4, 2]",two-tone,4,3,2,1.593843952986453
4,"[8, 4, 2]",two-tone,8,6,4,1.7195167296798026
5,"[8, 4, 2]",two-tone,10,7,5,1.8043471650246306
6,"[8, 4, 2]",two-tone,15,10,7,2.0069278884852215
7,"[8, 4, 2]",two-tone,16,11,8,2.1204097858990143
