,flop,board_type,0b,1b,2b,profit
0,"[7, 7, 6]",two-tone,1,1,1,1.575804197524058
1,"[7, 7, 6]",two-tone,2,2,2,1.6942251531676025
2,"[7, 7, 6]",two-tone,3,2,2,1.7571403368083403
3,"[7, 7, 6]",two-tone,4,3,2,1.8152350165898161
4,"[7, 7, 6]",two-tone,8,6,4,2.090467959452687
5,"[7, 7, 6]",two-tone,10,7,5,2.1974962818263837
6,"[7, 7, 6]",two-tone,15,10,7,2.609169638532478
7,"[7, 7, 6]",two-tone,16,11,8,2.769384552325582
