,flop,board_type,0b,1b,2b,profit
0,"[7, 7, 5]",two-tone,1,1,1,1.5618287262187875
1,"[7, 7, 5]",two-tone,2,2,2,1.561919355231867
2,"[7, 7, 5]",two-tone,3,2,2,1.61930386519025
3,"[7, 7, 5]",two-tone,4,3,2,1.687673730677765
4,"[7, 7, 5]",two-tone,8,6,4,1.8898384928656367
5,"[7, 7, 5]",two-tone,10,7,5,2.0618900921521996
6,"[7, 7, 5]",two-tone,15,10,7,2.449217115933413
7,"[7, 7, 5]",two-tone,16,11,8,2.6061607134363856
