,flop,board_type,0b,1b,2b,profit
0,"[7, 7, 3]",two-tone,1,1,1,1.5945240684472886
1,"[7, 7, 3]",two-tone,2,2,2,1.5959923953704924
2,"[7, 7, 3]",two-tone,8,6,4,1.8231589059324826
3,"[7, 7, 3]",two-tone,10,7,5,1.9305077257370364
4,"[7, 7, 3]",two-tone,15,10,7,2.148943420386944
5,"[7, 7, 3]",two-tone,16,11,8,2.3046367758719404
