,flop,board_type,0b,1b,2b,profit
0,"[7, 4, 4]",two-tone,1,1,1,1.7140599003921573
1,"[7, 4, 4]",two-tone,8,6,4,1.9872697691285408
2,"[7, 4, 4]",two-tone,10,7,5,2.1064481457952073
3,"[7, 4, 4]",two-tone,15,10,7,2.4071742103267977
4,"[7, 4, 4]",two-tone,16,11,8,2.5536776235511986
