,flop,board_type,0b,1b,2b,profit
0,"[7, 4, 2]",two-tone,1,1,1,1.676173082010582
1,"[7, 4, 2]",two-tone,2,2,2,1.6781116044973545
2,"[7, 4, 2]",two-tone,8,6,4,1.900863829365079
3,"[7, 4, 2]",two-tone,10,7,5,1.981433756613756
4,"[7, 4, 2]",two-tone,15,10,7,2.2170131560846555
5,"[7, 4, 2]",two-tone,16,11,8,2.3710020039682536
