,flop,board_type,0b,1b,2b,profit
0,"[6, 5, 3]",two-tone,1,1,1,1.9326718414322246
1,"[6, 5, 3]",two-tone,2,2,2,2.056960507212276
2,"[6, 5, 3]",two-tone,3,2,2,2.1211824242966753
3,"[6, 5, 3]",two-tone,4,3,2,2.1901169131969307
4,"[6, 5, 3]",two-tone,8,6,4,2.2865386805626593
5,"[6, 5, 3]",two-tone,10,7,5,2.3523123807161115
6,"[6, 5, 3]",two-tone,15,10,7,2.5424006329411757
7,"[6, 5, 3]",two-tone,16,11,8,2.743433591815856
