,flop,board_type,0b,1b,2b,profit
0,"[6, 2, 2]",two-tone,1,1,1,1.7360357031599416
1,"[6, 2, 2]",two-tone,2,2,2,1.7361665462323774
2,"[6, 2, 2]",two-tone,8,6,4,1.981285984475774
3,"[6, 2, 2]",two-tone,10,7,5,2.0810769940042135
4,"[6, 2, 2]",two-tone,15,10,7,2.317303339539783
5,"[6, 2, 2]",two-tone,16,11,8,2.5053107815264952
