,flop,board_type,0b,1b,2b,profit
0,"[5, 5, 3]",two-tone,1,1,1,2.0206171358042733
1,"[5, 5, 3]",two-tone,8,6,4,2.1574517562179363
2,"[5, 5, 3]",two-tone,10,7,5,2.3057886817001108
3,"[5, 5, 3]",two-tone,15,10,7,2.535064608416131
4,"[5, 5, 3]",two-tone,16,11,8,2.7648998291285154
