,flop,board_type,0b,1b,2b,profit
0,"[5, 2, 2]",two-tone,1,1,1,1.9536864850206612
1,"[5, 2, 2]",two-tone,8,6,4,2.0884828189049593
2,"[5, 2, 2]",two-tone,10,7,5,2.2122988508522727
3,"[5, 2, 2]",two-tone,15,10,7,2.4525781719912185
4,"[5, 2, 2]",two-tone,16,11,8,2.674433490909091
