,flop,board_type,0b,1b,2b,profit
0,"[14, 14, 3]",two-tone,1,1,1,6.750526605576265
1,"[14, 14, 3]",two-tone,10,7,5,6.753440355576265
