,flop,board_type,0b,1b,2b,profit
0,"[14, 13, 9]",two-tone,1,1,1,8.288993037357955
1,"[14, 13, 9]",two-tone,16,11,8,8.29149036690341
