,flop,board_type,0b,1b,2b,profit
0,"[14, 13, 6]",two-tone,1,1,1,8.829460145146278
1,"[14, 13, 6]",two-tone,2,2,2,8.831844595811171
