,flop,board_type,0b,1b,2b,profit
0,"[14, 13, 2]",two-tone,1,1,1,8.824976226462766
1,"[14, 13, 2]",two-tone,8,6,4,8.83033136469415
