,flop,board_type,0b,1b,2b,profit
0,"[14, 12, 11]",two-tone,1,1,1,9.321620702837569
1,"[14, 12, 11]",two-tone,3,2,2,9.324776833756685
