,flop,board_type,0b,1b,2b,profit
0,"[14, 12, 4]",two-tone,1,1,1,7.768962170345217
1,"[14, 12, 4]",two-tone,16,11,8,7.7712405913978495
