,flop,board_type,0b,1b,2b,profit
0,"[14, 12, 3]",two-tone,1,1,1,7.768387433503113
1,"[14, 12, 3]",two-tone,3,2,2,7.773501907187324
2,"[14, 12, 3]",two-tone,15,10,7,7.775150854555745
