,flop,board_type,0b,1b,2b,profit
0,"[14, 11, 7]",two-tone,1,1,1,4.445901900000001
1,"[14, 11, 7]",two-tone,2,2,2,4.458850723076924
2,"[14, 11, 7]",two-tone,8,6,4,4.459689797435898
3,"[14, 11, 7]",two-tone,15,10,7,4.4609159871794875
