,flop,board_type,0b,1b,2b,profit
0,"[14, 8, 4]",two-tone,1,1,1,5.496366027906978
1,"[14, 8, 4]",two-tone,8,6,4,5.498369358139536
