,flop,board_type,0b,1b,2b,profit
0,"[14, 3, 3]",two-tone,1,1,1,6.545576860465116
1,"[14, 3, 3]",two-tone,10,7,5,6.547885229651164
