,flop,board_type,0b,1b,2b,profit
0,"[14, 3, 2]",two-tone,1,1,1,6.62465627616279
1,"[14, 3, 2]",two-tone,2,2,2,6.628252892441861
