,flop,board_type,0b,1b,2b,profit
0,"[13, 13, 6]",two-tone,1,1,1,7.386715451039276
1,"[13, 13, 6]",two-tone,15,10,7,7.388868381322499
