,flop,board_type,0b,1b,2b,profit
0,"[13, 13, 5]",two-tone,1,1,1,7.385461475004417
1,"[13, 13, 5]",two-tone,16,11,8,7.386295287640583
