,flop,board_type,0b,1b,2b,profit
0,"[13, 13, 2]",two-tone,1,1,1,7.384054416180888
1,"[13, 13, 2]",two-tone,10,7,5,7.392096148207032
