,flop,board_type,0b,1b,2b,profit
0,"[13, 11, 7]",two-tone,1,1,1,6.645324810375001
1,"[13, 11, 7]",two-tone,2,2,2,6.653387059781251
2,"[13, 11, 7]",two-tone,3,2,2,6.655506073593751
3,"[13, 11, 7]",two-tone,4,3,2,6.655789857093751
4,"[13, 11, 7]",two-tone,16,11,8,6.66149398246875
