,flop,board_type,0b,1b,2b,profit
0,"[13, 10, 2]",two-tone,1,1,1,5.889815997727273
1,"[13, 10, 2]",two-tone,2,2,2,5.898024995454546
2,"[13, 10, 2]",two-tone,3,2,2,5.901039518181819
3,"[13, 10, 2]",two-tone,16,11,8,5.902817297727274
