,flop,board_type,0b,1b,2b,profit
0,"[13, 9, 4]",two-tone,1,1,1,5.907688792737154
1,"[13, 9, 4]",two-tone,2,2,2,5.911469509387352
