,flop,board_type,0b,1b,2b,profit
0,"[13, 6, 6]",two-tone,1,1,1,6.8775612317654335
1,"[13, 6, 6]",two-tone,3,2,2,6.8831487595947465
