,flop,board_type,0b,1b,2b,profit
0,"[13, 5, 2]",two-tone,1,1,1,6.94002198064074
1,"[13, 5, 2]",two-tone,3,2,2,6.941182755223299
