,flop,board_type,0b,1b,2b,profit
0,"[13, 4, 2]",two-tone,1,1,1,6.935724202347604
1,"[13, 4, 2]",two-tone,10,7,5,6.947198812737215
