,flop,board_type,0b,1b,2b,profit
0,"[12, 12, 11]",two-tone,1,1,1,6.280511738645755
1,"[12, 12, 11]",two-tone,10,7,5,6.285294079071287
