,flop,board_type,0b,1b,2b,profit
0,"[12, 12, 8]",two-tone,1,1,1,3.838979694258825
1,"[12, 12, 8]",two-tone,15,10,7,3.8423878397176483
