,flop,board_type,0b,1b,2b,profit
0,"[12, 12, 5]",two-tone,1,1,1,4.361181359847084
1,"[12, 12, 5]",two-tone,2,2,2,4.361712368726108
2,"[12, 12, 5]",two-tone,10,7,5,4.36857984597361
