,flop,board_type,0b,1b,2b,profit
0,"[12, 11, 11]",two-tone,1,1,1,6.234095236652236
1,"[12, 11, 11]",two-tone,16,11,8,6.237664736652237
