,flop,board_type,0b,1b,2b,profit
0,"[12, 10, 4]",two-tone,1,1,1,5.203437722612569
1,"[12, 10, 4]",two-tone,2,2,2,5.213279248144483
