,flop,board_type,0b,1b,2b,profit
0,"[12, 9, 8]",two-tone,1,1,1,2.8510663838297874
1,"[12, 9, 8]",two-tone,8,6,4,2.853525943262411
2,"[12, 9, 8]",two-tone,10,7,5,2.8621491069503557
