,flop,board_type,0b,1b,2b,profit
0,"[12, 8, 5]",two-tone,1,1,1,4.9829699001934245
1,"[12, 8, 5]",two-tone,8,6,4,4.987014735783366
2,"[12, 8, 5]",two-tone,10,7,5,4.994726386073502
