,flop,board_type,0b,1b,2b,profit
0,"[12, 7, 4]",two-tone,1,1,1,5.221456906769825
1,"[12, 7, 4]",two-tone,15,10,7,5.226737370986459
