,flop,board_type,0b,1b,2b,profit
0,"[12, 5, 3]",two-tone,1,1,1,5.570263134540516
1,"[12, 5, 3]",two-tone,2,2,2,5.578948810593029
2,"[12, 5, 3]",two-tone,8,6,4,5.583024880851063
