,flop,board_type,0b,1b,2b,profit
0,"[11, 11, 7]",two-tone,1,1,1,4.083519863793571
1,"[11, 11, 7]",two-tone,2,2,2,4.086720526174739
2,"[11, 11, 7]",two-tone,3,2,2,4.089906231199638
3,"[11, 11, 7]",two-tone,10,7,5,4.092735540135807
4,"[11, 11, 7]",two-tone,16,11,8,4.094038025024897
