,flop,board_type,0b,1b,2b,profit
0,"[11, 11, 2]",two-tone,1,1,1,4.346554925821277
1,"[11, 11, 2]",two-tone,8,6,4,4.349485673259576
