,flop,board_type,0b,1b,2b,profit
0,"[11, 10, 10]",two-tone,1,1,1,6.114993733125001
1,"[11, 10, 10]",two-tone,2,2,2,6.119867453437501
2,"[11, 10, 10]",two-tone,3,2,2,6.121532820468751
3,"[11, 10, 10]",two-tone,4,3,2,6.13158275484375
4,"[11, 10, 10]",two-tone,10,7,5,6.13467980578125
