,flop,board_type,0b,1b,2b,profit
0,"[11, 10, 8]",two-tone,1,1,1,6.70159761882622
1,"[11, 10, 8]",two-tone,10,7,5,6.710152488795732
