,flop,board_type,0b,1b,2b,profit
0,"[11, 9, 9]",two-tone,1,1,1,5.99714601105183
1,"[11, 9, 9]",two-tone,2,2,2,5.9973129500762195
