,flop,board_type,0b,1b,2b,profit
0,"[11, 6, 4]",two-tone,1,1,1,5.69778294119318
1,"[11, 6, 4]",two-tone,2,2,2,5.703090453409091
2,"[11, 6, 4]",two-tone,8,6,4,5.703241057670454
