,flop,board_type,0b,1b,2b,profit
0,"[10, 10, 6]",two-tone,1,1,1,5.035904540404043
1,"[10, 10, 6]",two-tone,10,7,5,5.036971821654043
