,flop,board_type,0b,1b,2b,profit
0,"[10, 4, 3]",two-tone,1,1,1,5.876949971739131
1,"[10, 4, 3]",two-tone,8,6,4,5.882263063043478
