,flop,board_type,0b,1b,2b,profit
0,"[10, 4, 2]",two-tone,1,1,1,5.878092463043478
1,"[10, 4, 2]",two-tone,8,6,4,5.8797279065217385
2,"[10, 4, 2]",two-tone,10,7,5,5.879884584782609
