,flop,board_type,0b,1b,2b,profit
0,"[9, 9, 6]",two-tone,1,1,1,6.175545896656535
1,"[9, 9, 6]",two-tone,10,7,5,6.1791275136778125
2,"[9, 9, 6]",two-tone,15,10,7,6.182841386018238
