,flop,board_type,0b,1b,2b,profit
0,"[9, 9, 5]",two-tone,1,1,1,6.178030917933132
1,"[9, 9, 5]",two-tone,3,2,2,6.1820200243161105
2,"[9, 9, 5]",two-tone,8,6,4,6.1827527902735575
