,flop,board_type,0b,1b,2b,profit
0,"[9, 7, 4]",two-tone,1,1,1,5.624591475000001
1,"[9, 7, 4]",two-tone,2,2,2,5.627272315909092
2,"[9, 7, 4]",two-tone,3,2,2,5.627827956818184
3,"[9, 7, 4]",two-tone,8,6,4,5.639761302272729
4,"[9, 7, 4]",two-tone,15,10,7,5.639901715909092
