,flop,board_type,0b,1b,2b,profit
0,"[9, 5, 2]",two-tone,1,1,1,6.1484477726763735
1,"[9, 5, 2]",two-tone,2,2,2,6.150914155655096
