,flop,board_type,0b,1b,2b,profit
0,"[8, 8, 4]",two-tone,1,1,1,6.264407859574469
1,"[8, 8, 4]",two-tone,15,10,7,6.265895687234044
