,flop,board_type,0b,1b,2b,profit
0,"[8, 5, 3]",two-tone,1,1,1,6.245307912765959
1,"[8, 5, 3]",two-tone,2,2,2,6.247239242553194
2,"[8, 5, 3]",two-tone,8,6,4,6.25069485957447
3,"[8, 5, 3]",two-tone,16,11,8,6.253400240425533
