,flop,board_type,0b,1b,2b,profit
0,"[8, 4, 3]",two-tone,1,1,1,6.242359021276598
1,"[8, 4, 3]",two-tone,2,2,2,6.2489554787234045
2,"[8, 4, 3]",two-tone,8,6,4,6.252723325531916
3,"[8, 4, 3]",two-tone,15,10,7,6.259445514893619
