,flop,board_type,0b,1b,2b,profit
0,"[7, 5, 3]",two-tone,1,1,1,6.3753401329787245
1,"[7, 5, 3]",two-tone,10,7,5,6.387990577659576
2,"[7, 5, 3]",two-tone,16,11,8,6.3889598840425545
