,flop,board_type,0b,1b,2b,profit
0,"[7, 3, 3]",two-tone,1,1,1,6.050731806382979
1,"[7, 3, 3]",two-tone,2,2,2,6.062016312765959
