,flop,board_type,0b,1b,2b,profit
0,"[6, 5, 3]",two-tone,1,1,1,6.556837860000002
1,"[6, 5, 3]",two-tone,2,2,2,6.563810070000002
2,"[6, 5, 3]",two-tone,10,7,5,6.564912150000001
