,flop,board_type,0b,1b,2b,profit
0,"[6, 4, 3]",two-tone,1,1,1,6.556124700000002
1,"[6, 4, 3]",two-tone,2,2,2,6.561635940000002
