,flop,board_type,0b,1b,2b,profit
0,"[6, 3, 3]",two-tone,1,1,1,6.411574140000002
1,"[6, 3, 3]",two-tone,2,2,2,6.413699760000002
2,"[6, 3, 3]",two-tone,3,2,2,6.424131720000002
