,flop,board_type,0b,1b,2b,profit
0,"[5, 5, 4]",two-tone,1,1,1,6.572364000000002
1,"[5, 5, 4]",two-tone,8,6,4,6.5746903800000025
