,flop,board_type,0b,1b,2b,profit
0,"[5, 4, 2]",two-tone,1,1,1,7.807135650000002
1,"[5, 4, 2]",two-tone,8,6,4,7.808363520000002
