,flop,board_type,0b,1b,2b,profit
0,"[5, 3, 2]",two-tone,1,1,1,7.800045840000002
1,"[5, 3, 2]",two-tone,2,2,2,7.808528160000003
2,"[5, 3, 2]",two-tone,3,2,2,7.812435000000002
