,flop,board_type,0b,1b,2b,profit
0,"[14, 14, 12]",rainbow,1,1,1,-0.7540798368783874
1,"[14, 14, 12]",rainbow,2,2,2,0.9674838001606316
2,"[14, 14, 12]",rainbow,3,2,2,1.0920646826629183
3,"[14, 14, 12]",rainbow,4,3,2,1.786275210813645
4,"[14, 14, 12]",rainbow,8,6,4,3.38268459246146
5,"[14, 14, 12]",rainbow,10,7,5,5.199396678620351
6,"[14, 14, 12]",rainbow,15,10,7,6.996392031903264
7,"[14, 14, 12]",rainbow,16,11,8,7.302942924944784
