,flop,board_type,0b,1b,2b,profit
0,"[14, 14, 10]",rainbow,1,1,1,-0.30305136141647404
1,"[14, 14, 10]",rainbow,8,6,4,5.087873024342789
2,"[14, 14, 10]",rainbow,10,7,5,6.108666528520317
3,"[14, 14, 10]",rainbow,15,10,7,7.747313908541102
4,"[14, 14, 10]",rainbow,16,11,8,7.961779025462135
