,flop,board_type,0b,1b,2b,profit
0,"[14, 14, 9]",rainbow,1,1,1,-0.6279265838592742
1,"[14, 14, 9]",rainbow,8,6,4,1.7076423746635503
2,"[14, 14, 9]",rainbow,10,7,5,2.76467827410044
3,"[14, 14, 9]",rainbow,15,10,7,4.561301469442469
4,"[14, 14, 9]",rainbow,16,11,8,4.986662845624265
