,flop,board_type,0b,1b,2b,profit
0,"[14, 14, 4]",rainbow,1,1,1,-0.5796305997304829
1,"[14, 14, 4]",rainbow,8,6,4,1.2779581615897864
2,"[14, 14, 4]",rainbow,10,7,5,1.444437987219846
3,"[14, 14, 4]",rainbow,15,10,7,5.181483791452873
4,"[14, 14, 4]",rainbow,16,11,8,5.845383045187949
