,flop,board_type,0b,1b,2b,profit
0,"[14, 13, 3]",rainbow,1,1,1,-0.5670086147934821
1,"[14, 13, 3]",rainbow,2,2,2,0.8965183028143277
2,"[14, 13, 3]",rainbow,3,2,2,1.2671181439023682
3,"[14, 13, 3]",rainbow,4,3,2,2.091012718064715
4,"[14, 13, 3]",rainbow,8,6,4,3.9362954040919904
5,"[14, 13, 3]",rainbow,10,7,5,3.936795745433564
6,"[14, 13, 3]",rainbow,15,10,7,6.531830116300144
7,"[14, 13, 3]",rainbow,16,11,8,6.721035486163533
