,flop,board_type,0b,1b,2b,profit
0,"[14, 12, 10]",rainbow,1,1,1,8.6875497708507
1,"[14, 12, 10]",rainbow,2,2,2,9.086970469795563
2,"[14, 12, 10]",rainbow,3,2,2,9.181814964790041
3,"[14, 12, 10]",rainbow,4,3,2,9.907979557621129
4,"[14, 12, 10]",rainbow,8,6,4,10.300119989346703
5,"[14, 12, 10]",rainbow,10,7,5,10.845849226953622
6,"[14, 12, 10]",rainbow,15,10,7,12.005079832212548
7,"[14, 12, 10]",rainbow,16,11,8,12.042934097243585
