,flop,board_type,0b,1b,2b,profit
0,"[14, 12, 9]",rainbow,1,1,1,-0.9873440227711214
1,"[14, 12, 9]",rainbow,2,2,2,1.0303523136958517
2,"[14, 12, 9]",rainbow,3,2,2,1.3365376471152068
3,"[14, 12, 9]",rainbow,4,3,2,1.9364239296098307
4,"[14, 12, 9]",rainbow,8,6,4,3.273922503815667
5,"[14, 12, 9]",rainbow,10,7,5,3.282924305953916
6,"[14, 12, 9]",rainbow,15,10,7,5.005072100423963
7,"[14, 12, 9]",rainbow,16,11,8,5.101451917198155
