,flop,board_type,0b,1b,2b,profit
0,"[14, 12, 2]",rainbow,1,1,1,-0.6753908499498152
1,"[14, 12, 2]",rainbow,2,2,2,0.7018167731682847
2,"[14, 12, 2]",rainbow,3,2,2,1.0985715026764806
3,"[14, 12, 2]",rainbow,4,3,2,1.8636579533288726
4,"[14, 12, 2]",rainbow,8,6,4,3.710785272666444
5,"[14, 12, 2]",rainbow,10,7,5,3.8943713543409166
6,"[14, 12, 2]",rainbow,15,10,7,6.5693880311977235
7,"[14, 12, 2]",rainbow,16,11,8,6.827927792544886
