,flop,board_type,0b,1b,2b,profit
0,"[14, 11, 10]",rainbow,1,1,1,8.693878359754114
1,"[14, 11, 10]",rainbow,2,2,2,9.501826605636548
2,"[14, 11, 10]",rainbow,3,2,2,9.668990927849684
3,"[14, 11, 10]",rainbow,4,3,2,10.762962481314059
4,"[14, 11, 10]",rainbow,8,6,4,11.025992712084912
5,"[14, 11, 10]",rainbow,10,7,5,11.026622785288941
6,"[14, 11, 10]",rainbow,15,10,7,12.197196504201356
7,"[14, 11, 10]",rainbow,16,11,8,12.223865402848174
