,flop,board_type,0b,1b,2b,profit
0,"[14, 11, 4]",rainbow,1,1,1,-0.2851949046706995
1,"[14, 11, 4]",rainbow,2,2,2,1.1036745570004483
2,"[14, 11, 4]",rainbow,3,2,2,1.315895112757616
3,"[14, 11, 4]",rainbow,4,3,2,2.0637732149081534
4,"[14, 11, 4]",rainbow,8,6,4,4.144942347748656
5,"[14, 11, 4]",rainbow,10,7,5,4.331723102072132
6,"[14, 11, 4]",rainbow,15,10,7,6.534343838485661
7,"[14, 11, 4]",rainbow,16,11,8,6.750835618716396
