,flop,board_type,0b,1b,2b,profit
0,"[14, 9, 5]",rainbow,1,1,1,-0.8537105055384355
1,"[14, 9, 5]",rainbow,8,6,4,1.2902659987953837
2,"[14, 9, 5]",rainbow,10,7,5,1.5437840084099066
3,"[14, 9, 5]",rainbow,15,10,7,3.845822885953608
4,"[14, 9, 5]",rainbow,16,11,8,4.219879365844912
