,flop,board_type,0b,1b,2b,profit
0,"[14, 6, 3]",rainbow,1,1,1,-0.15346647700261823
1,"[14, 6, 3]",rainbow,2,2,2,0.22830444037958209
2,"[14, 6, 3]",rainbow,8,6,4,2.282682000356021
3,"[14, 6, 3]",rainbow,10,7,5,2.6308115806073302
4,"[14, 6, 3]",rainbow,15,10,7,5.721500430785341
5,"[14, 6, 3]",rainbow,16,11,8,6.301350673104712
