,flop,board_type,0b,1b,2b,profit
0,"[13, 13, 10]",rainbow,1,1,1,-0.19035225685131296
1,"[13, 13, 10]",rainbow,2,2,2,1.0127992907737522
2,"[13, 13, 10]",rainbow,3,2,2,1.3148800082241576
3,"[13, 13, 10]",rainbow,4,3,2,1.680230307445723
4,"[13, 13, 10]",rainbow,8,6,4,3.2963040072028553
5,"[13, 13, 10]",rainbow,10,7,5,3.7279998492850583
6,"[13, 13, 10]",rainbow,15,10,7,5.099865368469607
7,"[13, 13, 10]",rainbow,16,11,8,5.2643208830095105
