,flop,board_type,0b,1b,2b,profit
0,"[13, 13, 3]",rainbow,1,1,1,-0.6069225203323674
1,"[13, 13, 3]",rainbow,2,2,2,-0.6005065175158899
2,"[13, 13, 3]",rainbow,8,6,4,3.0381795588619878
3,"[13, 13, 3]",rainbow,10,7,5,3.040581491053706
4,"[13, 13, 3]",rainbow,15,10,7,4.439766094145192
5,"[13, 13, 3]",rainbow,16,11,8,4.795597775132211
