,flop,board_type,0b,1b,2b,profit
0,"[13, 12, 11]",rainbow,1,1,1,2.8567470399449473
1,"[13, 12, 11]",rainbow,2,2,2,5.202780596097796
2,"[13, 12, 11]",rainbow,3,2,2,5.787364971794041
3,"[13, 12, 11]",rainbow,4,3,2,6.680059716305051
4,"[13, 12, 11]",rainbow,8,6,4,7.831194259601682
5,"[13, 12, 11]",rainbow,10,7,5,8.217272006735751
6,"[13, 12, 11]",rainbow,15,10,7,9.431782844511009
7,"[13, 12, 11]",rainbow,16,11,8,9.553001416434583
