,flop,board_type,0b,1b,2b,profit
0,"[13, 12, 7]",rainbow,1,1,1,0.3848066714458318
1,"[13, 12, 7]",rainbow,2,2,2,0.6670028792723863
2,"[13, 12, 7]",rainbow,3,2,2,1.6185542135857163
3,"[13, 12, 7]",rainbow,4,3,2,2.8143598178278966
4,"[13, 12, 7]",rainbow,8,6,4,4.458535289891261
5,"[13, 12, 7]",rainbow,10,7,5,5.043384661457914
6,"[13, 12, 7]",rainbow,15,10,7,6.462391061337092
7,"[13, 12, 7]",rainbow,16,11,8,6.538039245563162
