,flop,board_type,0b,1b,2b,profit
0,"[13, 12, 3]",rainbow,1,1,1,0.3643741877243358
1,"[13, 12, 3]",rainbow,2,2,2,0.612321056066045
2,"[13, 12, 3]",rainbow,3,2,2,1.5169718472002869
3,"[13, 12, 3]",rainbow,4,3,2,2.6060954660445086
4,"[13, 12, 3]",rainbow,8,6,4,4.5208232833094035
5,"[13, 12, 3]",rainbow,10,7,5,5.39255337867911
6,"[13, 12, 3]",rainbow,15,10,7,7.4998613011485995
7,"[13, 12, 3]",rainbow,16,11,8,7.7315925267408465
