,flop,board_type,0b,1b,2b,profit
0,"[13, 10, 8]",rainbow,1,1,1,0.18215247020515046
1,"[13, 10, 8]",rainbow,2,2,2,2.0348431028956084
2,"[13, 10, 8]",rainbow,3,2,2,2.523206847804253
3,"[13, 10, 8]",rainbow,4,3,2,2.8430789930548137
4,"[13, 10, 8]",rainbow,8,6,4,3.8641121204081625
5,"[13, 10, 8]",rainbow,10,7,5,4.35966762426007
6,"[13, 10, 8]",rainbow,15,10,7,5.888521760786409
7,"[13, 10, 8]",rainbow,16,11,8,5.972482981258681
