,flop,board_type,0b,1b,2b,profit
0,"[13, 9, 7]",rainbow,1,1,1,0.37118120761460727
1,"[13, 9, 7]",rainbow,2,2,2,1.0018410674333083
2,"[13, 9, 7]",rainbow,3,2,2,2.085984972447552
3,"[13, 9, 7]",rainbow,4,3,2,2.9873095507588716
4,"[13, 9, 7]",rainbow,8,6,4,3.594917999684019
5,"[13, 9, 7]",rainbow,10,7,5,4.043145639616679
6,"[13, 9, 7]",rainbow,15,10,7,5.670365804905464
7,"[13, 9, 7]",rainbow,16,11,8,5.7049639808339805
