,flop,board_type,0b,1b,2b,profit
0,"[12, 12, 11]",rainbow,1,1,1,-0.579998559369266
1,"[12, 12, 11]",rainbow,2,2,2,0.03568278928861046
2,"[12, 12, 11]",rainbow,3,2,2,0.5489587129432856
3,"[12, 12, 11]",rainbow,4,3,2,1.1565607315025803
4,"[12, 12, 11]",rainbow,8,6,4,2.482733783952118
5,"[12, 12, 11]",rainbow,10,7,5,3.0967984617035804
6,"[12, 12, 11]",rainbow,15,10,7,4.4265253821875135
7,"[12, 12, 11]",rainbow,16,11,8,4.598642986834806
