,flop,board_type,0b,1b,2b,profit
0,"[12, 11, 5]",rainbow,1,1,1,0.27773105997906844
1,"[12, 11, 5]",rainbow,2,2,2,0.8849832445368926
2,"[12, 11, 5]",rainbow,3,2,2,1.9703163659916278
3,"[12, 11, 5]",rainbow,4,3,2,3.442621606446886
4,"[12, 11, 5]",rainbow,8,6,4,4.167208427613814
5,"[12, 11, 5]",rainbow,10,7,5,5.146193062135007
6,"[12, 11, 5]",rainbow,15,10,7,6.760954416070119
7,"[12, 11, 5]",rainbow,16,11,8,6.827657670533751
