,flop,board_type,0b,1b,2b,profit
0,"[12, 11, 4]",rainbow,1,1,1,0.35340741724350094
1,"[12, 11, 4]",rainbow,2,2,2,0.9179087073527142
2,"[12, 11, 4]",rainbow,3,2,2,2.027576485027944
3,"[12, 11, 4]",rainbow,4,3,2,3.4260908854278833
4,"[12, 11, 4]",rainbow,8,6,4,4.453717324103985
5,"[12, 11, 4]",rainbow,10,7,5,5.23717770343024
6,"[12, 11, 4]",rainbow,15,10,7,7.1697185415577085
7,"[12, 11, 4]",rainbow,16,11,8,7.273500207993641
