,flop,board_type,0b,1b,2b,profit
0,"[12, 10, 3]",rainbow,1,1,1,0.08962540328546323
1,"[12, 10, 3]",rainbow,2,2,2,1.5410258616049788
2,"[12, 10, 3]",rainbow,3,2,2,1.9440722906792849
3,"[12, 10, 3]",rainbow,4,3,2,2.552374607223936
4,"[12, 10, 3]",rainbow,8,6,4,3.8105422996071736
5,"[12, 10, 3]",rainbow,10,7,5,4.6121828993827
6,"[12, 10, 3]",rainbow,15,10,7,6.590785755681963
7,"[12, 10, 3]",rainbow,16,11,8,6.744175724689437
