,flop,board_type,0b,1b,2b,profit
0,"[12, 9, 9]",rainbow,1,1,1,-0.5009747831374972
1,"[12, 9, 9]",rainbow,2,2,2,-0.19899329421768763
2,"[12, 9, 9]",rainbow,3,2,2,0.6491180718923936
3,"[12, 9, 9]",rainbow,4,3,2,1.7781703177179957
4,"[12, 9, 9]",rainbow,8,6,4,3.1451575591630587
5,"[12, 9, 9]",rainbow,10,7,5,3.426534121882087
6,"[12, 9, 9]",rainbow,15,10,7,4.488578658214802
7,"[12, 9, 9]",rainbow,16,11,8,4.6048905148423005
