,flop,board_type,0b,1b,2b,profit
0,"[12, 9, 6]",rainbow,1,1,1,0.2357188978045764
1,"[12, 9, 6]",rainbow,2,2,2,1.2483683652855073
2,"[12, 9, 6]",rainbow,3,2,2,1.9840395600133984
3,"[12, 9, 6]",rainbow,4,3,2,2.817442231910946
4,"[12, 9, 6]",rainbow,8,6,4,3.3259707996804773
5,"[12, 9, 6]",rainbow,10,7,5,3.7729035020614297
6,"[12, 9, 6]",rainbow,15,10,7,5.40939442027417
7,"[12, 9, 6]",rainbow,16,11,8,5.414126518913625
