,flop,board_type,0b,1b,2b,profit
0,"[12, 9, 2]",rainbow,1,1,1,-0.07250489154411757
1,"[12, 9, 2]",rainbow,2,2,2,0.19594492561274576
2,"[12, 9, 2]",rainbow,3,2,2,1.1302666145833333
3,"[12, 9, 2]",rainbow,4,3,2,2.016656055882353
4,"[12, 9, 2]",rainbow,8,6,4,3.34216295870098
5,"[12, 9, 2]",rainbow,10,7,5,4.005538600735294
6,"[12, 9, 2]",rainbow,15,10,7,6.149220814215687
7,"[12, 9, 2]",rainbow,16,11,8,6.250181940808822
