,flop,board_type,0b,1b,2b,profit
0,"[12, 8, 5]",rainbow,1,1,1,0.20094171103040046
1,"[12, 8, 5]",rainbow,2,2,2,0.5301964677347132
2,"[12, 8, 5]",rainbow,3,2,2,1.388767156574954
3,"[12, 8, 5]",rainbow,4,3,2,2.5822812771779686
4,"[12, 8, 5]",rainbow,8,6,4,3.226511438380019
5,"[12, 8, 5]",rainbow,10,7,5,4.231442604109656
6,"[12, 8, 5]",rainbow,15,10,7,6.026976626200307
7,"[12, 8, 5]",rainbow,16,11,8,6.109953442459824
