,flop,board_type,0b,1b,2b,profit
0,"[12, 7, 5]",rainbow,1,1,1,0.3436685353861378
1,"[12, 7, 5]",rainbow,2,2,2,0.35592699188118876
2,"[12, 7, 5]",rainbow,3,2,2,0.5606567612574269
3,"[12, 7, 5]",rainbow,4,3,2,1.2454797530297035
4,"[12, 7, 5]",rainbow,8,6,4,2.952096326054456
5,"[12, 7, 5]",rainbow,10,7,5,4.217574522717823
6,"[12, 7, 5]",rainbow,15,10,7,5.809351201683167
7,"[12, 7, 5]",rainbow,16,11,8,5.979846560554455
