,flop,board_type,0b,1b,2b,profit
0,"[12, 3, 3]",rainbow,1,1,1,-0.6597272868209989
1,"[12, 3, 3]",rainbow,2,2,2,-0.6492276949507838
2,"[12, 3, 3]",rainbow,8,6,4,2.9554005901385336
3,"[12, 3, 3]",rainbow,10,7,5,3.3605941364382055
4,"[12, 3, 3]",rainbow,15,10,7,4.452047439391176
5,"[12, 3, 3]",rainbow,16,11,8,4.813847953791468
