,flop,board_type,0b,1b,2b,profit
0,"[11, 11, 11]",rainbow,1,1,1,0.16362242785582137
1,"[11, 11, 11]",rainbow,8,6,4,2.764558294957296
2,"[11, 11, 11]",rainbow,10,7,5,3.9793666331290076
3,"[11, 11, 11]",rainbow,15,10,7,4.85827175811783
4,"[11, 11, 11]",rainbow,16,11,8,5.200970038912146
