,flop,board_type,0b,1b,2b,profit
0,"[11, 11, 9]",rainbow,1,1,1,0.34698600517682054
1,"[11, 11, 9]",rainbow,2,2,2,0.9369593700235284
2,"[11, 11, 9]",rainbow,3,2,2,1.2910813048578775
3,"[11, 11, 9]",rainbow,4,3,2,1.6486221069963845
4,"[11, 11, 9]",rainbow,8,6,4,2.457029053157835
5,"[11, 11, 9]",rainbow,10,7,5,2.852680818950995
6,"[11, 11, 9]",rainbow,15,10,7,3.80384237041795
7,"[11, 11, 9]",rainbow,16,11,8,3.9124023836135793
