,flop,board_type,0b,1b,2b,profit
0,"[11, 10, 10]",rainbow,1,1,1,-0.06535505474600678
1,"[11, 10, 10]",rainbow,2,2,2,0.6120046307275242
2,"[11, 10, 10]",rainbow,3,2,2,1.1763853634741737
3,"[11, 10, 10]",rainbow,4,3,2,1.7837483726670584
4,"[11, 10, 10]",rainbow,8,6,4,2.6772655157042893
5,"[11, 10, 10]",rainbow,10,7,5,3.1404781929758023
6,"[11, 10, 10]",rainbow,15,10,7,4.199832694904119
7,"[11, 10, 10]",rainbow,16,11,8,4.31379161249132
