,flop,board_type,0b,1b,2b,profit
0,"[11, 9, 9]",rainbow,1,1,1,-0.17159202728795553
1,"[11, 9, 9]",rainbow,2,2,2,0.4238008479138111
2,"[11, 9, 9]",rainbow,3,2,2,0.8005199402390752
3,"[11, 9, 9]",rainbow,4,3,2,1.1481820080858838
4,"[11, 9, 9]",rainbow,8,6,4,2.12927310509365
5,"[11, 9, 9]",rainbow,10,7,5,2.513330799428962
6,"[11, 9, 9]",rainbow,15,10,7,3.4648818252398357
7,"[11, 9, 9]",rainbow,16,11,8,3.5926460540886245
