,flop,board_type,0b,1b,2b,profit
0,"[11, 9, 6]",rainbow,1,1,1,0.5376921886198675
1,"[11, 9, 6]",rainbow,2,2,2,1.5398681266179386
2,"[11, 9, 6]",rainbow,3,2,2,2.2949499369321353
3,"[11, 9, 6]",rainbow,4,3,2,3.0581061497893502
4,"[11, 9, 6]",rainbow,8,6,4,3.5724639177960507
5,"[11, 9, 6]",rainbow,10,7,5,4.023040952667378
6,"[11, 9, 6]",rainbow,15,10,7,5.6503744384549
