,flop,board_type,0b,1b,2b,profit
0,"[11, 8, 2]",rainbow,1,1,1,0.15045248808766404
1,"[11, 8, 2]",rainbow,2,2,2,0.4297974990361733
2,"[11, 8, 2]",rainbow,3,2,2,1.0451873409025578
3,"[11, 8, 2]",rainbow,4,3,2,2.0343459709767875
4,"[11, 8, 2]",rainbow,8,6,4,3.580061880537293
5,"[11, 8, 2]",rainbow,10,7,5,4.673621376147048
6,"[11, 8, 2]",rainbow,15,10,7,6.710203240834218
7,"[11, 8, 2]",rainbow,16,11,8,6.844236336406269
