,flop,board_type,0b,1b,2b,profit
0,"[11, 7, 6]",rainbow,1,1,1,0.6667138676715433
1,"[11, 7, 6]",rainbow,2,2,2,1.3408925446899165
2,"[11, 7, 6]",rainbow,3,2,2,1.7793189305452934
3,"[11, 7, 6]",rainbow,4,3,2,2.8653187851485153
4,"[11, 7, 6]",rainbow,8,6,4,4.34591258205507
5,"[11, 7, 6]",rainbow,10,7,5,5.024428284887444
6,"[11, 7, 6]",rainbow,15,10,7,6.226274464186494
7,"[11, 7, 6]",rainbow,16,11,8,6.332956476653858
