,flop,board_type,0b,1b,2b,profit
0,"[11, 7, 5]",rainbow,1,1,1,0.6535140927912986
1,"[11, 7, 5]",rainbow,2,2,2,0.9698611469248406
2,"[11, 7, 5]",rainbow,3,2,2,1.4105479884553482
3,"[11, 7, 5]",rainbow,4,3,2,2.479994615583084
4,"[11, 7, 5]",rainbow,8,6,4,3.4647376942983934
5,"[11, 7, 5]",rainbow,10,7,5,4.510297548300247
6,"[11, 7, 5]",rainbow,15,10,7,6.084252336482466
7,"[11, 7, 5]",rainbow,16,11,8,6.190668622567428
