,flop,board_type,0b,1b,2b,profit
0,"[11, 4, 4]",rainbow,1,1,1,-0.11513169340801346
1,"[11, 4, 4]",rainbow,2,2,2,-0.1086526363636359
2,"[11, 4, 4]",rainbow,8,6,4,2.414407534769496
3,"[11, 4, 4]",rainbow,10,7,5,3.3095511097802683
4,"[11, 4, 4]",rainbow,15,10,7,3.8284355268418797
5,"[11, 4, 4]",rainbow,16,11,8,4.126228025937097
