,flop,board_type,0b,1b,2b,profit
0,"[10, 9, 9]",rainbow,1,1,1,-0.6118360719999995
1,"[10, 9, 9]",rainbow,2,2,2,1.0188183003333326
2,"[10, 9, 9]",rainbow,3,2,2,1.7676086233333332
3,"[10, 9, 9]",rainbow,4,3,2,2.7820470093333336
4,"[10, 9, 9]",rainbow,8,6,4,3.4058044566666665
5,"[10, 9, 9]",rainbow,10,7,5,3.700145059333333
6,"[10, 9, 9]",rainbow,15,10,7,4.580593836666665
7,"[10, 9, 9]",rainbow,16,11,8,4.663649581666666
