,flop,board_type,0b,1b,2b,profit
0,"[10, 5, 2]",rainbow,1,1,1,-0.37165964501682813
1,"[10, 5, 2]",rainbow,8,6,4,2.7182693312178037
2,"[10, 5, 2]",rainbow,10,7,5,4.429036237852874
3,"[10, 5, 2]",rainbow,15,10,7,6.99962347959338
4,"[10, 5, 2]",rainbow,16,11,8,7.150434112219244
