,flop,board_type,0b,1b,2b,profit
0,"[10, 4, 3]",rainbow,1,1,1,-0.09833799584415415
1,"[10, 4, 3]",rainbow,2,2,2,0.22169892259740331
2,"[10, 4, 3]",rainbow,3,2,2,0.4332760498701307
3,"[10, 4, 3]",rainbow,4,3,2,1.3941560181818191
4,"[10, 4, 3]",rainbow,8,6,4,3.257380227532469
5,"[10, 4, 3]",rainbow,10,7,5,5.296707409350649
6,"[10, 4, 3]",rainbow,15,10,7,7.299612992207791
7,"[10, 4, 3]",rainbow,16,11,8,7.4446246327272725
