,flop,board_type,0b,1b,2b,profit
0,"[10, 3, 2]",rainbow,1,1,1,-0.4925289103420526
1,"[10, 3, 2]",rainbow,2,2,2,-0.19779081396378234
2,"[10, 3, 2]",rainbow,3,2,2,0.024436512501676277
3,"[10, 3, 2]",rainbow,4,3,2,0.9566695887994634
4,"[10, 3, 2]",rainbow,8,6,4,3.0871130334004024
5,"[10, 3, 2]",rainbow,10,7,5,4.894921535412475
6,"[10, 3, 2]",rainbow,15,10,7,7.192982748088532
7,"[10, 3, 2]",rainbow,16,11,8,7.387640405539906
