,flop,board_type,0b,1b,2b,profit
0,"[9, 7, 2]",rainbow,1,1,1,-0.2577409864974487
1,"[9, 7, 2]",rainbow,2,2,2,0.04129956040831351
2,"[9, 7, 2]",rainbow,3,2,2,0.5154844511438204
3,"[9, 7, 2]",rainbow,4,3,2,0.8019047001913965
4,"[9, 7, 2]",rainbow,8,6,4,1.4483119083576375
5,"[9, 7, 2]",rainbow,10,7,5,2.4668282118392275
6,"[9, 7, 2]",rainbow,15,10,7,3.9635882181963185
7,"[9, 7, 2]",rainbow,16,11,8,4.0060617984141444
