,flop,board_type,0b,1b,2b,profit
0,"[9, 6, 6]",rainbow,1,1,1,-0.028049197814686178
1,"[9, 6, 6]",rainbow,2,2,2,0.2995558294580424
2,"[9, 6, 6]",rainbow,3,2,2,0.4926752259615398
3,"[9, 6, 6]",rainbow,4,3,2,0.9453245332167832
4,"[9, 6, 6]",rainbow,8,6,4,2.220661523776223
5,"[9, 6, 6]",rainbow,10,7,5,3.258983614423078
6,"[9, 6, 6]",rainbow,15,10,7,4.7544841895979015
7,"[9, 6, 6]",rainbow,16,11,8,4.791618418181819
