,flop,board_type,0b,1b,2b,profit
0,"[9, 6, 5]",rainbow,1,1,1,1.1087336934114365
1,"[9, 6, 5]",rainbow,8,6,4,2.260078905505602
2,"[9, 6, 5]",rainbow,10,7,5,3.3336288133897316
3,"[9, 6, 5]",rainbow,15,10,7,4.9701069155091435
4,"[9, 6, 5]",rainbow,16,11,8,5.010813211651236
