,flop,board_type,0b,1b,2b,profit
0,"[9, 5, 4]",rainbow,1,1,1,0.25430831948052096
1,"[9, 5, 4]",rainbow,2,2,2,0.5618897792207795
2,"[9, 5, 4]",rainbow,3,2,2,0.7626555999999998
3,"[9, 5, 4]",rainbow,4,3,2,1.4623370831168838
4,"[9, 5, 4]",rainbow,8,6,4,2.0924893740259747
5,"[9, 5, 4]",rainbow,10,7,5,2.9111254077922086
6,"[9, 5, 4]",rainbow,15,10,7,4.514328864935064
7,"[9, 5, 4]",rainbow,16,11,8,4.545660057142857
