,flop,board_type,0b,1b,2b,profit
0,"[9, 3, 2]",rainbow,1,1,1,-0.23252874999017387
1,"[9, 3, 2]",rainbow,2,2,2,0.07778257255158882
2,"[9, 3, 2]",rainbow,3,2,2,0.2856648693285295
3,"[9, 3, 2]",rainbow,4,3,2,0.9497505653062575
4,"[9, 3, 2]",rainbow,8,6,4,2.244382383570259
5,"[9, 3, 2]",rainbow,10,7,5,3.160800435709139
6,"[9, 3, 2]",rainbow,15,10,7,4.5160970833802825
7,"[9, 3, 2]",rainbow,16,11,8,4.592681371405176
