,flop,board_type,0b,1b,2b,profit
0,"[8, 8, 5]",rainbow,1,1,1,-0.7895950869632034
1,"[8, 8, 5]",rainbow,2,2,2,-0.4926120309503055
2,"[8, 8, 5]",rainbow,3,2,2,-0.30719019821327564
3,"[8, 8, 5]",rainbow,4,3,2,0.11271371208774195
4,"[8, 8, 5]",rainbow,8,6,4,1.185383529786423
5,"[8, 8, 5]",rainbow,10,7,5,2.304831252688625
6,"[8, 8, 5]",rainbow,15,10,7,3.5333658895558315
7,"[8, 8, 5]",rainbow,16,11,8,4.13760686028563
