,flop,board_type,0b,1b,2b,profit
0,"[8, 8, 4]",rainbow,1,1,1,-0.8745763583559516
1,"[8, 8, 4]",rainbow,8,6,4,1.5689893313065901
2,"[8, 8, 4]",rainbow,10,7,5,2.330241898579411
3,"[8, 8, 4]",rainbow,15,10,7,3.7369965487515375
4,"[8, 8, 4]",rainbow,16,11,8,4.360128938586381
