,flop,board_type,0b,1b,2b,profit
0,"[8, 8, 3]",rainbow,1,1,1,-1.1677547700733082
1,"[8, 8, 3]",rainbow,8,6,4,1.5987229857912715
2,"[8, 8, 3]",rainbow,10,7,5,2.241272290601813
3,"[8, 8, 3]",rainbow,15,10,7,3.7184920087632976
4,"[8, 8, 3]",rainbow,16,11,8,4.383007371391964
