,flop,board_type,0b,1b,2b,profit
0,"[8, 7, 2]",rainbow,1,1,1,-0.17671665186915742
1,"[8, 7, 2]",rainbow,2,2,2,0.4330206142723638
2,"[8, 7, 2]",rainbow,3,2,2,1.092447575113485
3,"[8, 7, 2]",rainbow,4,3,2,1.5264016393257693
4,"[8, 7, 2]",rainbow,8,6,4,2.072192091348464
5,"[8, 7, 2]",rainbow,10,7,5,2.7060131773854033
6,"[8, 7, 2]",rainbow,15,10,7,3.924439718669337
7,"[8, 7, 2]",rainbow,16,11,8,4.419496477487762
