,flop,board_type,0b,1b,2b,profit
0,"[8, 6, 4]",rainbow,1,1,1,0.9795424060981905
1,"[8, 6, 4]",rainbow,2,2,2,1.2936324839922473
2,"[8, 6, 4]",rainbow,3,2,2,1.5189863775581383
3,"[8, 6, 4]",rainbow,4,3,2,1.6615587449741598
4,"[8, 6, 4]",rainbow,8,6,4,2.6553683596726954
5,"[8, 6, 4]",rainbow,10,7,5,3.4820396811670955
6,"[8, 6, 4]",rainbow,15,10,7,4.965955627993107
7,"[8, 6, 4]",rainbow,16,11,8,5.492093097558139
