,flop,board_type,0b,1b,2b,profit
0,"[8, 5, 3]",rainbow,1,1,1,0.041937337935158414
1,"[8, 5, 3]",rainbow,2,2,2,0.33655140357427604
2,"[8, 5, 3]",rainbow,3,2,2,0.5556717341349988
3,"[8, 5, 3]",rainbow,4,3,2,0.9815585523385589
4,"[8, 5, 3]",rainbow,8,6,4,2.0868748766144023
5,"[8, 5, 3]",rainbow,10,7,5,2.6224752385197974
6,"[8, 5, 3]",rainbow,15,10,7,4.056322853769155
7,"[8, 5, 3]",rainbow,16,11,8,4.638048755018158
