,flop,board_type,0b,1b,2b,profit
0,"[7, 7, 4]",rainbow,1,1,1,-0.1937078927516892
1,"[7, 7, 4]",rainbow,2,2,2,0.08722539231659276
2,"[7, 7, 4]",rainbow,3,2,2,0.08967562380874672
3,"[7, 7, 4]",rainbow,4,3,2,0.3367514756306277
4,"[7, 7, 4]",rainbow,8,6,4,1.828465503050357
5,"[7, 7, 4]",rainbow,10,7,5,2.792833653898855
6,"[7, 7, 4]",rainbow,15,10,7,4.181777143631095
7,"[7, 7, 4]",rainbow,16,11,8,4.855024244023705
