,flop,board_type,0b,1b,2b,profit
0,"[7, 6, 5]",rainbow,1,1,1,0.8774297978457564
1,"[7, 6, 5]",rainbow,2,2,2,1.59757908401551
2,"[7, 6, 5]",rainbow,3,2,2,2.478911397845756
3,"[7, 6, 5]",rainbow,4,3,2,3.4313133171908654
4,"[7, 6, 5]",rainbow,8,6,4,3.9590879090047393
5,"[7, 6, 5]",rainbow,10,7,5,4.605499845928478
6,"[7, 6, 5]",rainbow,15,10,7,5.318766389659628
7,"[7, 6, 5]",rainbow,16,11,8,5.890969647824214
