,flop,board_type,0b,1b,2b,profit
0,"[7, 4, 4]",rainbow,1,1,1,0.173374905555557
1,"[7, 4, 4]",rainbow,2,2,2,0.46502822729766913
2,"[7, 4, 4]",rainbow,8,6,4,2.244996253772291
3,"[7, 4, 4]",rainbow,10,7,5,3.1894770365569274
4,"[7, 4, 4]",rainbow,15,10,7,4.517788474759945
5,"[7, 4, 4]",rainbow,16,11,8,5.159638317009602
