,flop,board_type,0b,1b,2b,profit
0,"[6, 6, 4]",rainbow,1,1,1,0.0576306314239885
1,"[6, 6, 4]",rainbow,2,2,2,0.43372731196402037
2,"[6, 6, 4]",rainbow,3,2,2,0.6206518857482741
3,"[6, 6, 4]",rainbow,4,3,2,0.7689740541229335
4,"[6, 6, 4]",rainbow,8,6,4,2.291112600096568
5,"[6, 6, 4]",rainbow,10,7,5,3.3462061043317255
6,"[6, 6, 4]",rainbow,15,10,7,4.721297151745464
7,"[6, 6, 4]",rainbow,16,11,8,5.401959430295805
