,flop,board_type,0b,1b,2b,profit
0,"[6, 6, 3]",rainbow,1,1,1,-0.034440633310251156
1,"[6, 6, 3]",rainbow,2,2,2,0.23108011992300526
2,"[6, 6, 3]",rainbow,3,2,2,0.23135897370772596
3,"[6, 6, 3]",rainbow,4,3,2,0.4707187804956776
4,"[6, 6, 3]",rainbow,8,6,4,2.3133192078408316
5,"[6, 6, 3]",rainbow,10,7,5,3.2598383446025925
6,"[6, 6, 3]",rainbow,15,10,7,4.723970702148495
7,"[6, 6, 3]",rainbow,16,11,8,5.451716681213176
