,flop,board_type,0b,1b,2b,profit
0,"[6, 5, 5]",rainbow,1,1,1,0.22618448679473935
1,"[6, 5, 5]",rainbow,2,2,2,0.5231720683714087
2,"[6, 5, 5]",rainbow,3,2,2,0.8935445376947047
3,"[6, 5, 5]",rainbow,4,3,2,1.2145454119851153
4,"[6, 5, 5]",rainbow,8,6,4,2.5050621055295945
5,"[6, 5, 5]",rainbow,10,7,5,3.80540965046729
6,"[6, 5, 5]",rainbow,15,10,7,4.922215748208722
7,"[6, 5, 5]",rainbow,16,11,8,5.6027052514191755
