,flop,board_type,0b,1b,2b,profit
0,"[6, 3, 2]",rainbow,1,1,1,0.5317253666904057
1,"[6, 3, 2]",rainbow,8,6,4,2.6543666460913284
2,"[6, 3, 2]",rainbow,10,7,5,3.3490718571638034
3,"[6, 3, 2]",rainbow,15,10,7,4.957513666246333
4,"[6, 3, 2]",rainbow,16,11,8,5.672803636434857
