,flop,board_type,0b,1b,2b,profit
0,"[6, 2, 2]",rainbow,1,1,1,-0.2895177764873168
1,"[6, 2, 2]",rainbow,2,2,2,-0.2789558731369609
2,"[6, 2, 2]",rainbow,3,2,2,-0.09497919398430621
3,"[6, 2, 2]",rainbow,4,3,2,0.2826559518516215
4,"[6, 2, 2]",rainbow,8,6,4,2.1623005380599487
5,"[6, 2, 2]",rainbow,10,7,5,2.8603785001868234
6,"[6, 2, 2]",rainbow,15,10,7,4.480506422074147
7,"[6, 2, 2]",rainbow,16,11,8,5.165095737597044
