,flop,board_type,0b,1b,2b,profit
0,"[5, 5, 3]",rainbow,1,1,1,0.29228326957532436
1,"[5, 5, 3]",rainbow,2,2,2,0.6699702163269547
2,"[5, 5, 3]",rainbow,3,2,2,0.8524933318942254
3,"[5, 5, 3]",rainbow,4,3,2,0.9882900249408446
4,"[5, 5, 3]",rainbow,8,6,4,2.6386100862987263
5,"[5, 5, 3]",rainbow,10,7,5,3.5182833138403415
6,"[5, 5, 3]",rainbow,15,10,7,4.926845295641163
7,"[5, 5, 3]",rainbow,16,11,8,5.65611767866246
