,flop,board_type,0b,1b,2b,profit
0,"[5, 5, 2]",rainbow,1,1,1,0.04500693799062283
1,"[5, 5, 2]",rainbow,2,2,2,0.04710979875104826
2,"[5, 5, 2]",rainbow,8,6,4,2.2383420559693707
3,"[5, 5, 2]",rainbow,10,7,5,2.9891836717757627
4,"[5, 5, 2]",rainbow,15,10,7,4.618459715403043
5,"[5, 5, 2]",rainbow,16,11,8,5.359870987735713
