,flop,board_type,0b,1b,2b,profit
0,"[5, 4, 3]",rainbow,1,1,1,0.9831404255952378
1,"[5, 4, 3]",rainbow,2,2,2,0.9870002843915349
2,"[5, 4, 3]",rainbow,3,2,2,1.349416136243386
3,"[5, 4, 3]",rainbow,4,3,2,1.7432478346560842
4,"[5, 4, 3]",rainbow,8,6,4,3.085798380787036
5,"[5, 4, 3]",rainbow,10,7,5,3.87591494212963
6,"[5, 4, 3]",rainbow,15,10,7,5.45452841848545
7,"[5, 4, 3]",rainbow,16,11,8,6.109721082175925
