,flop,board_type,0b,1b,2b,profit
0,"[5, 2, 2]",rainbow,1,1,1,-0.08783545484839672
1,"[5, 2, 2]",rainbow,8,6,4,2.1071599810754114
2,"[5, 2, 2]",rainbow,10,7,5,2.848187055704118
3,"[5, 2, 2]",rainbow,15,10,7,4.457619287324639
4,"[5, 2, 2]",rainbow,16,11,8,5.163284454149012
