,flop,board_type,0b,1b,2b,profit
0,"[14, 14, 7]",two-tone,1,1,1,-3.5574607399278113
1,"[14, 14, 7]",two-tone,3,2,2,-3.5573368665550307
2,"[14, 14, 7]",two-tone,8,6,4,-2.767035125726628
3,"[14, 14, 7]",two-tone,10,7,5,-1.6864614621021166
4,"[14, 14, 7]",two-tone,16,11,8,0.23286892655064761
