,flop,board_type,0b,1b,2b,profit
0,"[14, 12, 11]",two-tone,1,1,1,0.4656485330751532
1,"[14, 12, 11]",two-tone,2,2,2,1.7079877304941444
2,"[14, 12, 11]",two-tone,3,2,2,2.1889885333671275
3,"[14, 12, 11]",two-tone,4,3,2,4.236507330359609
4,"[14, 12, 11]",two-tone,8,6,4,5.293550631252533
5,"[14, 12, 11]",two-tone,16,11,8,10.26489090111912
