,flop,board_type,0b,1b,2b,profit
0,"[14, 12, 2]",two-tone,1,1,1,-3.6728081107809842
1,"[14, 12, 2]",two-tone,2,2,2,-2.6713554866298814
2,"[14, 12, 2]",two-tone,3,2,2,-2.4039332359932093
3,"[14, 12, 2]",two-tone,4,3,2,-1.655974529711376
4,"[14, 12, 2]",two-tone,8,6,4,0.14696361602656371
5,"[14, 12, 2]",two-tone,16,11,8,6.426249207902454
