,flop,board_type,0b,1b,2b,profit
0,"[14, 9, 9]",two-tone,1,1,1,-2.734863295238095
1,"[14, 9, 9]",two-tone,8,6,4,-0.15765051726190538
2,"[14, 9, 9]",two-tone,10,7,5,0.2666518279761907
3,"[14, 9, 9]",two-tone,16,11,8,3.8357293808621926
