,flop,board_type,0b,1b,2b,profit
0,"[14, 9, 7]",two-tone,1,1,1,-1.3720439477832513
1,"[14, 9, 7]",two-tone,2,2,2,-1.371962912315271
2,"[14, 9, 7]",two-tone,3,2,2,-1.0223126935960585
3,"[14, 9, 7]",two-tone,4,3,2,-0.35429921921182306
4,"[14, 9, 7]",two-tone,8,6,4,0.8893657231527086
5,"[14, 9, 7]",two-tone,10,7,5,1.5455269674876837
6,"[14, 9, 7]",two-tone,16,11,8,4.293399055504246
