,flop,board_type,0b,1b,2b,profit
0,"[14, 8, 7]",two-tone,1,1,1,-1.0231420170702175
1,"[14, 8, 7]",two-tone,2,2,2,-0.06585596489104173
2,"[14, 8, 7]",two-tone,3,2,2,0.2766916611380139
3,"[14, 8, 7]",two-tone,4,3,2,0.9134347084745751
4,"[14, 8, 7]",two-tone,8,6,4,1.7345215174468103
5,"[14, 8, 7]",two-tone,10,7,5,2.383844345291846
6,"[14, 8, 7]",two-tone,16,11,8,4.085491706694151
