,flop,board_type,0b,1b,2b,profit
0,"[14, 7, 7]",two-tone,1,1,1,-3.624273968548387
1,"[14, 7, 7]",two-tone,2,2,2,-3.6219039352534566
2,"[14, 7, 7]",two-tone,3,2,2,-3.6163023654377877
3,"[14, 7, 7]",two-tone,8,6,4,-2.6404761091013826
4,"[14, 7, 7]",two-tone,10,7,5,-1.8290479117511522
5,"[14, 7, 7]",two-tone,16,11,8,0.13486495161290257
