,flop,board_type,0b,1b,2b,profit
0,"[14, 5, 4]",two-tone,1,1,1,-4.36126368901099
1,"[14, 5, 4]",two-tone,8,6,4,-3.949193143956044
2,"[14, 5, 4]",two-tone,10,7,5,-3.707329206043956
3,"[14, 5, 4]",two-tone,16,11,8,-1.636027062637364
