,flop,board_type,0b,1b,2b,profit
0,"[14, 4, 3]",two-tone,1,1,1,-4.462814234615385
1,"[14, 4, 3]",two-tone,8,6,4,-4.0394169934065935
2,"[14, 4, 3]",two-tone,10,7,5,-3.793459452747254
3,"[14, 4, 3]",two-tone,16,11,8,-1.7244102027472539
