,flop,board_type,0b,1b,2b,profit
0,"[14, 4, 2]",two-tone,1,1,1,-4.531388448901099
1,"[14, 4, 2]",two-tone,2,2,2,-4.523942056593407
2,"[14, 4, 2]",two-tone,8,6,4,-4.112477742307693
3,"[14, 4, 2]",two-tone,10,7,5,-3.8653099763736276
4,"[14, 4, 2]",two-tone,16,11,8,-1.7951717269230776
