,flop,board_type,0b,1b,2b,profit
0,"[14, 3, 2]",two-tone,1,1,1,-4.522723496153848
1,"[14, 3, 2]",two-tone,2,2,2,-4.519064521428572
2,"[14, 3, 2]",two-tone,8,6,4,-4.111563943956044
3,"[14, 3, 2]",two-tone,10,7,5,-3.8604622851648354
4,"[14, 3, 2]",two-tone,16,11,8,-1.7806361549450562
