,flop,board_type,0b,1b,2b,profit
0,"[13, 13, 4]",two-tone,1,1,1,-6.481561979831933
1,"[13, 13, 4]",two-tone,8,6,4,-5.290259051715687
2,"[13, 13, 4]",two-tone,10,7,5,-5.286902356267507
3,"[13, 13, 4]",two-tone,16,11,8,-4.458734154586834
