,flop,board_type,0b,1b,2b,profit
0,"[13, 13, 3]",two-tone,1,1,1,-6.489923521218487
1,"[13, 13, 3]",two-tone,2,2,2,-6.489070232037815
2,"[13, 13, 3]",two-tone,8,6,4,-5.292162075980392
3,"[13, 13, 3]",two-tone,16,11,8,-4.459378471498599
