,flop,board_type,0b,1b,2b,profit
0,"[13, 12, 10]",two-tone,1,1,1,2.019938669163807
1,"[13, 12, 10]",two-tone,2,2,2,4.7907281209908845
2,"[13, 12, 10]",two-tone,3,2,2,4.968908883013627
3,"[13, 12, 10]",two-tone,4,3,2,7.595016422070232
4,"[13, 12, 10]",two-tone,8,6,4,7.860069758670739
5,"[13, 12, 10]",two-tone,16,11,8,12.030583858456737
