,flop,board_type,0b,1b,2b,profit
0,"[13, 12, 9]",two-tone,1,1,1,2.248740652061304
1,"[13, 12, 9]",two-tone,3,2,2,3.2701360673344357
2,"[13, 12, 9]",two-tone,4,3,2,7.409996207194577
3,"[13, 12, 9]",two-tone,8,6,4,8.131721729089483
4,"[13, 12, 9]",two-tone,16,11,8,11.28367383797094
