,flop,board_type,0b,1b,2b,profit
0,"[13, 12, 3]",two-tone,1,1,1,-4.902813696581198
1,"[13, 12, 3]",two-tone,2,2,2,-3.8374777699633698
2,"[13, 12, 3]",two-tone,3,2,2,-3.3787206068376068
3,"[13, 12, 3]",two-tone,4,3,2,-1.640779656166056
4,"[13, 12, 3]",two-tone,8,6,4,-0.1241555291819294
5,"[13, 12, 3]",two-tone,10,7,5,-0.12084575042735057
6,"[13, 12, 3]",two-tone,16,11,8,6.419301820316615
