,flop,board_type,0b,1b,2b,profit
0,"[13, 12, 2]",two-tone,1,1,1,-4.910755638156289
1,"[13, 12, 2]",two-tone,2,2,2,-3.840051442979243
2,"[13, 12, 2]",two-tone,3,2,2,-3.376557886813187
3,"[13, 12, 2]",two-tone,4,3,2,-1.640668276678877
4,"[13, 12, 2]",two-tone,8,6,4,-0.12347335579975649
5,"[13, 12, 2]",two-tone,16,11,8,6.423345979046774
