,flop,board_type,0b,1b,2b,profit
0,"[13, 11, 3]",two-tone,1,1,1,-2.9382499020338986
1,"[13, 11, 3]",two-tone,8,6,4,0.2831010277966097
2,"[13, 11, 3]",two-tone,10,7,5,0.28720057762711804
3,"[13, 11, 3]",two-tone,16,11,8,5.688640736271187
