,flop,board_type,0b,1b,2b,profit
0,"[13, 10, 2]",two-tone,1,1,1,-4.873690853166667
1,"[13, 10, 2]",two-tone,2,2,2,-3.7736693338333334
2,"[13, 10, 2]",two-tone,3,2,2,-3.7691251788333338
3,"[13, 10, 2]",two-tone,8,6,4,-2.900357156
4,"[13, 10, 2]",two-tone,10,7,5,-2.8946501526666673
5,"[13, 10, 2]",two-tone,16,11,8,1.506363625666666
