,flop,board_type,0b,1b,2b,profit
0,"[13, 6, 4]",two-tone,1,1,1,-4.6627240629014395
1,"[13, 6, 4]",two-tone,2,2,2,-4.657132883499447
2,"[13, 6, 4]",two-tone,8,6,4,-3.4251360286821715
3,"[13, 6, 4]",two-tone,10,7,5,-3.3193956708748615
4,"[13, 6, 4]",two-tone,16,11,8,-2.0609632721299374
