,flop,board_type,0b,1b,2b,profit
0,"[13, 5, 5]",two-tone,1,1,1,-6.721557330549684
1,"[13, 5, 5]",two-tone,2,2,2,-6.7158686665961955
2,"[13, 5, 5]",two-tone,3,2,2,-6.7080435538054966
3,"[13, 5, 5]",two-tone,8,6,4,-5.5447327517618055
4,"[13, 5, 5]",two-tone,10,7,5,-5.5422967606765345
5,"[13, 5, 5]",two-tone,16,11,8,-4.729755284249473
