,flop,board_type,0b,1b,2b,profit
0,"[13, 2, 2]",two-tone,1,1,1,-6.71487095729387
1,"[13, 2, 2]",two-tone,8,6,4,-5.5410692498238205
2,"[13, 2, 2]",two-tone,16,11,8,-4.726664321458775
