,flop,board_type,0b,1b,2b,profit
0,"[12, 12, 9]",two-tone,1,1,1,-1.3126094343262145
1,"[12, 12, 9]",two-tone,2,2,2,-0.4186538335692238
2,"[12, 12, 9]",two-tone,3,2,2,-0.11922940628752832
3,"[12, 12, 9]",two-tone,4,3,2,0.518858945439826
4,"[12, 12, 9]",two-tone,8,6,4,1.3824258622994934
5,"[12, 12, 9]",two-tone,16,11,8,4.147531901467877
