,flop,board_type,0b,1b,2b,profit
0,"[12, 12, 6]",two-tone,1,1,1,-2.0073804187385753
1,"[12, 12, 6]",two-tone,2,2,2,-2.001486532927259
2,"[12, 12, 6]",two-tone,8,6,4,-0.00039830695413645145
3,"[12, 12, 6]",two-tone,10,7,5,0.20430682448487847
4,"[12, 12, 6]",two-tone,16,11,8,0.4123514115050684
