,flop,board_type,0b,1b,2b,profit
0,"[14, 14, 11]",rainbow,1,1,1,7.222939853444407
1,"[14, 14, 11]",rainbow,10,7,5,7.223094840457394
2,"[14, 14, 11]",rainbow,16,11,8,7.224103486097469
