,flop,board_type,0b,1b,2b,profit
0,"[14, 12, 8]",rainbow,1,1,1,6.422926328007518
1,"[14, 12, 8]",rainbow,16,11,8,6.424881532894737
