,flop,board_type,0b,1b,2b,profit
0,"[14, 11, 8]",rainbow,1,1,1,4.3458249448717945
1,"[14, 11, 8]",rainbow,16,11,8,4.352275447435898
