,flop,board_type,0b,1b,2b,profit
0,"[14, 10, 10]",rainbow,1,1,1,4.250767440778799
1,"[14, 10, 10]",rainbow,8,6,4,4.2518305440778805
2,"[14, 10, 10]",rainbow,15,10,7,4.262982687939426
