,flop,board_type,0b,1b,2b,profit
0,"[14, 9, 2]",rainbow,1,1,1,5.477525944186047
1,"[14, 9, 2]",rainbow,10,7,5,5.482266893023257
