,flop,board_type,0b,1b,2b,profit
0,"[14, 6, 3]",rainbow,1,1,1,6.649601877906977
1,"[14, 6, 3]",rainbow,8,6,4,6.6501605755813955
2,"[14, 6, 3]",rainbow,10,7,5,6.650241013081395
