,flop,board_type,0b,1b,2b,profit
0,"[13, 12, 2]",rainbow,1,1,1,7.632173234497273
1,"[13, 12, 2]",rainbow,2,2,2,7.6334913214537945
2,"[13, 12, 2]",rainbow,10,7,5,7.6360964084103164
3,"[13, 12, 2]",rainbow,16,11,8,7.6369668431929245
