,flop,board_type,0b,1b,2b,profit
0,"[13, 11, 9]",rainbow,1,1,1,8.107746363395352
1,"[13, 11, 9]",rainbow,2,2,2,8.113607222642317
2,"[13, 11, 9]",rainbow,10,7,5,8.113841001051409
3,"[13, 11, 9]",rainbow,15,10,7,8.115468595090618
4,"[13, 11, 9]",rainbow,16,11,8,8.123378301976887
