,flop,board_type,0b,1b,2b,profit
0,"[13, 11, 3]",rainbow,1,1,1,7.359642115373469
1,"[13, 11, 3]",rainbow,3,2,2,7.362436879181609
2,"[13, 11, 3]",rainbow,15,10,7,7.36324667903626
