,flop,board_type,0b,1b,2b,profit
0,"[13, 9, 6]",rainbow,1,1,1,5.83818196763834
1,"[13, 9, 6]",rainbow,15,10,7,5.8384340513834
2,"[13, 9, 6]",rainbow,16,11,8,5.840405882905139
