,flop,board_type,0b,1b,2b,profit
0,"[13, 9, 2]",rainbow,1,1,1,5.854545001482213
1,"[13, 9, 2]",rainbow,8,6,4,5.855959107954546
2,"[13, 9, 2]",rainbow,15,10,7,5.857390488883399
