,flop,board_type,0b,1b,2b,profit
0,"[13, 8, 2]",rainbow,1,1,1,6.175053321640318
1,"[13, 8, 2]",rainbow,2,2,2,6.176152248764822
2,"[13, 8, 2]",rainbow,15,10,7,6.178795173171937
