,flop,board_type,0b,1b,2b,profit
0,"[13, 7, 7]",rainbow,1,1,1,6.227134550104627
1,"[13, 7, 7]",rainbow,8,6,4,6.234892158800278
