,flop,board_type,0b,1b,2b,profit
0,"[13, 7, 6]",rainbow,1,1,1,6.157237065711462
1,"[13, 7, 6]",rainbow,10,7,5,6.158377362895257
2,"[13, 7, 6]",rainbow,15,10,7,6.1593489137845845
