,flop,board_type,0b,1b,2b,profit
0,"[13, 7, 4]",rainbow,1,1,1,6.17008124555336
1,"[13, 7, 4]",rainbow,15,10,7,6.173156474555336
2,"[13, 7, 4]",rainbow,16,11,8,6.175544328557313
