,flop,board_type,0b,1b,2b,profit
0,"[13, 6, 4]",rainbow,1,1,1,6.889715154304145
1,"[13, 6, 4]",rainbow,3,2,2,6.894919917754981
