,flop,board_type,0b,1b,2b,profit
0,"[13, 4, 4]",rainbow,1,1,1,6.878872350030921
1,"[13, 4, 4]",rainbow,2,2,2,6.885454233147804
2,"[13, 4, 4]",rainbow,4,3,2,6.887114265615336
