,flop,board_type,0b,1b,2b,profit
0,"[13, 3, 3]",rainbow,1,1,1,6.884135360235003
1,"[13, 3, 3]",rainbow,16,11,8,6.888096139455783
