,flop,board_type,0b,1b,2b,profit
0,"[13, 2, 2]",rainbow,1,1,1,6.8827748824984525
1,"[13, 2, 2]",rainbow,3,2,2,6.883673546691403
2,"[13, 2, 2]",rainbow,8,6,4,6.888795100494743
