,flop,board_type,0b,1b,2b,profit
0,"[12, 12, 10]",rainbow,1,1,1,3.898937688187276
1,"[12, 12, 10]",rainbow,15,10,7,3.8995353922929183
