,flop,board_type,0b,1b,2b,profit
0,"[12, 12, 8]",rainbow,1,1,1,3.6433973303529426
1,"[12, 12, 8]",rainbow,2,2,2,3.645627700894119
2,"[12, 12, 8]",rainbow,8,6,4,3.650621702588236
