,flop,board_type,0b,1b,2b,profit
0,"[12, 12, 5]",rainbow,1,1,1,4.190943235294118
1,"[12, 12, 5]",rainbow,3,2,2,4.193473546059934
2,"[12, 12, 5]",rainbow,15,10,7,4.193822800221977
