,flop,board_type,0b,1b,2b,profit
0,"[12, 11, 8]",rainbow,1,1,1,6.363049622973924
1,"[12, 11, 8]",rainbow,2,2,2,6.364510751962565
2,"[12, 11, 8]",rainbow,8,6,4,6.369296108912268
