,flop,board_type,0b,1b,2b,profit
0,"[12, 11, 7]",rainbow,1,1,1,5.750743852509178
1,"[12, 11, 7]",rainbow,2,2,2,5.760796735006119
