,flop,board_type,0b,1b,2b,profit
0,"[12, 11, 2]",rainbow,1,1,1,6.187636110323313
1,"[12, 11, 2]",rainbow,2,2,2,6.199678881168462
