,flop,board_type,0b,1b,2b,profit
0,"[12, 10, 5]",rainbow,1,1,1,5.0739147627906975
1,"[12, 10, 5]",rainbow,2,2,2,5.07949153701138
2,"[12, 10, 5]",rainbow,3,2,2,5.079613291885205
