,flop,board_type,0b,1b,2b,profit
0,"[12, 9, 8]",rainbow,1,1,1,2.5744834916312045
1,"[12, 9, 8]",rainbow,2,2,2,2.587021853333332
2,"[12, 9, 8]",rainbow,8,6,4,2.587809184964538
3,"[12, 9, 8]",rainbow,16,11,8,2.5901599021276587
