,flop,board_type,0b,1b,2b,profit
0,"[12, 9, 5]",rainbow,1,1,1,4.556851162862669
1,"[12, 9, 5]",rainbow,8,6,4,4.5752172208897495
