,flop,board_type,0b,1b,2b,profit
0,"[12, 9, 4]",rainbow,1,1,1,4.565589637137331
1,"[12, 9, 4]",rainbow,2,2,2,4.570062522243714
2,"[12, 9, 4]",rainbow,8,6,4,4.571038955512573
3,"[12, 9, 4]",rainbow,10,7,5,4.5782409052224375
