,flop,board_type,0b,1b,2b,profit
0,"[12, 9, 3]",rainbow,1,1,1,4.571041912572534
1,"[12, 9, 3]",rainbow,15,10,7,4.580455079303675
