,flop,board_type,0b,1b,2b,profit
0,"[12, 7, 4]",rainbow,1,1,1,5.087211574468086
1,"[12, 7, 4]",rainbow,2,2,2,5.0973761361702135
2,"[12, 7, 4]",rainbow,3,2,2,5.097760553965184
3,"[12, 7, 4]",rainbow,8,6,4,5.103323628626693
