,flop,board_type,0b,1b,2b,profit
0,"[12, 7, 2]",rainbow,1,1,1,5.095553380270793
1,"[12, 7, 2]",rainbow,2,2,2,5.0973457206963255
2,"[12, 7, 2]",rainbow,3,2,2,5.098918574854933
3,"[12, 7, 2]",rainbow,16,11,8,5.10228859729207
