,flop,board_type,0b,1b,2b,profit
0,"[11, 11, 9]",rainbow,1,1,1,4.1818346385875955
1,"[11, 11, 9]",rainbow,15,10,7,4.18745399445903
