,flop,board_type,0b,1b,2b,profit
0,"[11, 11, 8]",rainbow,1,1,1,3.9367464241195105
1,"[11, 11, 8]",rainbow,2,2,2,3.9393793849162515
2,"[11, 11, 8]",rainbow,8,6,4,3.940674107234042
3,"[11, 11, 8]",rainbow,15,10,7,3.9408301764418283
