,flop,board_type,0b,1b,2b,profit
0,"[11, 10, 10]",rainbow,1,1,1,6.032335481718751
1,"[11, 10, 10]",rainbow,2,2,2,6.033379402031251
