,flop,board_type,0b,1b,2b,profit
0,"[11, 9, 6]",rainbow,1,1,1,5.702572114710366
1,"[11, 9, 6]",rainbow,2,2,2,5.7059921650152425
2,"[11, 9, 6]",rainbow,3,2,2,5.710978799542683
