,flop,board_type,0b,1b,2b,profit
0,"[11, 8, 8]",rainbow,1,1,1,5.614625881097561
1,"[11, 8, 8]",rainbow,2,2,2,5.625844251905488
2,"[11, 8, 8]",rainbow,3,2,2,5.6279656646341465
3,"[11, 8, 8]",rainbow,8,6,4,5.633901378429878
