,flop,board_type,0b,1b,2b,profit
0,"[11, 7, 3]",rainbow,1,1,1,5.49373748894817
1,"[11, 7, 3]",rainbow,8,6,4,5.496233934832317
2,"[11, 7, 3]",rainbow,10,7,5,5.496926422637195
