,flop,board_type,0b,1b,2b,profit
0,"[11, 5, 4]",rainbow,1,1,1,5.603847452556819
1,"[11, 5, 4]",rainbow,2,2,2,5.606890283522727
2,"[11, 5, 4]",rainbow,8,6,4,5.615651168181818
