,flop,board_type,0b,1b,2b,profit
0,"[11, 5, 2]",rainbow,1,1,1,5.603996084659093
1,"[11, 5, 2]",rainbow,2,2,2,5.609459397443183
2,"[11, 5, 2]",rainbow,15,10,7,5.610025528977273
3,"[11, 5, 2]",rainbow,16,11,8,5.6128028940340915
