,flop,board_type,0b,1b,2b,profit
0,"[11, 4, 2]",rainbow,1,1,1,5.601473704261364
1,"[11, 4, 2]",rainbow,8,6,4,5.601862164204546
2,"[11, 4, 2]",rainbow,10,7,5,5.609078504829546
3,"[11, 4, 2]",rainbow,15,10,7,5.61823969346591
