,flop,board_type,0b,1b,2b,profit
0,"[10, 10, 10]",rainbow,1,1,1,5.236174230324076
1,"[10, 10, 10]",rainbow,10,7,5,5.240160730324076
2,"[10, 10, 10]",rainbow,16,11,8,5.245839261574076
