,flop,board_type,0b,1b,2b,profit
0,"[10, 9, 2]",rainbow,1,1,1,5.327524970930232
1,"[10, 9, 2]",rainbow,2,2,2,5.335869052325581
