,flop,board_type,0b,1b,2b,profit
0,"[10, 6, 3]",rainbow,1,1,1,5.657525308695653
1,"[10, 6, 3]",rainbow,2,2,2,5.659616360869566
2,"[10, 6, 3]",rainbow,8,6,4,5.666880352173912
