,flop,board_type,0b,1b,2b,profit
0,"[10, 5, 4]",rainbow,1,1,1,5.74500112826087
1,"[10, 5, 4]",rainbow,10,7,5,5.7466982934782616
2,"[10, 5, 4]",rainbow,15,10,7,5.751711997826088
