,flop,board_type,0b,1b,2b,profit
0,"[10, 5, 2]",rainbow,1,1,1,5.743509626086958
1,"[10, 5, 2]",rainbow,2,2,2,5.743606043478262
2,"[10, 5, 2]",rainbow,3,2,2,5.7496261043478265
