,flop,board_type,0b,1b,2b,profit
0,"[9, 9, 8]",rainbow,1,1,1,5.2788957750000005
1,"[9, 9, 8]",rainbow,2,2,2,5.283805861363637
2,"[9, 9, 8]",rainbow,3,2,2,5.289456770454546
3,"[9, 9, 8]",rainbow,4,3,2,5.295088875000001
4,"[9, 9, 8]",rainbow,16,11,8,5.295629672727274
