,flop,board_type,0b,1b,2b,profit
0,"[9, 8, 8]",rainbow,1,1,1,5.265331063636364
1,"[9, 8, 8]",rainbow,10,7,5,5.269094740909093
