,flop,board_type,0b,1b,2b,profit
0,"[9, 5, 5]",rainbow,1,1,1,5.857483326987683
1,"[9, 5, 5]",rainbow,2,2,2,5.861250816349385
