,flop,board_type,0b,1b,2b,profit
0,"[9, 4, 4]",rainbow,1,1,1,5.860921965285556
1,"[9, 4, 4]",rainbow,10,7,5,5.8641318376259814
