,flop,board_type,0b,1b,2b,profit
0,"[8, 7, 2]",rainbow,1,1,1,5.433440999999998
1,"[8, 7, 2]",rainbow,15,10,7,5.441701254545453
