,flop,board_type,0b,1b,2b,profit
0,"[6, 6, 3]",rainbow,1,1,1,6.2176047000000025
1,"[6, 6, 3]",rainbow,2,2,2,6.220920600000003
2,"[6, 6, 3]",rainbow,8,6,4,6.221297760000002
3,"[6, 6, 3]",rainbow,10,7,5,6.223386840000002
