,flop,board_type,0b,1b,2b,profit
0,"[4, 4, 3]",rainbow,1,1,1,6.3669113400000015
1,"[4, 4, 3]",rainbow,2,2,2,6.381476520000003
2,"[4, 4, 3]",rainbow,10,7,5,6.3843182400000025
