,flop,board_type,0b,1b,2b,profit
0,"[4, 3, 2]",rainbow,1,1,1,7.636630349999999
1,"[4, 3, 2]",rainbow,2,2,2,7.636666049999999
2,"[4, 3, 2]",rainbow,10,7,5,7.640586539999999
