,flop,board_type,0b,1b,2b,profit
0,"[4, 2, 2]",rainbow,1,1,1,6.378640260000002
1,"[4, 2, 2]",rainbow,2,2,2,6.379533180000001
2,"[4, 2, 2]",rainbow,10,7,5,6.388156200000003
