,flop,board_type,0b,1b,2b,profit
0,"[3, 2, 2]",rainbow,1,1,1,6.376059360000002
1,"[3, 2, 2]",rainbow,2,2,2,6.380455920000002
2,"[3, 2, 2]",rainbow,3,2,2,6.386375820000002
