,flop,board_type,0b,1b,2b,profit
0,"[2, 2, 2]",rainbow,1,1,1,6.688150650000002
1,"[2, 2, 2]",rainbow,15,10,7,6.695530260000003
