,flop,board_type,0b,1b,2b,profit
0,"[13, 10, 6]",monotone,1,1,1,1.2431925137587205
1,"[13, 10, 6]",monotone,2,2,2,1.249364263792564
