,flop,board_type,0b,1b,2b,profit
0,"[13, 9, 4]",monotone,1,1,1,1.0106799625699656
1,"[13, 9, 4]",monotone,2,2,2,1.0156943199906003
