,flop,board_type,0b,1b,2b,profit
0,"[14, 14, 11]",two-tone,1,1,1,-3.8278555078213796
1,"[14, 14, 11]",two-tone,2,2,2,-3.8259108820400134
2,"[14, 14, 11]",two-tone,3,2,2,-3.825056433013169
3,"[14, 14, 11]",two-tone,8,6,4,-1.206899557534157
4,"[14, 14, 11]",two-tone,15,10,7,5.081479736133919
