,flop,board_type,0b,1b,2b,profit
0,"[14, 14, 7]",two-tone,1,1,1,-3.5621588641881665
1,"[14, 14, 7]",two-tone,2,2,2,-3.561844648803551
2,"[14, 14, 7]",two-tone,4,3,2,-3.560439743478107
3,"[14, 14, 7]",two-tone,8,6,4,-2.7657210564958588
4,"[14, 14, 7]",two-tone,10,7,5,-1.6858364467175018
5,"[14, 14, 7]",two-tone,15,10,7,-0.35512437178018263
6,"[14, 14, 7]",two-tone,16,11,8,0.23286892655064761
