,flop,board_type,0b,1b,2b,profit
0,"[14, 14, 6]",two-tone,1,1,1,-3.9289191314359906
1,"[14, 14, 6]",two-tone,2,2,2,-3.9269492426785932
2,"[14, 14, 6]",two-tone,8,6,4,-3.583544864572085
3,"[14, 14, 6]",two-tone,10,7,5,-3.4762623136845114
4,"[14, 14, 6]",two-tone,15,10,7,-2.20979228674639
5,"[14, 14, 6]",two-tone,16,11,8,-1.61085323230852
