,flop,board_type,0b,1b,2b,profit
0,"[14, 14, 5]",two-tone,1,1,1,-5.5606118362148385
1,"[14, 14, 5]",two-tone,8,6,4,-5.2209862411922145
2,"[14, 14, 5]",two-tone,10,7,5,-5.120149772866423
3,"[14, 14, 5]",two-tone,15,10,7,-3.913153564028296
4,"[14, 14, 5]",two-tone,16,11,8,-3.3394411488699256
