,flop,board_type,0b,1b,2b,profit
0,"[14, 13, 9]",two-tone,1,1,1,-4.046185429025424
1,"[14, 13, 9]",two-tone,2,2,2,-2.9081940275423728
2,"[14, 13, 9]",two-tone,3,2,2,-2.7119889459745767
3,"[14, 13, 9]",two-tone,4,3,2,-1.7648658072033911
4,"[14, 13, 9]",two-tone,8,6,4,-0.6865811175847467
5,"[14, 13, 9]",two-tone,10,7,5,-0.6859318734110174
6,"[14, 13, 9]",two-tone,15,10,7,4.867449795582947
