,flop,board_type,0b,1b,2b,profit
0,"[14, 13, 8]",two-tone,1,1,1,-3.3514605593750004
1,"[14, 13, 8]",two-tone,2,2,2,-2.2359903984375
2,"[14, 13, 8]",two-tone,3,2,2,-2.0385915828125007
3,"[14, 13, 8]",two-tone,4,3,2,-0.8957133250000009
4,"[14, 13, 8]",two-tone,8,6,4,1.0491260680543402
5,"[14, 13, 8]",two-tone,10,7,5,1.04943131805434
6,"[14, 13, 8]",two-tone,15,10,7,6.409404280855428
