,flop,board_type,0b,1b,2b,profit
0,"[14, 13, 5]",two-tone,1,1,1,-4.679252211309524
1,"[14, 13, 5]",two-tone,2,2,2,-3.616944
2,"[14, 13, 5]",two-tone,3,2,2,-3.4111643705357144
3,"[14, 13, 5]",two-tone,4,3,2,-2.5359712157738103
4,"[14, 13, 5]",two-tone,8,6,4,-1.1895937649087889
5,"[14, 13, 5]",two-tone,15,10,7,5.358462485148055
6,"[14, 13, 5]",two-tone,16,11,8,5.417579416786916
