,flop,board_type,0b,1b,2b,profit
0,"[14, 13, 4]",two-tone,1,1,1,-4.677495922619048
1,"[14, 13, 4]",two-tone,2,2,2,-3.6154039851190474
2,"[14, 13, 4]",two-tone,3,2,2,-3.4111197172619043
3,"[14, 13, 4]",two-tone,4,3,2,-2.530069660714286
4,"[14, 13, 4]",two-tone,8,6,4,-1.190505275325456
5,"[14, 13, 4]",two-tone,15,10,7,5.358592700921864
6,"[14, 13, 4]",two-tone,16,11,8,5.417709632560726
