,flop,board_type,0b,1b,2b,profit
0,"[14, 12, 10]",two-tone,1,1,1,5.185895414584908
1,"[14, 12, 10]",two-tone,3,2,2,5.468765925967883
2,"[14, 12, 10]",two-tone,4,3,2,7.510691059657722
3,"[14, 12, 10]",two-tone,8,6,4,8.110012316399272
4,"[14, 12, 10]",two-tone,15,10,7,12.768272402193574
