,flop,board_type,0b,1b,2b,profit
0,"[14, 12, 5]",two-tone,1,1,1,-3.6691470895585745
1,"[14, 12, 5]",two-tone,2,2,2,-2.669023520797963
2,"[14, 12, 5]",two-tone,3,2,2,-2.4082349100169784
3,"[14, 12, 5]",two-tone,4,3,2,-1.653448290322581
4,"[14, 12, 5]",two-tone,8,6,4,0.14818461602656363
5,"[14, 12, 5]",two-tone,15,10,7,6.321364907157537
6,"[14, 12, 5]",two-tone,16,11,8,6.4258263148634045
