,flop,board_type,0b,1b,2b,profit
0,"[14, 12, 3]",two-tone,1,1,1,-3.668355814091681
1,"[14, 12, 3]",two-tone,2,2,2,-2.6641722177419354
2,"[14, 12, 3]",two-tone,3,2,2,-2.41195633106961
3,"[14, 12, 3]",two-tone,4,3,2,-1.6568906095076403
4,"[14, 12, 3]",two-tone,8,6,4,0.1471895735817419
5,"[14, 12, 3]",two-tone,15,10,7,6.320620698329014
6,"[14, 12, 3]",two-tone,16,11,8,6.427951145084117
