,flop,board_type,0b,1b,2b,profit
0,"[14, 10, 8]",two-tone,1,1,1,-2.251156875686813
1,"[14, 10, 8]",two-tone,2,2,2,-1.1147149410688457
2,"[14, 10, 8]",two-tone,3,2,2,-0.4542580419933451
3,"[14, 10, 8]",two-tone,4,3,2,1.2534342656989623
4,"[14, 10, 8]",two-tone,8,6,4,2.406077510321282
5,"[14, 10, 8]",two-tone,15,10,7,6.082619493502857
