,flop,board_type,0b,1b,2b,profit
0,"[14, 10, 2]",two-tone,1,1,1,-3.998882549282921
1,"[14, 10, 2]",two-tone,8,6,4,0.8684163476977687
2,"[14, 10, 2]",two-tone,15,10,7,5.560181387805072
