,flop,board_type,0b,1b,2b,profit
0,"[14, 9, 8]",two-tone,1,1,1,-1.247333096551724
1,"[14, 9, 8]",two-tone,2,2,2,-0.26753489359605975
2,"[14, 9, 8]",two-tone,3,2,2,0.07069686995073798
3,"[14, 9, 8]",two-tone,4,3,2,0.7280204975369453
4,"[14, 9, 8]",two-tone,8,6,4,1.8542896344827582
5,"[14, 9, 8]",two-tone,10,7,5,2.284014597044335
6,"[14, 9, 8]",two-tone,15,10,7,4.804977235401907
