,flop,board_type,0b,1b,2b,profit
0,"[14, 9, 3]",two-tone,1,1,1,-2.9865263194379397
1,"[14, 9, 3]",two-tone,8,6,4,-0.54951279297424
2,"[14, 9, 3]",two-tone,10,7,5,-0.3019129175644033
3,"[14, 9, 3]",two-tone,15,10,7,3.7777196777643725
4,"[14, 9, 3]",two-tone,16,11,8,3.98135188435311
