,flop,board_type,0b,1b,2b,profit
0,"[14, 8, 8]",two-tone,1,1,1,-3.4035701620967735
1,"[14, 8, 8]",two-tone,2,2,2,-3.3993175491935474
2,"[14, 8, 8]",two-tone,3,2,2,-3.393775891244239
3,"[14, 8, 8]",two-tone,4,3,2,-2.998068730299539
4,"[14, 8, 8]",two-tone,8,6,4,-1.1478185241935481
5,"[14, 8, 8]",two-tone,10,7,5,-0.5324191657834105
6,"[14, 8, 8]",two-tone,15,10,7,1.7108835834101377
7,"[14, 8, 8]",two-tone,16,11,8,2.161761815207374
