,flop,board_type,0b,1b,2b,profit
0,"[14, 8, 2]",two-tone,1,1,1,-2.7741694580645166
1,"[14, 8, 2]",two-tone,8,6,4,-0.6083992071428577
2,"[14, 8, 2]",two-tone,10,7,5,-0.3575958793778806
3,"[14, 8, 2]",two-tone,15,10,7,2.9126494927955715
4,"[14, 8, 2]",two-tone,16,11,8,3.342925867302857
