,flop,board_type,0b,1b,2b,profit
0,"[14, 7, 7]",two-tone,1,1,1,-3.624570880760369
1,"[14, 7, 7]",two-tone,2,2,2,-3.613671993663594
2,"[14, 7, 7]",two-tone,3,2,2,-3.6089161551843327
3,"[14, 7, 7]",two-tone,4,3,2,-3.6044618070276497
4,"[14, 7, 7]",two-tone,8,6,4,-2.650197087557604
5,"[14, 7, 7]",two-tone,10,7,5,-1.827407720506913
6,"[14, 7, 7]",two-tone,15,10,7,-0.5807917594470053
7,"[14, 7, 7]",two-tone,16,11,8,0.13209443594470027
