,flop,board_type,0b,1b,2b,profit
0,"[14, 4, 4]",two-tone,1,1,1,-5.2100500521978015
1,"[14, 4, 4]",two-tone,8,6,4,-4.794583443846154
2,"[14, 4, 4]",two-tone,10,7,5,-4.672656733956043
3,"[14, 4, 4]",two-tone,15,10,7,-3.6785102557142855
4,"[14, 4, 4]",two-tone,16,11,8,-2.968858859230769
