,flop,board_type,0b,1b,2b,profit
0,"[14, 3, 2]",two-tone,1,1,1,-4.5380663796703296
1,"[14, 3, 2]",two-tone,2,2,2,-4.531956012637362
2,"[14, 3, 2]",two-tone,3,2,2,-4.51577331043956
3,"[14, 3, 2]",two-tone,8,6,4,-4.107123395054945
4,"[14, 3, 2]",two-tone,10,7,5,-3.859794516483517
5,"[14, 3, 2]",two-tone,15,10,7,-2.478987714835166
6,"[14, 3, 2]",two-tone,16,11,8,-1.7829133016483523
