,flop,board_type,0b,1b,2b,profit
0,"[13, 13, 11]",two-tone,1,1,1,-4.0880140829941585
1,"[13, 13, 11]",two-tone,2,2,2,-4.082203794582627
2,"[13, 13, 11]",two-tone,3,2,2,-3.898245141699641
3,"[13, 13, 11]",two-tone,4,3,2,-2.8766041710005665
4,"[13, 13, 11]",two-tone,8,6,4,-2.0200993842754857
5,"[13, 13, 11]",two-tone,10,7,5,-2.018089441718486
6,"[13, 13, 11]",two-tone,15,10,7,3.902362942368569
