,flop,board_type,0b,1b,2b,profit
0,"[13, 13, 10]",two-tone,1,1,1,-4.695833365355604
1,"[13, 13, 10]",two-tone,2,2,2,-3.497980290912357
2,"[13, 13, 10]",two-tone,3,2,2,-3.4966456584500727
3,"[13, 13, 10]",two-tone,8,6,4,-2.7787298842672423
4,"[13, 13, 10]",two-tone,15,10,7,1.994001596605604
5,"[13, 13, 10]",two-tone,16,11,8,1.9992338328573993
