,flop,board_type,0b,1b,2b,profit
0,"[13, 13, 7]",two-tone,1,1,1,-4.716639439717037
1,"[13, 13, 7]",two-tone,2,2,2,-4.715564230761813
2,"[13, 13, 7]",two-tone,3,2,2,-4.715164311187553
3,"[13, 13, 7]",two-tone,8,6,4,-3.230291543575756
4,"[13, 13, 7]",two-tone,10,7,5,-2.680941809249797
5,"[13, 13, 7]",two-tone,15,10,7,-1.6275757975023644
6,"[13, 13, 7]",two-tone,16,11,8,-1.3212105354529178
