,flop,board_type,0b,1b,2b,profit
0,"[13, 12, 10]",two-tone,1,1,1,2.0215005700600335
1,"[13, 12, 10]",two-tone,2,2,2,4.791047539198431
2,"[13, 12, 10]",two-tone,3,2,2,4.9692283012211735
3,"[13, 12, 10]",two-tone,4,3,2,7.5942693082966475
4,"[13, 12, 10]",two-tone,8,6,4,7.859322644897154
5,"[13, 12, 10]",two-tone,10,7,5,7.861157946123569
6,"[13, 12, 10]",two-tone,15,10,7,12.034443946286926
