,flop,board_type,0b,1b,2b,profit
0,"[13, 11, 8]",two-tone,1,1,1,-1.5881214142857139
1,"[13, 11, 8]",two-tone,2,2,2,-0.42815175142857065
2,"[13, 11, 8]",two-tone,3,2,2,-0.20089025892857082
3,"[13, 11, 8]",two-tone,4,3,2,0.7486610778571423
4,"[13, 11, 8]",two-tone,8,6,4,1.5547539135714281
5,"[13, 11, 8]",two-tone,15,10,7,6.098894034285714
