,flop,board_type,0b,1b,2b,profit
0,"[13, 11, 3]",two-tone,1,1,1,-2.934659334237289
1,"[13, 11, 3]",two-tone,2,2,2,-2.9337248647457623
2,"[13, 11, 3]",two-tone,3,2,2,-2.4905386013559316
3,"[13, 11, 3]",two-tone,4,3,2,-0.6931552603389823
4,"[13, 11, 3]",two-tone,8,6,4,0.2835766847457628
5,"[13, 11, 3]",two-tone,10,7,5,0.28398290711864416
6,"[13, 11, 3]",two-tone,15,10,7,5.687069114237288
7,"[13, 11, 3]",two-tone,16,11,8,5.688280582033898
