,flop,board_type,0b,1b,2b,profit
0,"[13, 9, 7]",two-tone,1,1,1,-2.5474089595782416
1,"[13, 9, 7]",two-tone,2,2,2,-1.5455076906976744
2,"[13, 9, 7]",two-tone,3,2,2,-1.2558228899290507
3,"[13, 9, 7]",two-tone,4,3,2,-0.5191302648009462
4,"[13, 9, 7]",two-tone,8,6,4,0.15989774657075184
5,"[13, 9, 7]",two-tone,10,7,5,0.4042618423728803
6,"[13, 9, 7]",two-tone,15,10,7,2.6289451571147016
