,flop,board_type,0b,1b,2b,profit
0,"[13, 8, 7]",two-tone,1,1,1,-2.793239060620156
1,"[13, 8, 7]",two-tone,2,2,2,-1.8096819169767446
2,"[13, 8, 7]",two-tone,3,2,2,-1.5272860712403111
3,"[13, 8, 7]",two-tone,4,3,2,-0.7965329391472884
4,"[13, 8, 7]",two-tone,8,6,4,0.6237817728682162
5,"[13, 8, 7]",two-tone,10,7,5,0.8754690312015487
6,"[13, 8, 7]",two-tone,15,10,7,2.066735864186045
