,flop,board_type,0b,1b,2b,profit
0,"[13, 8, 4]",two-tone,1,1,1,-4.136330804798819
1,"[13, 8, 4]",two-tone,2,2,2,-4.132718045035069
2,"[13, 8, 4]",two-tone,3,2,2,-4.125176751199705
3,"[13, 8, 4]",two-tone,4,3,2,-3.831759393540051
4,"[13, 8, 4]",two-tone,8,6,4,-1.4972049951642679
5,"[13, 8, 4]",two-tone,10,7,5,-1.3738845510520497
6,"[13, 8, 4]",two-tone,15,10,7,1.1708979906976733
7,"[13, 8, 4]",two-tone,16,11,8,1.3599962904392755
