,flop,board_type,0b,1b,2b,profit
0,"[13, 8, 3]",two-tone,1,1,1,-4.139056457807309
1,"[13, 8, 3]",two-tone,2,2,2,-4.135785193429309
2,"[13, 8, 3]",two-tone,3,2,2,-4.13484619379845
3,"[13, 8, 3]",two-tone,4,3,2,-3.8298421065337767
4,"[13, 8, 3]",two-tone,8,6,4,-1.4928171625692146
5,"[13, 8, 3]",two-tone,10,7,5,-1.3807646990033229
6,"[13, 8, 3]",two-tone,15,10,7,1.171361571059431
7,"[13, 8, 3]",two-tone,16,11,8,1.3677021270579548
