,flop,board_type,0b,1b,2b,profit
0,"[13, 7, 3]",two-tone,1,1,1,-4.426836217386489
1,"[13, 7, 3]",two-tone,2,2,2,-4.420971255740126
2,"[13, 7, 3]",two-tone,8,6,4,-2.9276512093023266
3,"[13, 7, 3]",two-tone,10,7,5,-2.825895770616464
4,"[13, 7, 3]",two-tone,15,10,7,-0.9937655345514962
5,"[13, 7, 3]",two-tone,16,11,8,-0.6119782305278716
