,flop,board_type,0b,1b,2b,profit
0,"[13, 6, 4]",two-tone,1,1,1,-4.651455947139166
1,"[13, 6, 4]",two-tone,2,2,2,-4.648994085418974
2,"[13, 6, 4]",two-tone,8,6,4,-3.430058520155039
3,"[13, 6, 4]",two-tone,10,7,5,-3.327750754374308
4,"[13, 6, 4]",two-tone,15,10,7,-2.4412172573643414
5,"[13, 6, 4]",two-tone,16,11,8,-2.0500471985972677
