,flop,board_type,0b,1b,2b,profit
0,"[13, 6, 3]",two-tone,1,1,1,-4.704597046216316
1,"[13, 6, 3]",two-tone,2,2,2,-4.693773220007382
2,"[13, 6, 3]",two-tone,8,6,4,-3.4807276313399775
3,"[13, 6, 3]",two-tone,10,7,5,-3.3650653677371736
4,"[13, 6, 3]",two-tone,15,10,7,-2.487089627906977
5,"[13, 6, 3]",two-tone,16,11,8,-2.099579414101144
