,flop,board_type,0b,1b,2b,profit
0,"[13, 5, 5]",two-tone,1,1,1,-6.722696371247358
1,"[13, 5, 5]",two-tone,2,2,2,-6.716776414270613
2,"[13, 5, 5]",two-tone,3,2,2,-6.71659227473573
3,"[13, 5, 5]",two-tone,4,3,2,-6.704993850317125
4,"[13, 5, 5]",two-tone,8,6,4,-5.542044558350952
5,"[13, 5, 5]",two-tone,15,10,7,-5.113520660993658
6,"[13, 5, 5]",two-tone,16,11,8,-4.731574135412265
