,flop,board_type,0b,1b,2b,profit
0,"[13, 4, 3]",two-tone,1,1,1,-5.818588447322058
1,"[13, 4, 3]",two-tone,8,6,4,-4.642518467758986
2,"[13, 4, 3]",two-tone,10,7,5,-4.537608839852009
3,"[13, 4, 3]",two-tone,15,10,7,-3.7015610443974625
4,"[13, 4, 3]",two-tone,16,11,8,-3.3288821296687807
