,flop,board_type,0b,1b,2b,profit
0,"[12, 12, 8]",two-tone,1,1,1,-1.3499579442765453
1,"[12, 12, 8]",two-tone,2,2,2,-1.345063949765287
2,"[12, 12, 8]",two-tone,3,2,2,-0.76482009916085
3,"[12, 12, 8]",two-tone,4,3,2,0.8004725949547202
4,"[12, 12, 8]",two-tone,8,6,4,1.99948241878531
5,"[12, 12, 8]",two-tone,10,7,5,2.0004955658441337
6,"[12, 12, 8]",two-tone,15,10,7,3.827032063185445
