,flop,board_type,0b,1b,2b,profit
0,"[12, 12, 4]",two-tone,1,1,1,-3.2146245921077554
1,"[12, 12, 4]",two-tone,2,2,2,-3.2120548074833417
2,"[12, 12, 4]",two-tone,8,6,4,-1.309573531254733
3,"[12, 12, 4]",two-tone,10,7,5,-1.307621730122671
4,"[12, 12, 4]",two-tone,15,10,7,-1.1083009110820847
5,"[12, 12, 4]",two-tone,16,11,8,-0.9142602275291538
