,flop,board_type,0b,1b,2b,profit
0,"[12, 11, 3]",two-tone,1,1,1,-0.7875833337008826
1,"[12, 11, 3]",two-tone,2,2,2,0.1988940838011224
2,"[12, 11, 3]",two-tone,3,2,2,0.46379857688452275
3,"[12, 11, 3]",two-tone,4,3,2,1.2139007488973526
4,"[12, 11, 3]",two-tone,8,6,4,2.2349071664995974
5,"[12, 11, 3]",two-tone,10,7,5,2.2350618721932625
6,"[12, 11, 3]",two-tone,15,10,7,6.8246775730267775
