,flop,board_type,0b,1b,2b,profit
0,"[12, 10, 5]",two-tone,1,1,1,-2.879580383445014
1,"[12, 10, 5]",two-tone,2,2,2,-1.8857321237288147
2,"[12, 10, 5]",two-tone,3,2,2,-1.8733565644067802
3,"[12, 10, 5]",two-tone,8,6,4,-0.8792472089475769
4,"[12, 10, 5]",two-tone,10,7,5,-0.878606500788333
5,"[12, 10, 5]",two-tone,15,10,7,3.0425991805281813
6,"[12, 10, 5]",two-tone,16,11,8,3.046717821600314
