,flop,board_type,0b,1b,2b,profit
0,"[12, 9, 6]",two-tone,1,1,1,-0.6202706539730145
1,"[12, 9, 6]",two-tone,2,2,2,0.2730848408545714
2,"[12, 9, 6]",two-tone,3,2,2,0.6152336067466257
3,"[12, 9, 6]",two-tone,4,3,2,1.2027576107946025
4,"[12, 9, 6]",two-tone,8,6,4,1.827243499850074
5,"[12, 9, 6]",two-tone,10,7,5,1.9558266126686643
6,"[12, 9, 6]",two-tone,15,10,7,4.189253896026985
7,"[12, 9, 6]",two-tone,16,11,8,4.198004135307345
