,flop,board_type,0b,1b,2b,profit
0,"[12, 8, 7]",two-tone,1,1,1,-0.8910247522107599
1,"[12, 8, 7]",two-tone,2,2,2,0.01070327844509844
2,"[12, 8, 7]",two-tone,3,2,2,0.33384136061164105
3,"[12, 8, 7]",two-tone,4,3,2,1.2946670945836392
4,"[12, 8, 7]",two-tone,8,6,4,2.3433254939572574
5,"[12, 8, 7]",two-tone,10,7,5,2.5386916492630793
6,"[12, 8, 7]",two-tone,15,10,7,3.714682119968632
