,flop,board_type,0b,1b,2b,profit
0,"[12, 8, 3]",two-tone,1,1,1,-1.96588833737728
1,"[12, 8, 3]",two-tone,8,6,4,1.3008499357293117
2,"[12, 8, 3]",two-tone,10,7,5,1.437186460238427
3,"[12, 8, 3]",two-tone,15,10,7,3.597893843810909
4,"[12, 8, 3]",two-tone,16,11,8,3.6001872003326487
