,flop,board_type,0b,1b,2b,profit
0,"[12, 6, 5]",two-tone,1,1,1,-2.426395247791025
1,"[12, 6, 5]",two-tone,8,6,4,-0.46586287485974864
2,"[12, 6, 5]",two-tone,10,7,5,-0.13835785098176823
3,"[12, 6, 5]",two-tone,15,10,7,0.2768767104838705
4,"[12, 6, 5]",two-tone,16,11,8,0.49232651434081287
