,flop,board_type,0b,1b,2b,profit
0,"[12, 4, 4]",two-tone,1,1,1,-4.4287871685284275
1,"[12, 4, 4]",two-tone,8,6,4,-2.5557318733110375
2,"[12, 4, 4]",two-tone,15,10,7,-2.375056981505017
3,"[12, 4, 4]",two-tone,16,11,8,-2.1622067907023412
