,flop,board_type,0b,1b,2b,profit
0,"[11, 11, 8]",two-tone,1,1,1,0.18273651540020275
1,"[11, 11, 8]",two-tone,2,2,2,1.1755905979736576
2,"[11, 11, 8]",two-tone,3,2,2,1.176833633029382
3,"[11, 11, 8]",two-tone,4,3,2,1.1793847886524829
4,"[11, 11, 8]",two-tone,8,6,4,1.6927667013171226
5,"[11, 11, 8]",two-tone,15,10,7,3.6789919217831817
6,"[11, 11, 8]",two-tone,16,11,8,3.685842222492401
