,flop,board_type,0b,1b,2b,profit
0,"[11, 10, 9]",two-tone,1,1,1,4.245331943006993
1,"[11, 10, 9]",two-tone,2,2,2,6.4830240869357905
2,"[11, 10, 9]",two-tone,3,2,2,6.902740941068021
3,"[11, 10, 9]",two-tone,4,3,2,8.766811580038143
4,"[11, 10, 9]",two-tone,8,6,4,8.987802333576743
5,"[11, 10, 9]",two-tone,15,10,7,10.12898645701564
