,flop,board_type,0b,1b,2b,profit
0,"[11, 9, 5]",two-tone,1,1,1,-0.3182551049832032
1,"[11, 9, 5]",two-tone,2,2,2,1.4879659777902199
2,"[11, 9, 5]",two-tone,3,2,2,1.7586278695408728
3,"[11, 9, 5]",two-tone,4,3,2,2.4452554903882033
4,"[11, 9, 5]",two-tone,8,6,4,2.860004583799925
5,"[11, 9, 5]",two-tone,10,7,5,2.972403060190369
6,"[11, 9, 5]",two-tone,15,10,7,5.171200264744306
