,flop,board_type,0b,1b,2b,profit
0,"[11, 8, 7]",two-tone,1,1,1,2.666467441489361
1,"[11, 8, 7]",two-tone,2,2,2,2.6690733337765953
2,"[11, 8, 7]",two-tone,3,2,2,2.9791868446048633
3,"[11, 8, 7]",two-tone,4,3,2,4.040241320098783
4,"[11, 8, 7]",two-tone,8,6,4,4.970533377944527
5,"[11, 8, 7]",two-tone,10,7,5,4.97348815549012
6,"[11, 8, 7]",two-tone,15,10,7,5.907629116546351
