,flop,board_type,0b,1b,2b,profit
0,"[11, 7, 4]",two-tone,1,1,1,-0.8036401748349229
1,"[11, 7, 4]",two-tone,8,6,4,1.3479871899119593
2,"[11, 7, 4]",two-tone,10,7,5,1.4616548858400589
3,"[11, 7, 4]",two-tone,15,10,7,2.7536253065663976
