,flop,board_type,0b,1b,2b,profit
0,"[11, 6, 6]",two-tone,1,1,1,-3.2220510216434333
1,"[11, 6, 6]",two-tone,8,6,4,-2.2264236625825378
2,"[11, 6, 6]",two-tone,15,10,7,-2.2235738169845938
