,flop,board_type,0b,1b,2b,profit
0,"[10, 9, 8]",two-tone,1,1,1,4.302249909129593
1,"[10, 9, 8]",two-tone,2,2,2,7.66646216738878
2,"[10, 9, 8]",two-tone,3,2,2,8.319564300889747
3,"[10, 9, 8]",two-tone,4,3,2,11.103431456092842
4,"[10, 9, 8]",two-tone,16,11,8,11.106338730019342
