,flop,board_type,0b,1b,2b,profit
0,"[10, 8, 4]",two-tone,1,1,1,0.07527903764875443
1,"[10, 8, 4]",two-tone,2,2,2,2.1061265795528303
2,"[10, 8, 4]",two-tone,3,2,2,2.3263102558240165
3,"[10, 8, 4]",two-tone,4,3,2,3.1884360157230436
4,"[10, 8, 4]",two-tone,8,6,4,3.3403647919401367
5,"[10, 8, 4]",two-tone,10,7,5,3.825782590605842
6,"[10, 8, 4]",two-tone,15,10,7,6.582314400865487
7,"[10, 8, 4]",two-tone,16,11,8,6.582678463252793
