,flop,board_type,0b,1b,2b,profit
0,"[10, 8, 3]",two-tone,1,1,1,0.07993024587089614
1,"[10, 8, 3]",two-tone,8,6,4,1.4653653196357723
2,"[10, 8, 3]",two-tone,10,7,5,1.9357205023620618
3,"[10, 8, 3]",two-tone,15,10,7,5.712696754075007
4,"[10, 8, 3]",two-tone,16,11,8,5.720851877641541
