,flop,board_type,0b,1b,2b,profit
0,"[10, 6, 4]",two-tone,1,1,1,-0.5681285221781476
1,"[10, 6, 4]",two-tone,8,6,4,0.5299326399206636
2,"[10, 6, 4]",two-tone,10,7,5,0.9959115138838808
3,"[10, 6, 4]",two-tone,15,10,7,2.7346618005769927
