,flop,board_type,0b,1b,2b,profit
0,"[10, 4, 2]",two-tone,1,1,1,-2.008757969800962
1,"[10, 4, 2]",two-tone,2,2,2,-1.9991103658201799
2,"[10, 4, 2]",two-tone,8,6,4,-0.9662519330988344
3,"[10, 4, 2]",two-tone,10,7,5,-0.5115769759951969
4,"[10, 4, 2]",two-tone,15,10,7,1.1302707869766628
5,"[10, 4, 2]",two-tone,16,11,8,1.1329843262182546
