,flop,board_type,0b,1b,2b,profit
0,"[9, 8, 2]",two-tone,1,1,1,0.8550266142622944
1,"[9, 8, 2]",two-tone,2,2,2,1.919975505245901
2,"[9, 8, 2]",two-tone,3,2,2,2.1339641014754087
3,"[9, 8, 2]",two-tone,4,3,2,3.000915207868853
4,"[9, 8, 2]",two-tone,10,7,5,3.2265751750819667
5,"[9, 8, 2]",two-tone,15,10,7,4.1024129596721295
