,flop,board_type,0b,1b,2b,profit
0,"[9, 7, 5]",two-tone,1,1,1,1.077418001475409
1,"[9, 7, 5]",two-tone,2,2,2,1.0803391818032777
2,"[9, 7, 5]",two-tone,3,2,2,1.2731921103278685
3,"[9, 7, 5]",two-tone,4,3,2,2.1486326604918022
4,"[9, 7, 5]",two-tone,8,6,4,2.2442513540983597
5,"[9, 7, 5]",two-tone,10,7,5,2.7551559672131143
6,"[9, 7, 5]",two-tone,15,10,7,3.7775029854098356
