,flop,board_type,0b,1b,2b,profit
0,"[9, 7, 4]",two-tone,1,1,1,0.7727988332786873
1,"[9, 7, 4]",two-tone,8,6,4,1.9437303726229493
2,"[9, 7, 4]",two-tone,10,7,5,2.1707044099999995
3,"[9, 7, 4]",two-tone,15,10,7,3.4778947393442623
4,"[9, 7, 4]",two-tone,16,11,8,3.481856778196721
