,flop,board_type,0b,1b,2b,profit
0,"[9, 7, 2]",two-tone,1,1,1,0.7678230186885244
1,"[9, 7, 2]",two-tone,8,6,4,1.922571188688524
2,"[9, 7, 2]",two-tone,10,7,5,2.1517751068852453
3,"[9, 7, 2]",two-tone,15,10,7,3.4694178452459012
4,"[9, 7, 2]",two-tone,16,11,8,3.470019362131147
