,flop,board_type,0b,1b,2b,profit
0,"[9, 6, 5]",two-tone,1,1,1,0.967596184590163
1,"[9, 6, 5]",two-tone,2,2,2,0.972187945245901
2,"[9, 6, 5]",two-tone,8,6,4,2.144969988032786
3,"[9, 6, 5]",two-tone,10,7,5,2.663816159836065
4,"[9, 6, 5]",two-tone,15,10,7,3.6818901936065576
5,"[9, 6, 5]",two-tone,16,11,8,3.69073281147541
