,flop,board_type,0b,1b,2b,profit
0,"[8, 8, 6]",two-tone,1,1,1,3.0079547564516127
1,"[8, 8, 6]",two-tone,8,6,4,4.340428690645162
2,"[8, 8, 6]",two-tone,10,7,5,5.354930091290322
3,"[8, 8, 6]",two-tone,15,10,7,6.089724012258065
4,"[8, 8, 6]",two-tone,16,11,8,6.239431359354839
