,flop,board_type,0b,1b,2b,profit
0,"[8, 7, 7]",two-tone,1,1,1,3.2703316032258063
1,"[8, 7, 7]",two-tone,2,2,2,4.3283369951612904
2,"[8, 7, 7]",two-tone,3,2,2,4.545353011612904
3,"[8, 7, 7]",two-tone,4,3,2,5.410718703225806
4,"[8, 7, 7]",two-tone,8,6,4,5.779033484516129
5,"[8, 7, 7]",two-tone,10,7,5,6.3486640006451625
6,"[8, 7, 7]",two-tone,15,10,7,7.578388910967742
7,"[8, 7, 7]",two-tone,16,11,8,7.742558913548387
