,flop,board_type,0b,1b,2b,profit
0,"[8, 7, 3]",two-tone,1,1,1,3.010285481935483
1,"[8, 7, 3]",two-tone,2,2,2,4.07608558032258
2,"[8, 7, 3]",two-tone,3,2,2,4.300065092258064
3,"[8, 7, 3]",two-tone,4,3,2,5.152653144193547
4,"[8, 7, 3]",two-tone,8,6,4,5.242120850967741
5,"[8, 7, 3]",two-tone,10,7,5,5.335257883548386
6,"[8, 7, 3]",two-tone,15,10,7,6.072558972258064
7,"[8, 7, 3]",two-tone,16,11,8,6.2272041603225805
