,flop,board_type,0b,1b,2b,profit
0,"[8, 7, 2]",two-tone,1,1,1,3.0044581609677414
1,"[8, 7, 2]",two-tone,2,2,2,4.069208438064516
2,"[8, 7, 2]",two-tone,3,2,2,4.2840122841935475
3,"[8, 7, 2]",two-tone,4,3,2,5.143504142258063
4,"[8, 7, 2]",two-tone,8,6,4,5.2370118074193535
5,"[8, 7, 2]",two-tone,10,7,5,5.327563840967741
6,"[8, 7, 2]",two-tone,15,10,7,6.069453299677419
7,"[8, 7, 2]",two-tone,16,11,8,6.228579032580645
