,flop,board_type,0b,1b,2b,profit
0,"[8, 6, 3]",two-tone,1,1,1,2.9098803722580637
1,"[8, 6, 3]",two-tone,8,6,4,4.173522012903225
2,"[8, 6, 3]",two-tone,10,7,5,4.41034771
3,"[8, 6, 3]",two-tone,15,10,7,6.007844360967742
4,"[8, 6, 3]",two-tone,16,11,8,6.171739907096774
