,flop,board_type,0b,1b,2b,profit
0,"[8, 5, 5]",two-tone,1,1,1,1.39707841723077
1,"[8, 5, 5]",two-tone,2,2,2,1.397143423384616
2,"[8, 5, 5]",two-tone,3,2,2,1.4029736443076928
3,"[8, 5, 5]",two-tone,4,3,2,1.619903278153847
4,"[8, 5, 5]",two-tone,8,6,4,2.5991119326153846
5,"[8, 5, 5]",two-tone,10,7,5,3.362890944615385
6,"[8, 5, 5]",two-tone,15,10,7,4.326696635692307
7,"[8, 5, 5]",two-tone,16,11,8,4.475384289230768
