,flop,board_type,0b,1b,2b,profit
0,"[8, 5, 4]",two-tone,1,1,1,1.7262240646153844
1,"[8, 5, 4]",two-tone,8,6,4,2.9350051276923077
2,"[8, 5, 4]",two-tone,10,7,5,3.4222134203076906
3,"[8, 5, 4]",two-tone,15,10,7,4.672494628307691
4,"[8, 5, 4]",two-tone,16,11,8,4.809198152615383
