,flop,board_type,0b,1b,2b,profit
0,"[8, 4, 4]",two-tone,1,1,1,1.3736623809230775
1,"[8, 4, 4]",two-tone,8,6,4,2.5693780153846157
2,"[8, 4, 4]",two-tone,10,7,5,3.0549555643076918
3,"[8, 4, 4]",two-tone,15,10,7,4.287011779076923
4,"[8, 4, 4]",two-tone,16,11,8,4.444015803076923
