,flop,board_type,0b,1b,2b,profit
0,"[8, 2, 2]",two-tone,1,1,1,1.3467221458461545
1,"[8, 2, 2]",two-tone,8,6,4,2.541070988923077
2,"[8, 2, 2]",two-tone,10,7,5,2.756092902769231
3,"[8, 2, 2]",two-tone,15,10,7,4.267212316307692
4,"[8, 2, 2]",two-tone,16,11,8,4.412796819692308
