,flop,board_type,0b,1b,2b,profit
0,"[7, 7, 4]",two-tone,1,1,1,3.5505525993846163
1,"[7, 7, 4]",two-tone,2,2,2,3.552286704000001
2,"[7, 7, 4]",two-tone,8,6,4,3.78895007723077
3,"[7, 7, 4]",two-tone,10,7,5,4.563463403999999
4,"[7, 7, 4]",two-tone,15,10,7,5.806424691384614
5,"[7, 7, 4]",two-tone,16,11,8,6.106559993538461
