,flop,board_type,0b,1b,2b,profit
0,"[7, 6, 2]",two-tone,1,1,1,5.176980393548385
1,"[7, 6, 2]",two-tone,2,2,2,5.179093738064514
2,"[7, 6, 2]",two-tone,3,2,2,5.416882509354838
3,"[7, 6, 2]",two-tone,4,3,2,6.275528189354839
4,"[7, 6, 2]",two-tone,8,6,4,6.4581383474193546
5,"[7, 6, 2]",two-tone,10,7,5,6.550858712258064
6,"[7, 6, 2]",two-tone,15,10,7,7.58113908516129
7,"[7, 6, 2]",two-tone,16,11,8,7.926438123870967
