,flop,board_type,0b,1b,2b,profit
0,"[7, 5, 5]",two-tone,1,1,1,3.574837179384616
1,"[7, 5, 5]",two-tone,8,6,4,3.815977973846154
2,"[7, 5, 5]",two-tone,10,7,5,4.859236565538462
3,"[7, 5, 5]",two-tone,15,10,7,5.828992812923076
4,"[7, 5, 5]",two-tone,16,11,8,6.125701391384615
