,flop,board_type,0b,1b,2b,profit
0,"[7, 5, 4]",two-tone,1,1,1,3.924484674769231
1,"[7, 5, 4]",two-tone,8,6,4,4.169857939076923
2,"[7, 5, 4]",two-tone,10,7,5,4.939367271999998
3,"[7, 5, 4]",two-tone,15,10,7,6.189248208307691
4,"[7, 5, 4]",two-tone,16,11,8,6.490919021846152
