,flop,board_type,0b,1b,2b,profit
0,"[5, 5, 2]",two-tone,1,1,1,6.266014869411766
1,"[5, 5, 2]",two-tone,8,6,4,6.506573721176471
2,"[5, 5, 2]",two-tone,10,7,5,6.58376751764706
3,"[5, 5, 2]",two-tone,15,10,7,7.783519658235295
4,"[5, 5, 2]",two-tone,16,11,8,8.23323317647059
