,flop,board_type,0b,1b,2b,profit
0,"[5, 4, 2]",two-tone,1,1,1,6.763963350588236
1,"[5, 4, 2]",two-tone,2,2,2,6.769452409411765
2,"[5, 4, 2]",two-tone,8,6,4,7.013030657058823
3,"[5, 4, 2]",two-tone,10,7,5,7.094881512941177
4,"[5, 4, 2]",two-tone,15,10,7,8.287381588235293
5,"[5, 4, 2]",two-tone,16,11,8,8.742537305882353
