,flop,board_type,0b,1b,2b,profit
0,"[14, 12, 10]",monotone,1,1,1,-5.275878531762782
1,"[14, 12, 10]",monotone,2,2,2,-5.257696771998595
