,flop,board_type,0b,1b,2b,profit
0,"[14, 11, 10]",monotone,1,1,1,-3.0224929682742676
1,"[14, 11, 10]",monotone,8,6,4,-3.0007190665501335
