,flop,board_type,0b,1b,2b,profit
0,"[14, 9, 3]",monotone,1,1,1,-4.635345585103755
1,"[14, 9, 3]",monotone,2,2,2,-4.616236002717391
