,flop,board_type,0b,1b,2b,profit
0,"[14, 3, 2]",monotone,1,1,1,-7.826512646129682
1,"[14, 3, 2]",monotone,2,2,2,-7.822885601676795
2,"[14, 3, 2]",monotone,3,2,2,-7.820702542596249
3,"[14, 3, 2]",monotone,4,3,2,-7.820041528158558
