,flop,board_type,0b,1b,2b,profit
0,"[13, 12, 3]",monotone,1,1,1,-2.9401420528707636
1,"[13, 12, 3]",monotone,2,2,2,-2.756349056689414
