,flop,board_type,0b,1b,2b,profit
0,"[13, 10, 5]",monotone,1,1,1,-0.8895436155530693
1,"[13, 10, 5]",monotone,2,2,2,-0.6792797278536424
2,"[13, 10, 5]",monotone,3,2,2,-0.6779774122286413
