,flop,board_type,0b,1b,2b,profit
0,"[12, 11, 9]",monotone,1,1,1,-0.39395509212275837
1,"[12, 11, 9]",monotone,2,2,2,-0.3919514591744546
2,"[12, 11, 9]",monotone,3,2,2,-0.22100311981431453
3,"[12, 11, 9]",monotone,4,3,2,-0.19967059107758267
4,"[12, 11, 9]",monotone,15,10,7,-0.10067914723646254
5,"[12, 11, 9]",monotone,16,11,8,-0.08017806998919319
