,flop,board_type,0b,1b,2b,profit
0,"[12, 11, 4]",monotone,1,1,1,-2.460402150960463
1,"[12, 11, 4]",monotone,15,10,7,-2.414075296339283
2,"[12, 11, 4]",monotone,16,11,8,-2.4104244272448967
