,flop,board_type,0b,1b,2b,profit
0,"[12, 7, 6]",monotone,1,1,1,-2.9820779962900343
1,"[12, 7, 6]",monotone,2,2,2,-2.9809842415730534
