,flop,board_type,0b,1b,2b,profit
0,"[12, 6, 4]",monotone,1,1,1,-3.8100361100139004
1,"[12, 6, 4]",monotone,2,2,2,-3.7853536959229928
