,flop,board_type,0b,1b,2b,profit
0,"[11, 9, 5]",monotone,1,1,1,-3.444960809089711
1,"[11, 9, 5]",monotone,2,2,2,-3.438369247068433
