,flop,board_type,0b,1b,2b,profit
0,"[11, 9, 2]",monotone,1,1,1,-3.540864328770563
1,"[11, 9, 2]",monotone,2,2,2,-3.5370649819620517
