,flop,board_type,0b,1b,2b,profit
0,"[11, 4, 2]",monotone,1,1,1,-5.54057336920415
1,"[11, 4, 2]",monotone,2,2,2,-5.521816143771625
