,flop,board_type,0b,1b,2b,profit
0,"[11, 3, 2]",monotone,1,1,1,-5.535486941522492
1,"[11, 3, 2]",monotone,2,2,2,-5.533094149826989
2,"[11, 3, 2]",monotone,3,2,2,-5.5320658115916945
