,flop,board_type,0b,1b,2b,profit
0,"[10, 8, 7]",monotone,1,1,1,-0.027084564623582663
1,"[10, 8, 7]",monotone,2,2,2,-0.007063062522741248
