,flop,board_type,0b,1b,2b,profit
0,"[10, 7, 3]",monotone,1,1,1,-3.8484792334556133
1,"[10, 7, 3]",monotone,2,2,2,-3.8365111864556134
