,flop,board_type,0b,1b,2b,profit
0,"[8, 4, 2]",monotone,1,1,1,-6.793409037978237
1,"[8, 4, 2]",monotone,2,2,2,-6.793233006160053
