,flop,board_type,0b,1b,2b,profit
0,"[14, 14, 12]",two-tone,1,1,1,0.7264265858472758
1,"[14, 14, 12]",two-tone,2,2,2,1.3655838368294664
2,"[14, 14, 12]",two-tone,3,2,2,1.6439963796303303
3,"[14, 14, 12]",two-tone,4,3,2,2.679926654697788
4,"[14, 14, 12]",two-tone,8,6,4,3.884308967873044
5,"[14, 14, 12]",two-tone,10,7,5,4.401428016592687
6,"[14, 14, 12]",two-tone,15,10,7,8.3589600746391
7,"[14, 14, 12]",two-tone,16,11,8,8.60501649235699
