,flop,board_type,0b,1b,2b,profit
0,"[14, 14, 9]",two-tone,1,1,1,0.9601505215638073
1,"[14, 14, 9]",two-tone,8,6,4,3.216469281374579
2,"[14, 14, 9]",two-tone,10,7,5,3.9574638928806136
3,"[14, 14, 9]",two-tone,15,10,7,6.917597943334682
4,"[14, 14, 9]",two-tone,16,11,8,7.459228567871622
