,flop,board_type,0b,1b,2b,profit
0,"[14, 14, 7]",two-tone,1,1,1,1.414953999031008
1,"[14, 14, 7]",two-tone,8,6,4,2.6695607787467703
2,"[14, 14, 7]",two-tone,10,7,5,3.697071788436692
3,"[14, 14, 7]",two-tone,15,10,7,5.140112708333334
4,"[14, 14, 7]",two-tone,16,11,8,5.822139767441861
