,flop,board_type,0b,1b,2b,profit
0,"[14, 12, 12]",two-tone,1,1,1,1.2965166985200844
1,"[14, 12, 12]",two-tone,2,2,2,1.9554716716701903
2,"[14, 12, 12]",two-tone,3,2,2,2.169851791543341
3,"[14, 12, 12]",two-tone,4,3,2,3.290533828435518
4,"[14, 12, 12]",two-tone,8,6,4,4.195381111575053
5,"[14, 12, 12]",two-tone,10,7,5,4.757540529439747
6,"[14, 12, 12]",two-tone,15,10,7,8.733067482928119
7,"[14, 12, 12]",two-tone,16,11,8,8.897010446564483
