,flop,board_type,0b,1b,2b,profit
0,"[14, 11, 2]",two-tone,1,1,1,-0.17641661590505853
1,"[14, 11, 2]",two-tone,2,2,2,0.3648542162544355
2,"[14, 11, 2]",two-tone,3,2,2,0.6748519593223155
3,"[14, 11, 2]",two-tone,4,3,2,1.4865831434117123
4,"[14, 11, 2]",two-tone,8,6,4,3.1970155012755095
5,"[14, 11, 2]",two-tone,15,10,7,6.702012672748445
6,"[14, 11, 2]",two-tone,16,11,8,6.861046648513751
