,flop,board_type,0b,1b,2b,profit
0,"[14, 10, 9]",two-tone,1,1,1,0.5366650033438238
1,"[14, 10, 9]",two-tone,2,2,2,1.9404621351298181
2,"[14, 10, 9]",two-tone,3,2,2,2.253683633752949
3,"[14, 10, 9]",two-tone,4,3,2,3.308687413060582
4,"[14, 10, 9]",two-tone,8,6,4,4.046107005114083
5,"[14, 10, 9]",two-tone,15,10,7,6.798522871754523
6,"[14, 10, 9]",two-tone,16,11,8,6.799281575531076
