,flop,board_type,0b,1b,2b,profit
0,"[14, 9, 8]",two-tone,1,1,1,1.5911874739506624
1,"[14, 9, 8]",two-tone,2,2,2,2.2275807816642113
2,"[14, 9, 8]",two-tone,3,2,2,2.586125453608247
3,"[14, 9, 8]",two-tone,4,3,2,3.510472565721648
4,"[14, 9, 8]",two-tone,8,6,4,4.2541078702135495
5,"[14, 9, 8]",two-tone,10,7,5,4.709545883468335
6,"[14, 9, 8]",two-tone,15,10,7,6.8896277264359345
7,"[14, 9, 8]",two-tone,16,11,8,7.199061110456553
