,flop,board_type,0b,1b,2b,profit
0,"[14, 8, 7]",two-tone,1,1,1,2.6218470108828185
1,"[14, 8, 7]",two-tone,2,2,2,3.180059920168209
2,"[14, 8, 7]",two-tone,3,2,2,3.3722524484533754
3,"[14, 8, 7]",two-tone,4,3,2,3.7485328496726114
4,"[14, 8, 7]",two-tone,8,6,4,4.451594151964326
5,"[14, 8, 7]",two-tone,10,7,5,5.092097272143825
6,"[14, 8, 7]",two-tone,15,10,7,6.487440618858659
7,"[14, 8, 7]",two-tone,16,11,8,6.939284303076316
