,flop,board_type,0b,1b,2b,profit
0,"[14, 8, 5]",two-tone,1,1,1,2.239485452728491
1,"[14, 8, 5]",two-tone,2,2,2,2.253325821124874
2,"[14, 8, 5]",two-tone,8,6,4,3.368441339922999
3,"[14, 8, 5]",two-tone,10,7,5,3.5287369892869105
4,"[14, 8, 5]",two-tone,15,10,7,5.615798977033813
5,"[14, 8, 5]",two-tone,16,11,8,6.156387656232563
