,flop,board_type,0b,1b,2b,profit
0,"[14, 7, 6]",two-tone,1,1,1,2.687608108908507
1,"[14, 7, 6]",two-tone,2,2,2,3.2264994165329055
2,"[14, 7, 6]",two-tone,3,2,2,3.39540938154093
3,"[14, 7, 6]",two-tone,4,3,2,3.760153653290529
4,"[14, 7, 6]",two-tone,8,6,4,4.104325331139646
5,"[14, 7, 6]",two-tone,10,7,5,4.249260872953451
6,"[14, 7, 6]",two-tone,15,10,7,5.741665903932583
7,"[14, 7, 6]",two-tone,16,11,8,6.266424473595505
