,flop,board_type,0b,1b,2b,profit
0,"[14, 6, 6]",two-tone,1,1,1,1.7277102842703536
1,"[14, 6, 6]",two-tone,8,6,4,2.738181417572964
2,"[14, 6, 6]",two-tone,10,7,5,2.8399183135483868
3,"[14, 6, 6]",two-tone,15,10,7,4.316197773149002
4,"[14, 6, 6]",two-tone,16,11,8,5.009323123348694
