,flop,board_type,0b,1b,2b,profit
0,"[14, 6, 3]",two-tone,1,1,1,2.3333718562211976
1,"[14, 6, 3]",two-tone,8,6,4,3.360387570783409
2,"[14, 6, 3]",two-tone,10,7,5,3.504059758648232
3,"[14, 6, 3]",two-tone,15,10,7,5.135262004639015
4,"[14, 6, 3]",two-tone,16,11,8,5.836946446052227
