,flop,board_type,0b,1b,2b,profit
0,"[13, 13, 12]",two-tone,1,1,1,-2.127921677761106
1,"[13, 13, 12]",two-tone,2,2,2,-1.5716606938862747
2,"[13, 13, 12]",two-tone,3,2,2,-1.3991365504922078
3,"[13, 13, 12]",two-tone,4,3,2,-0.9893827260869568
4,"[13, 13, 12]",two-tone,8,6,4,0.08717987053667708
5,"[13, 13, 12]",two-tone,10,7,5,0.3641202628896629
6,"[13, 13, 12]",two-tone,15,10,7,3.702989272918376
7,"[13, 13, 12]",two-tone,16,11,8,3.9209336876381635
