,flop,board_type,0b,1b,2b,profit
0,"[13, 13, 10]",two-tone,1,1,1,-2.76665315310482
1,"[13, 13, 10]",two-tone,2,2,2,-2.1730551042369997
2,"[13, 13, 10]",two-tone,3,2,2,-2.168993252347909
3,"[13, 13, 10]",two-tone,8,6,4,-0.6809872650107625
4,"[13, 13, 10]",two-tone,10,7,5,-0.5281951209584235
5,"[13, 13, 10]",two-tone,15,10,7,2.533556031545259
6,"[13, 13, 10]",two-tone,16,11,8,2.6375370246573016
