,flop,board_type,0b,1b,2b,profit
0,"[13, 13, 9]",two-tone,1,1,1,-3.020286828026011
1,"[13, 13, 9]",two-tone,8,6,4,0.09475518663237548
2,"[13, 13, 9]",two-tone,10,7,5,0.09779472614712681
3,"[13, 13, 9]",two-tone,15,10,7,2.5380407405007763
