,flop,board_type,0b,1b,2b,profit
0,"[13, 13, 8]",two-tone,1,1,1,-2.4148550844282197
1,"[13, 13, 8]",two-tone,8,6,4,-0.6557951766417054
2,"[13, 13, 8]",two-tone,10,7,5,-0.36822163488028403
3,"[13, 13, 8]",two-tone,15,10,7,1.3431235613992683
4,"[13, 13, 8]",two-tone,16,11,8,1.547719484431978
