,flop,board_type,0b,1b,2b,profit
0,"[13, 12, 7]",two-tone,1,1,1,0.15407297438717016
1,"[13, 12, 7]",two-tone,2,2,2,0.6774861021477663
2,"[13, 12, 7]",two-tone,3,2,2,1.0100886600572734
3,"[13, 12, 7]",two-tone,4,3,2,1.9490934927605945
4,"[13, 12, 7]",two-tone,8,6,4,3.2236261584707893
5,"[13, 12, 7]",two-tone,10,7,5,3.469501272227949
6,"[13, 12, 7]",two-tone,15,10,7,6.199618132966778
