,flop,board_type,0b,1b,2b,profit
0,"[13, 11, 3]",two-tone,1,1,1,-0.5592440293661319
1,"[13, 11, 3]",two-tone,2,2,2,-0.06692903659283511
2,"[13, 11, 3]",two-tone,3,2,2,0.2593880341328981
3,"[13, 11, 3]",two-tone,4,3,2,0.948701082657956
4,"[13, 11, 3]",two-tone,8,6,4,2.0869785590691015
5,"[13, 11, 3]",two-tone,10,7,5,2.2028161385526173
6,"[13, 11, 3]",two-tone,15,10,7,5.7925299454833095
7,"[13, 11, 3]",two-tone,16,11,8,6.011926773604163
