,flop,board_type,0b,1b,2b,profit
0,"[13, 8, 7]",two-tone,1,1,1,0.6427832797221651
1,"[13, 8, 7]",two-tone,2,2,2,1.1514282136844283
2,"[13, 8, 7]",two-tone,3,2,2,1.3578466053701017
3,"[13, 8, 7]",two-tone,4,3,2,1.682497207080654
4,"[13, 8, 7]",two-tone,8,6,4,2.795329977099316
5,"[13, 8, 7]",two-tone,10,7,5,3.132165190120257
6,"[13, 8, 7]",two-tone,15,10,7,4.3577099615695625
7,"[13, 8, 7]",two-tone,16,11,8,4.48600327212316
