,flop,board_type,0b,1b,2b,profit
0,"[13, 8, 3]",two-tone,1,1,1,-0.12422336444885906
1,"[13, 8, 3]",two-tone,2,2,2,-0.12082561072492548
2,"[13, 8, 3]",two-tone,8,6,4,1.53291671673287
3,"[13, 8, 3]",two-tone,10,7,5,1.6525694073982118
4,"[13, 8, 3]",two-tone,15,10,7,3.6881245451837135
5,"[13, 8, 3]",two-tone,16,11,8,3.909665296921548
