,flop,board_type,0b,1b,2b,profit
0,"[13, 7, 5]",two-tone,1,1,1,1.0947644503546101
1,"[13, 7, 5]",two-tone,8,6,4,2.4533660726950357
2,"[13, 7, 5]",two-tone,10,7,5,2.626816365248226
3,"[13, 7, 5]",two-tone,15,10,7,3.975149175531914
4,"[13, 7, 5]",two-tone,16,11,8,4.314993585106382
