,flop,board_type,0b,1b,2b,profit
0,"[13, 7, 2]",two-tone,1,1,1,0.6154938831615117
1,"[13, 7, 2]",two-tone,8,6,4,2.089265867697594
2,"[13, 7, 2]",two-tone,10,7,5,2.248583417525773
3,"[13, 7, 2]",two-tone,15,10,7,3.9857857388316145
4,"[13, 7, 2]",two-tone,16,11,8,4.3157915360824735
