,flop,board_type,0b,1b,2b,profit
0,"[13, 5, 4]",two-tone,1,1,1,0.5283574875850336
1,"[13, 5, 4]",two-tone,2,2,2,0.5376301846938774
2,"[13, 5, 4]",two-tone,3,2,2,0.7422651722789106
3,"[13, 5, 4]",two-tone,4,3,2,1.0395201392857134
4,"[13, 5, 4]",two-tone,8,6,4,1.8171460307823124
5,"[13, 5, 4]",two-tone,10,7,5,1.9877394137755098
6,"[13, 5, 4]",two-tone,15,10,7,2.949443048809523
7,"[13, 5, 4]",two-tone,16,11,8,3.438418707142856
