,flop,board_type,0b,1b,2b,profit
0,"[13, 2, 2]",two-tone,1,1,1,-1.1899305386138614
1,"[13, 2, 2]",two-tone,8,6,4,-0.3855988034653458
2,"[13, 2, 2]",two-tone,15,10,7,0.09709937442244199
3,"[13, 2, 2]",two-tone,16,11,8,0.689657219636965
