,flop,board_type,0b,1b,2b,profit
0,"[12, 12, 9]",two-tone,1,1,1,-0.2506367699080885
1,"[12, 12, 9]",two-tone,2,2,2,0.42976412183823465
2,"[12, 12, 9]",two-tone,3,2,2,0.6988505945772054
3,"[12, 12, 9]",two-tone,4,3,2,1.8079005468014704
4,"[12, 12, 9]",two-tone,8,6,4,3.063016060808824
5,"[12, 12, 9]",two-tone,15,10,7,5.797743831819853
