,flop,board_type,0b,1b,2b,profit
0,"[12, 12, 8]",two-tone,1,1,1,0.06862203696801217
1,"[12, 12, 8]",two-tone,8,6,4,2.4900280089793982
2,"[12, 12, 8]",two-tone,10,7,5,2.665178987897579
3,"[12, 12, 8]",two-tone,15,10,7,4.679294629472757
4,"[12, 12, 8]",two-tone,16,11,8,5.021595196055841
