,flop,board_type,0b,1b,2b,profit
0,"[12, 11, 2]",two-tone,1,1,1,-0.4767952465506241
1,"[12, 11, 2]",two-tone,2,2,2,0.6501901257745115
2,"[12, 11, 2]",two-tone,3,2,2,0.9685845961673585
3,"[12, 11, 2]",two-tone,4,3,2,1.8039590660172458
4,"[12, 11, 2]",two-tone,8,6,4,2.779406402267645
5,"[12, 11, 2]",two-tone,10,7,5,2.8872472652187784
6,"[12, 11, 2]",two-tone,15,10,7,6.729574056755028
7,"[12, 11, 2]",two-tone,16,11,8,6.810383140402425
