,flop,board_type,0b,1b,2b,profit
0,"[12, 10, 3]",two-tone,1,1,1,-0.06759653990416381
1,"[12, 10, 3]",two-tone,2,2,2,0.5202344948777258
2,"[12, 10, 3]",two-tone,3,2,2,0.7155811487111701
3,"[12, 10, 3]",two-tone,4,3,2,1.1568960198281548
4,"[12, 10, 3]",two-tone,8,6,4,2.054363119712491
5,"[12, 10, 3]",two-tone,10,7,5,2.1758110161103756
6,"[12, 10, 3]",two-tone,15,10,7,5.747986987111696
7,"[12, 10, 3]",two-tone,16,11,8,5.846579221744877
