,flop,board_type,0b,1b,2b,profit
0,"[12, 9, 7]",two-tone,1,1,1,0.15724240407369838
1,"[12, 9, 7]",two-tone,2,2,2,0.7678993945233257
2,"[12, 9, 7]",two-tone,3,2,2,1.0984222832995256
3,"[12, 9, 7]",two-tone,4,3,2,1.9994261040398915
4,"[12, 9, 7]",two-tone,8,6,4,2.588430664469235
5,"[12, 9, 7]",two-tone,10,7,5,2.886259903566598
6,"[12, 9, 7]",two-tone,15,10,7,4.88877686806964
