,flop,board_type,0b,1b,2b,profit
0,"[12, 9, 6]",two-tone,1,1,1,0.3591168706550796
1,"[12, 9, 6]",two-tone,2,2,2,1.5743709388368978
2,"[12, 9, 6]",two-tone,3,2,2,1.9039869475267375
3,"[12, 9, 6]",two-tone,4,3,2,2.791486705548128
4,"[12, 9, 6]",two-tone,8,6,4,3.27316503166778
5,"[12, 9, 6]",two-tone,10,7,5,3.3855406538268706
6,"[12, 9, 6]",two-tone,15,10,7,5.642596806149731
