,flop,board_type,0b,1b,2b,profit
0,"[12, 8, 8]",two-tone,1,1,1,-0.1274172932145976
1,"[12, 8, 8]",two-tone,8,6,4,2.2441939059768368
2,"[12, 8, 8]",two-tone,10,7,5,2.385543960500438
3,"[12, 8, 8]",two-tone,15,10,7,4.272150152261801
4,"[12, 8, 8]",two-tone,16,11,8,4.572954571131993
