,flop,board_type,0b,1b,2b,profit
0,"[12, 8, 5]",two-tone,1,1,1,0.9886077028516285
1,"[12, 8, 5]",two-tone,8,6,4,3.0251168863636355
2,"[12, 8, 5]",two-tone,10,7,5,3.1944793028301874
3,"[12, 8, 5]",two-tone,15,10,7,4.993607599828471
4,"[12, 8, 5]",two-tone,16,11,8,5.261587897277014
