,flop,board_type,0b,1b,2b,profit
0,"[12, 8, 3]",two-tone,1,1,1,0.2620746603980916
1,"[12, 8, 3]",two-tone,8,6,4,2.4096332817540937
2,"[12, 8, 3]",two-tone,10,7,5,2.5812526126477278
3,"[12, 8, 3]",two-tone,15,10,7,4.848998848766326
4,"[12, 8, 3]",two-tone,16,11,8,5.104414010595064
