,flop,board_type,0b,1b,2b,profit
0,"[12, 7, 7]",two-tone,1,1,1,-0.034333565972221924
1,"[12, 7, 7]",two-tone,2,2,2,-0.022498676932366957
2,"[12, 7, 7]",two-tone,8,6,4,2.041296617753624
3,"[12, 7, 7]",two-tone,10,7,5,2.2872308084239137
4,"[12, 7, 7]",two-tone,15,10,7,3.4202821156400973
5,"[12, 7, 7]",two-tone,16,11,8,3.7788666437198066
