,flop,board_type,0b,1b,2b,profit
0,"[12, 6, 5]",two-tone,1,1,1,1.5778999922771677
1,"[12, 6, 5]",two-tone,2,2,2,2.1307734082417578
2,"[12, 6, 5]",two-tone,3,2,2,2.3156070912087903
3,"[12, 6, 5]",two-tone,4,3,2,2.8572604762820513
4,"[12, 6, 5]",two-tone,8,6,4,3.8657557390720387
5,"[12, 6, 5]",two-tone,10,7,5,4.217188103388278
6,"[12, 6, 5]",two-tone,15,10,7,5.080467128266177
7,"[12, 6, 5]",two-tone,16,11,8,5.447302444627595
