,flop,board_type,0b,1b,2b,profit
0,"[12, 6, 3]",two-tone,1,1,1,0.9373277927895984
1,"[12, 6, 3]",two-tone,2,2,2,0.9448519527186761
2,"[12, 6, 3]",two-tone,8,6,4,2.870511626861702
3,"[12, 6, 3]",two-tone,10,7,5,3.0742606016548457
4,"[12, 6, 3]",two-tone,15,10,7,4.640738229521276
5,"[12, 6, 3]",two-tone,16,11,8,5.097411080496453
