,flop,board_type,0b,1b,2b,profit
0,"[11, 11, 9]",two-tone,1,1,1,-1.3173441574738702
1,"[11, 11, 9]",two-tone,2,2,2,-0.7779019151664472
2,"[11, 11, 9]",two-tone,3,2,2,-0.39299521200878407
3,"[11, 11, 9]",two-tone,4,3,2,0.3677237544611329
4,"[11, 11, 9]",two-tone,8,6,4,1.0857328061835743
5,"[11, 11, 9]",two-tone,10,7,5,1.0940745073043474
6,"[11, 11, 9]",two-tone,15,10,7,3.3067424166201143
