,flop,board_type,0b,1b,2b,profit
0,"[11, 11, 8]",two-tone,1,1,1,-1.0319953193642295
1,"[11, 11, 8]",two-tone,2,2,2,-0.5221639677472201
2,"[11, 11, 8]",two-tone,3,2,2,-0.3312429013080389
3,"[11, 11, 8]",two-tone,4,3,2,0.015578413469569563
4,"[11, 11, 8]",two-tone,8,6,4,0.645349948926661
5,"[11, 11, 8]",two-tone,10,7,5,0.7573108256260079
6,"[11, 11, 8]",two-tone,15,10,7,2.4564722396137855
7,"[11, 11, 8]",two-tone,16,11,8,2.6814697325859447
