,flop,board_type,0b,1b,2b,profit
0,"[11, 11, 3]",two-tone,1,1,1,-1.2049334369219802
1,"[11, 11, 3]",two-tone,2,2,2,-1.2032667376303616
2,"[11, 11, 3]",two-tone,3,2,2,-1.2005349623597985
3,"[11, 11, 3]",two-tone,4,3,2,-1.0316332073224121
4,"[11, 11, 3]",two-tone,8,6,4,-0.07481070916715815
5,"[11, 11, 3]",two-tone,10,7,5,-0.00414584453709077
6,"[11, 11, 3]",two-tone,15,10,7,0.4157549027622005
7,"[11, 11, 3]",two-tone,16,11,8,0.8739955015495864
