,flop,board_type,0b,1b,2b,profit
0,"[11, 11, 2]",two-tone,1,1,1,-1.1958701990997642
1,"[11, 11, 2]",two-tone,8,6,4,-0.06787551001820091
2,"[11, 11, 2]",two-tone,10,7,5,-0.011230834986225346
3,"[11, 11, 2]",two-tone,15,10,7,0.411736143885282
4,"[11, 11, 2]",two-tone,16,11,8,0.8718791337662342
