,flop,board_type,0b,1b,2b,profit
0,"[11, 7, 6]",two-tone,1,1,1,2.1671950211913593
1,"[11, 7, 6]",two-tone,2,2,2,2.6388542372252344
2,"[11, 7, 6]",two-tone,3,2,2,2.840590859087449
3,"[11, 7, 6]",two-tone,4,3,2,3.5548041317584924
4,"[11, 7, 6]",two-tone,8,6,4,4.349082148929488
5,"[11, 7, 6]",two-tone,10,7,5,4.635905561133313
6,"[11, 7, 6]",two-tone,15,10,7,5.785832741017223
7,"[11, 7, 6]",two-tone,16,11,8,5.973613391359786
