,flop,board_type,0b,1b,2b,profit
0,"[11, 6, 5]",two-tone,1,1,1,2.278537783844851
1,"[11, 6, 5]",two-tone,2,2,2,2.7345749030691024
2,"[11, 6, 5]",two-tone,3,2,2,2.9648269870834127
3,"[11, 6, 5]",two-tone,4,3,2,3.67010401696479
4,"[11, 6, 5]",two-tone,8,6,4,4.7211788466390505
5,"[11, 6, 5]",two-tone,10,7,5,4.9997372890792695
6,"[11, 6, 5]",two-tone,15,10,7,5.8143341079269435
7,"[11, 6, 5]",two-tone,16,11,8,5.995879967388438
