,flop,board_type,0b,1b,2b,profit
0,"[11, 6, 2]",two-tone,1,1,1,1.7876111725390023
1,"[11, 6, 2]",two-tone,8,6,4,3.969358985329806
2,"[11, 6, 2]",two-tone,10,7,5,4.2366957884682055
3,"[11, 6, 2]",two-tone,15,10,7,5.490816029431621
4,"[11, 6, 2]",two-tone,16,11,8,5.808437291506248
