,flop,board_type,0b,1b,2b,profit
0,"[11, 5, 4]",two-tone,1,1,1,1.79154169526503
1,"[11, 5, 4]",two-tone,8,6,4,3.8004117862238838
2,"[11, 5, 4]",two-tone,10,7,5,4.16155509105921
3,"[11, 5, 4]",two-tone,15,10,7,4.932697111714259
4,"[11, 5, 4]",two-tone,16,11,8,5.257080275522306
