,flop,board_type,0b,1b,2b,profit
0,"[10, 10, 2]",two-tone,1,1,1,-0.03411504499999918
1,"[10, 10, 2]",two-tone,8,6,4,1.082987464223301
2,"[10, 10, 2]",two-tone,10,7,5,1.250125511814787
3,"[10, 10, 2]",two-tone,15,10,7,1.6900506907617623
4,"[10, 10, 2]",two-tone,16,11,8,1.8127694133831218
