,flop,board_type,0b,1b,2b,profit
0,"[10, 9, 7]",two-tone,1,1,1,2.0702707237188696
1,"[10, 9, 7]",two-tone,2,2,2,4.777390399233716
2,"[10, 9, 7]",two-tone,3,2,2,5.285323232171934
3,"[10, 9, 7]",two-tone,4,3,2,6.4396164655531605
4,"[10, 9, 7]",two-tone,8,6,4,6.610937138936781
5,"[10, 9, 7]",two-tone,10,7,5,6.618033655651342
6,"[10, 9, 7]",two-tone,15,10,7,7.175910431788792
