,flop,board_type,0b,1b,2b,profit
0,"[10, 9, 5]",two-tone,1,1,1,1.400463386653894
1,"[10, 9, 5]",two-tone,2,2,2,2.5087560221264362
2,"[10, 9, 5]",two-tone,3,2,2,2.894088653192847
3,"[10, 9, 5]",two-tone,4,3,2,3.6086618279054905
4,"[10, 9, 5]",two-tone,8,6,4,4.127652571817793
5,"[10, 9, 5]",two-tone,10,7,5,4.1963133670710935
6,"[10, 9, 5]",two-tone,15,10,7,6.018348604831843
