,flop,board_type,0b,1b,2b,profit
0,"[10, 9, 4]",two-tone,1,1,1,0.7585053869855956
1,"[10, 9, 4]",two-tone,2,2,2,1.823086648323045
2,"[10, 9, 4]",two-tone,3,2,2,2.2067919435596703
3,"[10, 9, 4]",two-tone,4,3,2,2.900929245246913
4,"[10, 9, 4]",two-tone,8,6,4,3.5777293701440316
5,"[10, 9, 4]",two-tone,10,7,5,3.6449790536008226
6,"[10, 9, 4]",two-tone,15,10,7,5.91509549041152
