,flop,board_type,0b,1b,2b,profit
0,"[10, 8, 8]",two-tone,1,1,1,0.8298799366771166
1,"[10, 8, 8]",two-tone,2,2,2,0.8317861577324972
2,"[10, 8, 8]",two-tone,3,2,2,1.0380936090909094
3,"[10, 8, 8]",two-tone,4,3,2,1.4072923638453494
4,"[10, 8, 8]",two-tone,8,6,4,1.9835635749216305
5,"[10, 8, 8]",two-tone,10,7,5,2.2312541402298853
6,"[10, 8, 8]",two-tone,15,10,7,4.099745588087774
