,flop,board_type,0b,1b,2b,profit
0,"[10, 8, 3]",two-tone,1,1,1,1.3169693744047615
1,"[10, 8, 3]",two-tone,2,2,2,1.3232415644841258
2,"[10, 8, 3]",two-tone,3,2,2,1.5135378501984122
3,"[10, 8, 3]",two-tone,4,3,2,1.8341051160714277
4,"[10, 8, 3]",two-tone,8,6,4,2.3324019700396814
5,"[10, 8, 3]",two-tone,10,7,5,2.79123188204365
6,"[10, 8, 3]",two-tone,15,10,7,5.059314347420635
