,flop,board_type,0b,1b,2b,profit
0,"[10, 7, 3]",two-tone,1,1,1,1.9767646630434785
1,"[10, 7, 3]",two-tone,2,2,2,2.4566077409897025
2,"[10, 7, 3]",two-tone,8,6,4,3.237639889016018
3,"[10, 7, 3]",two-tone,10,7,5,3.7322915343249425
4,"[10, 7, 3]",two-tone,15,10,7,5.598819643878718
5,"[10, 7, 3]",two-tone,16,11,8,5.603121613558351
