,flop,board_type,0b,1b,2b,profit
0,"[10, 6, 6]",two-tone,1,1,1,0.617853246179967
1,"[10, 6, 6]",two-tone,8,6,4,2.3423551406338428
2,"[10, 6, 6]",two-tone,10,7,5,2.569371425580079
3,"[10, 6, 6]",two-tone,15,10,7,3.2376550082059987
