,flop,board_type,0b,1b,2b,profit
0,"[10, 5, 5]",two-tone,1,1,1,0.6258330248726663
1,"[10, 5, 5]",two-tone,8,6,4,1.7178528329937754
2,"[10, 5, 5]",two-tone,10,7,5,2.0008410689586875
3,"[10, 5, 5]",two-tone,15,10,7,2.302967706734579
4,"[10, 5, 5]",two-tone,16,11,8,2.4319639413695535
