,flop,board_type,0b,1b,2b,profit
0,"[9, 9, 3]",two-tone,1,1,1,-0.0805945874758327
1,"[9, 9, 3]",two-tone,8,6,4,1.16723608612245
2,"[9, 9, 3]",two-tone,10,7,5,1.4960571547841033
3,"[9, 9, 3]",two-tone,15,10,7,2.692386533714285
4,"[9, 9, 3]",two-tone,16,11,8,2.9446036269473685
