,flop,board_type,0b,1b,2b,profit
0,"[9, 6, 6]",two-tone,1,1,1,1.0500033232964
1,"[9, 6, 6]",two-tone,2,2,2,1.556212674736843
2,"[9, 6, 6]",two-tone,3,2,2,1.5565423006648198
3,"[9, 6, 6]",two-tone,4,3,2,1.7375932250692525
4,"[9, 6, 6]",two-tone,8,6,4,2.46370139468144
5,"[9, 6, 6]",two-tone,10,7,5,3.147696359030471
6,"[9, 6, 6]",two-tone,15,10,7,4.2859912460387815
7,"[9, 6, 6]",two-tone,16,11,8,4.517555883379502
