,flop,board_type,0b,1b,2b,profit
0,"[9, 3, 3]",two-tone,1,1,1,0.30913797730934545
1,"[9, 3, 3]",two-tone,2,2,2,0.3141046411117092
2,"[9, 3, 3]",two-tone,3,2,2,0.31913429632116075
3,"[9, 3, 3]",two-tone,4,3,2,0.4871163778195493
4,"[9, 3, 3]",two-tone,8,6,4,1.4687700197368425
5,"[9, 3, 3]",two-tone,10,7,5,1.8057287713480128
6,"[9, 3, 3]",two-tone,15,10,7,2.90201905424275
7,"[9, 3, 3]",two-tone,16,11,8,3.1099468583512357
