,flop,board_type,0b,1b,2b,profit
0,"[8, 8, 4]",two-tone,1,1,1,1.6084184208765482
1,"[8, 8, 4]",two-tone,8,6,4,2.3438643480216945
2,"[8, 8, 4]",two-tone,10,7,5,2.6733742843056123
3,"[8, 8, 4]",two-tone,15,10,7,3.5732566664436267
4,"[8, 8, 4]",two-tone,16,11,8,4.024602716715678
