,flop,board_type,0b,1b,2b,profit
0,"[8, 7, 4]",two-tone,1,1,1,2.866051244379106
1,"[8, 7, 4]",two-tone,2,2,2,3.3441213396748513
2,"[8, 7, 4]",two-tone,3,2,2,3.5038650161708738
3,"[8, 7, 4]",two-tone,4,3,2,3.8316949220857826
4,"[8, 7, 4]",two-tone,8,6,4,3.9615457277758557
5,"[8, 7, 4]",two-tone,10,7,5,4.307530020927014
6,"[8, 7, 4]",two-tone,15,10,7,5.267915766343824
7,"[8, 7, 4]",two-tone,16,11,8,5.383750502334831
