,flop,board_type,0b,1b,2b,profit
0,"[8, 6, 4]",two-tone,1,1,1,2.7537904572740106
1,"[8, 6, 4]",two-tone,8,6,4,3.447931096663135
2,"[8, 6, 4]",two-tone,10,7,5,3.7965379435911
3,"[8, 6, 4]",two-tone,15,10,7,4.6634347153072016
4,"[8, 6, 4]",two-tone,16,11,8,5.099146803495762
