,flop,board_type,0b,1b,2b,profit
0,"[8, 5, 4]",two-tone,1,1,1,2.847189931585451
1,"[8, 5, 4]",two-tone,2,2,2,2.850729346751412
2,"[8, 5, 4]",two-tone,8,6,4,3.557500701094633
3,"[8, 5, 4]",two-tone,10,7,5,3.8988938806497164
4,"[8, 5, 4]",two-tone,15,10,7,4.762894125264829
5,"[8, 5, 4]",two-tone,16,11,8,5.188090488788841
