,flop,board_type,0b,1b,2b,profit
0,"[8, 4, 3]",two-tone,1,1,1,1.602540491767554
1,"[8, 4, 3]",two-tone,2,2,2,1.6066576760463507
2,"[8, 4, 3]",two-tone,3,2,2,1.6162907025164293
3,"[8, 4, 3]",two-tone,4,3,2,1.7905664992044268
4,"[8, 4, 3]",two-tone,8,6,4,2.2927817879107577
5,"[8, 4, 3]",two-tone,10,7,5,2.5227320480456576
6,"[8, 4, 3]",two-tone,15,10,7,3.4636325027239705
7,"[8, 4, 3]",two-tone,16,11,8,3.8814208941888593
