,flop,board_type,0b,1b,2b,profit
0,"[7, 6, 6]",two-tone,1,1,1,2.8644997082989687
1,"[7, 6, 6]",two-tone,2,2,2,3.307931497010309
2,"[7, 6, 6]",two-tone,3,2,2,3.491027026907216
3,"[7, 6, 6]",two-tone,4,3,2,3.769725615206185
4,"[7, 6, 6]",two-tone,8,6,4,4.2629616735051545
5,"[7, 6, 6]",two-tone,10,7,5,4.714810580773197
6,"[7, 6, 6]",two-tone,15,10,7,5.368103707010309
7,"[7, 6, 6]",two-tone,16,11,8,5.90303101628866
