,flop,board_type,0b,1b,2b,profit
0,"[7, 6, 5]",two-tone,1,1,1,4.032072199468084
1,"[7, 6, 5]",two-tone,8,6,4,4.734472681382977
2,"[7, 6, 5]",two-tone,10,7,5,5.18075402003546
3,"[7, 6, 5]",two-tone,15,10,7,5.614368769503546
4,"[7, 6, 5]",two-tone,16,11,8,6.170913847517729
