,flop,board_type,0b,1b,2b,profit
0,"[7, 6, 3]",two-tone,1,1,1,2.98536780283505
1,"[7, 6, 3]",two-tone,2,2,2,3.4416085280927824
2,"[7, 6, 3]",two-tone,3,2,2,3.621428242010308
3,"[7, 6, 3]",two-tone,4,3,2,3.8960824079896894
4,"[7, 6, 3]",two-tone,8,6,4,4.110775546907216
5,"[7, 6, 3]",two-tone,10,7,5,4.225229277577318
6,"[7, 6, 3]",two-tone,15,10,7,4.922218875515462
7,"[7, 6, 3]",two-tone,16,11,8,5.453731990721647
