,flop,board_type,0b,1b,2b,profit
0,"[7, 3, 3]",two-tone,1,1,1,2.37473930975
1,"[7, 3, 3]",two-tone,8,6,4,3.0884521972499996
2,"[7, 3, 3]",two-tone,10,7,5,3.4219683861
3,"[7, 3, 3]",two-tone,15,10,7,4.24404441125
4,"[7, 3, 3]",two-tone,16,11,8,4.7440693469
