,flop,board_type,0b,1b,2b,profit
0,"[6, 6, 3]",two-tone,1,1,1,3.2006354282178213
1,"[6, 6, 3]",two-tone,8,6,4,4.000236134554455
2,"[6, 6, 3]",two-tone,10,7,5,4.432286493663367
3,"[6, 6, 3]",two-tone,15,10,7,5.249992010693069
4,"[6, 6, 3]",two-tone,16,11,8,5.877620680792079
