,flop,board_type,0b,1b,2b,profit
0,"[6, 5, 4]",two-tone,1,1,1,4.401487782499999
1,"[6, 5, 4]",two-tone,2,2,2,4.411128455306121
2,"[6, 5, 4]",two-tone,3,2,2,4.600695942959183
3,"[6, 5, 4]",two-tone,4,3,2,4.866242239693877
4,"[6, 5, 4]",two-tone,8,6,4,5.153568922448979
5,"[6, 5, 4]",two-tone,10,7,5,5.458842934693877
6,"[6, 5, 4]",two-tone,15,10,7,6.042564237551019
7,"[6, 5, 4]",two-tone,16,11,8,6.694251187755101
