,flop,board_type,0b,1b,2b,profit
0,"[6, 5, 2]",two-tone,1,1,1,3.8334768891836726
1,"[6, 5, 2]",two-tone,2,2,2,4.267206948316327
2,"[6, 5, 2]",two-tone,3,2,2,4.456452371734692
3,"[6, 5, 2]",two-tone,4,3,2,4.7293428475510195
4,"[6, 5, 2]",two-tone,8,6,4,5.007884982755101
5,"[6, 5, 2]",two-tone,10,7,5,5.136742930816325
6,"[6, 5, 2]",two-tone,15,10,7,5.915316601224488
7,"[6, 5, 2]",two-tone,16,11,8,6.558472612448979
