,flop,board_type,0b,1b,2b,profit
0,"[6, 4, 4]",two-tone,1,1,1,3.254337667821783
1,"[6, 4, 4]",two-tone,2,2,2,3.2564625704950494
2,"[6, 4, 4]",two-tone,3,2,2,3.4351491066336632
3,"[6, 4, 4]",two-tone,4,3,2,3.6994575369306926
4,"[6, 4, 4]",two-tone,8,6,4,4.039743943267327
5,"[6, 4, 4]",two-tone,10,7,5,4.555650486930694
6,"[6, 4, 4]",two-tone,15,10,7,5.286310734455446
7,"[6, 4, 4]",two-tone,16,11,8,5.911482033069307
