,flop,board_type,0b,1b,2b,profit
0,"[5, 5, 3]",two-tone,1,1,1,4.111326125148516
1,"[5, 5, 3]",two-tone,2,2,2,4.113152415841584
2,"[5, 5, 3]",two-tone,8,6,4,4.523538901287129
3,"[5, 5, 3]",two-tone,10,7,5,5.037492306534654
4,"[5, 5, 3]",two-tone,15,10,7,5.87105914841584
5,"[5, 5, 3]",two-tone,16,11,8,6.6124696946534645
