,flop,board_type,0b,1b,2b,profit
0,"[5, 5, 2]",two-tone,1,1,1,4.107743396831684
1,"[5, 5, 2]",two-tone,2,2,2,4.117810635247525
2,"[5, 5, 2]",two-tone,8,6,4,4.542313474257426
3,"[5, 5, 2]",two-tone,10,7,5,4.947164715742574
4,"[5, 5, 2]",two-tone,15,10,7,5.872582907326732
5,"[5, 5, 2]",two-tone,16,11,8,6.612525480396038
