,flop,board_type,0b,1b,2b,profit
0,"[14, 14, 9]",two-tone,1,1,1,0.8888926899994904
1,"[14, 14, 9]",two-tone,8,6,4,1.1556201757419815
2,"[14, 14, 9]",two-tone,16,11,8,1.1928948026281947
