,flop,board_type,0b,1b,2b,profit
0,"[14, 14, 3]",two-tone,1,1,1,0.9998241124236226
1,"[14, 14, 3]",two-tone,2,2,2,1.0011977705716528
2,"[14, 14, 3]",two-tone,3,2,2,1.0105450201544366
3,"[14, 14, 3]",two-tone,8,6,4,1.4396855714404977
4,"[14, 14, 3]",two-tone,10,7,5,1.5879819768565107
5,"[14, 14, 3]",two-tone,15,10,7,1.6686682978735579
6,"[14, 14, 3]",two-tone,16,11,8,2.0646704321443483
