,flop,board_type,0b,1b,2b,profit
0,"[14, 12, 12]",two-tone,1,1,1,0.7639233407380045
1,"[14, 12, 12]",two-tone,8,6,4,0.9782062779935496
