,flop,board_type,0b,1b,2b,profit
0,"[14, 11, 3]",two-tone,1,1,1,0.9438637640346786
1,"[14, 11, 3]",two-tone,2,2,2,0.987554203007112
2,"[14, 11, 3]",two-tone,8,6,4,1.0245018844054028
