,flop,board_type,0b,1b,2b,profit
0,"[14, 10, 8]",two-tone,1,1,1,0.7982139024618963
1,"[14, 10, 8]",two-tone,2,2,2,0.8289115473526223
