,flop,board_type,0b,1b,2b,profit
0,"[14, 10, 4]",two-tone,1,1,1,1.019477503860309
1,"[14, 10, 4]",two-tone,2,2,2,1.0209994252782475
2,"[14, 10, 4]",two-tone,8,6,4,1.053155801151767
3,"[14, 10, 4]",two-tone,10,7,5,1.0581079970809848
