,flop,board_type,0b,1b,2b,profit
0,"[14, 5, 5]",two-tone,1,1,1,0.8445469240355142
1,"[14, 5, 5]",two-tone,2,2,2,0.8447657051747455
2,"[14, 5, 5]",two-tone,8,6,4,1.1075433128981274
3,"[14, 5, 5]",two-tone,10,7,5,1.1960340250693275
4,"[14, 5, 5]",two-tone,16,11,8,1.4734905531722535
