,flop,board_type,0b,1b,2b,profit
0,"[14, 3, 3]",two-tone,1,1,1,0.8552769632931841
1,"[14, 3, 3]",two-tone,2,2,2,0.8562180676489457
2,"[14, 3, 3]",two-tone,8,6,4,1.156758058412421
3,"[14, 3, 3]",two-tone,10,7,5,1.24126919557649
4,"[14, 3, 3]",two-tone,16,11,8,1.5429475652427271
