,flop,board_type,0b,1b,2b,profit
0,"[13, 13, 12]",two-tone,1,1,1,0.5559087424130825
1,"[13, 13, 12]",two-tone,2,2,2,0.5862262342237262
2,"[13, 13, 12]",two-tone,3,2,2,0.6482093533338871
3,"[13, 13, 12]",two-tone,4,3,2,0.6483033823725799
4,"[13, 13, 12]",two-tone,8,6,4,0.7253916981550147
