,flop,board_type,0b,1b,2b,profit
0,"[13, 13, 9]",two-tone,1,1,1,0.6541234213811183
1,"[13, 13, 9]",two-tone,2,2,2,0.6547513701215949
2,"[13, 13, 9]",two-tone,3,2,2,0.7123282385914392
