,flop,board_type,0b,1b,2b,profit
0,"[13, 12, 7]",two-tone,1,1,1,0.4991832095606767
1,"[13, 12, 7]",two-tone,2,2,2,0.5562470255846736
