,flop,board_type,0b,1b,2b,profit
0,"[13, 11, 11]",two-tone,1,1,1,0.6967638751269483
1,"[13, 11, 11]",two-tone,8,6,4,0.7571349158501203
