,flop,board_type,0b,1b,2b,profit
0,"[13, 11, 3]",two-tone,1,1,1,0.6695947991699701
1,"[13, 11, 3]",two-tone,2,2,2,0.7222271924075349
2,"[13, 11, 3]",two-tone,3,2,2,0.7282343434438121
