,flop,board_type,0b,1b,2b,profit
0,"[13, 10, 2]",two-tone,1,1,1,0.7290191704508125
1,"[13, 10, 2]",two-tone,2,2,2,0.7890593954783549
2,"[13, 10, 2]",two-tone,3,2,2,0.7976793029555472
