,flop,board_type,0b,1b,2b,profit
0,"[13, 8, 8]",two-tone,1,1,1,0.6487478465063277
1,"[13, 8, 8]",two-tone,2,2,2,0.6525460146448139
2,"[13, 8, 8]",two-tone,8,6,4,0.754807724194346
