,flop,board_type,0b,1b,2b,profit
0,"[13, 4, 2]",two-tone,1,1,1,0.7823475799179982
1,"[13, 4, 2]",two-tone,8,6,4,0.8176973393647495
2,"[13, 4, 2]",two-tone,10,7,5,0.8436029565940254
