,flop,board_type,0b,1b,2b,profit
0,"[13, 2, 2]",two-tone,1,1,1,0.6680258773000393
1,"[13, 2, 2]",two-tone,2,2,2,0.6728444409087226
2,"[13, 2, 2]",two-tone,8,6,4,0.7614848341063222
3,"[13, 2, 2]",two-tone,10,7,5,0.8228352093264493
