,flop,board_type,0b,1b,2b,profit
0,"[12, 12, 9]",two-tone,1,1,1,0.6488503146618896
1,"[12, 12, 9]",two-tone,2,2,2,0.6688062713842569
