,flop,board_type,0b,1b,2b,profit
0,"[12, 12, 6]",two-tone,1,1,1,0.703175869503732
1,"[12, 12, 6]",two-tone,2,2,2,0.7058188583496741
2,"[12, 12, 6]",two-tone,8,6,4,0.8196006352362973
3,"[12, 12, 6]",two-tone,15,10,7,0.9615231615027255
