,flop,board_type,0b,1b,2b,profit
0,"[12, 12, 5]",two-tone,1,1,1,0.7078068925569371
1,"[12, 12, 5]",two-tone,8,6,4,0.7970145565370971
2,"[12, 12, 5]",two-tone,10,7,5,0.8808719892292399
3,"[12, 12, 5]",two-tone,15,10,7,1.0172941649921277
4,"[12, 12, 5]",two-tone,16,11,8,1.0200005474783198
