,flop,board_type,0b,1b,2b,profit
0,"[12, 10, 6]",two-tone,1,1,1,0.6604899779066996
1,"[12, 10, 6]",two-tone,2,2,2,0.8101107740686655
