,flop,board_type,0b,1b,2b,profit
0,"[12, 7, 3]",two-tone,1,1,1,0.7133692663977523
1,"[12, 7, 3]",two-tone,2,2,2,0.7141995681328248
