,flop,board_type,0b,1b,2b,profit
0,"[12, 5, 2]",two-tone,1,1,1,0.870208581338323
1,"[12, 5, 2]",two-tone,8,6,4,0.8864442103671035
2,"[12, 5, 2]",two-tone,10,7,5,0.9220932262585764
