,flop,board_type,0b,1b,2b,profit
0,"[11, 11, 8]",two-tone,1,1,1,0.6346406092098621
1,"[11, 11, 8]",two-tone,2,2,2,0.6566193724118431
