,flop,board_type,0b,1b,2b,profit
0,"[11, 11, 6]",two-tone,1,1,1,0.6607433205648507
1,"[11, 11, 6]",two-tone,8,6,4,0.7456136634465984
2,"[11, 11, 6]",two-tone,10,7,5,0.7493511693515086
3,"[11, 11, 6]",two-tone,15,10,7,0.8804123053208959
