,flop,board_type,0b,1b,2b,profit
0,"[11, 10, 3]",two-tone,1,1,1,0.7689032713190911
1,"[11, 10, 3]",two-tone,2,2,2,0.9066889061476104
