,flop,board_type,0b,1b,2b,profit
0,"[11, 7, 7]",two-tone,1,1,1,0.465236069921432
1,"[11, 7, 7]",two-tone,8,6,4,0.600403923528271
