,flop,board_type,0b,1b,2b,profit
0,"[10, 8, 6]",two-tone,1,1,1,0.7358625187952894
1,"[10, 8, 6]",two-tone,2,2,2,0.7431079838556134
