,flop,board_type,0b,1b,2b,profit
0,"[10, 6, 6]",two-tone,1,1,1,0.6484885288282722
1,"[10, 6, 6]",two-tone,2,2,2,0.6488905940552933
2,"[10, 6, 6]",two-tone,3,2,2,0.6611433688120614
3,"[10, 6, 6]",two-tone,4,3,2,0.7313827071247694
4,"[10, 6, 6]",two-tone,8,6,4,0.793615615584099
5,"[10, 6, 6]",two-tone,10,7,5,0.8080477120205589
6,"[10, 6, 6]",two-tone,15,10,7,0.8540213861401513
