,flop,board_type,0b,1b,2b,profit
0,"[9, 9, 3]",two-tone,1,1,1,0.7050126505768753
1,"[9, 9, 3]",two-tone,2,2,2,0.7055917786974988
2,"[9, 9, 3]",two-tone,8,6,4,0.7540725519184712
3,"[9, 9, 3]",two-tone,10,7,5,0.9470079835528992
4,"[9, 9, 3]",two-tone,15,10,7,1.0807695940440194
