,flop,board_type,0b,1b,2b,profit
0,"[9, 9, 2]",two-tone,1,1,1,0.7003058345838944
1,"[9, 9, 2]",two-tone,8,6,4,0.7547564916593921
2,"[9, 9, 2]",two-tone,10,7,5,0.9456056932183957
3,"[9, 9, 2]",two-tone,15,10,7,1.056012027324668
