,flop,board_type,0b,1b,2b,profit
0,"[8, 8, 7]",two-tone,1,1,1,0.5194785328283864
1,"[8, 8, 7]",two-tone,15,10,7,0.5725481936998212
