,flop,board_type,0b,1b,2b,profit
0,"[8, 8, 4]",two-tone,1,1,1,0.5652411174534226
1,"[8, 8, 4]",two-tone,8,6,4,0.5987937560302733
2,"[8, 8, 4]",two-tone,10,7,5,0.8025311112821496
3,"[8, 8, 4]",two-tone,15,10,7,0.9262886940869779
4,"[8, 8, 4]",two-tone,16,11,8,0.935890380555057
