,flop,board_type,0b,1b,2b,profit
0,"[8, 5, 3]",two-tone,1,1,1,0.7565119345102677
1,"[8, 5, 3]",two-tone,8,6,4,0.8386796586504465
2,"[8, 5, 3]",two-tone,10,7,5,0.841191115438393
