,flop,board_type,0b,1b,2b,profit
0,"[8, 5, 2]",two-tone,1,1,1,0.7582863213849432
1,"[8, 5, 2]",two-tone,8,6,4,0.7889002519553445
2,"[8, 5, 2]",two-tone,10,7,5,0.792395288608842
