,flop,board_type,0b,1b,2b,profit
0,"[8, 4, 3]",two-tone,1,1,1,0.7241819959732723
1,"[8, 4, 3]",two-tone,8,6,4,0.8077761651090204
2,"[8, 4, 3]",two-tone,10,7,5,0.8450555319632495
