,flop,board_type,0b,1b,2b,profit
0,"[7, 7, 3]",two-tone,1,1,1,0.2923026598961293
1,"[7, 7, 3]",two-tone,8,6,4,0.4459558856885162
2,"[7, 7, 3]",two-tone,10,7,5,0.6375638564420193
3,"[7, 7, 3]",two-tone,15,10,7,0.7203701768831662
4,"[7, 7, 3]",two-tone,16,11,8,0.8359265374707537
