,flop,board_type,0b,1b,2b,profit
0,"[7, 4, 4]",two-tone,1,1,1,0.5459218718077299
1,"[7, 4, 4]",two-tone,8,6,4,0.7507785830132487
2,"[7, 4, 4]",two-tone,10,7,5,0.8916063348895495
3,"[7, 4, 4]",two-tone,15,10,7,0.957935288479706
4,"[7, 4, 4]",two-tone,16,11,8,0.9699070034184004
