,flop,board_type,0b,1b,2b,profit
0,"[6, 4, 4]",two-tone,1,1,1,0.8028077847593961
1,"[6, 4, 4]",two-tone,8,6,4,1.0044154709080497
2,"[6, 4, 4]",two-tone,10,7,5,1.1327060774898572
3,"[6, 4, 4]",two-tone,15,10,7,1.2332374639572126
4,"[6, 4, 4]",two-tone,16,11,8,1.3224555133522786
