,flop,board_type,0b,1b,2b,profit
0,"[5, 3, 3]",two-tone,1,1,1,0.8517170433806136
1,"[5, 3, 3]",two-tone,8,6,4,1.1330352231231746
2,"[5, 3, 3]",two-tone,10,7,5,1.1939898784980496
3,"[5, 3, 3]",two-tone,15,10,7,1.246210335622085
4,"[5, 3, 3]",two-tone,16,11,8,1.3812838417187818
