,flop,board_type,0b,1b,2b,profit
0,"[14, 14, 7]",rainbow,1,1,1,1.2727174781908166
1,"[14, 14, 7]",rainbow,8,6,4,1.4992996270176007
2,"[14, 14, 7]",rainbow,15,10,7,1.5127361681600906
