,flop,board_type,0b,1b,2b,profit
0,"[14, 14, 4]",rainbow,1,1,1,1.5536921302725848
1,"[14, 14, 4]",rainbow,2,2,2,1.5557296045665594
2,"[14, 14, 4]",rainbow,3,2,2,1.5582250455586468
3,"[14, 14, 4]",rainbow,8,6,4,1.7452574810955133
4,"[14, 14, 4]",rainbow,10,7,5,1.7960930740279424
