,flop,board_type,0b,1b,2b,profit
0,"[14, 12, 3]",rainbow,1,1,1,1.6768952887406383
1,"[14, 12, 3]",rainbow,2,2,2,1.7254931133287668
