,flop,board_type,0b,1b,2b,profit
0,"[14, 10, 3]",rainbow,1,1,1,1.5727013825584537
1,"[14, 10, 3]",rainbow,2,2,2,1.5812144067468594
