,flop,board_type,0b,1b,2b,profit
0,"[14, 8, 4]",rainbow,1,1,1,1.3358480129168013
1,"[14, 8, 4]",rainbow,2,2,2,1.3371524296880897
