,flop,board_type,0b,1b,2b,profit
0,"[14, 4, 4]",rainbow,1,1,1,1.4098747383354187
1,"[14, 4, 4]",rainbow,2,2,2,1.4114057354818517
2,"[14, 4, 4]",rainbow,3,2,2,1.4128876199624527
3,"[14, 4, 4]",rainbow,8,6,4,1.6470110936045053
4,"[14, 4, 4]",rainbow,10,7,5,1.672363594680851
