,flop,board_type,0b,1b,2b,profit
0,"[13, 13, 10]",rainbow,1,1,1,0.5706639559738185
1,"[13, 13, 10]",rainbow,2,2,2,0.6796227097705854
2,"[13, 13, 10]",rainbow,8,6,4,0.6952755326319132
3,"[13, 13, 10]",rainbow,10,7,5,0.9609334293834011
4,"[13, 13, 10]",rainbow,15,10,7,1.2912085054117517
5,"[13, 13, 10]",rainbow,16,11,8,1.330169338527431
