,flop,board_type,0b,1b,2b,profit
0,"[13, 13, 8]",rainbow,1,1,1,0.8883126833642568
1,"[13, 13, 8]",rainbow,8,6,4,0.9537252534232672
2,"[13, 13, 8]",rainbow,10,7,5,1.0180283242031123
3,"[13, 13, 8]",rainbow,15,10,7,1.0967521497896076
