,flop,board_type,0b,1b,2b,profit
0,"[13, 13, 4]",rainbow,1,1,1,1.1730177123970371
1,"[13, 13, 4]",rainbow,2,2,2,1.1735482495350487
2,"[13, 13, 4]",rainbow,3,2,2,1.174990162242278
