,flop,board_type,0b,1b,2b,profit
0,"[13, 10, 5]",rainbow,1,1,1,0.20420687672422377
1,"[13, 10, 5]",rainbow,2,2,2,0.30700692326579443
