,flop,board_type,0b,1b,2b,profit
0,"[13, 9, 3]",rainbow,1,1,1,1.1375063130543783
1,"[13, 9, 3]",rainbow,2,2,2,1.1394730070603811
