,flop,board_type,0b,1b,2b,profit
0,"[13, 8, 8]",rainbow,1,1,1,0.7319503717447913
1,"[13, 8, 8]",rainbow,8,6,4,1.1125106504572122
2,"[13, 8, 8]",rainbow,10,7,5,1.2615558113220362
