,flop,board_type,0b,1b,2b,profit
0,"[13, 7, 7]",rainbow,1,1,1,0.7406748044531248
1,"[13, 7, 7]",rainbow,2,2,2,0.7407177660677084
2,"[13, 7, 7]",rainbow,8,6,4,0.9482231639691792
3,"[13, 7, 7]",rainbow,10,7,5,1.054910148075985
