,flop,board_type,0b,1b,2b,profit
0,"[12, 11, 11]",rainbow,1,1,1,0.42061110852948413
1,"[12, 11, 11]",rainbow,8,6,4,1.0259337035259595
2,"[12, 11, 11]",rainbow,10,7,5,1.3541802051295693
3,"[12, 11, 11]",rainbow,15,10,7,2.0152029763073758
4,"[12, 11, 11]",rainbow,16,11,8,2.0551855067881406
