,flop,board_type,0b,1b,2b,profit
0,"[12, 11, 8]",rainbow,1,1,1,0.2618266383709677
1,"[12, 11, 8]",rainbow,2,2,2,0.2966693193334101
