,flop,board_type,0b,1b,2b,profit
0,"[12, 4, 2]",rainbow,1,1,1,1.274972724334879
1,"[12, 4, 2]",rainbow,2,2,2,1.2835735573346352
