,flop,board_type,0b,1b,2b,profit
0,"[11, 11, 4]",rainbow,1,1,1,0.3798153904479574
1,"[11, 11, 4]",rainbow,2,2,2,0.3821993429935896
