,flop,board_type,0b,1b,2b,profit
0,"[10, 9, 7]",rainbow,1,1,1,-0.8621067486720871
1,"[10, 9, 7]",rainbow,2,2,2,-0.45135360720346485
