,flop,board_type,0b,1b,2b,profit
0,"[10, 9, 6]",rainbow,1,1,1,-0.3037137221951222
1,"[10, 9, 6]",rainbow,2,2,2,-0.15594355630633744
2,"[10, 9, 6]",rainbow,8,6,4,0.24003055572079984
3,"[10, 9, 6]",rainbow,10,7,5,0.2440970940692879
