,flop,board_type,0b,1b,2b,profit
0,"[10, 6, 6]",rainbow,1,1,1,-0.03979164732076845
1,"[10, 6, 6]",rainbow,2,2,2,-0.038739810402808494
2,"[10, 6, 6]",rainbow,10,7,5,-0.037270995471203494
