,flop,board_type,0b,1b,2b,profit
0,"[9, 9, 9]",rainbow,1,1,1,1.0911040977359616
1,"[9, 9, 9]",rainbow,8,6,4,1.497633425075137
2,"[9, 9, 9]",rainbow,10,7,5,1.6713026224946883
3,"[9, 9, 9]",rainbow,15,10,7,2.1318658062985074
4,"[9, 9, 9]",rainbow,16,11,8,2.1816480640791625
