,flop,board_type,0b,1b,2b,profit
0,"[9, 6, 5]",rainbow,1,1,1,-0.21105297285437458
1,"[9, 6, 5]",rainbow,2,2,2,-0.21064982583056463
