,flop,board_type,0b,1b,2b,profit
0,"[8, 8, 3]",rainbow,1,1,1,0.72557169594483
1,"[8, 8, 3]",rainbow,2,2,2,0.7264897356530571
