,flop,board_type,0b,1b,2b,profit
0,"[8, 7, 7]",rainbow,1,1,1,0.3300880589751548
1,"[8, 7, 7]",rainbow,15,10,7,0.46389820466934517
2,"[8, 7, 7]",rainbow,16,11,8,0.4994575385441983
