,flop,board_type,0b,1b,2b,profit
0,"[7, 2, 2]",rainbow,1,1,1,-0.0897506337823129
1,"[7, 2, 2]",rainbow,2,2,2,-0.08822068991756721
