,flop,board_type,0b,1b,2b,profit
0,"[5, 5, 5]",rainbow,1,1,1,0.1964794860432676
1,"[5, 5, 5]",rainbow,2,2,2,0.19717596978216778
2,"[5, 5, 5]",rainbow,3,2,2,0.19988873079790248
