,flop,board_type,0b,1b,2b,profit
0,"[4, 2, 2]",rainbow,1,1,1,-0.21263721805447466
1,"[4, 2, 2]",rainbow,2,2,2,-0.20384766945525334
