,flop,board_type,0b,1b,2b,profit
0,"[2, 2, 2]",rainbow,1,1,1,-0.20156956666666703
1,"[2, 2, 2]",rainbow,8,6,4,-0.19710222499999996
