,flop,board_type,0b,1b,2b,profit
0,"[14, 13, 11]",monotone,1,1,1,-14.959280324788137
1,"[14, 13, 11]",monotone,2,2,2,-14.932351005859573
