,flop,board_type,0b,1b,2b,profit
0,"[14, 13, 10]",monotone,1,1,1,-6.270781173083845
1,"[14, 13, 10]",monotone,2,2,2,-6.188680367234791
