,flop,board_type,0b,1b,2b,profit
0,"[14, 12, 7]",monotone,1,1,1,-5.865200752111069
1,"[14, 12, 7]",monotone,2,2,2,-5.850775150607309
