,flop,board_type,0b,1b,2b,profit
0,"[14, 9, 2]",monotone,1,1,1,-5.04053452871257
1,"[14, 9, 2]",monotone,2,2,2,-5.035480672898618
2,"[14, 9, 2]",monotone,3,2,2,-5.031675179875361
