,flop,board_type,0b,1b,2b,profit
0,"[14, 6, 5]",monotone,1,1,1,-6.372700547965116
1,"[14, 6, 5]",monotone,2,2,2,-6.3528624440406976
