,flop,board_type,0b,1b,2b,profit
0,"[14, 3, 2]",monotone,1,1,1,-6.483941188953489
1,"[14, 3, 2]",monotone,2,2,2,-6.4672885290697675
