,flop,board_type,0b,1b,2b,profit
0,"[13, 10, 9]",monotone,1,1,1,-0.3536746012604767
1,"[13, 10, 9]",monotone,8,6,4,-0.3387749032392016
2,"[13, 10, 9]",monotone,15,10,7,0.07886764163120602
3,"[13, 10, 9]",monotone,16,11,8,0.08392747120567581
