,flop,board_type,0b,1b,2b,profit
0,"[13, 4, 2]",monotone,1,1,1,-7.195384653767621
1,"[13, 4, 2]",monotone,2,2,2,-7.190942068980981
