,flop,board_type,0b,1b,2b,profit
0,"[12, 11, 6]",monotone,1,1,1,-7.633210296069565
1,"[12, 11, 6]",monotone,10,7,5,-7.626852306137633
