,flop,board_type,0b,1b,2b,profit
0,"[12, 11, 2]",monotone,1,1,1,-7.644454595559072
1,"[12, 11, 2]",monotone,8,6,4,-7.633747707442227
