,flop,board_type,0b,1b,2b,profit
0,"[12, 10, 3]",monotone,1,1,1,-6.592952848960911
1,"[12, 10, 3]",monotone,2,2,2,-6.584572886541317
