,flop,board_type,0b,1b,2b,profit
0,"[12, 8, 5]",monotone,1,1,1,-5.923404685396519
1,"[12, 8, 5]",monotone,2,2,2,-5.923291790957446
