,flop,board_type,0b,1b,2b,profit
0,"[12, 7, 2]",monotone,1,1,1,-6.152454640737377
1,"[12, 7, 2]",monotone,2,2,2,-6.144270600118421
2,"[12, 7, 2]",monotone,3,2,2,-6.141259483290569
