,flop,board_type,0b,1b,2b,profit
0,"[11, 9, 7]",monotone,1,1,1,-4.639399126976611
1,"[11, 9, 7]",monotone,2,2,2,-4.63474579572661
