,flop,board_type,0b,1b,2b,profit
0,"[11, 7, 6]",monotone,1,1,1,-5.59051841103768
1,"[11, 7, 6]",monotone,2,2,2,-5.586965974757193
