,flop,board_type,0b,1b,2b,profit
0,"[11, 4, 2]",monotone,1,1,1,-6.332100563142122
1,"[11, 4, 2]",monotone,2,2,2,-6.3157907963807585
2,"[11, 4, 2]",monotone,3,2,2,-6.304543506608031
