,flop,board_type,0b,1b,2b,profit
0,"[10, 8, 4]",monotone,1,1,1,-4.868552762143372
1,"[10, 8, 4]",monotone,2,2,2,-4.862407673771279
