,flop,board_type,0b,1b,2b,profit
0,"[8, 6, 4]",monotone,1,1,1,-6.9983204415746485
1,"[8, 6, 4]",monotone,8,6,4,-6.99788073731933
