,flop,board_type,0b,1b,2b,profit
0,"[7, 4, 3]",monotone,1,1,1,-8.595525685020313
1,"[7, 4, 3]",monotone,8,6,4,-8.592296175445846
