,flop,board_type,0b,1b,2b,profit
0,"[6, 4, 2]",monotone,1,1,1,-11.068109679275366
1,"[6, 4, 2]",monotone,2,2,2,-11.066941659275365
