,flop,board_type,0b,1b,2b,profit
0,"[14, 14, 2]",two-tone,1,1,1,1.1098408628094076
1,"[14, 14, 2]",two-tone,2,2,2,1.11032898069073
2,"[14, 14, 2]",two-tone,3,2,2,1.1296925017614798
3,"[14, 14, 2]",two-tone,4,3,2,1.1561245839996324
4,"[14, 14, 2]",two-tone,8,6,4,1.3597793684863522
5,"[14, 14, 2]",two-tone,10,7,5,1.4214315184036392
6,"[14, 14, 2]",two-tone,15,10,7,1.9518447398638294
7,"[14, 14, 2]",two-tone,16,11,8,2.3260770564822466
