,flop,board_type,0b,1b,2b,profit
0,"[14, 13, 2]",two-tone,1,1,1,1.3678615824110403
1,"[14, 13, 2]",two-tone,2,2,2,1.531241196160851
2,"[14, 13, 2]",two-tone,3,2,2,1.6913795080834655
3,"[14, 13, 2]",two-tone,4,3,2,1.9167813502432463
4,"[14, 13, 2]",two-tone,8,6,4,2.000684011825453
5,"[14, 13, 2]",two-tone,10,7,5,2.001444879744552
6,"[14, 13, 2]",two-tone,15,10,7,2.0875657129514322
7,"[14, 13, 2]",two-tone,16,11,8,2.2217482509359674
