,flop,board_type,0b,1b,2b,profit
0,"[14, 12, 10]",two-tone,1,1,1,2.7171759374620295
1,"[14, 12, 10]",two-tone,2,2,2,2.800151320450457
2,"[14, 12, 10]",two-tone,3,2,2,2.836946218993252
3,"[14, 12, 10]",two-tone,4,3,2,3.008013442937183
4,"[14, 12, 10]",two-tone,8,6,4,3.094456822230897
5,"[14, 12, 10]",two-tone,10,7,5,3.1171038151026793
6,"[14, 12, 10]",two-tone,15,10,7,3.5011619080277807
7,"[14, 12, 10]",two-tone,16,11,8,3.5347506628115086
