,flop,board_type,0b,1b,2b,profit
0,"[14, 11, 5]",two-tone,1,1,1,1.2653713132683997
1,"[14, 11, 5]",two-tone,8,6,4,1.800465172252644
2,"[14, 11, 5]",two-tone,10,7,5,1.8240402926789612
3,"[14, 11, 5]",two-tone,15,10,7,2.01840491055094
4,"[14, 11, 5]",two-tone,16,11,8,2.140200188868958
