,flop,board_type,0b,1b,2b,profit
0,"[14, 10, 10]",two-tone,1,1,1,1.4514516203824175
1,"[14, 10, 10]",two-tone,2,2,2,1.4932932808153847
2,"[14, 10, 10]",two-tone,3,2,2,1.5966434120010988
3,"[14, 10, 10]",two-tone,4,3,2,1.9098181454824172
4,"[14, 10, 10]",two-tone,8,6,4,2.1285257725384614
5,"[14, 10, 10]",two-tone,10,7,5,2.2022769059417584
6,"[14, 10, 10]",two-tone,15,10,7,2.582345880192307
7,"[14, 10, 10]",two-tone,16,11,8,2.6980023373142847
