,flop,board_type,0b,1b,2b,profit
0,"[14, 10, 4]",two-tone,1,1,1,1.3488632171402024
1,"[14, 10, 4]",two-tone,2,2,2,1.349085060179641
2,"[14, 10, 4]",two-tone,3,2,2,1.4936497592793725
3,"[14, 10, 4]",two-tone,4,3,2,1.7336862892153624
4,"[14, 10, 4]",two-tone,8,6,4,1.9070256962296097
5,"[14, 10, 4]",two-tone,10,7,5,1.9279665306462936
6,"[14, 10, 4]",two-tone,15,10,7,2.0940065595684496
7,"[14, 10, 4]",two-tone,16,11,8,2.225938309395003
