,flop,board_type,0b,1b,2b,profit
0,"[14, 10, 2]",two-tone,1,1,1,1.4314328819567297
1,"[14, 10, 2]",two-tone,8,6,4,1.939476773114541
2,"[14, 10, 2]",two-tone,10,7,5,1.9595266429268594
3,"[14, 10, 2]",two-tone,15,10,7,2.059244067091645
4,"[14, 10, 2]",two-tone,16,11,8,2.2021050952134043
