,flop,board_type,0b,1b,2b,profit
0,"[14, 6, 2]",two-tone,1,1,1,1.1386039771548087
1,"[14, 6, 2]",two-tone,2,2,2,1.1407078377964537
2,"[14, 6, 2]",two-tone,3,2,2,1.1581087559060557
3,"[14, 6, 2]",two-tone,4,3,2,1.218368011125183
4,"[14, 6, 2]",two-tone,8,6,4,1.451360344544862
5,"[14, 6, 2]",two-tone,10,7,5,1.5313030157840208
6,"[14, 6, 2]",two-tone,15,10,7,1.909682978712872
7,"[14, 6, 2]",two-tone,16,11,8,2.198112102321744
