,flop,board_type,0b,1b,2b,profit
0,"[13, 13, 11]",two-tone,1,1,1,1.0564497453685693
1,"[13, 13, 11]",two-tone,2,2,2,1.2264625762422172
2,"[13, 13, 11]",two-tone,3,2,2,1.256157745612314
3,"[13, 13, 11]",two-tone,4,3,2,1.2930527409617487
4,"[13, 13, 11]",two-tone,8,6,4,1.507013155376278
5,"[13, 13, 11]",two-tone,10,7,5,1.5515560842071716
6,"[13, 13, 11]",two-tone,15,10,7,1.8805972146988923
7,"[13, 13, 11]",two-tone,16,11,8,1.9998922042582539
