,flop,board_type,0b,1b,2b,profit
0,"[13, 13, 8]",two-tone,1,1,1,0.9644749304886098
1,"[13, 13, 8]",two-tone,8,6,4,1.4540262913761663
2,"[13, 13, 8]",two-tone,10,7,5,1.5661301441100863
3,"[13, 13, 8]",two-tone,15,10,7,1.7962146367644833
4,"[13, 13, 8]",two-tone,16,11,8,1.9198683342835414
