,flop,board_type,0b,1b,2b,profit
0,"[13, 13, 4]",two-tone,1,1,1,0.9719616594744769
1,"[13, 13, 4]",two-tone,8,6,4,1.3749370374149659
2,"[13, 13, 4]",two-tone,10,7,5,1.3760609493482887
3,"[13, 13, 4]",two-tone,15,10,7,1.6251363090564466
4,"[13, 13, 4]",two-tone,16,11,8,1.8274674217687075
