,flop,board_type,0b,1b,2b,profit
0,"[13, 13, 3]",two-tone,1,1,1,1.0210729242966023
1,"[13, 13, 3]",two-tone,2,2,2,1.0232695140352905
2,"[13, 13, 3]",two-tone,3,2,2,1.0240019040569848
3,"[13, 13, 3]",two-tone,4,3,2,1.0446950513046613
4,"[13, 13, 3]",two-tone,8,6,4,1.4106650263324199
5,"[13, 13, 3]",two-tone,10,7,5,1.4114222743895317
6,"[13, 13, 3]",two-tone,15,10,7,1.630199137481545
7,"[13, 13, 3]",two-tone,16,11,8,1.8368208785792952
