,flop,board_type,0b,1b,2b,profit
0,"[13, 12, 6]",two-tone,1,1,1,1.0037410737386294
1,"[13, 12, 6]",two-tone,2,2,2,1.1713290561461493
2,"[13, 12, 6]",two-tone,3,2,2,1.2108615009035781
3,"[13, 12, 6]",two-tone,4,3,2,1.2856352446573684
4,"[13, 12, 6]",two-tone,8,6,4,1.4664454256185568
5,"[13, 12, 6]",two-tone,10,7,5,1.4858078160561956
6,"[13, 12, 6]",two-tone,15,10,7,1.6253481838427333
7,"[13, 12, 6]",two-tone,16,11,8,1.6764018698039223
