,flop,board_type,0b,1b,2b,profit
0,"[13, 12, 4]",two-tone,1,1,1,1.1246070176791647
1,"[13, 12, 4]",two-tone,2,2,2,1.27925800336972
2,"[13, 12, 4]",two-tone,3,2,2,1.3160965658756527
3,"[13, 12, 4]",two-tone,4,3,2,1.3691745476744188
4,"[13, 12, 4]",two-tone,8,6,4,1.4885005833887042
5,"[13, 12, 4]",two-tone,15,10,7,1.5936715364894798
6,"[13, 12, 4]",two-tone,16,11,8,1.6984979754548335
