,flop,board_type,0b,1b,2b,profit
0,"[13, 10, 5]",two-tone,1,1,1,1.121475345518299
1,"[13, 10, 5]",two-tone,2,2,2,1.2769726310744225
2,"[13, 10, 5]",two-tone,3,2,2,1.3147046026855456
3,"[13, 10, 5]",two-tone,4,3,2,1.3679886580341443
4,"[13, 10, 5]",two-tone,8,6,4,1.517516990897567
5,"[13, 10, 5]",two-tone,15,10,7,1.6410351377847068
6,"[13, 10, 5]",two-tone,16,11,8,1.7052457229390718
