,flop,board_type,0b,1b,2b,profit
0,"[13, 9, 9]",two-tone,1,1,1,0.9744087438556207
1,"[13, 9, 9]",two-tone,8,6,4,1.7125804226619348
2,"[13, 9, 9]",two-tone,10,7,5,1.7428099139100957
3,"[13, 9, 9]",two-tone,15,10,7,1.9961486075470196
4,"[13, 9, 9]",two-tone,16,11,8,2.0687354256332258
