,flop,board_type,0b,1b,2b,profit
0,"[13, 9, 7]",two-tone,1,1,1,0.9353599112687688
1,"[13, 9, 7]",two-tone,2,2,2,1.162068047792793
2,"[13, 9, 7]",two-tone,3,2,2,1.3875340634909907
3,"[13, 9, 7]",two-tone,4,3,2,1.5628204084309312
4,"[13, 9, 7]",two-tone,8,6,4,1.673724921308809
5,"[13, 9, 7]",two-tone,10,7,5,1.6765444885185186
6,"[13, 9, 7]",two-tone,15,10,7,1.8467421914514517
7,"[13, 9, 7]",two-tone,16,11,8,1.8747531002152151
