,flop,board_type,0b,1b,2b,profit
0,"[13, 8, 7]",two-tone,1,1,1,0.853654442995827
1,"[13, 8, 7]",two-tone,2,2,2,0.9198054834107796
2,"[13, 8, 7]",two-tone,3,2,2,1.0605427517980286
3,"[13, 8, 7]",two-tone,4,3,2,1.1711520293678044
4,"[13, 8, 7]",two-tone,8,6,4,1.5069258814928819
5,"[13, 8, 7]",two-tone,10,7,5,1.5477921161319443
6,"[13, 8, 7]",two-tone,15,10,7,1.7181593763577707
7,"[13, 8, 7]",two-tone,16,11,8,1.7799262177760675
