,flop,board_type,0b,1b,2b,profit
0,"[13, 7, 7]",two-tone,1,1,1,0.9351806399228544
1,"[13, 7, 7]",two-tone,8,6,4,1.4259077693731919
2,"[13, 7, 7]",two-tone,10,7,5,1.5619026354484085
3,"[13, 7, 7]",two-tone,15,10,7,1.7326527540212147
4,"[13, 7, 7]",two-tone,16,11,8,1.8751696359305683
