,flop,board_type,0b,1b,2b,profit
0,"[13, 7, 5]",two-tone,1,1,1,0.8382060971937432
1,"[13, 7, 5]",two-tone,2,2,2,0.8745916054543326
2,"[13, 7, 5]",two-tone,3,2,2,0.8941537733903567
3,"[13, 7, 5]",two-tone,4,3,2,0.9117681286835784
4,"[13, 7, 5]",two-tone,8,6,4,1.3020236208330895
5,"[13, 7, 5]",two-tone,10,7,5,1.302697138350226
6,"[13, 7, 5]",two-tone,15,10,7,1.5071837559903918
7,"[13, 7, 5]",two-tone,16,11,8,1.6850445304645851
