,flop,board_type,0b,1b,2b,profit
0,"[13, 7, 2]",two-tone,1,1,1,1.050201480502345
1,"[13, 7, 2]",two-tone,2,2,2,1.0522548294682714
2,"[13, 7, 2]",two-tone,8,6,4,1.4620235691713281
3,"[13, 7, 2]",two-tone,10,7,5,1.4623489235251736
4,"[13, 7, 2]",two-tone,15,10,7,1.5621122289526472
5,"[13, 7, 2]",two-tone,16,11,8,1.7339674676301067
