,flop,board_type,0b,1b,2b,profit
0,"[13, 3, 3]",two-tone,1,1,1,1.1922117047824077
1,"[13, 3, 3]",two-tone,8,6,4,1.5614394721293101
2,"[13, 3, 3]",two-tone,10,7,5,1.565011512525353
3,"[13, 3, 3]",two-tone,15,10,7,1.722035618821834
4,"[13, 3, 3]",two-tone,16,11,8,1.9398757467263283
