,flop,board_type,0b,1b,2b,profit
0,"[13, 2, 2]",two-tone,1,1,1,1.2841680483513391
1,"[13, 2, 2]",two-tone,2,2,2,1.2853642947707358
2,"[13, 2, 2]",two-tone,8,6,4,1.610792825685329
3,"[13, 2, 2]",two-tone,15,10,7,1.7362115753492626
4,"[13, 2, 2]",two-tone,16,11,8,1.9645292160396945
