,flop,board_type,0b,1b,2b,profit
0,"[12, 11, 5]",two-tone,1,1,1,1.1702405553097348
1,"[12, 11, 5]",two-tone,2,2,2,1.339631227063392
2,"[12, 11, 5]",two-tone,3,2,2,1.3990666954578295
3,"[12, 11, 5]",two-tone,4,3,2,1.461002468620192
4,"[12, 11, 5]",two-tone,8,6,4,1.559329184982843
5,"[12, 11, 5]",two-tone,10,7,5,1.5915994590482214
6,"[12, 11, 5]",two-tone,15,10,7,1.7107860952079952
7,"[12, 11, 5]",two-tone,16,11,8,1.7882410419902475
