,flop,board_type,0b,1b,2b,profit
0,"[12, 9, 3]",two-tone,1,1,1,1.2255847670160032
1,"[12, 9, 3]",two-tone,2,2,2,1.3681450320067978
2,"[12, 9, 3]",two-tone,3,2,2,1.568765001132984
3,"[12, 9, 3]",two-tone,4,3,2,1.728280838578105
4,"[12, 9, 3]",two-tone,8,6,4,1.8249593900722278
5,"[12, 9, 3]",two-tone,10,7,5,1.8421136576405606
6,"[12, 9, 3]",two-tone,15,10,7,1.9107891776235661
7,"[12, 9, 3]",two-tone,16,11,8,1.9931741917150547
