,flop,board_type,0b,1b,2b,profit
0,"[12, 8, 5]",two-tone,1,1,1,1.0277938297087268
1,"[12, 8, 5]",two-tone,2,2,2,1.0655353086475365
2,"[12, 8, 5]",two-tone,3,2,2,1.2185262545921602
3,"[12, 8, 5]",two-tone,4,3,2,1.4150834271212294
4,"[12, 8, 5]",two-tone,8,6,4,1.535821002165842
5,"[12, 8, 5]",two-tone,10,7,5,1.607905193294286
6,"[12, 8, 5]",two-tone,15,10,7,1.8001408948605038
7,"[12, 8, 5]",two-tone,16,11,8,1.8668139865300482
