,flop,board_type,0b,1b,2b,profit
0,"[12, 7, 5]",two-tone,1,1,1,0.9654957420412478
1,"[12, 7, 5]",two-tone,2,2,2,0.9945220281861453
2,"[12, 7, 5]",two-tone,3,2,2,1.0149759690111053
3,"[12, 7, 5]",two-tone,4,3,2,1.1317902916975147
4,"[12, 7, 5]",two-tone,8,6,4,1.4650775368059228
5,"[12, 7, 5]",two-tone,10,7,5,1.5555560153358012
6,"[12, 7, 5]",two-tone,15,10,7,1.7668556958223163
7,"[12, 7, 5]",two-tone,16,11,8,1.881803736012692
