,flop,board_type,0b,1b,2b,profit
0,"[12, 7, 3]",two-tone,1,1,1,1.0658396896551725
1,"[12, 7, 3]",two-tone,2,2,2,1.0695117376847292
2,"[12, 7, 3]",two-tone,3,2,2,1.1098973448275862
3,"[12, 7, 3]",two-tone,4,3,2,1.2802350407943348
4,"[12, 7, 3]",two-tone,8,6,4,1.5824694329330868
5,"[12, 7, 3]",two-tone,10,7,5,1.651900432779146
6,"[12, 7, 3]",two-tone,15,10,7,1.8098514021449101
7,"[12, 7, 3]",two-tone,16,11,8,1.9207219683394912
