,flop,board_type,0b,1b,2b,profit
0,"[12, 5, 5]",two-tone,1,1,1,1.0778561209379938
1,"[12, 5, 5]",two-tone,2,2,2,1.0791666525936603
2,"[12, 5, 5]",two-tone,3,2,2,1.0798320153825416
3,"[12, 5, 5]",two-tone,4,3,2,1.1746264813628338
4,"[12, 5, 5]",two-tone,8,6,4,1.552659677798643
5,"[12, 5, 5]",two-tone,10,7,5,1.6573182100501997
6,"[12, 5, 5]",two-tone,15,10,7,1.863823586201543
7,"[12, 5, 5]",two-tone,16,11,8,2.0356697741163896
