,flop,board_type,0b,1b,2b,profit
0,"[12, 4, 2]",two-tone,1,1,1,1.219640434684066
1,"[12, 4, 2]",two-tone,8,6,4,1.6449002246565936
2,"[12, 4, 2]",two-tone,10,7,5,1.7102382089972523
3,"[12, 4, 2]",two-tone,15,10,7,1.8609258045329666
4,"[12, 4, 2]",two-tone,16,11,8,2.0557792681318685
