,flop,board_type,0b,1b,2b,profit
0,"[12, 3, 2]",two-tone,1,1,1,1.276838998825278
1,"[12, 3, 2]",two-tone,2,2,2,1.3011235328076751
2,"[12, 3, 2]",two-tone,3,2,2,1.3244952060925363
3,"[12, 3, 2]",two-tone,4,3,2,1.4202793978392234
4,"[12, 3, 2]",two-tone,8,6,4,1.7149767745067503
5,"[12, 3, 2]",two-tone,10,7,5,1.7827912555732557
6,"[12, 3, 2]",two-tone,15,10,7,1.9263812892219248
7,"[12, 3, 2]",two-tone,16,11,8,2.118497585136206
