,flop,board_type,0b,1b,2b,profit
0,"[11, 11, 9]",two-tone,1,1,1,1.119857800020751
1,"[11, 11, 9]",two-tone,2,2,2,1.3513993520994603
2,"[11, 11, 9]",two-tone,3,2,2,1.4474619487368954
3,"[11, 11, 9]",two-tone,4,3,2,1.5853622421849909
4,"[11, 11, 9]",two-tone,8,6,4,1.730563574672044
5,"[11, 11, 9]",two-tone,10,7,5,1.7746099373337665
6,"[11, 11, 9]",two-tone,15,10,7,2.016682943115177
7,"[11, 11, 9]",two-tone,16,11,8,2.0942042490734223
