,flop,board_type,0b,1b,2b,profit
0,"[11, 11, 6]",two-tone,1,1,1,0.9328073465309974
1,"[11, 11, 6]",two-tone,8,6,4,1.430037109633057
2,"[11, 11, 6]",two-tone,10,7,5,1.5400956394769052
3,"[11, 11, 6]",two-tone,15,10,7,1.7398969899866863
4,"[11, 11, 6]",two-tone,16,11,8,1.8857860060940728
