,flop,board_type,0b,1b,2b,profit
0,"[11, 8, 4]",two-tone,1,1,1,0.9933790719230222
1,"[11, 8, 4]",two-tone,2,2,2,1.0259108881197436
2,"[11, 8, 4]",two-tone,3,2,2,1.2162427387674033
3,"[11, 8, 4]",two-tone,4,3,2,1.37509044419292
4,"[11, 8, 4]",two-tone,8,6,4,1.4105350020574958
5,"[11, 8, 4]",two-tone,10,7,5,1.4752118780574959
6,"[11, 8, 4]",two-tone,15,10,7,1.6517484642984084
7,"[11, 8, 4]",two-tone,16,11,8,1.7254781895861253
