,flop,board_type,0b,1b,2b,profit
0,"[11, 7, 7]",two-tone,1,1,1,0.9609594320569915
1,"[11, 7, 7]",two-tone,2,2,2,0.9617367695471103
2,"[11, 7, 7]",two-tone,3,2,2,1.0094884168180154
3,"[11, 7, 7]",two-tone,4,3,2,1.184101583827867
4,"[11, 7, 7]",two-tone,8,6,4,1.4861940563614628
5,"[11, 7, 7]",two-tone,10,7,5,1.581910450999672
6,"[11, 7, 7]",two-tone,15,10,7,1.7954098035629587
7,"[11, 7, 7]",two-tone,16,11,8,1.9191953892108662
