,flop,board_type,0b,1b,2b,profit
0,"[11, 7, 3]",two-tone,1,1,1,0.9809368232765783
1,"[11, 7, 3]",two-tone,8,6,4,1.4086883809281563
2,"[11, 7, 3]",two-tone,10,7,5,1.4711003299730068
3,"[11, 7, 3]",two-tone,15,10,7,1.6308925222799002
4,"[11, 7, 3]",two-tone,16,11,8,1.7284101602678574
