,flop,board_type,0b,1b,2b,profit
0,"[11, 5, 4]",two-tone,1,1,1,1.0108087087308082
1,"[11, 5, 4]",two-tone,2,2,2,1.0492860948342366
2,"[11, 5, 4]",two-tone,3,2,2,1.083840902084745
3,"[11, 5, 4]",two-tone,4,3,2,1.2213676287442614
4,"[11, 5, 4]",two-tone,8,6,4,1.4126647226400808
5,"[11, 5, 4]",two-tone,10,7,5,1.4996958568619705
6,"[11, 5, 4]",two-tone,15,10,7,1.702981105808309
7,"[11, 5, 4]",two-tone,16,11,8,1.8547579337416273
