,flop,board_type,0b,1b,2b,profit
0,"[11, 4, 4]",two-tone,1,1,1,1.0840149746815286
1,"[11, 4, 4]",two-tone,8,6,4,1.422995747452229
2,"[11, 4, 4]",two-tone,10,7,5,1.518608177866242
3,"[11, 4, 4]",two-tone,15,10,7,1.7102347748407647
4,"[11, 4, 4]",two-tone,16,11,8,1.895852674920382
