,flop,board_type,0b,1b,2b,profit
0,"[10, 9, 8]",two-tone,1,1,1,1.3121291920882285
1,"[10, 9, 8]",two-tone,2,2,2,1.692784509007951
2,"[10, 9, 8]",two-tone,3,2,2,1.7469621047418886
3,"[10, 9, 8]",two-tone,4,3,2,1.8698364090133959
4,"[10, 9, 8]",two-tone,8,6,4,1.9302999788940087
5,"[10, 9, 8]",two-tone,10,7,5,1.9409043762517417
6,"[10, 9, 8]",two-tone,15,10,7,2.1187245988638397
7,"[10, 9, 8]",two-tone,16,11,8,2.1287559468196324
