,flop,board_type,0b,1b,2b,profit
0,"[10, 9, 6]",two-tone,1,1,1,1.0950856099578505
1,"[10, 9, 6]",two-tone,2,2,2,1.369728910703372
2,"[10, 9, 6]",two-tone,3,2,2,1.4887311888804007
3,"[10, 9, 6]",two-tone,4,3,2,1.684308065539164
4,"[10, 9, 6]",two-tone,8,6,4,1.794817178182736
5,"[10, 9, 6]",two-tone,10,7,5,1.7956344847220758
6,"[10, 9, 6]",two-tone,15,10,7,1.9525824561402358
7,"[10, 9, 6]",two-tone,16,11,8,1.9536578177147
