,flop,board_type,0b,1b,2b,profit
0,"[10, 9, 4]",two-tone,1,1,1,1.1288055022435899
1,"[10, 9, 4]",two-tone,2,2,2,1.3578971835934177
2,"[10, 9, 4]",two-tone,3,2,2,1.4977618052224735
3,"[10, 9, 4]",two-tone,4,3,2,1.6475357086465947
4,"[10, 9, 4]",two-tone,8,6,4,1.7072402152893795
5,"[10, 9, 4]",two-tone,10,7,5,1.7319829113363887
6,"[10, 9, 4]",two-tone,15,10,7,1.8246551337747032
7,"[10, 9, 4]",two-tone,16,11,8,1.8707101412025753
