,flop,board_type,0b,1b,2b,profit
0,"[10, 8, 8]",two-tone,1,1,1,1.1259815239273925
1,"[10, 8, 8]",two-tone,2,2,2,1.1957587535113976
2,"[10, 8, 8]",two-tone,3,2,2,1.308041947501727
3,"[10, 8, 8]",two-tone,4,3,2,1.4530447271855094
4,"[10, 8, 8]",two-tone,8,6,4,1.6110526013316444
5,"[10, 8, 8]",two-tone,10,7,5,1.73582753112288
6,"[10, 8, 8]",two-tone,15,10,7,2.0038101257003604
7,"[10, 8, 8]",two-tone,16,11,8,2.0713114272967994
