,flop,board_type,0b,1b,2b,profit
0,"[10, 8, 5]",two-tone,1,1,1,1.0003090318496453
1,"[10, 8, 5]",two-tone,2,2,2,1.103148525803908
2,"[10, 8, 5]",two-tone,3,2,2,1.2145840631784417
3,"[10, 8, 5]",two-tone,4,3,2,1.3210048161355958
4,"[10, 8, 5]",two-tone,8,6,4,1.3754501171714515
5,"[10, 8, 5]",two-tone,10,7,5,1.4874414124195603
6,"[10, 8, 5]",two-tone,15,10,7,1.7086021662772475
7,"[10, 8, 5]",two-tone,16,11,8,1.7419198225610169
