,flop,board_type,0b,1b,2b,profit
0,"[10, 7, 7]",two-tone,1,1,1,1.0141960144235602
1,"[10, 7, 7]",two-tone,2,2,2,1.052516744224001
2,"[10, 7, 7]",two-tone,3,2,2,1.1025527195536988
3,"[10, 7, 7]",two-tone,4,3,2,1.2520486558610822
4,"[10, 7, 7]",two-tone,8,6,4,1.5414757879665082
5,"[10, 7, 7]",two-tone,10,7,5,1.6700304252446143
6,"[10, 7, 7]",two-tone,15,10,7,1.9219516735758209
7,"[10, 7, 7]",two-tone,16,11,8,1.9873498348474299
