,flop,board_type,0b,1b,2b,profit
0,"[10, 2, 2]",two-tone,1,1,1,1.2880693912397305
1,"[10, 2, 2]",two-tone,2,2,2,1.2890874677691195
2,"[10, 2, 2]",two-tone,8,6,4,1.5922022083988576
3,"[10, 2, 2]",two-tone,10,7,5,1.678280492108882
4,"[10, 2, 2]",two-tone,15,10,7,1.8440944023976589
5,"[10, 2, 2]",two-tone,16,11,8,1.9948242674306265
