,flop,board_type,0b,1b,2b,profit
0,"[9, 9, 3]",two-tone,1,1,1,0.6768077860075942
1,"[9, 9, 3]",two-tone,2,2,2,0.6775205430367195
2,"[9, 9, 3]",two-tone,8,6,4,1.1280099590721349
3,"[9, 9, 3]",two-tone,10,7,5,1.3180605883318106
4,"[9, 9, 3]",two-tone,15,10,7,1.7756977800790916
5,"[9, 9, 3]",two-tone,16,11,8,1.9270008338148066
