,flop,board_type,0b,1b,2b,profit
0,"[9, 8, 3]",two-tone,1,1,1,0.9124749244014515
1,"[9, 8, 3]",two-tone,2,2,2,1.1081678274137965
2,"[9, 8, 3]",two-tone,3,2,2,1.3304570807370402
3,"[9, 8, 3]",two-tone,4,3,2,1.5452779681533895
4,"[9, 8, 3]",two-tone,8,6,4,1.580023503798253
5,"[9, 8, 3]",two-tone,10,7,5,1.7684396209843
6,"[9, 8, 3]",two-tone,15,10,7,1.969514983838734
7,"[9, 8, 3]",two-tone,16,11,8,1.9912988188855056
