,flop,board_type,0b,1b,2b,profit
0,"[8, 7, 2]",two-tone,1,1,1,1.1077148179933174
1,"[8, 7, 2]",two-tone,2,2,2,1.159527366440645
2,"[8, 7, 2]",two-tone,3,2,2,1.3169136085298743
3,"[8, 7, 2]",two-tone,4,3,2,1.379565289966588
4,"[8, 7, 2]",two-tone,8,6,4,1.4979235786949685
5,"[8, 7, 2]",two-tone,10,7,5,1.7434202205385219
6,"[8, 7, 2]",two-tone,15,10,7,1.9418943640231918
7,"[8, 7, 2]",two-tone,16,11,8,2.0115895176690253
