,flop,board_type,0b,1b,2b,profit
0,"[8, 5, 5]",two-tone,1,1,1,1.1550793469734957
1,"[8, 5, 5]",two-tone,2,2,2,1.1831728458273634
2,"[8, 5, 5]",two-tone,3,2,2,1.20579623837303
3,"[8, 5, 5]",two-tone,4,3,2,1.23898491609957
4,"[8, 5, 5]",two-tone,8,6,4,1.464614802381805
5,"[8, 5, 5]",two-tone,10,7,5,1.72585878183202
6,"[8, 5, 5]",two-tone,15,10,7,2.019215998567335
7,"[8, 5, 5]",two-tone,16,11,8,2.181903107718481
