,flop,board_type,0b,1b,2b,profit
0,"[7, 7, 3]",two-tone,1,1,1,0.9177030025591792
1,"[7, 7, 3]",two-tone,2,2,2,0.9194832505151205
2,"[7, 7, 3]",two-tone,3,2,2,0.9572155067643491
3,"[7, 7, 3]",two-tone,4,3,2,1.037217438143724
4,"[7, 7, 3]",two-tone,8,6,4,1.2726504134144645
5,"[7, 7, 3]",two-tone,10,7,5,1.4040506743803434
6,"[7, 7, 3]",two-tone,15,10,7,1.7815963109933803
7,"[7, 7, 3]",two-tone,16,11,8,2.04171505153913
