,flop,board_type,0b,1b,2b,profit
0,"[7, 6, 3]",two-tone,1,1,1,0.9918449767091126
1,"[7, 6, 3]",two-tone,2,2,2,1.0273762100984278
2,"[7, 6, 3]",two-tone,3,2,2,1.0670486329230797
3,"[7, 6, 3]",two-tone,4,3,2,1.1050728324413865
4,"[7, 6, 3]",two-tone,8,6,4,1.3112023316747712
5,"[7, 6, 3]",two-tone,10,7,5,1.4781471027368358
6,"[7, 6, 3]",two-tone,15,10,7,1.9333179973972698
7,"[7, 6, 3]",two-tone,16,11,8,2.1331630405533
