,flop,board_type,0b,1b,2b,profit
0,"[7, 6, 2]",two-tone,1,1,1,0.998100127112539
1,"[7, 6, 2]",two-tone,2,2,2,1.0587120871057245
2,"[7, 6, 2]",two-tone,3,2,2,1.103530283829829
3,"[7, 6, 2]",two-tone,4,3,2,1.126534426708528
4,"[7, 6, 2]",two-tone,8,6,4,1.3299646838200936
5,"[7, 6, 2]",two-tone,10,7,5,1.514836597595405
6,"[7, 6, 2]",two-tone,15,10,7,1.8298784063473523
7,"[7, 6, 2]",two-tone,16,11,8,2.0283630657807636
