,flop,board_type,0b,1b,2b,profit
0,"[7, 5, 4]",two-tone,1,1,1,1.0034907264676984
1,"[7, 5, 4]",two-tone,2,2,2,1.0381072901077308
2,"[7, 5, 4]",two-tone,3,2,2,1.1648735829517145
3,"[7, 5, 4]",two-tone,4,3,2,1.286715439022529
4,"[7, 5, 4]",two-tone,8,6,4,1.4908501188151386
5,"[7, 5, 4]",two-tone,10,7,5,1.6534821387558343
6,"[7, 5, 4]",two-tone,15,10,7,1.9737487083122784
7,"[7, 5, 4]",two-tone,16,11,8,2.2132730102116014
