,flop,board_type,0b,1b,2b,profit
0,"[7, 4, 4]",two-tone,1,1,1,1.14367080693803
1,"[7, 4, 4]",two-tone,2,2,2,1.174750504894189
2,"[7, 4, 4]",two-tone,3,2,2,1.1956060656751917
3,"[7, 4, 4]",two-tone,4,3,2,1.2295416777762462
4,"[7, 4, 4]",two-tone,8,6,4,1.4662364144378572
5,"[7, 4, 4]",two-tone,10,7,5,1.6354080520266074
6,"[7, 4, 4]",two-tone,15,10,7,1.9570954717550149
7,"[7, 4, 4]",two-tone,16,11,8,2.2048944731681255
