,flop,board_type,0b,1b,2b,profit
0,"[7, 4, 2]",two-tone,1,1,1,1.147266965282113
1,"[7, 4, 2]",two-tone,2,2,2,1.176133586107643
2,"[7, 4, 2]",two-tone,3,2,2,1.1965249638039261
3,"[7, 4, 2]",two-tone,4,3,2,1.2304425779884522
4,"[7, 4, 2]",two-tone,8,6,4,1.4425890131953114
5,"[7, 4, 2]",two-tone,10,7,5,1.5763245433355877
6,"[7, 4, 2]",two-tone,15,10,7,1.8765720039924054
7,"[7, 4, 2]",two-tone,16,11,8,2.1313711686281906
