,flop,board_type,0b,1b,2b,profit
0,"[5, 2, 2]",two-tone,1,1,1,1.327126232913242
1,"[5, 2, 2]",two-tone,8,6,4,1.5680720864292235
2,"[5, 2, 2]",two-tone,10,7,5,1.7034310082922375
3,"[5, 2, 2]",two-tone,15,10,7,2.0119430103378995
4,"[5, 2, 2]",two-tone,16,11,8,2.299710903013698
