,flop,board_type,0b,1b,2b,profit
0,"[3, 2, 2]",two-tone,1,1,1,1.4634542791113694
1,"[3, 2, 2]",two-tone,2,2,2,1.4911739236688302
2,"[3, 2, 2]",two-tone,3,2,2,1.5107723847298906
3,"[3, 2, 2]",two-tone,4,3,2,1.5218668622767928
4,"[3, 2, 2]",two-tone,8,6,4,1.7565319856614672
5,"[3, 2, 2]",two-tone,10,7,5,1.881525581712357
6,"[3, 2, 2]",two-tone,15,10,7,2.143685271731409
7,"[3, 2, 2]",two-tone,16,11,8,2.4624660288627336
