,flop,board_type,0b,1b,2b,profit
0,"[14, 10, 5]",two-tone,1,1,1,-0.15682472801166436
1,"[14, 10, 5]",two-tone,2,2,2,-0.15561524265452142
