,flop,board_type,0b,1b,2b,profit
0,"[14, 9, 3]",two-tone,1,1,1,0.2364723456929116
1,"[14, 9, 3]",two-tone,2,2,2,0.239657695781407
