,flop,board_type,0b,1b,2b,profit
0,"[14, 7, 6]",two-tone,1,1,1,1.374872369524949
1,"[14, 7, 6]",two-tone,2,2,2,1.3792012582285362
