,flop,board_type,0b,1b,2b,profit
0,"[14, 5, 2]",two-tone,1,1,1,0.04351589689033042
1,"[14, 5, 2]",two-tone,2,2,2,0.045244254135668294
