,flop,board_type,0b,1b,2b,profit
0,"[13, 9, 7]",two-tone,1,1,1,1.7050892594904516
1,"[13, 9, 7]",two-tone,2,2,2,1.705652240971933
