,flop,board_type,0b,1b,2b,profit
0,"[13, 7, 5]",two-tone,1,1,1,1.445515928814634
1,"[13, 7, 5]",two-tone,8,6,4,1.516689169801351
2,"[13, 7, 5]",two-tone,10,7,5,1.524838792517534
3,"[13, 7, 5]",two-tone,15,10,7,1.540114444099763
