,flop,board_type,0b,1b,2b,profit
0,"[12, 10, 5]",two-tone,1,1,1,0.9185337269460826
1,"[12, 10, 5]",two-tone,2,2,2,0.9191997923538078
