,flop,board_type,0b,1b,2b,profit
0,"[12, 9, 6]",two-tone,1,1,1,2.074994561282339
1,"[12, 9, 6]",two-tone,2,2,2,2.0776459458977237
2,"[12, 9, 6]",two-tone,16,11,8,2.118159274871795
