,flop,board_type,0b,1b,2b,profit
0,"[12, 9, 4]",two-tone,1,1,1,1.2485074025256326
1,"[12, 9, 4]",two-tone,2,2,2,1.2518501276103784
