,flop,board_type,0b,1b,2b,profit
0,"[12, 8, 5]",two-tone,1,1,1,1.3427003430112516
1,"[12, 8, 5]",two-tone,2,2,2,1.342780645749121
