,flop,board_type,0b,1b,2b,profit
0,"[12, 7, 7]",two-tone,1,1,1,1.0981232221630282
1,"[12, 7, 7]",two-tone,8,6,4,1.1006949835959676
