,flop,board_type,0b,1b,2b,profit
0,"[12, 7, 5]",two-tone,1,1,1,1.361453293137548
1,"[12, 7, 5]",two-tone,2,2,2,1.3628101496298224
2,"[12, 7, 5]",two-tone,3,2,2,1.3649368918363824
3,"[12, 7, 5]",two-tone,4,3,2,1.3662450678190334
4,"[12, 7, 5]",two-tone,8,6,4,1.3972339289738178
