,flop,board_type,0b,1b,2b,profit
0,"[12, 7, 3]",two-tone,1,1,1,1.465835926849417
1,"[12, 7, 3]",two-tone,8,6,4,1.4893862241364992
