,flop,board_type,0b,1b,2b,profit
0,"[12, 6, 6]",two-tone,1,1,1,1.2006120676057368
1,"[12, 6, 6]",two-tone,2,2,2,1.2019171007508984
2,"[12, 6, 6]",two-tone,3,2,2,1.2043770835734795
