,flop,board_type,0b,1b,2b,profit
0,"[12, 3, 3]",two-tone,1,1,1,1.2917083664073468
1,"[12, 3, 3]",two-tone,2,2,2,1.2930732441797674
2,"[12, 3, 3]",two-tone,8,6,4,1.2964505188908253
3,"[12, 3, 3]",two-tone,10,7,5,1.2986976230374014
