,flop,board_type,0b,1b,2b,profit
0,"[12, 2, 2]",two-tone,1,1,1,1.2979842642362667
1,"[12, 2, 2]",two-tone,2,2,2,1.2992615623317343
2,"[12, 2, 2]",two-tone,8,6,4,1.299684556070815
