,flop,board_type,0b,1b,2b,profit
0,"[11, 11, 9]",two-tone,1,1,1,0.8491203619898504
1,"[11, 11, 9]",two-tone,8,6,4,1.0326408758777046
2,"[11, 11, 9]",two-tone,15,10,7,1.1330450116363748
3,"[11, 11, 9]",two-tone,16,11,8,1.265129558991421
