,flop,board_type,0b,1b,2b,profit
0,"[11, 10, 10]",two-tone,1,1,1,0.8427695596059113
1,"[11, 10, 10]",two-tone,8,6,4,1.3751046786493504
2,"[11, 10, 10]",two-tone,10,7,5,1.376754454459471
3,"[11, 10, 10]",two-tone,15,10,7,1.5992819971428567
4,"[11, 10, 10]",two-tone,16,11,8,1.7773436753246759
