,flop,board_type,0b,1b,2b,profit
0,"[11, 9, 6]",two-tone,1,1,1,2.1497704756216804
1,"[11, 9, 6]",two-tone,2,2,2,2.149997884168689
2,"[11, 9, 6]",two-tone,3,2,2,2.1536791878723927
3,"[11, 9, 6]",two-tone,4,3,2,2.1546415907213956
4,"[11, 9, 6]",two-tone,8,6,4,2.1843035964194013
5,"[11, 9, 6]",two-tone,10,7,5,2.1848400779008825
6,"[11, 9, 6]",two-tone,16,11,8,2.2253938242928544
