,flop,board_type,0b,1b,2b,profit
0,"[10, 10, 8]",two-tone,1,1,1,1.7544024056807326
1,"[10, 10, 8]",two-tone,8,6,4,2.286926725613084
2,"[10, 10, 8]",two-tone,10,7,5,2.2873443423794724
3,"[10, 10, 8]",two-tone,15,10,7,2.5647144191901554
4,"[10, 10, 8]",two-tone,16,11,8,2.7828116846186868
