,flop,board_type,0b,1b,2b,profit
0,"[10, 10, 7]",two-tone,1,1,1,1.7613450543769609
1,"[10, 10, 7]",two-tone,8,6,4,2.4761773500352064
2,"[10, 10, 7]",two-tone,15,10,7,2.9751255706910857
3,"[10, 10, 7]",two-tone,16,11,8,3.007770342824438
