,flop,board_type,0b,1b,2b,profit
0,"[10, 3, 2]",two-tone,1,1,1,1.9132644921367519
1,"[10, 3, 2]",two-tone,15,10,7,1.9145265136752134
