,flop,board_type,0b,1b,2b,profit
0,"[9, 9, 3]",two-tone,1,1,1,1.614357397668838
1,"[9, 9, 3]",two-tone,2,2,2,1.617192198512376
2,"[9, 9, 3]",two-tone,3,2,2,1.6228859583701358
3,"[9, 9, 3]",two-tone,8,6,4,2.168823496272076
4,"[9, 9, 3]",two-tone,10,7,5,2.1729431281515836
5,"[9, 9, 3]",two-tone,15,10,7,2.604507187935223
