,flop,board_type,0b,1b,2b,profit
0,"[9, 9, 2]",two-tone,1,1,1,1.6317719649858946
1,"[9, 9, 2]",two-tone,8,6,4,2.1889721619013125
2,"[9, 9, 2]",two-tone,10,7,5,2.1958976453510237
3,"[9, 9, 2]",two-tone,15,10,7,2.629638870283401
