,flop,board_type,0b,1b,2b,profit
0,"[9, 8, 7]",two-tone,1,1,1,3.3294945460659715
1,"[9, 8, 7]",two-tone,2,2,2,3.479223696429621
2,"[9, 8, 7]",two-tone,3,2,2,3.500797658313987
