,flop,board_type,0b,1b,2b,profit
0,"[9, 7, 7]",two-tone,1,1,1,2.3815482924554585
1,"[9, 7, 7]",two-tone,2,2,2,2.3819863368102974
2,"[9, 7, 7]",two-tone,3,2,2,2.382299537885566
