,flop,board_type,0b,1b,2b,profit
0,"[8, 3, 2]",two-tone,1,1,1,2.1513788414980053
1,"[8, 3, 2]",two-tone,2,2,2,2.154143814631646
