,flop,board_type,0b,1b,2b,profit
0,"[7, 6, 6]",two-tone,1,1,1,2.4942865467471163
1,"[7, 6, 6]",two-tone,2,2,2,2.499413332461402
