,flop,board_type,0b,1b,2b,profit
0,"[7, 6, 2]",two-tone,1,1,1,3.2813541393244177
1,"[7, 6, 2]",two-tone,2,2,2,3.285909400610132
