,flop,board_type,0b,1b,2b,profit
0,"[7, 5, 5]",two-tone,1,1,1,2.003442927837455
1,"[7, 5, 5]",two-tone,2,2,2,2.0044821123841845
2,"[7, 5, 5]",two-tone,8,6,4,2.025884510573653
