,flop,board_type,0b,1b,2b,profit
0,"[6, 5, 5]",two-tone,1,1,1,2.2368593210918704
1,"[6, 5, 5]",two-tone,2,2,2,2.23689206124935
2,"[6, 5, 5]",two-tone,8,6,4,2.2555561867814977
