,flop,board_type,0b,1b,2b,profit
0,"[6, 3, 3]",two-tone,1,1,1,1.8616335288202794
1,"[6, 3, 3]",two-tone,2,2,2,1.869430116175119
2,"[6, 3, 3]",two-tone,8,6,4,1.8830609127017857
