,flop,board_type,0b,1b,2b,profit
0,"[5, 3, 3]",two-tone,1,1,1,1.560359791191225
1,"[5, 3, 3]",two-tone,2,2,2,1.5620242864715563
2,"[5, 3, 3]",two-tone,8,6,4,1.5674959406813938
3,"[5, 3, 3]",two-tone,10,7,5,1.5695954176688764
