,flop,board_type,0b,1b,2b,profit
0,"[5, 2, 2]",two-tone,1,1,1,1.1775700834225602
1,"[5, 2, 2]",two-tone,8,6,4,1.186903270112344
