,flop,board_type,0b,1b,2b,profit
0,"[4, 3, 2]",two-tone,1,1,1,0.0013574774229136999
1,"[4, 3, 2]",two-tone,2,2,2,0.010784390331666671
2,"[4, 3, 2]",two-tone,3,2,2,0.01656457509313025
