,flop,board_type,0b,1b,2b,profit
0,"[14, 14, 12]",two-tone,1,1,1,2.2713560796460177
1,"[14, 14, 12]",two-tone,2,2,2,2.419496159292035
2,"[14, 14, 12]",two-tone,3,2,2,2.4749340088495577
3,"[14, 14, 12]",two-tone,8,6,4,2.9594414159292035
4,"[14, 14, 12]",two-tone,15,10,7,3.3048188318584075
5,"[14, 14, 12]",two-tone,16,11,8,3.442750920353982
