,flop,board_type,0b,1b,2b,profit
0,"[14, 14, 8]",two-tone,1,1,1,1.7663481083788817
1,"[14, 14, 8]",two-tone,2,2,2,1.7706636551924144
2,"[14, 14, 8]",two-tone,3,2,2,1.7719765269469387
3,"[14, 14, 8]",two-tone,4,3,2,1.8030246937447356
4,"[14, 14, 8]",two-tone,8,6,4,2.354430345087885
5,"[14, 14, 8]",two-tone,10,7,5,2.442909607760696
6,"[14, 14, 8]",two-tone,15,10,7,2.8658390379056886
7,"[14, 14, 8]",two-tone,16,11,8,3.0485267739965063
