,flop,board_type,0b,1b,2b,profit
0,"[14, 13, 13]",two-tone,1,1,1,2.508550357142857
1,"[14, 13, 13]",two-tone,2,2,2,2.6520553571428573
2,"[14, 13, 13]",two-tone,3,2,2,2.7039862812499997
3,"[14, 13, 13]",two-tone,4,3,2,2.7047358125
4,"[14, 13, 13]",two-tone,8,6,4,3.1018167633928573
5,"[14, 13, 13]",two-tone,10,7,5,3.1025226339285714
6,"[14, 13, 13]",two-tone,15,10,7,3.349649107142857
7,"[14, 13, 13]",two-tone,16,11,8,3.445115267857143
