,flop,board_type,0b,1b,2b,profit
0,"[14, 13, 3]",two-tone,1,1,1,2.5667878571428577
1,"[14, 13, 3]",two-tone,2,2,2,2.7074818181818183
2,"[14, 13, 3]",two-tone,3,2,2,2.754663480519481
3,"[14, 13, 3]",two-tone,8,6,4,2.888209948051948
4,"[14, 13, 3]",two-tone,15,10,7,2.9260345584415584
5,"[14, 13, 3]",two-tone,16,11,8,3.071893961038961
