,flop,board_type,0b,1b,2b,profit
0,"[14, 12, 12]",two-tone,1,1,1,2.4446076981132068
1,"[14, 12, 12]",two-tone,2,2,2,2.5914317028301888
2,"[14, 12, 12]",two-tone,3,2,2,2.645564834905661
3,"[14, 12, 12]",two-tone,8,6,4,3.0604629245283017
4,"[14, 12, 12]",two-tone,15,10,7,3.334493311320754
5,"[14, 12, 12]",two-tone,16,11,8,3.427492943396227
