,flop,board_type,0b,1b,2b,profit
0,"[14, 12, 3]",two-tone,1,1,1,2.4978578082191785
1,"[14, 12, 3]",two-tone,2,2,2,2.6495472602739727
2,"[14, 12, 3]",two-tone,3,2,2,2.700519890410959
3,"[14, 12, 3]",two-tone,8,6,4,2.8238774657534247
4,"[14, 12, 3]",two-tone,10,7,5,2.8354389315068493
5,"[14, 12, 3]",two-tone,15,10,7,2.896368356164384
6,"[14, 12, 3]",two-tone,16,11,8,3.0340434931506852
