,flop,board_type,0b,1b,2b,profit
0,"[14, 10, 8]",two-tone,1,1,1,0.9476224693572497
1,"[14, 10, 8]",two-tone,2,2,2,1.2792255366218235
2,"[14, 10, 8]",two-tone,3,2,2,1.4890438624813154
3,"[14, 10, 8]",two-tone,4,3,2,1.6890485231689087
4,"[14, 10, 8]",two-tone,8,6,4,1.9295933079222718
5,"[14, 10, 8]",two-tone,10,7,5,1.9402150074738413
6,"[14, 10, 8]",two-tone,15,10,7,2.3315435530642747
7,"[14, 10, 8]",two-tone,16,11,8,2.368649566517189
