,flop,board_type,0b,1b,2b,profit
0,"[14, 10, 5]",two-tone,1,1,1,1.504254047079673
1,"[14, 10, 5]",two-tone,2,2,2,1.5045124756511017
2,"[14, 10, 5]",two-tone,3,2,2,1.8510836319011015
3,"[14, 10, 5]",two-tone,4,3,2,2.053941293508245
4,"[14, 10, 5]",two-tone,8,6,4,2.284790256901102
5,"[14, 10, 5]",two-tone,10,7,5,2.298678104668959
6,"[14, 10, 5]",two-tone,15,10,7,2.493065830115387
7,"[14, 10, 5]",two-tone,16,11,8,2.5421046899368163
