,flop,board_type,0b,1b,2b,profit
0,"[14, 10, 3]",two-tone,1,1,1,1.5590286608078634
1,"[14, 10, 3]",two-tone,3,2,2,1.9037625008078631
2,"[14, 10, 3]",two-tone,4,3,2,2.066987648807863
3,"[14, 10, 3]",two-tone,8,6,4,2.2308373088078626
4,"[14, 10, 3]",two-tone,10,7,5,2.241407556807863
5,"[14, 10, 3]",two-tone,15,10,7,2.340120102141197
6,"[14, 10, 3]",two-tone,16,11,8,2.43882153147453
