,flop,board_type,0b,1b,2b,profit
0,"[14, 9, 6]",two-tone,1,1,1,0.48110472767857104
1,"[14, 9, 6]",two-tone,2,2,2,0.544485451785715
2,"[14, 9, 6]",two-tone,8,6,4,0.8811162247023809
3,"[14, 9, 6]",two-tone,10,7,5,0.9834248190476194
4,"[14, 9, 6]",two-tone,15,10,7,1.5156806565476193
5,"[14, 9, 6]",two-tone,16,11,8,1.637348420535714
