,flop,board_type,0b,1b,2b,profit
0,"[14, 9, 5]",two-tone,1,1,1,1.2263749581446208
1,"[14, 9, 5]",two-tone,2,2,2,1.2271557381446205
2,"[14, 9, 5]",two-tone,3,2,2,1.308623270144621
3,"[14, 9, 5]",two-tone,4,3,2,1.3671041941446211
4,"[14, 9, 5]",two-tone,8,6,4,1.640933858144621
5,"[14, 9, 5]",two-tone,10,7,5,1.7603892141446211
6,"[14, 9, 5]",two-tone,15,10,7,2.1193997408112875
7,"[14, 9, 5]",two-tone,16,11,8,2.242562714144621
