,flop,board_type,0b,1b,2b,profit
0,"[14, 8, 2]",two-tone,1,1,1,1.6456318319674967
1,"[14, 8, 2]",two-tone,8,6,4,1.8775211961032896
2,"[14, 8, 2]",two-tone,10,7,5,1.9769903776781594
3,"[14, 8, 2]",two-tone,15,10,7,2.172363302315433
4,"[14, 8, 2]",two-tone,16,11,8,2.3522953795094033
