,flop,board_type,0b,1b,2b,profit
0,"[14, 7, 7]",two-tone,1,1,1,1.6655297007097625
1,"[14, 7, 7]",two-tone,2,2,2,1.667492820944367
2,"[14, 7, 7]",two-tone,3,2,2,1.6696476127332232
3,"[14, 7, 7]",two-tone,4,3,2,1.707723026222959
4,"[14, 7, 7]",two-tone,8,6,4,2.196391693168916
5,"[14, 7, 7]",two-tone,10,7,5,2.277715446834605
6,"[14, 7, 7]",two-tone,15,10,7,2.6171790144927543
7,"[14, 7, 7]",two-tone,16,11,8,2.775075689817429
