,flop,board_type,0b,1b,2b,profit
0,"[14, 5, 2]",two-tone,1,1,1,2.1327295125
1,"[14, 5, 2]",two-tone,8,6,4,2.3653044249999997
2,"[14, 5, 2]",two-tone,10,7,5,2.4835747375
3,"[14, 5, 2]",two-tone,15,10,7,2.611234375
4,"[14, 5, 2]",two-tone,16,11,8,2.8496850374999996
