,flop,board_type,0b,1b,2b,profit
0,"[14, 3, 2]",two-tone,1,1,1,2.162056456896552
1,"[14, 3, 2]",two-tone,8,6,4,2.415221879310345
2,"[14, 3, 2]",two-tone,10,7,5,2.5391133706896554
3,"[14, 3, 2]",two-tone,15,10,7,2.668866564655173
4,"[14, 3, 2]",two-tone,16,11,8,2.9355915215517245
