,flop,board_type,0b,1b,2b,profit
0,"[13, 11, 9]",two-tone,1,1,1,1.5686684667610566
1,"[13, 11, 9]",two-tone,8,6,4,1.9028743674733608
2,"[13, 11, 9]",two-tone,10,7,5,1.910517269449715
3,"[13, 11, 9]",two-tone,15,10,7,2.3364696179769373
4,"[13, 11, 9]",two-tone,16,11,8,2.379715939982484
