,flop,board_type,0b,1b,2b,profit
0,"[13, 11, 4]",two-tone,1,1,1,1.4443708384279477
1,"[13, 11, 4]",two-tone,2,2,2,1.46953703930131
2,"[13, 11, 4]",two-tone,3,2,2,1.541494672489083
3,"[13, 11, 4]",two-tone,4,3,2,1.5900051441048033
4,"[13, 11, 4]",two-tone,8,6,4,1.7351450000000002
5,"[13, 11, 4]",two-tone,10,7,5,1.7378769519650659
6,"[13, 11, 4]",two-tone,15,10,7,1.8263761135371177
7,"[13, 11, 4]",two-tone,16,11,8,1.9168698558951967
