,flop,board_type,0b,1b,2b,profit
0,"[13, 9, 5]",two-tone,1,1,1,0.3462576388485608
1,"[13, 9, 5]",two-tone,2,2,2,0.34881389544430547
2,"[13, 9, 5]",two-tone,3,2,2,0.720591866082603
3,"[13, 9, 5]",two-tone,4,3,2,0.8308897384230284
4,"[13, 9, 5]",two-tone,8,6,4,0.9846415601251565
5,"[13, 9, 5]",two-tone,10,7,5,0.9849364001251565
6,"[13, 9, 5]",two-tone,15,10,7,1.1743122516145177
