,flop,board_type,0b,1b,2b,profit
0,"[13, 9, 3]",two-tone,1,1,1,0.3608408029162511
1,"[13, 9, 3]",two-tone,2,2,2,0.36310070291625096
2,"[13, 9, 3]",two-tone,3,2,2,0.6435565787637088
3,"[13, 9, 3]",two-tone,4,3,2,0.7298655414755733
4,"[13, 9, 3]",two-tone,8,6,4,0.870200588933201
5,"[13, 9, 3]",two-tone,10,7,5,0.8721596448654039
6,"[13, 9, 3]",two-tone,15,10,7,0.944490068170489
7,"[13, 9, 3]",two-tone,16,11,8,1.006018537662014
