,flop,board_type,0b,1b,2b,profit
0,"[13, 7, 7]",two-tone,1,1,1,0.9224884838709679
1,"[13, 7, 7]",two-tone,8,6,4,1.508663708064516
2,"[13, 7, 7]",two-tone,10,7,5,1.5274524274193546
3,"[13, 7, 7]",two-tone,15,10,7,1.781307970967742
4,"[13, 7, 7]",two-tone,16,11,8,1.8750237677419352
