,flop,board_type,0b,1b,2b,profit
0,"[13, 4, 4]",two-tone,1,1,1,1.2708430163934423
1,"[13, 4, 4]",two-tone,8,6,4,1.7084488852459017
2,"[13, 4, 4]",two-tone,15,10,7,1.8039742459016395
3,"[13, 4, 4]",two-tone,16,11,8,2.0030984836065575
