,flop,board_type,0b,1b,2b,profit
0,"[13, 3, 2]",two-tone,1,1,1,1.3951091286307051
1,"[13, 3, 2]",two-tone,3,2,2,1.4331188547717844
2,"[13, 3, 2]",two-tone,4,3,2,1.4382966556016594
3,"[13, 3, 2]",two-tone,8,6,4,1.73868155186722
4,"[13, 3, 2]",two-tone,16,11,8,1.9368236099585063
