,flop,board_type,0b,1b,2b,profit
0,"[12, 12, 11]",two-tone,1,1,1,1.4628863658536586
1,"[12, 12, 11]",two-tone,2,2,2,1.5251019390243905
2,"[12, 12, 11]",two-tone,3,2,2,1.6030149512195124
3,"[12, 12, 11]",two-tone,8,6,4,2.0127649512195123
4,"[12, 12, 11]",two-tone,15,10,7,2.3611524390243903
5,"[12, 12, 11]",two-tone,16,11,8,2.4437609756097562
