,flop,board_type,0b,1b,2b,profit
0,"[12, 12, 8]",two-tone,1,1,1,1.1349264537820642
1,"[12, 12, 8]",two-tone,8,6,4,1.7864652217382204
2,"[12, 12, 8]",two-tone,10,7,5,1.7993086248728636
3,"[12, 12, 8]",two-tone,15,10,7,2.127986028221196
4,"[12, 12, 8]",two-tone,16,11,8,2.168318721059677
