,flop,board_type,0b,1b,2b,profit
0,"[12, 11, 2]",two-tone,1,1,1,1.3269324716157205
1,"[12, 11, 2]",two-tone,2,2,2,1.3876869519650654
2,"[12, 11, 2]",two-tone,3,2,2,1.4731410480349343
3,"[12, 11, 2]",two-tone,4,3,2,1.4760164890829697
4,"[12, 11, 2]",two-tone,8,6,4,1.5296953973799126
5,"[12, 11, 2]",two-tone,16,11,8,1.627926113537118
