,flop,board_type,0b,1b,2b,profit
0,"[12, 10, 6]",two-tone,1,1,1,0.059389377586206854
1,"[12, 10, 6]",two-tone,2,2,2,0.48140419655172406
2,"[12, 10, 6]",two-tone,3,2,2,0.5563030043103444
3,"[12, 10, 6]",two-tone,4,3,2,0.61299716637931
4,"[12, 10, 6]",two-tone,8,6,4,0.7936967870689658
5,"[12, 10, 6]",two-tone,15,10,7,1.0761003672413794
6,"[12, 10, 6]",two-tone,16,11,8,1.0778439387931038
