,flop,board_type,0b,1b,2b,profit
0,"[12, 10, 3]",two-tone,1,1,1,0.6288993514103649
1,"[12, 10, 3]",two-tone,2,2,2,0.921195651410365
2,"[12, 10, 3]",two-tone,3,2,2,0.9957935360257499
3,"[12, 10, 3]",two-tone,4,3,2,1.0195067052565188
4,"[12, 10, 3]",two-tone,8,6,4,1.1221451975642116
5,"[12, 10, 3]",two-tone,10,7,5,1.1257708821795958
6,"[12, 10, 3]",two-tone,15,10,7,1.199981459102673
7,"[12, 10, 3]",two-tone,16,11,8,1.287203055256519
