,flop,board_type,0b,1b,2b,profit
0,"[12, 10, 2]",two-tone,1,1,1,0.6222687124888381
1,"[12, 10, 2]",two-tone,2,2,2,0.9089121817196073
2,"[12, 10, 2]",two-tone,3,2,2,0.9883875124888379
3,"[12, 10, 2]",two-tone,4,3,2,1.0145647432580687
4,"[12, 10, 2]",two-tone,8,6,4,1.0660026855657612
5,"[12, 10, 2]",two-tone,15,10,7,1.0787740509503765
6,"[12, 10, 2]",two-tone,16,11,8,1.1701725471042224
