,flop,board_type,0b,1b,2b,profit
0,"[12, 9, 8]",two-tone,1,1,1,0.8234340542465427
1,"[12, 9, 8]",two-tone,2,2,2,0.8935423567867529
2,"[12, 9, 8]",two-tone,3,2,2,1.0868910284289868
3,"[12, 9, 8]",two-tone,4,3,2,1.3727932701050503
4,"[12, 9, 8]",two-tone,8,6,4,1.566129419609472
5,"[12, 9, 8]",two-tone,10,7,5,1.567684757314974
6,"[12, 9, 8]",two-tone,15,10,7,1.9994777382633984
