,flop,board_type,0b,1b,2b,profit
0,"[12, 9, 6]",two-tone,1,1,1,-0.1343816068376069
1,"[12, 9, 6]",two-tone,2,2,2,-0.01214316666666676
2,"[12, 9, 6]",two-tone,3,2,2,0.21182582564102542
3,"[12, 9, 6]",two-tone,4,3,2,0.37663750683760655
4,"[12, 9, 6]",two-tone,8,6,4,0.5569753940170941
5,"[12, 9, 6]",two-tone,10,7,5,0.5597523393162392
6,"[12, 9, 6]",two-tone,15,10,7,0.84304931025641
7,"[12, 9, 6]",two-tone,16,11,8,0.8470553769230768
