,flop,board_type,0b,1b,2b,profit
0,"[12, 8, 2]",two-tone,1,1,1,0.8626237735773764
1,"[12, 8, 2]",two-tone,8,6,4,1.2977872061593714
2,"[12, 8, 2]",two-tone,10,7,5,1.3215776523734353
3,"[12, 8, 2]",two-tone,15,10,7,1.3762923593514353
4,"[12, 8, 2]",two-tone,16,11,8,1.416781544936534
