,flop,board_type,0b,1b,2b,profit
0,"[12, 6, 5]",two-tone,1,1,1,1.0084156092917225
1,"[12, 6, 5]",two-tone,2,2,2,1.0554018646454775
2,"[12, 6, 5]",two-tone,3,2,2,1.0977950752716632
3,"[12, 6, 5]",two-tone,4,3,2,1.275313061175702
4,"[12, 6, 5]",two-tone,8,6,4,1.5161682555373177
5,"[12, 6, 5]",two-tone,10,7,5,1.5478384447484859
6,"[12, 6, 5]",two-tone,15,10,7,1.74546951387291
7,"[12, 6, 5]",two-tone,16,11,8,1.801105049790503
