,flop,board_type,0b,1b,2b,profit
0,"[12, 5, 3]",two-tone,1,1,1,1.3972491500000002
1,"[12, 5, 3]",two-tone,3,2,2,1.4396530625
2,"[12, 5, 3]",two-tone,4,3,2,1.6288151000000002
3,"[12, 5, 3]",two-tone,8,6,4,1.765762725
4,"[12, 5, 3]",two-tone,10,7,5,1.7941184
5,"[12, 5, 3]",two-tone,15,10,7,1.8828930999999998
6,"[12, 5, 3]",two-tone,16,11,8,1.9895454500000003
