,flop,board_type,0b,1b,2b,profit
0,"[11, 11, 5]",two-tone,1,1,1,1.3544549248120301
1,"[11, 11, 5]",two-tone,8,6,4,1.6471127406015036
2,"[11, 11, 5]",two-tone,10,7,5,1.6716073684210526
3,"[11, 11, 5]",two-tone,15,10,7,1.8493003458646615
4,"[11, 11, 5]",two-tone,16,11,8,1.9212922706766915
