,flop,board_type,0b,1b,2b,profit
0,"[11, 10, 3]",two-tone,1,1,1,0.6895658810401656
1,"[11, 10, 3]",two-tone,2,2,2,0.7900790041170884
2,"[11, 10, 3]",two-tone,3,2,2,0.8682581848863193
3,"[11, 10, 3]",two-tone,4,3,2,0.8920180964247807
4,"[11, 10, 3]",two-tone,8,6,4,0.9818013810401655
5,"[11, 10, 3]",two-tone,10,7,5,0.9823421425786271
6,"[11, 10, 3]",two-tone,15,10,7,1.0516425784760628
7,"[11, 10, 3]",two-tone,16,11,8,1.1121619592452938
