,flop,board_type,0b,1b,2b,profit
0,"[11, 9, 2]",two-tone,1,1,1,0.4884221246370421
1,"[11, 9, 2]",two-tone,2,2,2,0.5392877869251779
2,"[11, 9, 2]",two-tone,3,2,2,0.6227806992133136
3,"[11, 9, 2]",two-tone,4,3,2,0.6481268843828053
4,"[11, 9, 2]",two-tone,8,6,4,0.6827616492133136
5,"[11, 9, 2]",two-tone,15,10,7,0.692757439467551
6,"[11, 9, 2]",two-tone,16,11,8,0.7548678962472115
