,flop,board_type,0b,1b,2b,profit
0,"[11, 8, 4]",two-tone,1,1,1,0.7691767665248317
1,"[11, 8, 4]",two-tone,2,2,2,0.8155025162886329
2,"[11, 8, 4]",two-tone,3,2,2,0.9653447978380998
3,"[11, 8, 4]",two-tone,4,3,2,1.011109046724589
4,"[11, 8, 4]",two-tone,8,6,4,1.1013299218764314
5,"[11, 8, 4]",two-tone,10,7,5,1.127191423293627
6,"[11, 8, 4]",two-tone,15,10,7,1.2925552489111196
7,"[11, 8, 4]",two-tone,16,11,8,1.308103905949856
