,flop,board_type,0b,1b,2b,profit
0,"[11, 4, 2]",two-tone,1,1,1,1.4103942406639003
1,"[11, 4, 2]",two-tone,2,2,2,1.4105983029045641
2,"[11, 4, 2]",two-tone,3,2,2,1.4529286390041496
3,"[11, 4, 2]",two-tone,4,3,2,1.4856426182572613
4,"[11, 4, 2]",two-tone,8,6,4,1.5924378257261411
5,"[11, 4, 2]",two-tone,10,7,5,1.6149499004149375
6,"[11, 4, 2]",two-tone,15,10,7,1.6595578838174272
7,"[11, 4, 2]",two-tone,16,11,8,1.7722571286307054
