,flop,board_type,0b,1b,2b,profit
0,"[11, 2, 2]",two-tone,1,1,1,1.291765606557377
1,"[11, 2, 2]",two-tone,3,2,2,1.2924228647540983
2,"[11, 2, 2]",two-tone,4,3,2,1.3242334016393444
3,"[11, 2, 2]",two-tone,8,6,4,1.4493966967213117
4,"[11, 2, 2]",two-tone,10,7,5,1.4761921311475408
5,"[11, 2, 2]",two-tone,15,10,7,1.5235535245901644
6,"[11, 2, 2]",two-tone,16,11,8,1.6620801967213112
