,flop,board_type,0b,1b,2b,profit
0,"[10, 10, 3]",two-tone,1,1,1,-0.06767064332210959
1,"[10, 10, 3]",two-tone,8,6,4,0.4744341182940516
2,"[10, 10, 3]",two-tone,10,7,5,0.6861137784511785
3,"[10, 10, 3]",two-tone,15,10,7,0.9474604323021888
4,"[10, 10, 3]",two-tone,16,11,8,1.062385797278339
