,flop,board_type,0b,1b,2b,profit
0,"[10, 9, 8]",two-tone,1,1,1,0.49750508720658193
1,"[10, 9, 8]",two-tone,2,2,2,1.0296741416149067
2,"[10, 9, 8]",two-tone,3,2,2,1.1068400604259092
3,"[10, 9, 8]",two-tone,4,3,2,1.2764600288698873
4,"[10, 9, 8]",two-tone,8,6,4,1.3874865404049364
5,"[10, 9, 8]",two-tone,10,7,5,1.388032549455513
6,"[10, 9, 8]",two-tone,15,10,7,1.7220199860853427
7,"[10, 9, 8]",two-tone,16,11,8,1.7244999971767359
