,flop,board_type,0b,1b,2b,profit
0,"[10, 9, 4]",two-tone,1,1,1,0.018094936872218526
1,"[10, 9, 4]",two-tone,2,2,2,0.3937394030514939
2,"[10, 9, 4]",two-tone,3,2,2,0.5692810300063572
3,"[10, 9, 4]",two-tone,4,3,2,0.828275459249841
4,"[10, 9, 4]",two-tone,8,6,4,0.9398506624284805
5,"[10, 9, 4]",two-tone,15,10,7,1.086215991735537
