,flop,board_type,0b,1b,2b,profit
0,"[10, 9, 3]",two-tone,1,1,1,0.00194019872854434
1,"[10, 9, 3]",two-tone,2,2,2,0.3781235320406865
2,"[10, 9, 3]",two-tone,3,2,2,0.5562016542275906
3,"[10, 9, 3]",two-tone,4,3,2,0.7776348184361094
4,"[10, 9, 3]",two-tone,8,6,4,0.8262692480610297
5,"[10, 9, 3]",two-tone,10,7,5,0.8383056520025428
6,"[10, 9, 3]",two-tone,15,10,7,0.9105780104259379
7,"[10, 9, 3]",two-tone,16,11,8,0.9347272391608396
