,flop,board_type,0b,1b,2b,profit
0,"[10, 8, 3]",two-tone,1,1,1,0.027554368979591903
1,"[10, 8, 3]",two-tone,2,2,2,0.09333054693877568
2,"[10, 8, 3]",two-tone,3,2,2,0.2979275689795918
3,"[10, 8, 3]",two-tone,4,3,2,0.5732286857142858
4,"[10, 8, 3]",two-tone,8,6,4,0.6275031428571428
5,"[10, 8, 3]",two-tone,10,7,5,0.8122381975510203
6,"[10, 8, 3]",two-tone,15,10,7,1.117935681632653
7,"[10, 8, 3]",two-tone,16,11,8,1.163120723265306
