,flop,board_type,0b,1b,2b,profit
0,"[10, 7, 4]",two-tone,1,1,1,-0.03733606530612249
1,"[10, 7, 4]",two-tone,2,2,2,0.09929282612244872
2,"[10, 7, 4]",two-tone,3,2,2,0.1287865338775508
3,"[10, 7, 4]",two-tone,4,3,2,0.33366802938775475
4,"[10, 7, 4]",two-tone,8,6,4,0.6205529338775507
5,"[10, 7, 4]",two-tone,10,7,5,0.7959604734693877
6,"[10, 7, 4]",two-tone,15,10,7,1.1925178204081628
7,"[10, 7, 4]",two-tone,16,11,8,1.2374218285714285
