,flop,board_type,0b,1b,2b,profit
0,"[10, 5, 3]",two-tone,1,1,1,0.2989733907317069
1,"[10, 5, 3]",two-tone,8,6,4,0.8692208975609756
2,"[10, 5, 3]",two-tone,10,7,5,1.085582396097561
3,"[10, 5, 3]",two-tone,15,10,7,1.3101939819512194
4,"[10, 5, 3]",two-tone,16,11,8,1.376735409756098
