,flop,board_type,0b,1b,2b,profit
0,"[10, 5, 2]",two-tone,1,1,1,0.27716018585365865
1,"[10, 5, 2]",two-tone,2,2,2,0.27959891658536584
2,"[10, 5, 2]",two-tone,3,2,2,0.2800082580487806
3,"[10, 5, 2]",two-tone,4,3,2,0.5510708126829267
4,"[10, 5, 2]",two-tone,8,6,4,0.8070357687804877
5,"[10, 5, 2]",two-tone,10,7,5,1.0164631009756098
6,"[10, 5, 2]",two-tone,15,10,7,1.1820291785365853
7,"[10, 5, 2]",two-tone,16,11,8,1.2484497014634148
