,flop,board_type,0b,1b,2b,profit
0,"[9, 9, 7]",two-tone,1,1,1,-0.5852474844313615
1,"[9, 9, 7]",two-tone,2,2,2,-0.1499913277881253
2,"[9, 9, 7]",two-tone,3,2,2,-0.11242568270714126
3,"[9, 9, 7]",two-tone,4,3,2,0.02551970146271776
4,"[9, 9, 7]",two-tone,8,6,4,0.19399336386366817
5,"[9, 9, 7]",two-tone,10,7,5,0.47159888175039844
6,"[9, 9, 7]",two-tone,15,10,7,1.1979096166653074
7,"[9, 9, 7]",two-tone,16,11,8,1.1982049782125268
