,flop,board_type,0b,1b,2b,profit
0,"[9, 7, 2]",two-tone,1,1,1,-0.3506537651821865
1,"[9, 7, 2]",two-tone,8,6,4,-0.12289058029689626
2,"[9, 7, 2]",two-tone,10,7,5,0.01966939811066115
3,"[9, 7, 2]",two-tone,15,10,7,0.6764959568151147
4,"[9, 7, 2]",two-tone,16,11,8,0.6789989311740892
