,flop,board_type,0b,1b,2b,profit
0,"[9, 5, 4]",two-tone,1,1,1,0.09861645161290311
1,"[9, 5, 4]",two-tone,2,2,2,0.17134533064516133
2,"[9, 5, 4]",two-tone,3,2,2,0.19728748709677368
3,"[9, 5, 4]",two-tone,4,3,2,0.272061091129032
4,"[9, 5, 4]",two-tone,8,6,4,0.46490873387096737
5,"[9, 5, 4]",two-tone,10,7,5,0.6382771370967739
6,"[9, 5, 4]",two-tone,15,10,7,1.2904768709677419
7,"[9, 5, 4]",two-tone,16,11,8,1.3218901637096772
