,flop,board_type,0b,1b,2b,profit
0,"[9, 3, 2]",two-tone,1,1,1,0.08558473542168693
1,"[9, 3, 2]",two-tone,2,2,2,0.08701513638554242
2,"[9, 3, 2]",two-tone,3,2,2,0.11635636048192771
3,"[9, 3, 2]",two-tone,4,3,2,0.18283898795180697
4,"[9, 3, 2]",two-tone,8,6,4,0.4035628992771086
5,"[9, 3, 2]",two-tone,10,7,5,0.5871549031325299
6,"[9, 3, 2]",two-tone,15,10,7,1.0817774110843372
7,"[9, 3, 2]",two-tone,16,11,8,1.1295533185542168
