,flop,board_type,0b,1b,2b,profit
0,"[9, 2, 2]",two-tone,1,1,1,-0.15391027047619033
1,"[9, 2, 2]",two-tone,2,2,2,-0.15257252761904738
2,"[9, 2, 2]",two-tone,8,6,4,0.10087401904761917
3,"[9, 2, 2]",two-tone,10,7,5,0.30228055428571454
4,"[9, 2, 2]",two-tone,15,10,7,0.7881925276190477
5,"[9, 2, 2]",two-tone,16,11,8,0.8639186761904764
