,flop,board_type,0b,1b,2b,profit
0,"[8, 8, 2]",two-tone,1,1,1,0.38500862527094254
1,"[8, 8, 2]",two-tone,2,2,2,0.3871990891559354
2,"[8, 8, 2]",two-tone,3,2,2,0.3877975276201712
3,"[8, 8, 2]",two-tone,4,3,2,0.4036491026552343
4,"[8, 8, 2]",two-tone,8,6,4,0.6044783637638661
5,"[8, 8, 2]",two-tone,10,7,5,0.6868397738668243
6,"[8, 8, 2]",two-tone,15,10,7,1.1866226184416044
7,"[8, 8, 2]",two-tone,16,11,8,1.3353414723001404
