,flop,board_type,0b,1b,2b,profit
0,"[8, 7, 6]",two-tone,1,1,1,-0.8400273467741937
1,"[8, 7, 6]",two-tone,2,2,2,-0.2593821854838714
2,"[8, 7, 6]",two-tone,3,2,2,-0.25830489516129074
3,"[8, 7, 6]",two-tone,4,3,2,0.32234026612903177
4,"[8, 7, 6]",two-tone,8,6,4,0.3236103669354833
5,"[8, 7, 6]",two-tone,10,7,5,0.8655458508064515
6,"[8, 7, 6]",two-tone,15,10,7,1.0940303387096768
7,"[8, 7, 6]",two-tone,16,11,8,1.0948964556451601
