,flop,board_type,0b,1b,2b,profit
0,"[8, 6, 6]",two-tone,1,1,1,-0.062122177404666745
1,"[8, 6, 6]",two-tone,8,6,4,0.1520856485486627
2,"[8, 6, 6]",two-tone,10,7,5,0.6744403926579399
3,"[8, 6, 6]",two-tone,15,10,7,1.255198991633466
4,"[8, 6, 6]",two-tone,16,11,8,1.3391166499146272
