,flop,board_type,0b,1b,2b,profit
0,"[7, 7, 4]",two-tone,1,1,1,0.3939459260335654
1,"[7, 7, 4]",two-tone,2,2,2,0.48228161853743023
2,"[7, 7, 4]",two-tone,8,6,4,0.6281935970116668
3,"[7, 7, 4]",two-tone,10,7,5,0.7342820060280668
4,"[7, 7, 4]",two-tone,15,10,7,1.4549802207519846
5,"[7, 7, 4]",two-tone,16,11,8,1.5972760606818985
