,flop,board_type,0b,1b,2b,profit
0,"[7, 5, 5]",two-tone,1,1,1,0.22529210814739287
1,"[7, 5, 5]",two-tone,2,2,2,0.2269771105699352
2,"[7, 5, 5]",two-tone,3,2,2,0.24144698031365597
3,"[7, 5, 5]",two-tone,4,3,2,0.3162651714395005
4,"[7, 5, 5]",two-tone,8,6,4,0.3823413904118327
5,"[7, 5, 5]",two-tone,10,7,5,0.7233409429300015
6,"[7, 5, 5]",two-tone,15,10,7,1.3007348739002935
7,"[7, 5, 5]",two-tone,16,11,8,1.4410928644906291
