,flop,board_type,0b,1b,2b,profit
0,"[7, 5, 3]",two-tone,1,1,1,0.7295926718857576
1,"[7, 5, 3]",two-tone,2,2,2,0.7353872413107226
2,"[7, 5, 3]",two-tone,3,2,2,0.743530728649751
3,"[7, 5, 3]",two-tone,4,3,2,0.8179465527986738
4,"[7, 5, 3]",two-tone,8,6,4,0.8668392883845466
5,"[7, 5, 3]",two-tone,10,7,5,0.9235410621445873
6,"[7, 5, 3]",two-tone,15,10,7,1.6085907406859614
7,"[7, 5, 3]",two-tone,16,11,8,1.7484606899910742
