,flop,board_type,0b,1b,2b,profit
0,"[7, 4, 3]",two-tone,1,1,1,0.7231652405457094
1,"[7, 4, 3]",two-tone,8,6,4,0.8556435546092056
2,"[7, 4, 3]",two-tone,10,7,5,0.9166902414892257
3,"[7, 4, 3]",two-tone,15,10,7,1.5977411918398565
4,"[7, 4, 3]",two-tone,16,11,8,1.7391163623613406
