,flop,board_type,0b,1b,2b,profit
0,"[7, 3, 3]",two-tone,1,1,1,0.12269924007590194
1,"[7, 3, 3]",two-tone,8,6,4,0.3436626106261863
2,"[7, 3, 3]",two-tone,10,7,5,0.40222418261859616
3,"[7, 3, 3]",two-tone,15,10,7,1.079794809411765
4,"[7, 3, 3]",two-tone,16,11,8,1.2201307046679317
