,flop,board_type,0b,1b,2b,profit
0,"[4, 4, 2]",two-tone,1,1,1,0.7699362551367153
1,"[4, 4, 2]",two-tone,2,2,2,0.7771290827614137
2,"[4, 4, 2]",two-tone,3,2,2,0.7774821377009353
3,"[4, 4, 2]",two-tone,4,3,2,0.8780463459302434
4,"[4, 4, 2]",two-tone,8,6,4,0.8892841861718055
5,"[4, 4, 2]",two-tone,10,7,5,0.9954555156804066
6,"[4, 4, 2]",two-tone,15,10,7,1.7606619808176498
7,"[4, 4, 2]",two-tone,16,11,8,1.9044052221226477
