,flop,board_type,0b,1b,2b,profit
0,"[13, 8, 6]",monotone,1,1,1,0.7959774750196026
1,"[13, 8, 6]",monotone,2,2,2,0.8002631684300813
