,flop,board_type,0b,1b,2b,profit
0,"[11, 5, 3]",monotone,1,1,1,0.9154147197774544
1,"[11, 5, 3]",monotone,2,2,2,0.9240369136327914
