,flop,board_type,0b,1b,2b,profit
0,"[9, 7, 3]",monotone,1,1,1,1.0625389709929747
1,"[9, 7, 3]",monotone,2,2,2,1.069416110757502
