,flop,board_type,0b,1b,2b,profit
0,"[9, 4, 3]",monotone,1,1,1,1.015282522710792
1,"[9, 4, 3]",monotone,2,2,2,1.019005721115433
