,flop,board_type,0b,1b,2b,profit
0,"[8, 4, 2]",monotone,1,1,1,0.8705311598925749
1,"[8, 4, 2]",monotone,2,2,2,0.8723433626782896
