,flop,board_type,0b,1b,2b,profit
0,"[7, 4, 2]",monotone,1,1,1,0.8643625319202564
1,"[7, 4, 2]",monotone,2,2,2,0.8682246161202565
