,flop,board_type,0b,1b,2b,profit
0,"[14, 12, 9]",monotone,1,1,1,3.066871889368259
1,"[14, 12, 9]",monotone,2,2,2,5.702218157832563
2,"[14, 12, 9]",monotone,3,2,2,6.009954704468413
3,"[14, 12, 9]",monotone,4,3,2,7.044113805084745
4,"[14, 12, 9]",monotone,8,6,4,7.0466647087827425
5,"[14, 12, 9]",monotone,15,10,7,7.774244891679506
6,"[14, 12, 9]",monotone,16,11,8,7.774982317103236
