,flop,board_type,0b,1b,2b,profit
0,"[14, 12, 7]",monotone,1,1,1,2.8582548164685044
1,"[14, 12, 7]",monotone,2,2,2,4.1118635621047295
2,"[14, 12, 7]",monotone,3,2,2,4.749891348596003
3,"[14, 12, 7]",monotone,4,3,2,6.790859454970907
4,"[14, 12, 7]",monotone,15,10,7,7.528514070705793
5,"[14, 12, 7]",monotone,16,11,8,7.917372052871237
