,flop,board_type,0b,1b,2b,profit
0,"[14, 12, 3]",monotone,1,1,1,2.5150590682808716
1,"[14, 12, 3]",monotone,2,2,2,3.712241173849878
2,"[14, 12, 3]",monotone,3,2,2,4.334967429782083
3,"[14, 12, 3]",monotone,4,3,2,6.282882122033897
4,"[14, 12, 3]",monotone,8,6,4,6.285959569975785
5,"[14, 12, 3]",monotone,15,10,7,7.17486184733656
6,"[14, 12, 3]",monotone,16,11,8,7.550626004358353
