,flop,board_type,0b,1b,2b,profit
0,"[14, 12, 2]",monotone,1,1,1,2.518290722154963
1,"[14, 12, 2]",monotone,2,2,2,3.714504039346247
2,"[14, 12, 2]",monotone,3,2,2,4.340687890435834
3,"[14, 12, 2]",monotone,4,3,2,6.281392409322033
4,"[14, 12, 2]",monotone,8,6,4,6.285277200847456
5,"[14, 12, 2]",monotone,15,10,7,7.172722930387408
6,"[14, 12, 2]",monotone,16,11,8,7.549956626997577
