,flop,board_type,0b,1b,2b,profit
0,"[14, 11, 2]",monotone,1,1,1,0.4059192283564812
1,"[14, 11, 2]",monotone,2,2,2,1.6372052055555555
2,"[14, 11, 2]",monotone,3,2,2,2.2564785212962963
3,"[14, 11, 2]",monotone,4,3,2,4.223505221527777
4,"[14, 11, 2]",monotone,8,6,4,5.639435004166666
5,"[14, 11, 2]",monotone,15,10,7,6.462748677777778
6,"[14, 11, 2]",monotone,16,11,8,6.465487105555556
