,flop,board_type,0b,1b,2b,profit
0,"[14, 9, 3]",monotone,1,1,1,0.9285189139925368
1,"[14, 9, 3]",monotone,8,6,4,2.1631543321932005
2,"[14, 9, 3]",monotone,10,7,5,2.1667776148631837
3,"[14, 9, 3]",monotone,15,10,7,3.4314651660655056
4,"[14, 9, 3]",monotone,16,11,8,4.968678865547263
