,flop,board_type,0b,1b,2b,profit
0,"[14, 7, 6]",monotone,1,1,1,-0.4628312760767598
1,"[14, 7, 6]",monotone,8,6,4,0.7861164254157789
2,"[14, 7, 6]",monotone,15,10,7,1.4876894719402987
3,"[14, 7, 6]",monotone,16,11,8,3.680673755650319
