,flop,board_type,0b,1b,2b,profit
0,"[14, 4, 3]",monotone,1,1,1,-2.4396322320895525
1,"[14, 4, 3]",monotone,2,2,2,-2.426793494776119
2,"[14, 4, 3]",monotone,3,2,2,-2.418393376865671
3,"[14, 4, 3]",monotone,15,10,7,-1.807349781343283
4,"[14, 4, 3]",monotone,16,11,8,0.7898315074626864
