,flop,board_type,0b,1b,2b,profit
0,"[13, 12, 10]",monotone,1,1,1,12.138156736507934
1,"[13, 12, 10]",monotone,8,6,4,13.312770083140851
2,"[13, 12, 10]",monotone,15,10,7,13.526238535093794
3,"[13, 12, 10]",monotone,16,11,8,13.526645985569985
