,flop,board_type,0b,1b,2b,profit
0,"[13, 11, 4]",monotone,1,1,1,0.5527807044375008
1,"[13, 11, 4]",monotone,2,2,2,1.634496050312501
2,"[13, 11, 4]",monotone,3,2,2,2.579374376270834
3,"[13, 11, 4]",monotone,4,3,2,4.047988669250001
4,"[13, 11, 4]",monotone,15,10,7,5.039905413166666
5,"[13, 11, 4]",monotone,16,11,8,5.041196719666667
