,flop,board_type,0b,1b,2b,profit
0,"[13, 10, 3]",monotone,1,1,1,1.8057604701775876
1,"[13, 10, 3]",monotone,2,2,2,2.843669414206981
2,"[13, 10, 3]",monotone,3,2,2,2.8469614265768524
3,"[13, 10, 3]",monotone,4,3,2,2.8528043908144527
4,"[13, 10, 3]",monotone,15,10,7,3.8317646166564607
5,"[13, 10, 3]",monotone,16,11,8,3.832270437844458
