,flop,board_type,0b,1b,2b,profit
0,"[13, 9, 7]",monotone,1,1,1,0.7788438260563391
1,"[13, 9, 7]",monotone,2,2,2,1.8343897284820034
2,"[13, 9, 7]",monotone,3,2,2,2.7237670447183095
3,"[13, 9, 7]",monotone,4,3,2,4.013945836737089
4,"[13, 9, 7]",monotone,10,7,5,4.015670920774648
5,"[13, 9, 7]",monotone,15,10,7,4.83994531756651
