,flop,board_type,0b,1b,2b,profit
0,"[13, 9, 3]",monotone,1,1,1,0.6084386989295767
1,"[13, 9, 3]",monotone,8,6,4,3.77117316484507
2,"[13, 9, 3]",monotone,10,7,5,3.772512931380282
3,"[13, 9, 3]",monotone,15,10,7,4.74830999744601
4,"[13, 9, 3]",monotone,16,11,8,4.750398780732393
