,flop,board_type,0b,1b,2b,profit
0,"[13, 8, 7]",monotone,1,1,1,-0.14732304335327107
1,"[13, 8, 7]",monotone,2,2,2,0.9002649076789486
2,"[13, 8, 7]",monotone,3,2,2,1.3615007695350179
3,"[13, 8, 7]",monotone,4,3,2,2.000557658518231
4,"[13, 8, 7]",monotone,8,6,4,3.101687514238857
5,"[13, 8, 7]",monotone,10,7,5,3.109584036677599
6,"[13, 8, 7]",monotone,15,10,7,3.6877420431796244
7,"[13, 8, 7]",monotone,16,11,8,4.301814806463437
