,flop,board_type,0b,1b,2b,profit
0,"[13, 7, 6]",monotone,1,1,1,-0.9408668292494694
1,"[13, 7, 6]",monotone,2,2,2,-0.9236050341501071
2,"[13, 7, 6]",monotone,3,2,2,-0.44553315572062646
3,"[13, 7, 6]",monotone,4,3,2,0.18090106071772993
4,"[13, 7, 6]",monotone,8,6,4,1.2508626815164952
5,"[13, 7, 6]",monotone,15,10,7,1.6092996573991891
6,"[13, 7, 6]",monotone,16,11,8,2.8538368164576493
