,flop,board_type,0b,1b,2b,profit
0,"[13, 5, 3]",monotone,1,1,1,-2.5245075368514893
1,"[13, 5, 3]",monotone,2,2,2,-2.51413730636477
2,"[13, 5, 3]",monotone,8,6,4,-1.542228045266537
3,"[13, 5, 3]",monotone,10,7,5,-1.535085163790336
4,"[13, 5, 3]",monotone,15,10,7,-1.245354895132822
5,"[13, 5, 3]",monotone,16,11,8,0.6240425978605826
