,flop,board_type,0b,1b,2b,profit
0,"[13, 4, 3]",monotone,1,1,1,-2.5250822775361033
1,"[13, 4, 3]",monotone,2,2,2,-2.518829827723301
2,"[13, 4, 3]",monotone,8,6,4,-1.5571770823319664
3,"[13, 4, 3]",monotone,10,7,5,-1.5389167720805852
4,"[13, 4, 3]",monotone,15,10,7,-1.2386755919771786
5,"[13, 4, 3]",monotone,16,11,8,0.6288145682831172
