,flop,board_type,0b,1b,2b,profit
0,"[13, 3, 2]",monotone,1,1,1,-2.54083233719023
1,"[13, 3, 2]",monotone,8,6,4,-1.563367379889463
2,"[13, 3, 2]",monotone,10,7,5,-1.5489931841148161
3,"[13, 3, 2]",monotone,15,10,7,-1.259606109181672
4,"[13, 3, 2]",monotone,16,11,8,0.5990905800855777
