,flop,board_type,0b,1b,2b,profit
0,"[12, 11, 5]",monotone,1,1,1,1.3062264062499989
1,"[12, 11, 5]",monotone,2,2,2,3.8121660205765835
2,"[12, 11, 5]",monotone,3,2,2,4.149829602992957
3,"[12, 11, 5]",monotone,4,3,2,5.091627923085387
4,"[12, 11, 5]",monotone,8,6,4,5.091670484925175
5,"[12, 11, 5]",monotone,15,10,7,5.888505033120598
6,"[12, 11, 5]",monotone,16,11,8,5.889068071192781
