,flop,board_type,0b,1b,2b,profit
0,"[12, 11, 2]",monotone,1,1,1,1.3051659980193662
1,"[12, 11, 2]",monotone,2,2,2,3.8063612780589784
2,"[12, 11, 2]",monotone,3,2,2,4.145187765845069
3,"[12, 11, 2]",monotone,4,3,2,5.085998696412853
4,"[12, 11, 2]",monotone,8,6,4,5.086836159881162
5,"[12, 11, 2]",monotone,15,10,7,5.881148019036091
6,"[12, 11, 2]",monotone,16,11,8,5.881855106294014
