,flop,board_type,0b,1b,2b,profit
0,"[12, 9, 6]",monotone,1,1,1,1.6104911952361216
1,"[12, 9, 6]",monotone,2,2,2,2.7819549158243575
2,"[12, 9, 6]",monotone,3,2,2,3.519697006917978
3,"[12, 9, 6]",monotone,4,3,2,5.181659112510356
4,"[12, 9, 6]",monotone,8,6,4,5.182457907456504
5,"[12, 9, 6]",monotone,10,7,5,5.185855553728253
6,"[12, 9, 6]",monotone,15,10,7,5.875378112303231
