,flop,board_type,0b,1b,2b,profit
0,"[12, 8, 2]",monotone,1,1,1,0.3366455297535207
1,"[12, 8, 2]",monotone,8,6,4,3.862485909507043
2,"[12, 8, 2]",monotone,15,10,7,4.956260059096244
3,"[12, 8, 2]",monotone,16,11,8,5.741312331807512
