,flop,board_type,0b,1b,2b,profit
0,"[12, 5, 3]",monotone,1,1,1,-2.1621002974647885
1,"[12, 5, 3]",monotone,8,6,4,0.10756002028169065
2,"[12, 5, 3]",monotone,10,7,5,0.11361085661971981
3,"[12, 5, 3]",monotone,15,10,7,0.8212837041314553
4,"[12, 5, 3]",monotone,16,11,8,2.185578516807512
