,flop,board_type,0b,1b,2b,profit
0,"[12, 3, 2]",monotone,1,1,1,-2.172644093239437
1,"[12, 3, 2]",monotone,8,6,4,0.08676257924882669
2,"[12, 3, 2]",monotone,15,10,7,0.7783952610328633
3,"[12, 3, 2]",monotone,16,11,8,2.1791304002816902
