,flop,board_type,0b,1b,2b,profit
0,"[11, 9, 5]",monotone,1,1,1,1.0141042225286938
1,"[11, 9, 5]",monotone,2,2,2,2.8484752219918548
2,"[11, 9, 5]",monotone,3,2,2,3.7378422345242495
3,"[11, 9, 5]",monotone,4,3,2,5.22667895366531
4,"[11, 9, 5]",monotone,15,10,7,5.9148240660496105
5,"[11, 9, 5]",monotone,16,11,8,5.925793790262864
