,flop,board_type,0b,1b,2b,profit
0,"[11, 7, 5]",monotone,1,1,1,-0.808870996383562
1,"[11, 7, 5]",monotone,8,6,4,2.7766300038356153
2,"[11, 7, 5]",monotone,15,10,7,3.9597078532602734
3,"[11, 7, 5]",monotone,16,11,8,4.6938914694794525
