,flop,board_type,0b,1b,2b,profit
0,"[11, 5, 3]",monotone,1,1,1,-2.4389985907270817
1,"[11, 5, 3]",monotone,2,2,2,-2.4307779934668075
2,"[11, 5, 3]",monotone,3,2,2,-2.430618904004215
3,"[11, 5, 3]",monotone,4,3,2,-1.5249310723919909
4,"[11, 5, 3]",monotone,8,6,4,1.1404311840885129
5,"[11, 5, 3]",monotone,10,7,5,1.1536582012644891
6,"[11, 5, 3]",monotone,15,10,7,2.2190435068141907
7,"[11, 5, 3]",monotone,16,11,8,2.9212043922023168
