,flop,board_type,0b,1b,2b,profit
0,"[11, 4, 2]",monotone,1,1,1,-2.4644700327713367
1,"[11, 4, 2]",monotone,8,6,4,1.1371398755532143
2,"[11, 4, 2]",monotone,15,10,7,2.196329153635406
3,"[11, 4, 2]",monotone,16,11,8,2.899523517562345
