,flop,board_type,0b,1b,2b,profit
0,"[10, 9, 8]",monotone,1,1,1,4.685677386466233
1,"[10, 9, 8]",monotone,2,2,2,6.618110946551101
2,"[10, 9, 8]",monotone,3,2,2,7.2169937251895995
3,"[10, 9, 8]",monotone,4,3,2,8.583697901516793
4,"[10, 9, 8]",monotone,8,6,4,8.584001325135429
