,flop,board_type,0b,1b,2b,profit
0,"[10, 8, 3]",monotone,1,1,1,1.6399520574214521
1,"[10, 8, 3]",monotone,8,6,4,2.7766579247020586
2,"[10, 8, 3]",monotone,10,7,5,3.7420457323943657
3,"[10, 8, 3]",monotone,15,10,7,5.39141170964247
