,flop,board_type,0b,1b,2b,profit
0,"[10, 8, 2]",monotone,1,1,1,1.6369894366197189
1,"[10, 8, 2]",monotone,2,2,2,1.6397926570964245
2,"[10, 8, 2]",monotone,3,2,2,2.117373075297942
3,"[10, 8, 2]",monotone,4,3,2,2.7756992481040097
4,"[10, 8, 2]",monotone,10,7,5,3.746007479414951
5,"[10, 8, 2]",monotone,15,10,7,5.388139952871072
6,"[10, 8, 2]",monotone,16,11,8,5.392836225893824
