,flop,board_type,0b,1b,2b,profit
0,"[10, 7, 2]",monotone,1,1,1,0.9044088759479953
1,"[10, 7, 2]",monotone,2,2,2,0.9051148504875404
2,"[10, 7, 2]",monotone,3,2,2,0.9067016901408445
3,"[10, 7, 2]",monotone,4,3,2,1.4887142908992415
4,"[10, 7, 2]",monotone,8,6,4,2.144514760563381
5,"[10, 7, 2]",monotone,10,7,5,3.0875580433369443
6,"[10, 7, 2]",monotone,15,10,7,4.570963147887324
7,"[10, 7, 2]",monotone,16,11,8,4.575437617009751
