,flop,board_type,0b,1b,2b,profit
0,"[10, 5, 4]",monotone,1,1,1,-0.5666459573804571
1,"[10, 5, 4]",monotone,2,2,2,-0.5653495826403315
2,"[10, 5, 4]",monotone,3,2,2,-0.5609955114345119
3,"[10, 5, 4]",monotone,4,3,2,0.0033154501039506235
4,"[10, 5, 4]",monotone,8,6,4,0.6449023050935563
5,"[10, 5, 4]",monotone,10,7,5,1.589474042619543
6,"[10, 5, 4]",monotone,15,10,7,2.847811128378378
7,"[10, 5, 4]",monotone,16,11,8,2.859056491683992
