,flop,board_type,0b,1b,2b,profit
0,"[9, 7, 6]",monotone,1,1,1,2.0582202958904117
1,"[9, 7, 6]",monotone,2,2,2,2.0586192646575343
2,"[9, 7, 6]",monotone,3,2,2,3.387872960273973
3,"[9, 7, 6]",monotone,4,3,2,4.898306153150684
4,"[9, 7, 6]",monotone,8,6,4,4.898854087123286
5,"[9, 7, 6]",monotone,10,7,5,5.435042587671232
6,"[9, 7, 6]",monotone,15,10,7,6.42214068109589
7,"[9, 7, 6]",monotone,16,11,8,6.422634472876712
