,flop,board_type,0b,1b,2b,profit
0,"[9, 6, 5]",monotone,1,1,1,0.34758036599999986
1,"[9, 6, 5]",monotone,8,6,4,1.374645366666666
2,"[9, 6, 5]",monotone,10,7,5,2.3872682367999998
3,"[9, 6, 5]",monotone,15,10,7,4.336149055466667
4,"[9, 6, 5]",monotone,16,11,8,4.829181461466667
