,flop,board_type,0b,1b,2b,profit
0,"[9, 5, 4]",monotone,1,1,1,-0.4919793307692307
1,"[9, 5, 4]",monotone,2,2,2,-0.4855265288461531
2,"[9, 5, 4]",monotone,8,6,4,0.5136383315384632
3,"[9, 5, 4]",monotone,10,7,5,1.5231208642307685
4,"[9, 5, 4]",monotone,15,10,7,3.4370299092307697
5,"[9, 5, 4]",monotone,16,11,8,3.8984654194871795
