,flop,board_type,0b,1b,2b,profit
0,"[8, 5, 3]",monotone,1,1,1,0.34068976202531676
1,"[8, 5, 3]",monotone,8,6,4,1.3303134202531632
2,"[8, 5, 3]",monotone,10,7,5,1.8506628607594926
3,"[8, 5, 3]",monotone,15,10,7,3.166505792405063
4,"[8, 5, 3]",monotone,16,11,8,4.709569964556962
