,flop,board_type,0b,1b,2b,profit
0,"[7, 5, 4]",monotone,1,1,1,1.7033830908860756
1,"[7, 5, 4]",monotone,10,7,5,2.2071748106329108
2,"[7, 5, 4]",monotone,15,10,7,3.4782403941772153
3,"[7, 5, 4]",monotone,16,11,8,5.517430541265822
