,flop,board_type,0b,1b,2b,profit
0,"[7, 5, 3]",monotone,1,1,1,1.6112104881012654
1,"[7, 5, 3]",monotone,8,6,4,1.611284010886075
2,"[7, 5, 3]",monotone,10,7,5,2.1198404640506334
3,"[7, 5, 3]",monotone,15,10,7,3.390019757721519
4,"[7, 5, 3]",monotone,16,11,8,5.4338619369620265
