,flop,board_type,0b,1b,2b,profit
0,"[7, 4, 2]",monotone,1,1,1,1.494559559999999
1,"[7, 4, 2]",monotone,2,2,2,1.502523311392404
2,"[7, 4, 2]",monotone,3,2,2,1.506108630632912
3,"[7, 4, 2]",monotone,10,7,5,2.008632295189873
4,"[7, 4, 2]",monotone,15,10,7,3.2912652951898735
5,"[7, 4, 2]",monotone,16,11,8,5.345447678481013
