,flop,board_type,0b,1b,2b,profit
0,"[6, 5, 2]",monotone,1,1,1,2.693487429873417
1,"[6, 5, 2]",monotone,15,10,7,3.4602991655696194
2,"[6, 5, 2]",monotone,16,11,8,5.960460227341771
