,flop,board_type,0b,1b,2b,profit
0,"[6, 4, 3]",monotone,1,1,1,2.7318128445569623
1,"[6, 4, 3]",monotone,8,6,4,2.733008767088608
2,"[6, 4, 3]",monotone,15,10,7,3.498712730632911
3,"[6, 4, 3]",monotone,16,11,8,5.978385058227847
