,flop,board_type,0b,1b,2b,profit
0,"[5, 4, 3]",monotone,1,1,1,3.3789675019512195
1,"[5, 4, 3]",monotone,15,10,7,4.136945466341464
2,"[5, 4, 3]",monotone,16,11,8,6.547403915121951
