,flop,board_type,0b,1b,2b,profit
0,"[14, 14, 12]",rainbow,1,1,1,0.44676250661764716
1,"[14, 14, 12]",rainbow,2,2,2,0.9473427063175274
2,"[14, 14, 12]",rainbow,3,2,2,1.1470196906062424
3,"[14, 14, 12]",rainbow,4,3,2,1.5568956637154865
4,"[14, 14, 12]",rainbow,8,6,4,1.5574444541116448
5,"[14, 14, 12]",rainbow,15,10,7,2.3672804776860747
6,"[14, 14, 12]",rainbow,16,11,8,2.367283059153662
