,flop,board_type,0b,1b,2b,profit
0,"[14, 14, 8]",rainbow,1,1,1,0.7212767728800091
1,"[14, 14, 8]",rainbow,8,6,4,1.103361765606439
2,"[14, 14, 8]",rainbow,10,7,5,2.0903232248755614
3,"[14, 14, 8]",rainbow,15,10,7,2.4390585418968382
4,"[14, 14, 8]",rainbow,16,11,8,2.5019097383745574
