,flop,board_type,0b,1b,2b,profit
0,"[14, 13, 7]",rainbow,1,1,1,0.7010108279096049
1,"[14, 13, 7]",rainbow,2,2,2,1.229501130847458
2,"[14, 13, 7]",rainbow,3,2,2,1.4790690259887007
3,"[14, 13, 7]",rainbow,4,3,2,1.8561369711864413
4,"[14, 13, 7]",rainbow,8,6,4,1.8564535652542378
5,"[14, 13, 7]",rainbow,10,7,5,1.857651151694916
6,"[14, 13, 7]",rainbow,15,10,7,2.419145496949153
