,flop,board_type,0b,1b,2b,profit
0,"[14, 13, 5]",rainbow,1,1,1,0.4009691800358392
1,"[14, 13, 5]",rainbow,2,2,2,0.8784848772003799
2,"[14, 13, 5]",rainbow,3,2,2,1.1024632132391696
3,"[14, 13, 5]",rainbow,4,3,2,1.4542917230947618
4,"[14, 13, 5]",rainbow,8,6,4,1.456205333509013
5,"[14, 13, 5]",rainbow,15,10,7,2.1002301089912523
