,flop,board_type,0b,1b,2b,profit
0,"[14, 13, 3]",rainbow,1,1,1,0.5314834504716984
1,"[14, 13, 3]",rainbow,2,2,2,1.001326365566038
2,"[14, 13, 3]",rainbow,3,2,2,1.2338114009433965
3,"[14, 13, 3]",rainbow,4,3,2,1.5689826037735852
4,"[14, 13, 3]",rainbow,15,10,7,2.2166896014150947
