,flop,board_type,0b,1b,2b,profit
0,"[14, 12, 10]",rainbow,1,1,1,3.6715154032079655
1,"[14, 12, 10]",rainbow,2,2,2,3.6721740027654874
2,"[14, 12, 10]",rainbow,15,10,7,4.000000000000001
