,flop,board_type,0b,1b,2b,profit
0,"[14, 12, 8]",rainbow,1,1,1,1.1301926616287885
1,"[14, 12, 8]",rainbow,2,2,2,2.9275052630303042
2,"[14, 12, 8]",rainbow,15,10,7,3.4640618660606073
