,flop,board_type,0b,1b,2b,profit
0,"[14, 11, 5]",rainbow,1,1,1,0.7207034141176469
1,"[14, 11, 5]",rainbow,15,10,7,1.4302252905882353
2,"[14, 11, 5]",rainbow,16,11,8,1.431089362352941
