,flop,board_type,0b,1b,2b,profit
0,"[14, 11, 3]",rainbow,1,1,1,0.8814971305678342
1,"[14, 11, 3]",rainbow,2,2,2,0.8828223780176816
2,"[14, 11, 3]",rainbow,15,10,7,1.595303258925536
