,flop,board_type,0b,1b,2b,profit
0,"[14, 10, 9]",rainbow,1,1,1,1.0197275304933613
1,"[14, 10, 9]",rainbow,2,2,2,1.5569781590406149
2,"[14, 10, 9]",rainbow,3,2,2,1.758030933825827
3,"[14, 10, 9]",rainbow,4,3,2,2.1464306549791727
4,"[14, 10, 9]",rainbow,8,6,4,2.1468363653996363
5,"[14, 10, 9]",rainbow,10,7,5,2.149312150839626
6,"[14, 10, 9]",rainbow,15,10,7,2.917625245437387
