,flop,board_type,0b,1b,2b,profit
0,"[14, 10, 4]",rainbow,1,1,1,0.9369606814460643
1,"[14, 10, 4]",rainbow,8,6,4,1.9253950618542277
2,"[14, 10, 4]",rainbow,15,10,7,2.70876238780175
