,flop,board_type,0b,1b,2b,profit
0,"[14, 9, 4]",rainbow,1,1,1,0.777842279530088
1,"[14, 9, 4]",rainbow,8,6,4,1.5835967036849223
2,"[14, 9, 4]",rainbow,10,7,5,1.7970855572684243
3,"[14, 9, 4]",rainbow,15,10,7,2.8602610681879646
4,"[14, 9, 4]",rainbow,16,11,8,2.888188402642551
