,flop,board_type,0b,1b,2b,profit
0,"[14, 8, 7]",rainbow,1,1,1,1.2083125237645351
1,"[14, 8, 7]",rainbow,2,2,2,1.209154716860465
2,"[14, 8, 7]",rainbow,3,2,2,1.4332680836482554
3,"[14, 8, 7]",rainbow,4,3,2,1.7971537123062014
4,"[14, 8, 7]",rainbow,8,6,4,2.1985940206153107
5,"[14, 8, 7]",rainbow,10,7,5,2.7398938101501944
6,"[14, 8, 7]",rainbow,15,10,7,2.9419798131782953
7,"[14, 8, 7]",rainbow,16,11,8,2.973165254941861
