,flop,board_type,0b,1b,2b,profit
0,"[14, 8, 4]",rainbow,1,1,1,0.9489746443668993
1,"[14, 8, 4]",rainbow,2,2,2,0.95120696513792
2,"[14, 8, 4]",rainbow,3,2,2,0.9521095617480894
3,"[14, 8, 4]",rainbow,8,6,4,1.4027969208374877
4,"[14, 8, 4]",rainbow,10,7,5,1.5772848459953472
5,"[14, 8, 4]",rainbow,15,10,7,2.6235344064030133
6,"[14, 8, 4]",rainbow,16,11,8,2.689592473047524
