,flop,board_type,0b,1b,2b,profit
0,"[14, 7, 6]",rainbow,1,1,1,1.178295109284682
1,"[14, 7, 6]",rainbow,2,2,2,1.1800540919436413
2,"[14, 7, 6]",rainbow,3,2,2,1.1805284252167634
3,"[14, 7, 6]",rainbow,4,3,2,1.1822775275469652
4,"[14, 7, 6]",rainbow,8,6,4,1.6290307593930637
5,"[14, 7, 6]",rainbow,10,7,5,1.8045356343930639
6,"[14, 7, 6]",rainbow,15,10,7,2.6391652409381026
7,"[14, 7, 6]",rainbow,16,11,8,2.713808104046243
