,flop,board_type,0b,1b,2b,profit
0,"[14, 7, 2]",rainbow,1,1,1,0.9372271038551017
1,"[14, 7, 2]",rainbow,2,2,2,0.9400670011631773
2,"[14, 7, 2]",rainbow,8,6,4,1.403761134596212
3,"[14, 7, 2]",rainbow,10,7,5,1.5784252030574941
4,"[14, 7, 2]",rainbow,15,10,7,2.464824516007534
5,"[14, 7, 2]",rainbow,16,11,8,2.5320551969092726
