,flop,board_type,0b,1b,2b,profit
0,"[14, 4, 2]",rainbow,1,1,1,0.6542477696236557
1,"[14, 4, 2]",rainbow,8,6,4,1.0682132521505374
2,"[14, 4, 2]",rainbow,10,7,5,1.2172469971326165
3,"[14, 4, 2]",rainbow,15,10,7,1.8761788776483472
4,"[14, 4, 2]",rainbow,16,11,8,1.935354588888889
