,flop,board_type,0b,1b,2b,profit
0,"[13, 13, 13]",rainbow,1,1,1,0.3076312982044463
1,"[13, 13, 13]",rainbow,2,2,2,0.3127303829502091
2,"[13, 13, 13]",rainbow,8,6,4,1.0898421740227584
3,"[13, 13, 13]",rainbow,10,7,5,1.2595691472314392
4,"[13, 13, 13]",rainbow,15,10,7,1.8566415649966623
5,"[13, 13, 13]",rainbow,16,11,8,1.8936184573381565
