,flop,board_type,0b,1b,2b,profit
0,"[13, 12, 9]",rainbow,1,1,1,1.8249674215144236
1,"[13, 12, 9]",rainbow,8,6,4,2.987686076802886
2,"[13, 12, 9]",rainbow,15,10,7,3.3558489534855775
3,"[13, 12, 9]",rainbow,16,11,8,3.357106653725962
