,flop,board_type,0b,1b,2b,profit
0,"[13, 11, 5]",rainbow,1,1,1,0.9443022867990896
1,"[13, 11, 5]",rainbow,8,6,4,1.3214075094661704
2,"[13, 11, 5]",rainbow,15,10,7,2.1494684356300437
