,flop,board_type,0b,1b,2b,profit
0,"[13, 8, 8]",rainbow,1,1,1,0.3859945882132135
1,"[13, 8, 8]",rainbow,2,2,2,0.3923907937537538
2,"[13, 8, 8]",rainbow,8,6,4,1.2307883350150153
3,"[13, 8, 8]",rainbow,10,7,5,1.3890753788188188
4,"[13, 8, 8]",rainbow,15,10,7,1.7432567004304311
5,"[13, 8, 8]",rainbow,16,11,8,1.7891353817767772
