,flop,board_type,0b,1b,2b,profit
0,"[13, 8, 7]",rainbow,1,1,1,0.7138620042016808
1,"[13, 8, 7]",rainbow,8,6,4,1.9867899859943976
2,"[13, 8, 7]",rainbow,10,7,5,2.154296051120448
3,"[13, 8, 7]",rainbow,15,10,7,2.39793262464986
4,"[13, 8, 7]",rainbow,16,11,8,2.3985330028011203
