,flop,board_type,0b,1b,2b,profit
0,"[13, 8, 6]",rainbow,1,1,1,0.7004287685631632
1,"[13, 8, 6]",rainbow,2,2,2,0.701498410318226
2,"[13, 8, 6]",rainbow,8,6,4,1.596339116795243
3,"[13, 8, 6]",rainbow,10,7,5,1.9498659751848282
4,"[13, 8, 6]",rainbow,15,10,7,2.3232212177113474
5,"[13, 8, 6]",rainbow,16,11,8,2.3811408473159763
