,flop,board_type,0b,1b,2b,profit
0,"[13, 7, 3]",rainbow,1,1,1,0.5772644561794418
1,"[13, 7, 3]",rainbow,2,2,2,0.5807413816844921
2,"[13, 7, 3]",rainbow,8,6,4,1.4220101036096258
3,"[13, 7, 3]",rainbow,10,7,5,1.6145514290453555
4,"[13, 7, 3]",rainbow,15,10,7,2.106316122623292
5,"[13, 7, 3]",rainbow,16,11,8,2.1627021723856212
