,flop,board_type,0b,1b,2b,profit
0,"[13, 4, 3]",rainbow,1,1,1,0.5143918433388157
1,"[13, 4, 3]",rainbow,8,6,4,1.3068743717105265
2,"[13, 4, 3]",rainbow,10,7,5,1.4781252568530703
3,"[13, 4, 3]",rainbow,15,10,7,1.7472144609375
4,"[13, 4, 3]",rainbow,16,11,8,1.796619943530701
