,flop,board_type,0b,1b,2b,profit
0,"[13, 3, 3]",rainbow,1,1,1,0.4091110129934211
1,"[13, 3, 3]",rainbow,2,2,2,0.4103599103070176
2,"[13, 3, 3]",rainbow,8,6,4,1.2226944325657896
3,"[13, 3, 3]",rainbow,10,7,5,1.2236697727704682
4,"[13, 3, 3]",rainbow,15,10,7,1.3515716601973689
5,"[13, 3, 3]",rainbow,16,11,8,1.3944667490862572
