,flop,board_type,0b,1b,2b,profit
0,"[12, 12, 9]",rainbow,1,1,1,1.266222005708355
1,"[12, 12, 9]",rainbow,2,2,2,1.71535654962047
2,"[12, 12, 9]",rainbow,3,2,2,1.922239271582244
3,"[12, 12, 9]",rainbow,4,3,2,2.224690860140906
4,"[12, 12, 9]",rainbow,8,6,4,2.2253933833745267
5,"[12, 12, 9]",rainbow,10,7,5,2.2269830111352507
6,"[12, 12, 9]",rainbow,15,10,7,2.7647113460987045
7,"[12, 12, 9]",rainbow,16,11,8,2.7648727294820263
