,flop,board_type,0b,1b,2b,profit
0,"[12, 12, 4]",rainbow,1,1,1,0.7090577393788442
1,"[12, 12, 4]",rainbow,8,6,4,1.7635087852768194
2,"[12, 12, 4]",rainbow,15,10,7,1.7650403159399843
