,flop,board_type,0b,1b,2b,profit
0,"[12, 11, 6]",rainbow,1,1,1,1.4870767463717234
1,"[12, 11, 6]",rainbow,2,2,2,1.48885548042486
2,"[12, 11, 6]",rainbow,3,2,2,1.6851765708099258
3,"[12, 11, 6]",rainbow,4,3,2,1.9404002671172753
4,"[12, 11, 6]",rainbow,15,10,7,2.5750481652036523
5,"[12, 11, 6]",rainbow,16,11,8,2.5767937198911524
