,flop,board_type,0b,1b,2b,profit
0,"[12, 11, 5]",rainbow,1,1,1,1.1726078327856284
1,"[12, 11, 5]",rainbow,8,6,4,1.5860341482090048
2,"[12, 11, 5]",rainbow,10,7,5,1.5914707947748934
3,"[12, 11, 5]",rainbow,15,10,7,2.3747553859677955
