,flop,board_type,0b,1b,2b,profit
0,"[12, 11, 3]",rainbow,1,1,1,1.2991526435574232
1,"[12, 11, 3]",rainbow,2,2,2,1.3030467822128853
2,"[12, 11, 3]",rainbow,3,2,2,1.484137448179272
3,"[12, 11, 3]",rainbow,4,3,2,1.704614785714286
4,"[12, 11, 3]",rainbow,8,6,4,1.707643090336135
5,"[12, 11, 3]",rainbow,15,10,7,2.4970548319327732
6,"[12, 11, 3]",rainbow,16,11,8,2.4970798130252105
