,flop,board_type,0b,1b,2b,profit
0,"[12, 10, 4]",rainbow,1,1,1,1.4458409829012688
1,"[12, 10, 4]",rainbow,2,2,2,1.9138208196359627
2,"[12, 10, 4]",rainbow,3,2,2,1.9189474911748488
3,"[12, 10, 4]",rainbow,15,10,7,2.6053596773303918
