,flop,board_type,0b,1b,2b,profit
0,"[12, 9, 7]",rainbow,1,1,1,1.254316760509777
1,"[12, 9, 7]",rainbow,2,2,2,1.7228519693901307
2,"[12, 9, 7]",rainbow,3,2,2,2.0090240233007455
3,"[12, 9, 7]",rainbow,4,3,2,2.267676243912943
4,"[12, 9, 7]",rainbow,8,6,4,2.5028857314129427
5,"[12, 9, 7]",rainbow,10,7,5,2.6974434794925517
6,"[12, 9, 7]",rainbow,15,10,7,3.216390115002329
