,flop,board_type,0b,1b,2b,profit
0,"[12, 8, 8]",rainbow,1,1,1,0.7995108377106522
1,"[12, 8, 8]",rainbow,8,6,4,1.8805869689878114
2,"[12, 8, 8]",rainbow,15,10,7,2.241264105882353
