,flop,board_type,0b,1b,2b,profit
0,"[12, 7, 2]",rainbow,1,1,1,1.1184399518716577
1,"[12, 7, 2]",rainbow,2,2,2,1.121481013368984
2,"[12, 7, 2]",rainbow,8,6,4,2.249686801247772
3,"[12, 7, 2]",rainbow,10,7,5,2.46054683600713
4,"[12, 7, 2]",rainbow,15,10,7,2.845100473262033
5,"[12, 7, 2]",rainbow,16,11,8,2.846379548128343
