,flop,board_type,0b,1b,2b,profit
0,"[12, 3, 3]",rainbow,1,1,1,0.7454563558063273
1,"[12, 3, 3]",rainbow,2,2,2,0.7465884817708335
2,"[12, 3, 3]",rainbow,8,6,4,1.810395026427469
3,"[12, 3, 3]",rainbow,16,11,8,1.8105231305941354
