,flop,board_type,0b,1b,2b,profit
0,"[11, 11, 10]",rainbow,1,1,1,1.3445767788468121
1,"[11, 11, 10]",rainbow,8,6,4,1.3460628154419818
2,"[11, 11, 10]",rainbow,15,10,7,2.1115408153821154
3,"[11, 11, 10]",rainbow,16,11,8,2.1120516198344284
