,flop,board_type,0b,1b,2b,profit
0,"[11, 11, 7]",rainbow,1,1,1,1.0427336529231985
1,"[11, 11, 7]",rainbow,2,2,2,1.0464608045745838
2,"[11, 11, 7]",rainbow,15,10,7,1.2366197592724044
