,flop,board_type,0b,1b,2b,profit
0,"[11, 10, 8]",rainbow,1,1,1,1.9409295128034554
1,"[11, 10, 8]",rainbow,2,2,2,2.5262555968954254
2,"[11, 10, 8]",rainbow,3,2,2,2.7068553932656405
3,"[11, 10, 8]",rainbow,4,3,2,3.162719080158731
4,"[11, 10, 8]",rainbow,10,7,5,3.163123512616714
5,"[11, 10, 8]",rainbow,15,10,7,3.364734141281513
