,flop,board_type,0b,1b,2b,profit
0,"[11, 8, 6]",rainbow,1,1,1,1.5615732200296257
1,"[11, 8, 6]",rainbow,2,2,2,1.563905369321923
2,"[11, 8, 6]",rainbow,10,7,5,1.7645943113890725
3,"[11, 8, 6]",rainbow,15,10,7,2.145960916178408
4,"[11, 8, 6]",rainbow,16,11,8,2.146275959924293
