,flop,board_type,0b,1b,2b,profit
0,"[11, 8, 3]",rainbow,1,1,1,1.4208188572368425
1,"[11, 8, 3]",rainbow,10,7,5,1.6040014463157897
2,"[11, 8, 3]",rainbow,15,10,7,2.140783881052632
