,flop,board_type,0b,1b,2b,profit
0,"[11, 3, 3]",rainbow,1,1,1,1.2167977093939395
1,"[11, 3, 3]",rainbow,2,2,2,1.2170186206060607
2,"[11, 3, 3]",rainbow,10,7,5,1.2192986363636367
3,"[11, 3, 3]",rainbow,15,10,7,1.2199961424242423
