,flop,board_type,0b,1b,2b,profit
0,"[10, 10, 7]",rainbow,1,1,1,0.9970799368418664
1,"[10, 10, 7]",rainbow,8,6,4,1.910717063294299
2,"[10, 10, 7]",rainbow,10,7,5,2.134288836737473
3,"[10, 10, 7]",rainbow,15,10,7,2.398970005038126
4,"[10, 10, 7]",rainbow,16,11,8,2.402774432734205
