,flop,board_type,0b,1b,2b,profit
0,"[10, 9, 6]",rainbow,1,1,1,1.1878844649268618
1,"[10, 9, 6]",rainbow,2,2,2,1.6948728435837772
2,"[10, 9, 6]",rainbow,3,2,2,2.4073085728390966
3,"[10, 9, 6]",rainbow,4,3,2,3.5709120775598415
