,flop,board_type,0b,1b,2b,profit
0,"[10, 9, 5]",rainbow,1,1,1,0.9996756025775401
1,"[10, 9, 5]",rainbow,2,2,2,1.4111589486203213
2,"[10, 9, 5]",rainbow,3,2,2,1.7515071551657757
3,"[10, 9, 5]",rainbow,4,3,2,1.9625507955294124
4,"[10, 9, 5]",rainbow,15,10,7,2.624376986459894
5,"[10, 9, 5]",rainbow,16,11,8,2.6250337460427815
