,flop,board_type,0b,1b,2b,profit
0,"[10, 8, 8]",rainbow,1,1,1,1.055167351371728
1,"[10, 8, 8]",rainbow,2,2,2,1.0566526891727752
2,"[10, 8, 8]",rainbow,3,2,2,1.3375410766492148
3,"[10, 8, 8]",rainbow,4,3,2,1.5611560874973824
4,"[10, 8, 8]",rainbow,8,6,4,1.9275124895497382
5,"[10, 8, 8]",rainbow,10,7,5,2.147100179350786
6,"[10, 8, 8]",rainbow,15,10,7,2.5945593048795814
