,flop,board_type,0b,1b,2b,profit
0,"[10, 8, 2]",rainbow,1,1,1,1.169117615544042
1,"[10, 8, 2]",rainbow,8,6,4,1.6488461751295342
2,"[10, 8, 2]",rainbow,10,7,5,2.1009974992746114
3,"[10, 8, 2]",rainbow,15,10,7,2.685650370984457
