,flop,board_type,0b,1b,2b,profit
0,"[10, 7, 5]",rainbow,1,1,1,1.020539335368421
1,"[10, 7, 5]",rainbow,2,2,2,1.022666677263158
2,"[10, 7, 5]",rainbow,8,6,4,1.6165552712631586
3,"[10, 7, 5]",rainbow,10,7,5,2.0519543474736848
4,"[10, 7, 5]",rainbow,15,10,7,2.4518052917894746
5,"[10, 7, 5]",rainbow,16,11,8,2.454373659368422
