,flop,board_type,0b,1b,2b,profit
0,"[10, 6, 6]",rainbow,1,1,1,1.0729030353367877
1,"[10, 6, 6]",rainbow,2,2,2,1.0758023365595855
2,"[10, 6, 6]",rainbow,8,6,4,2.0580755967668396
3,"[10, 6, 6]",rainbow,10,7,5,2.264687514963731
4,"[10, 6, 6]",rainbow,15,10,7,2.317337713264249
5,"[10, 6, 6]",rainbow,16,11,8,2.3176568262176165
