,flop,board_type,0b,1b,2b,profit
0,"[10, 5, 4]",rainbow,1,1,1,0.9024861301886795
1,"[10, 5, 4]",rainbow,2,2,2,0.9028762773584909
2,"[10, 5, 4]",rainbow,3,2,2,0.9095504547169813
3,"[10, 5, 4]",rainbow,4,3,2,1.2696080018867932
4,"[10, 5, 4]",rainbow,8,6,4,1.445914105660378
5,"[10, 5, 4]",rainbow,10,7,5,1.8687716471698115
6,"[10, 5, 4]",rainbow,15,10,7,2.0497587547169815
7,"[10, 5, 4]",rainbow,16,11,8,2.05473140754717
