,flop,board_type,0b,1b,2b,profit
0,"[10, 4, 3]",rainbow,1,1,1,1.0233584357918812
1,"[10, 4, 3]",rainbow,8,6,4,1.5571146492853059
2,"[10, 4, 3]",rainbow,10,7,5,1.9817875937106912
3,"[10, 4, 3]",rainbow,15,10,7,2.148179875471698
4,"[10, 4, 3]",rainbow,16,11,8,2.1518554013722127
