,flop,board_type,0b,1b,2b,profit
0,"[9, 8, 6]",rainbow,1,1,1,1.4564051594387757
1,"[9, 8, 6]",rainbow,2,2,2,1.9252374910714292
2,"[9, 8, 6]",rainbow,3,2,2,2.171419195790817
3,"[9, 8, 6]",rainbow,4,3,2,2.4348820956632657
4,"[9, 8, 6]",rainbow,8,6,4,2.7246181074617355
5,"[9, 8, 6]",rainbow,10,7,5,2.971679670918368
6,"[9, 8, 6]",rainbow,15,10,7,3.0380513450255107
7,"[9, 8, 6]",rainbow,16,11,8,3.0393585000000005
