,flop,board_type,0b,1b,2b,profit
0,"[9, 5, 5]",rainbow,1,1,1,0.6348385557638241
1,"[9, 5, 5]",rainbow,8,6,4,1.41699257267104
2,"[9, 5, 5]",rainbow,10,7,5,1.9132371016213683
3,"[9, 5, 5]",rainbow,15,10,7,2.1716326271227744
4,"[9, 5, 5]",rainbow,16,11,8,2.1723988736832243
