,flop,board_type,0b,1b,2b,profit
0,"[9, 5, 4]",rainbow,1,1,1,0.6051437128209934
1,"[9, 5, 4]",rainbow,2,2,2,0.6086621315089038
2,"[9, 5, 4]",rainbow,3,2,2,0.6123276200374883
3,"[9, 5, 4]",rainbow,4,3,2,0.9178364022867859
4,"[9, 5, 4]",rainbow,8,6,4,1.3855022413683233
5,"[9, 5, 4]",rainbow,10,7,5,1.7180627048547332
6,"[9, 5, 4]",rainbow,15,10,7,2.1290047009184634
7,"[9, 5, 4]",rainbow,16,11,8,2.1296878788191194
