,flop,board_type,0b,1b,2b,profit
0,"[9, 5, 3]",rainbow,1,1,1,0.6094805357263358
1,"[9, 5, 3]",rainbow,8,6,4,1.3920418556701035
2,"[9, 5, 3]",rainbow,10,7,5,1.7201766973570762
3,"[9, 5, 3]",rainbow,15,10,7,2.1301984033177135
