,flop,board_type,0b,1b,2b,profit
0,"[9, 4, 4]",rainbow,1,1,1,0.7233251976557453
1,"[9, 4, 4]",rainbow,8,6,4,1.4984308453530226
2,"[9, 4, 4]",rainbow,10,7,5,1.8348595812459627
3,"[9, 4, 4]",rainbow,15,10,7,2.2290532739824642
4,"[9, 4, 4]",rainbow,16,11,8,2.2298318426026764
