,flop,board_type,0b,1b,2b,profit
0,"[9, 3, 2]",rainbow,1,1,1,0.7201279363820949
1,"[9, 3, 2]",rainbow,8,6,4,1.4898224100876791
2,"[9, 3, 2]",rainbow,10,7,5,1.81690404411629
3,"[9, 3, 2]",rainbow,15,10,7,2.2006011929856943
4,"[9, 3, 2]",rainbow,16,11,8,2.2056092345177674
