,flop,board_type,0b,1b,2b,profit
0,"[8, 8, 7]",rainbow,1,1,1,1.5663695882499997
1,"[8, 8, 7]",rainbow,8,6,4,2.509525861
2,"[8, 8, 7]",rainbow,10,7,5,2.8329427240000005
3,"[8, 8, 7]",rainbow,15,10,7,3.0658921947500004
4,"[8, 8, 7]",rainbow,16,11,8,3.11043936
