,flop,board_type,0b,1b,2b,profit
0,"[8, 7, 5]",rainbow,1,1,1,1.5679648000000004
1,"[8, 7, 5]",rainbow,8,6,4,2.2726432872448985
2,"[8, 7, 5]",rainbow,10,7,5,2.681230632908164
3,"[8, 7, 5]",rainbow,15,10,7,2.897169954081633
4,"[8, 7, 5]",rainbow,16,11,8,2.9448853575255107
