,flop,board_type,0b,1b,2b,profit
0,"[8, 7, 2]",rainbow,1,1,1,1.5963040064102567
1,"[8, 7, 2]",rainbow,8,6,4,2.2982137884615392
2,"[8, 7, 2]",rainbow,10,7,5,2.546006576923078
3,"[8, 7, 2]",rainbow,15,10,7,2.895431120192309
4,"[8, 7, 2]",rainbow,16,11,8,2.9405074807692317
