,flop,board_type,0b,1b,2b,profit
0,"[8, 5, 3]",rainbow,1,1,1,1.3042683431472086
1,"[8, 5, 3]",rainbow,8,6,4,1.8037960213751736
2,"[8, 5, 3]",rainbow,10,7,5,2.0949993611813573
3,"[8, 5, 3]",rainbow,15,10,7,2.6214544538901707
4,"[8, 5, 3]",rainbow,16,11,8,2.6640748238301803
