,flop,board_type,0b,1b,2b,profit
0,"[8, 4, 2]",rainbow,1,1,1,1.360253124945455
1,"[8, 4, 2]",rainbow,2,2,2,1.3613615229090912
2,"[8, 4, 2]",rainbow,8,6,4,1.868276424436364
3,"[8, 4, 2]",rainbow,10,7,5,2.167095829381819
4,"[8, 4, 2]",rainbow,15,10,7,2.657252828945455
5,"[8, 4, 2]",rainbow,16,11,8,2.6983668256
