,flop,board_type,0b,1b,2b,profit
0,"[7, 6, 5]",rainbow,1,1,1,2.070756650777202
1,"[7, 6, 5]",rainbow,8,6,4,2.4944028841968917
2,"[7, 6, 5]",rainbow,10,7,5,3.082798705829016
3,"[7, 6, 5]",rainbow,15,10,7,3.318662694300518
4,"[7, 6, 5]",rainbow,16,11,8,3.4017904766839377
