,flop,board_type,0b,1b,2b,profit
0,"[7, 3, 2]",rainbow,1,1,1,1.8654384218545461
1,"[7, 3, 2]",rainbow,2,2,2,1.8670858629272735
2,"[7, 3, 2]",rainbow,8,6,4,2.328640145727273
3,"[7, 3, 2]",rainbow,10,7,5,2.5482243338090913
4,"[7, 3, 2]",rainbow,15,10,7,3.042388128727273
5,"[7, 3, 2]",rainbow,16,11,8,3.129532043436364
