,flop,board_type,0b,1b,2b,profit
0,"[6, 3, 3]",rainbow,1,1,1,2.438768947625509
1,"[6, 3, 3]",rainbow,8,6,4,2.8488715723564004
2,"[6, 3, 3]",rainbow,10,7,5,3.0393005720940756
3,"[6, 3, 3]",rainbow,15,10,7,3.571925250981457
4,"[6, 3, 3]",rainbow,16,11,8,3.6457812597376758
