,flop,board_type,0b,1b,2b,profit
0,"[5, 2, 2]",rainbow,1,1,1,2.608684621509048
1,"[5, 2, 2]",rainbow,2,2,2,2.61037992714237
2,"[5, 2, 2]",rainbow,8,6,4,2.978252169102083
3,"[5, 2, 2]",rainbow,10,7,5,3.147271265431889
4,"[5, 2, 2]",rainbow,15,10,7,3.6723444160122916
5,"[5, 2, 2]",rainbow,16,11,8,3.7409636919085014
