,flop,board_type,0b,1b,2b,profit
0,"[4, 4, 3]",rainbow,1,1,1,2.6031326293103456
1,"[4, 4, 3]",rainbow,8,6,4,2.9685752931034486
2,"[4, 4, 3]",rainbow,10,7,5,3.140027285021552
3,"[4, 4, 3]",rainbow,15,10,7,3.6750907968750006
4,"[4, 4, 3]",rainbow,16,11,8,3.743171047413794
