,flop,board_type,0b,1b,2b,profit
0,"[14, 14, 10]",rainbow,1,1,1,5.882294059126927
1,"[14, 14, 10]",rainbow,10,7,5,5.885555840376927
