,flop,board_type,0b,1b,2b,profit
0,"[14, 14, 9]",rainbow,1,1,1,6.074322242008217
1,"[14, 14, 9]",rainbow,2,2,2,6.074479833844952
2,"[14, 14, 9]",rainbow,10,7,5,6.074875246089849
