,flop,board_type,0b,1b,2b,profit
0,"[14, 14, 2]",rainbow,1,1,1,6.693747746567257
1,"[14, 14, 2]",rainbow,2,2,2,6.702898496567257
