,flop,board_type,0b,1b,2b,profit
0,"[14, 12, 11]",rainbow,1,1,1,9.254996950177139
1,"[14, 12, 11]",rainbow,16,11,8,9.257369430581551
