,flop,board_type,0b,1b,2b,profit
0,"[14, 12, 3]",rainbow,1,1,1,7.7813080667169725
1,"[14, 12, 3]",rainbow,15,10,7,7.78141411934855
