,flop,board_type,0b,1b,2b,profit
0,"[14, 11, 11]",rainbow,1,1,1,3.8068032499999997
1,"[14, 11, 11]",rainbow,2,2,2,3.8070888500000004
2,"[14, 11, 11]",rainbow,3,2,2,3.8138004
