,flop,board_type,0b,1b,2b,profit
0,"[14, 10, 5]",rainbow,1,1,1,5.212169684460887
1,"[14, 10, 5]",rainbow,10,7,5,5.220103803646934
2,"[14, 10, 5]",rainbow,15,10,7,5.225597361786469
