,flop,board_type,0b,1b,2b,profit
0,"[14, 10, 3]",rainbow,1,1,1,5.210252335623678
1,"[14, 10, 3]",rainbow,2,2,2,5.215365870507399
2,"[14, 10, 3]",rainbow,3,2,2,5.227299757135305
