,flop,board_type,0b,1b,2b,profit
0,"[14, 9, 7]",rainbow,1,1,1,3.82173069767442
1,"[14, 9, 7]",rainbow,8,6,4,3.829062892026579
