,flop,board_type,0b,1b,2b,profit
0,"[14, 7, 5]",rainbow,1,1,1,5.495176800000001
1,"[14, 7, 5]",rainbow,2,2,2,5.502982604651164
2,"[14, 7, 5]",rainbow,15,10,7,5.504594846511628
