,flop,board_type,0b,1b,2b,profit
0,"[14, 4, 4]",rainbow,1,1,1,6.549070591569768
1,"[14, 4, 4]",rainbow,16,11,8,6.553041335755814
