,flop,board_type,0b,1b,2b,profit
0,"[13, 13, 5]",rainbow,1,1,1,7.368974620797269
1,"[13, 13, 5]",rainbow,10,7,5,7.369472954130602
2,"[13, 13, 5]",rainbow,16,11,8,7.371463030383325
