,flop,board_type,0b,1b,2b,profit
0,"[13, 13, 2]",rainbow,1,1,1,7.367316766766768
1,"[13, 13, 2]",rainbow,8,6,4,7.3685186295118665
