,flop,board_type,0b,1b,2b,profit
0,"[13, 12, 8]",rainbow,1,1,1,6.934235146856158
1,"[13, 12, 8]",rainbow,2,2,2,6.940278030577088
