,flop,board_type,0b,1b,2b,profit
0,"[13, 12, 5]",rainbow,1,1,1,7.636749234497273
1,"[13, 12, 5]",rainbow,2,2,2,7.640890017105968
