,flop,board_type,0b,1b,2b,profit
0,"[13, 10, 8]",rainbow,1,1,1,5.010281825892858
1,"[13, 10, 8]",rainbow,16,11,8,5.01087988392857
