,flop,board_type,0b,1b,2b,profit
0,"[13, 9, 8]",rainbow,1,1,1,4.7371962546247355
1,"[13, 9, 8]",rainbow,10,7,5,4.737820836945032
