,flop,board_type,0b,1b,2b,profit
0,"[13, 4, 4]",rainbow,1,1,1,6.880191222943722
1,"[13, 4, 4]",rainbow,2,2,2,6.890717243351885
