,flop,board_type,0b,1b,2b,profit
0,"[13, 3, 3]",rainbow,1,1,1,6.874716028138527
1,"[13, 3, 3]",rainbow,3,2,2,6.8758601607915875
2,"[13, 3, 3]",rainbow,4,3,2,6.88524204854669
