,flop,board_type,0b,1b,2b,profit
0,"[12, 12, 8]",rainbow,1,1,1,3.647925520329413
1,"[12, 12, 8]",rainbow,10,7,5,3.6500832725647077
