,flop,board_type,0b,1b,2b,profit
0,"[12, 12, 7]",rainbow,1,1,1,3.74450920324706
1,"[12, 12, 7]",rainbow,2,2,2,3.752844943341178
2,"[12, 12, 7]",rainbow,3,2,2,3.75597510964706
