,flop,board_type,0b,1b,2b,profit
0,"[12, 12, 5]",rainbow,1,1,1,4.18471724528302
1,"[12, 12, 5]",rainbow,2,2,2,4.193919023307437
2,"[12, 12, 5]",rainbow,4,3,2,4.196627524972254
