,flop,board_type,0b,1b,2b,profit
0,"[12, 12, 2]",rainbow,1,1,1,4.190747225305218
1,"[12, 12, 2]",rainbow,10,7,5,4.195522741398447
