,flop,board_type,0b,1b,2b,profit
0,"[12, 6, 6]",rainbow,1,1,1,5.283788593933908
1,"[12, 6, 6]",rainbow,16,11,8,5.288942282390221
