,flop,board_type,0b,1b,2b,profit
0,"[12, 5, 5]",rainbow,1,1,1,5.2898336751471255
1,"[12, 5, 5]",rainbow,10,7,5,5.291953770937076
