,flop,board_type,0b,1b,2b,profit
0,"[12, 4, 4]",rainbow,1,1,1,5.28568689995473
1,"[12, 4, 4]",rainbow,15,10,7,5.287570040289724
2,"[12, 4, 4]",rainbow,16,11,8,5.291871018198279
