,flop,board_type,0b,1b,2b,profit
0,"[12, 4, 3]",rainbow,1,1,1,5.476891721502943
1,"[12, 4, 3]",rainbow,2,2,2,5.48449415799004
2,"[12, 4, 3]",rainbow,15,10,7,5.4849040516976
