,flop,board_type,0b,1b,2b,profit
0,"[11, 11, 4]",rainbow,1,1,1,4.130763638808512
1,"[11, 11, 4]",rainbow,2,2,2,4.132114474008512
2,"[11, 11, 4]",rainbow,10,7,5,4.133323284153192
3,"[11, 11, 4]",rainbow,15,10,7,4.1381060290723415
