,flop,board_type,0b,1b,2b,profit
0,"[11, 10, 5]",rainbow,1,1,1,6.388727432812499
1,"[11, 10, 5]",rainbow,8,6,4,6.3924659728124995
2,"[11, 10, 5]",rainbow,15,10,7,6.39665804625
