,flop,board_type,0b,1b,2b,profit
0,"[11, 10, 4]",rainbow,1,1,1,6.391521965625
1,"[11, 10, 4]",rainbow,10,7,5,6.39491669015625
