,flop,board_type,0b,1b,2b,profit
0,"[11, 9, 8]",rainbow,1,1,1,5.375198604464285
1,"[11, 9, 8]",rainbow,2,2,2,5.3826919379464275
2,"[11, 9, 8]",rainbow,16,11,8,5.388457176785714
