,flop,board_type,0b,1b,2b,profit
0,"[11, 7, 3]",rainbow,1,1,1,5.492857283917681
1,"[11, 7, 3]",rainbow,2,2,2,5.493859958460365
2,"[11, 7, 3]",rainbow,8,6,4,5.496187339939024
