,flop,board_type,0b,1b,2b,profit
0,"[11, 7, 2]",rainbow,1,1,1,5.504002886432926
1,"[11, 7, 2]",rainbow,2,2,2,5.505221859374999
