,flop,board_type,0b,1b,2b,profit
0,"[11, 4, 4]",rainbow,1,1,1,5.478669075000001
1,"[11, 4, 4]",rainbow,2,2,2,5.491489638068183
