,flop,board_type,0b,1b,2b,profit
0,"[11, 3, 2]",rainbow,1,1,1,5.6091298031250005
1,"[11, 3, 2]",rainbow,2,2,2,5.612102655681818
