,flop,board_type,0b,1b,2b,profit
0,"[10, 10, 9]",rainbow,1,1,1,4.358614946666669
1,"[10, 10, 9]",rainbow,2,2,2,4.361127923333336
2,"[10, 10, 9]",rainbow,10,7,5,4.362737736666668
3,"[10, 10, 9]",rainbow,16,11,8,4.364514756666669
