,flop,board_type,0b,1b,2b,profit
0,"[10, 10, 5]",rainbow,1,1,1,4.9099812951388895
1,"[10, 10, 5]",rainbow,3,2,2,4.91165473263889
