,flop,board_type,0b,1b,2b,profit
0,"[10, 9, 6]",rainbow,1,1,1,5.311431034883721
1,"[10, 9, 6]",rainbow,2,2,2,5.321487348837209
