,flop,board_type,0b,1b,2b,profit
0,"[9, 7, 7]",rainbow,1,1,1,5.524844100000001
1,"[9, 7, 7]",rainbow,2,2,2,5.53776659318182
2,"[9, 7, 7]",rainbow,3,2,2,5.540930959090911
3,"[9, 7, 7]",rainbow,4,3,2,5.545920559090911
