,flop,board_type,0b,1b,2b,profit
0,"[9, 6, 6]",rainbow,1,1,1,5.854362816349385
1,"[9, 6, 6]",rainbow,3,2,2,5.857022220604705
2,"[9, 6, 6]",rainbow,4,3,2,5.860117709966406
