,flop,board_type,0b,1b,2b,profit
0,"[9, 3, 3]",rainbow,1,1,1,5.8545093695408745
1,"[9, 3, 3]",rainbow,3,2,2,5.860707497200449
