,flop,board_type,0b,1b,2b,profit
0,"[8, 8, 2]",rainbow,1,1,1,6.125538434042554
1,"[8, 8, 2]",rainbow,2,2,2,6.128446934042554
2,"[8, 8, 2]",rainbow,15,10,7,6.137025523404256
