,flop,board_type,0b,1b,2b,profit
0,"[7, 5, 2]",rainbow,1,1,1,6.086435425531915
1,"[7, 5, 2]",rainbow,2,2,2,6.09108
2,"[7, 5, 2]",rainbow,8,6,4,6.092677653191489
