,flop,board_type,0b,1b,2b,profit
0,"[6, 4, 2]",rainbow,1,1,1,6.326525609999999
1,"[6, 4, 2]",rainbow,2,2,2,6.336831569999999
