,flop,board_type,0b,1b,2b,profit
0,"[5, 5, 5]",rainbow,1,1,1,6.691140840000003
1,"[5, 5, 5]",rainbow,2,2,2,6.693763740000003
