,flop,board_type,0b,1b,2b,profit
0,"[4, 4, 2]",rainbow,1,1,1,6.372372600000002
1,"[4, 4, 2]",rainbow,2,2,2,6.383870520000002
