,flop,board_type,0b,1b,2b,profit
0,"[4, 3, 3]",rainbow,1,1,1,6.3841712400000015
1,"[4, 3, 3]",rainbow,16,11,8,6.386432940000002
