,flop,board_type,0b,1b,2b,profit
0,"[3, 3, 2]",rainbow,1,1,1,6.380833920000002
1,"[3, 3, 2]",rainbow,10,7,5,6.3861733800000025
