,flop,board_type,0b,1b,2b,profit
0,"[14, 13, 12]",rainbow,1,1,1,7.837061142439056
1,"[14, 13, 12]",rainbow,2,2,2,7.92029789741278
2,"[14, 13, 12]",rainbow,8,6,4,8.0180692554958
3,"[14, 13, 12]",rainbow,10,7,5,8.073948114352941
