,flop,board_type,0b,1b,2b,profit
0,"[14, 13, 11]",rainbow,1,1,1,7.614595586427175
1,"[14, 13, 11]",rainbow,2,2,2,8.314854030373393
2,"[14, 13, 11]",rainbow,8,6,4,8.366975682352937
3,"[14, 13, 11]",rainbow,10,7,5,8.369312232352938
4,"[14, 13, 11]",rainbow,15,10,7,8.401672432352937
