,flop,board_type,0b,1b,2b,profit
0,"[14, 13, 6]",rainbow,1,1,1,8.861597419166667
1,"[14, 13, 6]",rainbow,8,6,4,8.863358774801586
2,"[14, 13, 6]",rainbow,10,7,5,8.86665350293651
