,flop,board_type,0b,1b,2b,profit
0,"[14, 12, 11]",rainbow,1,1,1,6.148378128197162
1,"[14, 12, 11]",rainbow,2,2,2,6.155304269236401
2,"[14, 12, 11]",rainbow,8,6,4,6.806928147557972
3,"[14, 12, 11]",rainbow,10,7,5,6.855870743104104
