,flop,board_type,0b,1b,2b,profit
0,"[14, 12, 7]",rainbow,1,1,1,9.031191386987786
1,"[14, 12, 7]",rainbow,2,2,2,9.035079163493894
2,"[14, 12, 7]",rainbow,3,2,2,9.04396095839552
