,flop,board_type,0b,1b,2b,profit
0,"[14, 12, 2]",rainbow,1,1,1,10.29858753002922
1,"[14, 12, 2]",rainbow,10,7,5,10.298950038730519
