,flop,board_type,0b,1b,2b,profit
0,"[14, 11, 4]",rainbow,1,1,1,10.798260503671084
1,"[14, 11, 4]",rainbow,2,2,2,10.807751826010097
2,"[14, 11, 4]",rainbow,15,10,7,10.916507322619946
3,"[14, 11, 4]",rainbow,16,11,8,10.920241036767674
