,flop,board_type,0b,1b,2b,profit
0,"[14, 10, 10]",rainbow,1,1,1,3.366362669316543
1,"[14, 10, 10]",rainbow,2,2,2,3.3773102500764853
2,"[14, 10, 10]",rainbow,3,2,2,3.389928391085008
3,"[14, 10, 10]",rainbow,15,10,7,3.39183701558785
