,flop,board_type,0b,1b,2b,profit
0,"[14, 10, 6]",rainbow,1,1,1,9.417862349335664
1,"[14, 10, 6]",rainbow,2,2,2,9.452936199195802
2,"[14, 10, 6]",rainbow,10,7,5,9.459880937482515
