,flop,board_type,0b,1b,2b,profit
0,"[14, 9, 6]",rainbow,1,1,1,3.015876371616034
1,"[14, 9, 6]",rainbow,2,2,2,3.020509782077992
