,flop,board_type,0b,1b,2b,profit
0,"[14, 9, 4]",rainbow,1,1,1,5.065195690345663
1,"[14, 9, 4]",rainbow,10,7,5,5.067418046205039
