,flop,board_type,0b,1b,2b,profit
0,"[14, 8, 2]",rainbow,1,1,1,5.563412369972777
1,"[14, 8, 2]",rainbow,2,2,2,5.569718755460791
2,"[14, 8, 2]",rainbow,3,2,2,5.572139350580656
3,"[14, 8, 2]",rainbow,10,7,5,5.57408468893682
