,flop,board_type,0b,1b,2b,profit
0,"[14, 7, 3]",rainbow,1,1,1,5.58702761997278
1,"[14, 7, 3]",rainbow,2,2,2,5.59183586659093
2,"[14, 7, 3]",rainbow,3,2,2,5.598251853491615
