,flop,board_type,0b,1b,2b,profit
0,"[14, 6, 6]",rainbow,1,1,1,5.049784434457322
1,"[14, 6, 6]",rainbow,8,6,4,5.05754277850698
