,flop,board_type,0b,1b,2b,profit
0,"[14, 6, 3]",rainbow,1,1,1,5.621250641676545
1,"[14, 6, 3]",rainbow,15,10,7,5.62241400815771
