,flop,board_type,0b,1b,2b,profit
0,"[14, 3, 2]",rainbow,1,1,1,7.274750076233555
1,"[14, 3, 2]",rainbow,10,7,5,7.285302947861842
