,flop,board_type,0b,1b,2b,profit
0,"[13, 13, 8]",rainbow,1,1,1,5.420829823663396
1,"[13, 13, 8]",rainbow,3,2,2,5.427844986954012
