,flop,board_type,0b,1b,2b,profit
0,"[13, 12, 11]",rainbow,1,1,1,5.282554122920658
1,"[13, 12, 11]",rainbow,2,2,2,5.434731305492474
2,"[13, 12, 11]",rainbow,3,2,2,5.477080413461015
