,flop,board_type,0b,1b,2b,profit
0,"[13, 12, 6]",rainbow,1,1,1,7.1717273655935845
1,"[13, 12, 6]",rainbow,2,2,2,7.173692148994755
