,flop,board_type,0b,1b,2b,profit
0,"[13, 11, 6]",rainbow,1,1,1,7.75441619615839
1,"[13, 11, 6]",rainbow,2,2,2,7.769394139698577
