,flop,board_type,0b,1b,2b,profit
0,"[13, 10, 6]",rainbow,1,1,1,6.231095746156672
1,"[13, 10, 6]",rainbow,2,2,2,6.2379325299802035
2,"[13, 10, 6]",rainbow,8,6,4,6.245506177602232
