,flop,board_type,0b,1b,2b,profit
0,"[13, 9, 8]",rainbow,1,1,1,5.190330131307189
1,"[13, 9, 8]",rainbow,2,2,2,5.202511946013072
2,"[13, 9, 8]",rainbow,8,6,4,5.265614557589867
3,"[13, 9, 8]",rainbow,10,7,5,5.274437530291691
