,flop,board_type,0b,1b,2b,profit
0,"[13, 9, 5]",rainbow,1,1,1,6.914031246039215
1,"[13, 9, 5]",rainbow,2,2,2,6.925746897019605
2,"[13, 9, 5]",rainbow,3,2,2,6.927917021019608
