,flop,board_type,0b,1b,2b,profit
0,"[13, 8, 4]",rainbow,1,1,1,6.267408287280701
1,"[13, 8, 4]",rainbow,8,6,4,6.272226831359648
