,flop,board_type,0b,1b,2b,profit
0,"[13, 8, 2]",rainbow,1,1,1,6.290809644633643
1,"[13, 8, 2]",rainbow,2,2,2,6.29365996626677
2,"[13, 8, 2]",rainbow,3,2,2,6.303080489873581
