,flop,board_type,0b,1b,2b,profit
0,"[13, 7, 5]",rainbow,1,1,1,6.191540473155314
1,"[13, 7, 5]",rainbow,2,2,2,6.207448591653767
