,flop,board_type,0b,1b,2b,profit
0,"[13, 6, 2]",rainbow,1,1,1,6.320338345175439
1,"[13, 6, 2]",rainbow,8,6,4,6.328358431669246
