,flop,board_type,0b,1b,2b,profit
0,"[13, 5, 3]",rainbow,1,1,1,7.456376483209233
1,"[13, 5, 3]",rainbow,2,2,2,7.46789392338049
