,flop,board_type,0b,1b,2b,profit
0,"[13, 5, 2]",rainbow,1,1,1,7.491259590059567
1,"[13, 5, 2]",rainbow,2,2,2,7.494578811020105
