,flop,board_type,0b,1b,2b,profit
0,"[13, 4, 3]",rainbow,1,1,1,7.469126683209232
1,"[13, 4, 3]",rainbow,2,2,2,7.477271862658227
