,flop,board_type,0b,1b,2b,profit
0,"[13, 4, 2]",rainbow,1,1,1,7.484418153685779
1,"[13, 4, 2]",rainbow,2,2,2,7.5024784253536865
2,"[13, 4, 2]",rainbow,3,2,2,7.503772215897244
