,flop,board_type,0b,1b,2b,profit
0,"[12, 11, 4]",rainbow,1,1,1,4.984219367140844
1,"[12, 11, 4]",rainbow,2,2,2,4.985891246014083
