,flop,board_type,0b,1b,2b,profit
0,"[12, 10, 5]",rainbow,1,1,1,4.152890064024937
1,"[12, 10, 5]",rainbow,8,6,4,4.163308797935384
