,flop,board_type,0b,1b,2b,profit
0,"[12, 10, 3]",rainbow,1,1,1,4.155448688577175
1,"[12, 10, 3]",rainbow,8,6,4,4.15987303592046
