,flop,board_type,0b,1b,2b,profit
0,"[12, 8, 3]",rainbow,1,1,1,4.55728063881377
1,"[12, 8, 3]",rainbow,2,2,2,4.576441465665621
2,"[12, 8, 3]",rainbow,10,7,5,4.826917592568915
