,flop,board_type,0b,1b,2b,profit
0,"[12, 8, 2]",rainbow,1,1,1,4.578572920706773
1,"[12, 8, 2]",rainbow,10,7,5,4.837295003885787
