,flop,board_type,0b,1b,2b,profit
0,"[12, 7, 7]",rainbow,1,1,1,2.166324424999999
1,"[12, 7, 7]",rainbow,8,6,4,2.5153814800154306
