,flop,board_type,0b,1b,2b,profit
0,"[12, 7, 6]",rainbow,1,1,1,2.843972922121827
1,"[12, 7, 6]",rainbow,10,7,5,3.091911606783661
