,flop,board_type,0b,1b,2b,profit
0,"[12, 7, 2]",rainbow,1,1,1,2.8177376999914263
1,"[12, 7, 2]",rainbow,2,2,2,2.818627981087104
2,"[12, 7, 2]",rainbow,3,2,2,2.8232777391117962
3,"[12, 7, 2]",rainbow,4,3,2,2.8283245733710545
4,"[12, 7, 2]",rainbow,10,7,5,3.142741804428154
