,flop,board_type,0b,1b,2b,profit
0,"[11, 11, 11]",rainbow,1,1,1,2.250541073789747
1,"[11, 11, 11]",rainbow,8,6,4,2.6668012301228057
