,flop,board_type,0b,1b,2b,profit
0,"[11, 11, 10]",rainbow,1,1,1,2.068384532949838
1,"[11, 11, 10]",rainbow,2,2,2,2.076365781844029
