,flop,board_type,0b,1b,2b,profit
0,"[11, 10, 6]",rainbow,1,1,1,3.9179013726678367
1,"[11, 10, 6]",rainbow,8,6,4,3.9255825527872394
