,flop,board_type,0b,1b,2b,profit
0,"[11, 9, 9]",rainbow,1,1,1,3.707424546296294
1,"[11, 9, 9]",rainbow,8,6,4,4.096767548026381
