,flop,board_type,0b,1b,2b,profit
0,"[11, 9, 6]",rainbow,1,1,1,4.446654601966611
1,"[11, 9, 6]",rainbow,2,2,2,4.456053866374541
2,"[11, 9, 6]",rainbow,10,7,5,4.653579909392279
