,flop,board_type,0b,1b,2b,profit
0,"[11, 8, 8]",rainbow,1,1,1,5.38281094693827
1,"[11, 8, 8]",rainbow,8,6,4,5.691902017614815
