,flop,board_type,0b,1b,2b,profit
0,"[11, 7, 6]",rainbow,1,1,1,6.034248826558372
1,"[11, 7, 6]",rainbow,8,6,4,6.034986786229152
2,"[11, 7, 6]",rainbow,10,7,5,6.196991763955491
