,flop,board_type,0b,1b,2b,profit
0,"[11, 6, 6]",rainbow,1,1,1,4.873414271818181
1,"[11, 6, 6]",rainbow,10,7,5,5.100405626632995
