,flop,board_type,0b,1b,2b,profit
0,"[11, 4, 3]",rainbow,1,1,1,6.874511806980055
1,"[11, 4, 3]",rainbow,10,7,5,7.146831809615383
