,flop,board_type,0b,1b,2b,profit
0,"[11, 2, 2]",rainbow,1,1,1,6.077485968091166
1,"[11, 2, 2]",rainbow,10,7,5,6.33846945534188
