,flop,board_type,0b,1b,2b,profit
0,"[10, 10, 7]",rainbow,1,1,1,0.08949169740740448
1,"[10, 10, 7]",rainbow,15,10,7,0.09051038962962865
