,flop,board_type,0b,1b,2b,profit
0,"[10, 10, 4]",rainbow,1,1,1,1.8299993663768084
1,"[10, 10, 4]",rainbow,10,7,5,1.8412131907867466
