,flop,board_type,0b,1b,2b,profit
0,"[10, 9, 3]",rainbow,1,1,1,4.6898748476190475
1,"[10, 9, 3]",rainbow,2,2,2,4.695014182857142
