,flop,board_type,0b,1b,2b,profit
0,"[10, 8, 2]",rainbow,1,1,1,6.44249884110618
1,"[10, 8, 2]",rainbow,2,2,2,6.444089841106178
2,"[10, 8, 2]",rainbow,3,2,2,6.451876922483333
