,flop,board_type,0b,1b,2b,profit
0,"[10, 6, 3]",rainbow,1,1,1,4.97105233420223
1,"[10, 6, 3]",rainbow,15,10,7,4.972590607754655
