,flop,board_type,0b,1b,2b,profit
0,"[10, 4, 3]",rainbow,1,1,1,6.164910112345676
1,"[10, 4, 3]",rainbow,16,11,8,6.1740049095679
