,flop,board_type,0b,1b,2b,profit
0,"[9, 9, 9]",rainbow,1,1,1,5.173672419315186
1,"[9, 9, 9]",rainbow,8,6,4,5.416591302289324
