,flop,board_type,0b,1b,2b,profit
0,"[9, 9, 8]",rainbow,1,1,1,5.759026980541871
1,"[9, 9, 8]",rainbow,8,6,4,5.857619749417822
