,flop,board_type,0b,1b,2b,profit
0,"[9, 9, 7]",rainbow,1,1,1,6.2392160390729945
1,"[9, 9, 7]",rainbow,8,6,4,6.319361714879085
