,flop,board_type,0b,1b,2b,profit
0,"[9, 8, 6]",rainbow,1,1,1,5.878782565339481
1,"[9, 8, 6]",rainbow,2,2,2,5.888976221763666
