,flop,board_type,0b,1b,2b,profit
0,"[9, 8, 3]",rainbow,1,1,1,7.665075147034483
1,"[9, 8, 3]",rainbow,2,2,2,7.680058524137931
2,"[9, 8, 3]",rainbow,3,2,2,7.688508425931033
3,"[9, 8, 3]",rainbow,8,6,4,7.692463720827585
