,flop,board_type,0b,1b,2b,profit
0,"[9, 7, 7]",rainbow,1,1,1,6.644677653788041
1,"[9, 7, 7]",rainbow,2,2,2,6.647874929259305
2,"[9, 7, 7]",rainbow,3,2,2,6.649261058132868
3,"[9, 7, 7]",rainbow,8,6,4,6.7337766971443624
