,flop,board_type,0b,1b,2b,profit
0,"[9, 6, 6]",rainbow,1,1,1,5.550016245632183
1,"[9, 6, 6]",rainbow,10,7,5,5.613918894597702
