,flop,board_type,0b,1b,2b,profit
0,"[9, 4, 3]",rainbow,1,1,1,7.214106305976588
1,"[9, 4, 3]",rainbow,2,2,2,7.22366689251505
2,"[9, 4, 3]",rainbow,3,2,2,7.225456019172875
3,"[9, 4, 3]",rainbow,8,6,4,7.226210777462
4,"[9, 4, 3]",rainbow,10,7,5,7.257638026633089
