,flop,board_type,0b,1b,2b,profit
0,"[8, 7, 2]",rainbow,1,1,1,8.026305460889292
1,"[8, 7, 2]",rainbow,2,2,2,8.033600742831215
2,"[8, 7, 2]",rainbow,3,2,2,8.043598025317605
