,flop,board_type,0b,1b,2b,profit
0,"[7, 7, 5]",rainbow,1,1,1,8.054270280743872
1,"[7, 7, 5]",rainbow,10,7,5,8.076884846282937
