,flop,board_type,0b,1b,2b,profit
0,"[7, 5, 2]",rainbow,1,1,1,8.871448908336971
1,"[7, 5, 2]",rainbow,8,6,4,8.875665034919248
