,flop,board_type,0b,1b,2b,profit
0,"[7, 4, 3]",rainbow,1,1,1,8.767932824530773
1,"[7, 4, 3]",rainbow,8,6,4,8.76894684417285
