,flop,board_type,0b,1b,2b,profit
0,"[6, 6, 4]",rainbow,1,1,1,8.34259112509821
1,"[6, 6, 4]",rainbow,8,6,4,8.344275463291138
