,flop,board_type,0b,1b,2b,profit
0,"[6, 4, 2]",rainbow,1,1,1,9.269513060114829
1,"[6, 4, 2]",rainbow,2,2,2,9.279719414021422
2,"[6, 4, 2]",rainbow,3,2,2,9.28275749031998
