,flop,board_type,0b,1b,2b,profit
0,"[5, 4, 2]",rainbow,1,1,1,10.346524127693511
1,"[5, 4, 2]",rainbow,2,2,2,10.346709221049274
