,flop,board_type,0b,1b,2b,profit
0,"[4, 3, 3]",rainbow,1,1,1,8.979709062947709
1,"[4, 3, 3]",rainbow,2,2,2,8.987051166816507
