,flop,board_type,0b,1b,2b,profit
0,"[14, 13, 11]",monotone,1,1,1,1.9057356646128334
1,"[14, 13, 11]",monotone,2,2,2,2.0356281393959583
2,"[14, 13, 11]",monotone,3,2,2,2.0924206103068927
3,"[14, 13, 11]",monotone,4,3,2,2.2227967538543605
4,"[14, 13, 11]",monotone,15,10,7,2.32551944363013
5,"[14, 13, 11]",monotone,16,11,8,2.582947698931666
