,flop,board_type,0b,1b,2b,profit
0,"[14, 11, 10]",monotone,1,1,1,2.75013909689884
1,"[14, 11, 10]",monotone,2,2,2,2.925870356496334
2,"[14, 11, 10]",monotone,3,2,2,3.0120123057316444
3,"[14, 11, 10]",monotone,4,3,2,3.28091237099565
4,"[14, 11, 10]",monotone,8,6,4,3.2826376779820867
5,"[14, 11, 10]",monotone,15,10,7,3.353566846798798
6,"[14, 11, 10]",monotone,16,11,8,3.466825819375153
