,flop,board_type,0b,1b,2b,profit
0,"[14, 11, 8]",monotone,1,1,1,1.1502510081198039
1,"[14, 11, 8]",monotone,2,2,2,1.323229301049975
2,"[14, 11, 8]",monotone,3,2,2,1.448132552515697
3,"[14, 11, 8]",monotone,4,3,2,1.5710543837858482
4,"[14, 11, 8]",monotone,8,6,4,1.6501388085843374
5,"[14, 11, 8]",monotone,15,10,7,1.7766532105718649
6,"[14, 11, 8]",monotone,16,11,8,2.049693832538605
