,flop,board_type,0b,1b,2b,profit
0,"[14, 10, 9]",monotone,1,1,1,1.209800939946019
1,"[14, 10, 9]",monotone,2,2,2,1.453501449392713
2,"[14, 10, 9]",monotone,3,2,2,1.6180186585020246
3,"[14, 10, 9]",monotone,4,3,2,1.7750613987854251
4,"[14, 10, 9]",monotone,10,7,5,1.7772970166666666
5,"[14, 10, 9]",monotone,15,10,7,1.9141365342105265
6,"[14, 10, 9]",monotone,16,11,8,2.176407213967612
