,flop,board_type,0b,1b,2b,profit
0,"[14, 10, 6]",monotone,1,1,1,1.043299667131243
1,"[14, 10, 6]",monotone,2,2,2,1.0448684178397214
2,"[14, 10, 6]",monotone,3,2,2,1.2712761440301974
3,"[14, 10, 6]",monotone,4,3,2,1.5845664796051104
4,"[14, 10, 6]",monotone,8,6,4,1.7231824277351915
5,"[14, 10, 6]",monotone,10,7,5,1.7237006825435541
6,"[14, 10, 6]",monotone,15,10,7,1.8516748276887338
7,"[14, 10, 6]",monotone,16,11,8,2.074106555516841
