,flop,board_type,0b,1b,2b,profit
0,"[14, 9, 2]",monotone,1,1,1,1.0241525643319116
1,"[14, 9, 2]",monotone,8,6,4,1.3530100682930666
2,"[14, 9, 2]",monotone,15,10,7,1.473288480056616
3,"[14, 9, 2]",monotone,16,11,8,2.0155270524877626
