,flop,board_type,0b,1b,2b,profit
0,"[14, 8, 7]",monotone,1,1,1,1.2078476244371363
1,"[14, 8, 7]",monotone,2,2,2,1.3259336117379208
2,"[14, 8, 7]",monotone,3,2,2,1.4722892729066532
3,"[14, 8, 7]",monotone,4,3,2,1.593653849304326
4,"[14, 8, 7]",monotone,10,7,5,1.5952277369845689
5,"[14, 8, 7]",monotone,15,10,7,1.8164506534277767
6,"[14, 8, 7]",monotone,16,11,8,2.1105379586137114
