,flop,board_type,0b,1b,2b,profit
0,"[14, 6, 4]",monotone,1,1,1,0.956785901319634
1,"[14, 6, 4]",monotone,2,2,2,1.0151274823480718
2,"[14, 6, 4]",monotone,3,2,2,1.054062571289443
3,"[14, 6, 4]",monotone,4,3,2,1.078219876709194
4,"[14, 6, 4]",monotone,8,6,4,1.0795565784865602
5,"[14, 6, 4]",monotone,15,10,7,1.270752559393261
6,"[14, 6, 4]",monotone,16,11,8,1.9620092461190106
