,flop,board_type,0b,1b,2b,profit
0,"[14, 4, 3]",monotone,1,1,1,0.9992855640796703
1,"[14, 4, 3]",monotone,2,2,2,1.1253862238618528
2,"[14, 4, 3]",monotone,3,2,2,1.176408208271193
3,"[14, 4, 3]",monotone,4,3,2,1.235221587598116
4,"[14, 4, 3]",monotone,15,10,7,1.361534297282182
5,"[14, 4, 3]",monotone,16,11,8,2.1258786431711147
