,flop,board_type,0b,1b,2b,profit
0,"[14, 4, 2]",monotone,1,1,1,0.9042181433463798
1,"[14, 4, 2]",monotone,8,6,4,1.0429883814823877
2,"[14, 4, 2]",monotone,15,10,7,1.1724577947651664
3,"[14, 4, 2]",monotone,16,11,8,1.9856412570939332
