,flop,board_type,0b,1b,2b,profit
0,"[13, 12, 11]",monotone,1,1,1,1.507125932374362
1,"[13, 12, 11]",monotone,2,2,2,1.62041958881969
2,"[13, 12, 11]",monotone,3,2,2,1.6895647445200237
3,"[13, 12, 11]",monotone,4,3,2,1.8138501461768746
4,"[13, 12, 11]",monotone,8,6,4,1.8152413703455044
5,"[13, 12, 11]",monotone,15,10,7,1.915606711270122
6,"[13, 12, 11]",monotone,16,11,8,2.149629823239105
