,flop,board_type,0b,1b,2b,profit
0,"[13, 11, 4]",monotone,1,1,1,0.8880401265306127
1,"[13, 11, 4]",monotone,2,2,2,0.9934216705727452
2,"[13, 11, 4]",monotone,3,2,2,1.0529560969058593
3,"[13, 11, 4]",monotone,4,3,2,1.1481192295369764
4,"[13, 11, 4]",monotone,8,6,4,1.1683261106649112
5,"[13, 11, 4]",monotone,15,10,7,1.209163772734255
6,"[13, 11, 4]",monotone,16,11,8,1.6137016557603687
