,flop,board_type,0b,1b,2b,profit
0,"[13, 11, 2]",monotone,1,1,1,0.872521374366986
1,"[13, 11, 2]",monotone,2,2,2,0.9789592223831983
2,"[13, 11, 2]",monotone,3,2,2,1.0359504484141486
3,"[13, 11, 2]",monotone,4,3,2,1.0703681906853355
4,"[13, 11, 2]",monotone,8,6,4,1.074080822960943
5,"[13, 11, 2]",monotone,16,11,8,1.5803747599675757
