,flop,board_type,0b,1b,2b,profit
0,"[13, 10, 8]",monotone,1,1,1,1.1849800598854996
1,"[13, 10, 8]",monotone,2,2,2,1.3955306734509343
2,"[13, 10, 8]",monotone,3,2,2,1.4722119089265047
3,"[13, 10, 8]",monotone,4,3,2,1.5114386437717013
4,"[13, 10, 8]",monotone,15,10,7,1.6197570076884922
5,"[13, 10, 8]",monotone,16,11,8,1.7919816822606647
