,flop,board_type,0b,1b,2b,profit
0,"[13, 8, 7]",monotone,1,1,1,1.1100690499600439
1,"[13, 8, 7]",monotone,2,2,2,1.2175139434619824
2,"[13, 8, 7]",monotone,3,2,2,1.3693818033563203
3,"[13, 8, 7]",monotone,4,3,2,1.4607546557699709
4,"[13, 8, 7]",monotone,8,6,4,1.5876423420398378
5,"[13, 8, 7]",monotone,15,10,7,1.6801671056175451
6,"[13, 8, 7]",monotone,16,11,8,1.7850568975049574
