,flop,board_type,0b,1b,2b,profit
0,"[13, 8, 6]",monotone,1,1,1,1.063096649122807
1,"[13, 8, 6]",monotone,2,2,2,1.1707602397953223
2,"[13, 8, 6]",monotone,3,2,2,1.2552574194152049
3,"[13, 8, 6]",monotone,4,3,2,1.296393648377193
4,"[13, 8, 6]",monotone,8,6,4,1.4222146143567254
5,"[13, 8, 6]",monotone,15,10,7,1.4917035729678367
6,"[13, 8, 6]",monotone,16,11,8,1.7177555047222224
