,flop,board_type,0b,1b,2b,profit
0,"[13, 7, 6]",monotone,1,1,1,0.9728071140552659
1,"[13, 7, 6]",monotone,2,2,2,1.0807515823712126
2,"[13, 7, 6]",monotone,3,2,2,1.152722846839653
3,"[13, 7, 6]",monotone,4,3,2,1.1933390958579968
4,"[13, 7, 6]",monotone,8,6,4,1.3208218102033644
5,"[13, 7, 6]",monotone,15,10,7,1.3962266910200432
6,"[13, 7, 6]",monotone,16,11,8,1.7133117311067807
