,flop,board_type,0b,1b,2b,profit
0,"[13, 6, 3]",monotone,1,1,1,0.8614949046145496
1,"[13, 6, 3]",monotone,2,2,2,0.9223952893865368
2,"[13, 6, 3]",monotone,3,2,2,0.9662632905808907
3,"[13, 6, 3]",monotone,4,3,2,1.0309600706568949
4,"[13, 6, 3]",monotone,8,6,4,1.1638045174267104
5,"[13, 6, 3]",monotone,15,10,7,1.180742271444083
6,"[13, 6, 3]",monotone,16,11,8,1.6628635180238875
