,flop,board_type,0b,1b,2b,profit
0,"[13, 6, 2]",monotone,1,1,1,0.8667537409455558
1,"[13, 6, 2]",monotone,2,2,2,0.8671212402885063
2,"[13, 6, 2]",monotone,3,2,2,0.9134362496547231
3,"[13, 6, 2]",monotone,4,3,2,1.0233676394043738
4,"[13, 6, 2]",monotone,8,6,4,1.1726630124169382
5,"[13, 6, 2]",monotone,10,7,5,1.1754138192405772
6,"[13, 6, 2]",monotone,16,11,8,1.6426847548106096
