,flop,board_type,0b,1b,2b,profit
0,"[13, 4, 3]",monotone,1,1,1,0.9054403712701617
1,"[13, 4, 3]",monotone,2,2,2,0.9583272604838714
2,"[13, 4, 3]",monotone,3,2,2,1.0486194875000003
3,"[13, 4, 3]",monotone,4,3,2,1.0840406405241936
4,"[13, 4, 3]",monotone,8,6,4,1.192154292641129
5,"[13, 4, 3]",monotone,10,7,5,1.1943368643145162
6,"[13, 4, 3]",monotone,15,10,7,1.2101058148185486
7,"[13, 4, 3]",monotone,16,11,8,1.7669860608870966
