,flop,board_type,0b,1b,2b,profit
0,"[13, 4, 2]",monotone,1,1,1,0.8957628006378713
1,"[13, 4, 2]",monotone,8,6,4,1.0636896714461457
2,"[13, 4, 2]",monotone,10,7,5,1.0639901314242757
3,"[13, 4, 2]",monotone,16,11,8,1.7164997519910699
