,flop,board_type,0b,1b,2b,profit
0,"[12, 11, 7]",monotone,1,1,1,1.0789395602262102
1,"[12, 11, 7]",monotone,2,2,2,1.2323690718822402
2,"[12, 11, 7]",monotone,3,2,2,1.3416992564021786
3,"[12, 11, 7]",monotone,4,3,2,1.4420873174769318
4,"[12, 11, 7]",monotone,8,6,4,1.533863869471769
5,"[12, 11, 7]",monotone,15,10,7,1.6651959270456484
6,"[12, 11, 7]",monotone,16,11,8,1.7904617276939965
