,flop,board_type,0b,1b,2b,profit
0,"[12, 11, 4]",monotone,1,1,1,0.9364502933041325
1,"[12, 11, 4]",monotone,2,2,2,1.0800306984345536
2,"[12, 11, 4]",monotone,3,2,2,1.181583657369579
3,"[12, 11, 4]",monotone,4,3,2,1.2850728927954123
4,"[12, 11, 4]",monotone,8,6,4,1.2988488304505819
5,"[12, 11, 4]",monotone,10,7,5,1.3007824280032214
6,"[12, 11, 4]",monotone,15,10,7,1.3788907572320868
7,"[12, 11, 4]",monotone,16,11,8,1.757221140964802
