,flop,board_type,0b,1b,2b,profit
0,"[12, 10, 7]",monotone,1,1,1,1.1598141369404356
1,"[12, 10, 7]",monotone,2,2,2,1.3566825174902155
2,"[12, 10, 7]",monotone,3,2,2,1.4634508809676698
3,"[12, 10, 7]",monotone,4,3,2,1.5170474719810016
4,"[12, 10, 7]",monotone,8,6,4,1.588913987402153
5,"[12, 10, 7]",monotone,10,7,5,1.5903629481409005
6,"[12, 10, 7]",monotone,15,10,7,1.7235379118762229
7,"[12, 10, 7]",monotone,16,11,8,1.843496117518754
