,flop,board_type,0b,1b,2b,profit
0,"[12, 9, 6]",monotone,1,1,1,1.1434863234664174
1,"[12, 9, 6]",monotone,2,2,2,1.3441161798144414
2,"[12, 9, 6]",monotone,3,2,2,1.5524359602986846
3,"[12, 9, 6]",monotone,4,3,2,1.6645676827010132
4,"[12, 9, 6]",monotone,8,6,4,1.7393726124984183
5,"[12, 9, 6]",monotone,15,10,7,1.8493282244029714
6,"[12, 9, 6]",monotone,16,11,8,1.9044340782927849
