,flop,board_type,0b,1b,2b,profit
0,"[12, 7, 3]",monotone,1,1,1,0.9452750023091135
1,"[12, 7, 3]",monotone,8,6,4,1.4185721880131363
2,"[12, 7, 3]",monotone,15,10,7,1.5735512097188016
3,"[12, 7, 3]",monotone,16,11,8,1.8680188181444994
