,flop,board_type,0b,1b,2b,profit
0,"[12, 6, 4]",monotone,1,1,1,0.9373398341741712
1,"[12, 6, 4]",monotone,2,2,2,0.9884832199652069
2,"[12, 6, 4]",monotone,3,2,2,1.0253485913170284
3,"[12, 6, 4]",monotone,4,3,2,1.1127056762996315
4,"[12, 6, 4]",monotone,8,6,4,1.2728934611338518
5,"[12, 6, 4]",monotone,10,7,5,1.275171079799427
6,"[12, 6, 4]",monotone,15,10,7,1.4504565094658208
7,"[12, 6, 4]",monotone,16,11,8,1.8364494477026199
