,flop,board_type,0b,1b,2b,profit
0,"[12, 5, 4]",monotone,1,1,1,0.9806882354350333
1,"[12, 5, 4]",monotone,2,2,2,1.0328360497600713
2,"[12, 5, 4]",monotone,3,2,2,1.1154491449243018
3,"[12, 5, 4]",monotone,4,3,2,1.2155423359967268
4,"[12, 5, 4]",monotone,8,6,4,1.3757840028233457
5,"[12, 5, 4]",monotone,15,10,7,1.5438725794926162
6,"[12, 5, 4]",monotone,16,11,8,1.9687902922925269
