,flop,board_type,0b,1b,2b,profit
0,"[12, 5, 3]",monotone,1,1,1,0.9533012891852535
1,"[12, 5, 3]",monotone,8,6,4,1.2274216501271888
2,"[12, 5, 3]",monotone,15,10,7,1.371638025392627
3,"[12, 5, 3]",monotone,16,11,8,1.8811289892654377
