,flop,board_type,0b,1b,2b,profit
0,"[12, 5, 2]",monotone,1,1,1,0.9494418399697584
1,"[12, 5, 2]",monotone,8,6,4,1.2305351172883066
2,"[12, 5, 2]",monotone,15,10,7,1.3526496139616937
3,"[12, 5, 2]",monotone,16,11,8,1.859756747983871
