,flop,board_type,0b,1b,2b,profit
0,"[11, 10, 9]",monotone,1,1,1,1.8235451524934359
1,"[11, 10, 9]",monotone,2,2,2,2.0443514424690195
2,"[11, 10, 9]",monotone,3,2,2,2.1443323719148264
3,"[11, 10, 9]",monotone,4,3,2,2.2971513790863094
4,"[11, 10, 9]",monotone,8,6,4,2.298258284323313
5,"[11, 10, 9]",monotone,15,10,7,2.365344673086827
6,"[11, 10, 9]",monotone,16,11,8,2.445229655870831
