,flop,board_type,0b,1b,2b,profit
0,"[11, 10, 2]",monotone,1,1,1,0.9474614813735018
1,"[11, 10, 2]",monotone,2,2,2,1.0430752692473813
2,"[11, 10, 2]",monotone,3,2,2,1.1641493749055176
3,"[11, 10, 2]",monotone,4,3,2,1.2429458819781882
4,"[11, 10, 2]",monotone,10,7,5,1.2442527595292086
5,"[11, 10, 2]",monotone,15,10,7,1.2712636155652735
6,"[11, 10, 2]",monotone,16,11,8,1.6464606879386676
