,flop,board_type,0b,1b,2b,profit
0,"[11, 9, 8]",monotone,1,1,1,1.5057925267065295
1,"[11, 9, 8]",monotone,2,2,2,1.7746469092870862
2,"[11, 9, 8]",monotone,3,2,2,1.8468442662360336
3,"[11, 9, 8]",monotone,4,3,2,1.9519081256983246
4,"[11, 9, 8]",monotone,10,7,5,1.9538625781873509
5,"[11, 9, 8]",monotone,15,10,7,2.016393223151936
6,"[11, 9, 8]",monotone,16,11,8,2.087830131515613
