,flop,board_type,0b,1b,2b,profit
0,"[11, 9, 6]",monotone,1,1,1,1.0741319894635735
1,"[11, 9, 6]",monotone,2,2,2,1.2862432591892023
2,"[11, 9, 6]",monotone,3,2,2,1.4265955566967143
3,"[11, 9, 6]",monotone,4,3,2,1.5135130966060784
4,"[11, 9, 6]",monotone,8,6,4,1.5919986343874686
5,"[11, 9, 6]",monotone,15,10,7,1.6957748558987242
6,"[11, 9, 6]",monotone,16,11,8,1.7547834163932814
