,flop,board_type,0b,1b,2b,profit
0,"[11, 8, 5]",monotone,1,1,1,1.0202541402543197
1,"[11, 8, 5]",monotone,2,2,2,1.1797382255969713
2,"[11, 8, 5]",monotone,3,2,2,1.2770962406270625
3,"[11, 8, 5]",monotone,4,3,2,1.3527591736924867
4,"[11, 8, 5]",monotone,8,6,4,1.3536666409765092
5,"[11, 8, 5]",monotone,10,7,5,1.3566713617472332
6,"[11, 8, 5]",monotone,15,10,7,1.5055819654591343
7,"[11, 8, 5]",monotone,16,11,8,1.65798899444768
