,flop,board_type,0b,1b,2b,profit
0,"[11, 5, 2]",monotone,1,1,1,0.8754689033926586
1,"[11, 5, 2]",monotone,8,6,4,1.114015221432147
2,"[11, 5, 2]",monotone,10,7,5,1.1146390980867633
3,"[11, 5, 2]",monotone,15,10,7,1.2290600826668523
4,"[11, 5, 2]",monotone,16,11,8,1.693677350444939
