,flop,board_type,0b,1b,2b,profit
0,"[10, 9, 7]",monotone,1,1,1,1.4633568131355934
1,"[10, 9, 7]",monotone,2,2,2,1.852315636168281
2,"[10, 9, 7]",monotone,3,2,2,1.9234419546156176
3,"[10, 9, 7]",monotone,4,3,2,2.025403036425545
4,"[10, 9, 7]",monotone,8,6,4,2.027593183701574
5,"[10, 9, 7]",monotone,10,7,5,2.0284908020127124
6,"[10, 9, 7]",monotone,15,10,7,2.082394946322639
7,"[10, 9, 7]",monotone,16,11,8,2.125204154040557
