,flop,board_type,0b,1b,2b,profit
0,"[10, 9, 2]",monotone,1,1,1,1.0719986110368214
1,"[10, 9, 2]",monotone,2,2,2,1.2739654064917993
2,"[10, 9, 2]",monotone,3,2,2,1.4352652449435208
3,"[10, 9, 2]",monotone,4,3,2,1.549091940667086
4,"[10, 9, 2]",monotone,15,10,7,1.5754199591119495
5,"[10, 9, 2]",monotone,16,11,8,1.8200457770177347
