,flop,board_type,0b,1b,2b,profit
0,"[10, 8, 5]",monotone,1,1,1,1.1285481998306026
1,"[10, 8, 5]",monotone,2,2,2,1.2873931334297148
2,"[10, 8, 5]",monotone,3,2,2,1.3818810410448124
3,"[10, 8, 5]",monotone,4,3,2,1.460621356927286
4,"[10, 8, 5]",monotone,8,6,4,1.4635919633799663
5,"[10, 8, 5]",monotone,10,7,5,1.5272309104091824
6,"[10, 8, 5]",monotone,15,10,7,1.6705569661107709
7,"[10, 8, 5]",monotone,16,11,8,1.763239472930479
