,flop,board_type,0b,1b,2b,profit
0,"[10, 7, 3]",monotone,1,1,1,0.9842652180081222
1,"[10, 7, 3]",monotone,2,2,2,1.0329712480216577
2,"[10, 7, 3]",monotone,3,2,2,1.2259499357038732
3,"[10, 7, 3]",monotone,4,3,2,1.4061950600531032
4,"[10, 7, 3]",monotone,8,6,4,1.4594964001457729
5,"[10, 7, 3]",monotone,10,7,5,1.5223342757444815
6,"[10, 7, 3]",monotone,15,10,7,1.6549501410349858
7,"[10, 7, 3]",monotone,16,11,8,1.8126003385828826
