,flop,board_type,0b,1b,2b,profit
0,"[10, 6, 5]",monotone,1,1,1,1.017564619336476
1,"[10, 6, 5]",monotone,2,2,2,1.0714235372939445
2,"[10, 6, 5]",monotone,3,2,2,1.1421147358209458
3,"[10, 6, 5]",monotone,4,3,2,1.300117772634334
4,"[10, 6, 5]",monotone,8,6,4,1.380299561747354
5,"[10, 6, 5]",monotone,10,7,5,1.4475412049916132
6,"[10, 6, 5]",monotone,15,10,7,1.6242117272687835
7,"[10, 6, 5]",monotone,16,11,8,1.8220285318887732
