,flop,board_type,0b,1b,2b,profit
0,"[10, 6, 2]",monotone,1,1,1,0.9558698249730314
1,"[10, 6, 2]",monotone,2,2,2,0.9559284856042854
2,"[10, 6, 2]",monotone,3,2,2,1.098066926449801
3,"[10, 6, 2]",monotone,4,3,2,1.3379345806643603
4,"[10, 6, 2]",monotone,8,6,4,1.4342038211509127
5,"[10, 6, 2]",monotone,10,7,5,1.4946193573912883
6,"[10, 6, 2]",monotone,15,10,7,1.607782197624893
7,"[10, 6, 2]",monotone,16,11,8,1.798892214457092
