,flop,board_type,0b,1b,2b,profit
0,"[9, 6, 2]",monotone,1,1,1,0.9666810982130032
1,"[9, 6, 2]",monotone,2,2,2,1.0144929893027124
2,"[9, 6, 2]",monotone,3,2,2,1.1339640108858657
3,"[9, 6, 2]",monotone,4,3,2,1.2672394630096084
4,"[9, 6, 2]",monotone,8,6,4,1.318956105004041
5,"[9, 6, 2]",monotone,10,7,5,1.4538191261516702
6,"[9, 6, 2]",monotone,15,10,7,1.7071558599227732
7,"[9, 6, 2]",monotone,16,11,8,1.8903365948522812
