,flop,board_type,0b,1b,2b,profit
0,"[9, 5, 4]",monotone,1,1,1,1.0491510006833096
1,"[9, 5, 4]",monotone,2,2,2,1.0992455606851315
2,"[9, 5, 4]",monotone,3,2,2,1.1760646024321246
3,"[9, 5, 4]",monotone,4,3,2,1.338624506125638
4,"[9, 5, 4]",monotone,8,6,4,1.4126927966836733
5,"[9, 5, 4]",monotone,10,7,5,1.5483786599471574
6,"[9, 5, 4]",monotone,15,10,7,1.8416972201949708
7,"[9, 5, 4]",monotone,16,11,8,2.0635501243299017
