,flop,board_type,0b,1b,2b,profit
0,"[9, 5, 2]",monotone,1,1,1,1.0048247319938592
1,"[9, 5, 2]",monotone,2,2,2,1.0082629091653428
2,"[9, 5, 2]",monotone,3,2,2,1.1184585940370062
3,"[9, 5, 2]",monotone,4,3,2,1.2930348198847263
4,"[9, 5, 2]",monotone,8,6,4,1.365655665579466
5,"[9, 5, 2]",monotone,10,7,5,1.4987215877597921
6,"[9, 5, 2]",monotone,15,10,7,1.7490959242003108
7,"[9, 5, 2]",monotone,16,11,8,1.9641163759271727
