,flop,board_type,0b,1b,2b,profit
0,"[8, 5, 3]",monotone,1,1,1,1.2012775244140628
1,"[8, 5, 3]",monotone,2,2,2,1.2493529046875003
2,"[8, 5, 3]",monotone,3,2,2,1.2865581042968752
3,"[8, 5, 3]",monotone,4,3,2,1.3487832326171876
4,"[8, 5, 3]",monotone,8,6,4,1.361472583398438
5,"[8, 5, 3]",monotone,10,7,5,1.4825442712890629
6,"[8, 5, 3]",monotone,15,10,7,1.7060863128906252
7,"[8, 5, 3]",monotone,16,11,8,2.0045585199218747
