,flop,board_type,0b,1b,2b,profit
0,"[7, 4, 2]",monotone,1,1,1,1.0883930953755727
1,"[7, 4, 2]",monotone,2,2,2,1.1391152191553096
2,"[7, 4, 2]",monotone,3,2,2,1.1753998382859099
3,"[7, 4, 2]",monotone,4,3,2,1.2403623791376233
4,"[7, 4, 2]",monotone,8,6,4,1.2550928010819808
5,"[7, 4, 2]",monotone,10,7,5,1.3421792951844052
6,"[7, 4, 2]",monotone,15,10,7,1.5543599809851405
7,"[7, 4, 2]",monotone,16,11,8,2.0330281253034403
