,flop,board_type,0b,1b,2b,profit
0,"[6, 5, 4]",monotone,1,1,1,1.2084103913260371
1,"[6, 5, 4]",monotone,2,2,2,1.329057450841146
2,"[6, 5, 4]",monotone,3,2,2,1.5161725167313482
3,"[6, 5, 4]",monotone,4,3,2,1.6287634258893302
4,"[6, 5, 4]",monotone,15,10,7,1.792588985997471
5,"[6, 5, 4]",monotone,16,11,8,2.224624093420835
