,flop,board_type,0b,1b,2b,profit
0,"[6, 4, 2]",monotone,1,1,1,1.130013206463456
1,"[6, 4, 2]",monotone,2,2,2,1.186365907175356
2,"[6, 4, 2]",monotone,3,2,2,1.2190640340576648
3,"[6, 4, 2]",monotone,4,3,2,1.2384835511838759
4,"[6, 4, 2]",monotone,8,6,4,1.2412876532739947
5,"[6, 4, 2]",monotone,10,7,5,1.3532950481630657
6,"[6, 4, 2]",monotone,15,10,7,1.5811599729991794
7,"[6, 4, 2]",monotone,16,11,8,2.1271666663268776
