,flop,board_type,0b,1b,2b,profit
0,"[14, 14, 5]",two-tone,1,1,1,1.3221699700212501
1,"[14, 14, 5]",two-tone,3,2,2,1.3232830226768235
2,"[14, 14, 5]",two-tone,4,3,2,1.3603492205341299
3,"[14, 14, 5]",two-tone,8,6,4,1.840877287718274
4,"[14, 14, 5]",two-tone,10,7,5,2.0002690369774485
5,"[14, 14, 5]",two-tone,15,10,7,2.394045022748807
6,"[14, 14, 5]",two-tone,16,11,8,2.9019362379180267
