,flop,board_type,0b,1b,2b,profit
0,"[14, 14, 2]",two-tone,1,1,1,1.48394775
1,"[14, 14, 2]",two-tone,2,2,2,1.4892637777777775
2,"[14, 14, 2]",two-tone,3,2,2,1.5194933333333331
3,"[14, 14, 2]",two-tone,4,3,2,1.5203137777777778
4,"[14, 14, 2]",two-tone,8,6,4,1.9873310000000002
5,"[14, 14, 2]",two-tone,10,7,5,2.1710778888888886
6,"[14, 14, 2]",two-tone,15,10,7,2.342271037037037
7,"[14, 14, 2]",two-tone,16,11,8,2.963871851851852
