,flop,board_type,0b,1b,2b,profit
0,"[14, 13, 13]",two-tone,1,1,1,1.9796348470496894
1,"[14, 13, 13]",two-tone,2,2,2,2.132112713768116
2,"[14, 13, 13]",two-tone,3,2,2,2.4135362360248447
3,"[14, 13, 13]",two-tone,4,3,2,2.462731211180124
4,"[14, 13, 13]",two-tone,8,6,4,2.8872203187543124
5,"[14, 13, 13]",two-tone,10,7,5,2.902386133195307
6,"[14, 13, 13]",two-tone,15,10,7,3.194317310559006
7,"[14, 13, 13]",two-tone,16,11,8,3.3809149275362316
