,flop,board_type,0b,1b,2b,profit
0,"[14, 13, 11]",two-tone,1,1,1,2.3893188413632735
1,"[14, 13, 11]",two-tone,2,2,2,2.4693159272232346
2,"[14, 13, 11]",two-tone,3,2,2,2.526086508478221
3,"[14, 13, 11]",two-tone,4,3,2,2.599560743444963
4,"[14, 13, 11]",two-tone,8,6,4,2.847906330679205
5,"[14, 13, 11]",two-tone,10,7,5,2.866331311188384
6,"[14, 13, 11]",two-tone,15,10,7,3.1935065033343712
7,"[14, 13, 11]",two-tone,16,11,8,3.2793428981342028
