,flop,board_type,0b,1b,2b,profit
0,"[14, 12, 5]",two-tone,1,1,1,1.3132268563627731
1,"[14, 12, 5]",two-tone,2,2,2,1.4913753321440228
2,"[14, 12, 5]",two-tone,3,2,2,1.797543279019023
3,"[14, 12, 5]",two-tone,4,3,2,1.9087161844877731
4,"[14, 12, 5]",two-tone,8,6,4,2.118884407144023
5,"[14, 12, 5]",two-tone,10,7,5,2.166101147769023
6,"[14, 12, 5]",two-tone,15,10,7,2.3558564344877726
7,"[14, 12, 5]",two-tone,16,11,8,2.552128309487773
