,flop,board_type,0b,1b,2b,profit
0,"[14, 12, 3]",two-tone,1,1,1,1.789428824742268
1,"[14, 12, 3]",two-tone,2,2,2,1.946678835051546
2,"[14, 12, 3]",two-tone,3,2,2,2.307132577319588
3,"[14, 12, 3]",two-tone,8,6,4,2.4964410103092782
4,"[14, 12, 3]",two-tone,10,7,5,2.549210309278351
5,"[14, 12, 3]",two-tone,15,10,7,2.624085412371134
6,"[14, 12, 3]",two-tone,16,11,8,2.896838556701031
