,flop,board_type,0b,1b,2b,profit
0,"[14, 11, 8]",two-tone,1,1,1,1.5442500155770622
1,"[14, 11, 8]",two-tone,2,2,2,1.7475589551167388
2,"[14, 11, 8]",two-tone,3,2,2,1.926093039280256
3,"[14, 11, 8]",two-tone,4,3,2,1.9775066785794666
4,"[14, 11, 8]",two-tone,8,6,4,2.2437399889539087
5,"[14, 11, 8]",two-tone,10,7,5,2.2589906528151245
6,"[14, 11, 8]",two-tone,15,10,7,2.490373005958374
7,"[14, 11, 8]",two-tone,16,11,8,2.5811768173633904
