,flop,board_type,0b,1b,2b,profit
0,"[14, 11, 7]",two-tone,1,1,1,1.5858620499231095
1,"[14, 11, 7]",two-tone,3,2,2,1.921739629660445
2,"[14, 11, 7]",two-tone,4,3,2,2.0503196966909747
3,"[14, 11, 7]",two-tone,8,6,4,2.291376580368273
4,"[14, 11, 7]",two-tone,10,7,5,2.3104384606343484
5,"[14, 11, 7]",two-tone,15,10,7,2.512189186201465
6,"[14, 11, 7]",two-tone,16,11,8,2.588841424304825
