,flop,board_type,0b,1b,2b,profit
0,"[14, 10, 3]",two-tone,1,1,1,1.3221468600352175
1,"[14, 10, 3]",two-tone,2,2,2,1.3221943556735996
2,"[14, 10, 3]",two-tone,3,2,2,1.668026809281847
3,"[14, 10, 3]",two-tone,4,3,2,1.7797484460780408
4,"[14, 10, 3]",two-tone,8,6,4,1.995041178829825
5,"[14, 10, 3]",two-tone,10,7,5,2.043576753770349
6,"[14, 10, 3]",two-tone,15,10,7,2.1694319607489367
7,"[14, 10, 3]",two-tone,16,11,8,2.4085058069027827
