,flop,board_type,0b,1b,2b,profit
0,"[14, 9, 5]",two-tone,1,1,1,1.168876162098199
1,"[14, 9, 5]",two-tone,2,2,2,1.168956075803603
2,"[14, 9, 5]",two-tone,3,2,2,1.245522047509714
3,"[14, 9, 5]",two-tone,4,3,2,1.4616497272341928
4,"[14, 9, 5]",two-tone,8,6,4,1.76304240936065
5,"[14, 9, 5]",two-tone,10,7,5,1.877598001412929
6,"[14, 9, 5]",two-tone,15,10,7,2.26131609339456
7,"[14, 9, 5]",two-tone,16,11,8,2.46895793910279
