,flop,board_type,0b,1b,2b,profit
0,"[14, 9, 4]",two-tone,1,1,1,1.5939417138211387
1,"[14, 9, 4]",two-tone,2,2,2,1.5968973260162604
2,"[14, 9, 4]",two-tone,8,6,4,2.1500015518699187
3,"[14, 9, 4]",two-tone,10,7,5,2.2840094323577236
4,"[14, 9, 4]",two-tone,15,10,7,2.5527193357723585
5,"[14, 9, 4]",two-tone,16,11,8,2.8012594552845536
