,flop,board_type,0b,1b,2b,profit
0,"[14, 7, 5]",two-tone,1,1,1,1.126806640943496
1,"[14, 7, 5]",two-tone,2,2,2,1.1638555885935573
2,"[14, 7, 5]",two-tone,3,2,2,1.1921064775919734
3,"[14, 7, 5]",two-tone,4,3,2,1.2049498019362785
4,"[14, 7, 5]",two-tone,8,6,4,1.5466623842985388
5,"[14, 7, 5]",two-tone,10,7,5,1.6721021824326703
6,"[14, 7, 5]",two-tone,15,10,7,2.13291842520683
7,"[14, 7, 5]",two-tone,16,11,8,2.4778420977292734
