,flop,board_type,0b,1b,2b,profit
0,"[14, 6, 6]",two-tone,1,1,1,1.5296076853713616
1,"[14, 6, 6]",two-tone,8,6,4,2.0977886426280627
2,"[14, 6, 6]",two-tone,10,7,5,2.247823626931371
3,"[14, 6, 6]",two-tone,15,10,7,2.6393004764846197
4,"[14, 6, 6]",two-tone,16,11,8,3.0093244436423108
