,flop,board_type,0b,1b,2b,profit
0,"[14, 6, 5]",two-tone,1,1,1,1.1032092879999997
1,"[14, 6, 5]",two-tone,2,2,2,1.1379193391578952
2,"[14, 6, 5]",two-tone,3,2,2,1.1935913460000003
3,"[14, 6, 5]",two-tone,4,3,2,1.222328069894737
4,"[14, 6, 5]",two-tone,8,6,4,1.5695888154736841
5,"[14, 6, 5]",two-tone,10,7,5,1.6976716137894736
6,"[14, 6, 5]",two-tone,15,10,7,2.1594112902105262
7,"[14, 6, 5]",two-tone,16,11,8,2.508866607578947
