,flop,board_type,0b,1b,2b,profit
0,"[13, 12, 6]",two-tone,1,1,1,0.47624949436954767
1,"[13, 12, 6]",two-tone,2,2,2,0.6936024034892943
2,"[13, 12, 6]",two-tone,3,2,2,0.7529102651863597
3,"[13, 12, 6]",two-tone,4,3,2,0.8561691746233147
4,"[13, 12, 6]",two-tone,8,6,4,1.1374865822363203
5,"[13, 12, 6]",two-tone,10,7,5,1.1554946580491674
6,"[13, 12, 6]",two-tone,15,10,7,1.3618622314036477
7,"[13, 12, 6]",two-tone,16,11,8,1.4433563010309278
