,flop,board_type,0b,1b,2b,profit
0,"[13, 11, 7]",two-tone,1,1,1,0.8446143866206899
1,"[13, 11, 7]",two-tone,2,2,2,1.0779300278620692
2,"[13, 11, 7]",two-tone,3,2,2,1.1630368929655175
3,"[13, 11, 7]",two-tone,4,3,2,1.2404925778275862
4,"[13, 11, 7]",two-tone,8,6,4,1.4830025902068966
5,"[13, 11, 7]",two-tone,10,7,5,1.488737132
6,"[13, 11, 7]",two-tone,15,10,7,1.7177309136551724
7,"[13, 11, 7]",two-tone,16,11,8,1.7556658106206895
