,flop,board_type,0b,1b,2b,profit
0,"[13, 11, 4]",two-tone,1,1,1,1.0991461390602755
1,"[13, 11, 4]",two-tone,2,2,2,1.2608520371143812
2,"[13, 11, 4]",two-tone,3,2,2,1.324523259990508
3,"[13, 11, 4]",two-tone,4,3,2,1.3712371886093973
4,"[13, 11, 4]",two-tone,8,6,4,1.5524496189843373
5,"[13, 11, 4]",two-tone,15,10,7,1.6549652578073097
6,"[13, 11, 4]",two-tone,16,11,8,1.8185895617465595
