,flop,board_type,0b,1b,2b,profit
0,"[13, 11, 2]",two-tone,1,1,1,1.120064054300355
1,"[13, 11, 2]",two-tone,2,2,2,1.2894428963973195
2,"[13, 11, 2]",two-tone,3,2,2,1.3486995860307454
3,"[13, 11, 2]",two-tone,4,3,2,1.3604564417658649
4,"[13, 11, 2]",two-tone,8,6,4,1.4894094108001574
5,"[13, 11, 2]",two-tone,15,10,7,1.5108218187307842
6,"[13, 11, 2]",two-tone,16,11,8,1.7261775978084353
