,flop,board_type,0b,1b,2b,profit
0,"[13, 10, 5]",two-tone,1,1,1,0.11233003389432475
1,"[13, 10, 5]",two-tone,2,2,2,0.3431283837573385
2,"[13, 10, 5]",two-tone,3,2,2,0.39687492878669256
3,"[13, 10, 5]",two-tone,4,3,2,0.47287238798434444
4,"[13, 10, 5]",two-tone,8,6,4,0.7061311738747555
5,"[13, 10, 5]",two-tone,10,7,5,0.7090327819765165
6,"[13, 10, 5]",two-tone,15,10,7,0.9139475679843442
7,"[13, 10, 5]",two-tone,16,11,8,1.0073887938943247
