,flop,board_type,0b,1b,2b,profit
0,"[13, 9, 5]",two-tone,1,1,1,0.4258306203687131
1,"[13, 9, 5]",two-tone,2,2,2,0.42901466073026684
2,"[13, 9, 5]",two-tone,3,2,2,0.8411544580275642
3,"[13, 9, 5]",two-tone,4,3,2,1.2814076424735994
4,"[13, 9, 5]",two-tone,8,6,4,1.4013601109718992
5,"[13, 9, 5]",two-tone,10,7,5,1.4015409913191337
6,"[13, 9, 5]",two-tone,15,10,7,1.5600269990155715
7,"[13, 9, 5]",two-tone,16,11,8,1.589174449436191
