,flop,board_type,0b,1b,2b,profit
0,"[13, 8, 8]",two-tone,1,1,1,1.0116451413953491
1,"[13, 8, 8]",two-tone,2,2,2,1.0137359627906977
2,"[13, 8, 8]",two-tone,3,2,2,1.0157670572757473
3,"[13, 8, 8]",two-tone,4,3,2,1.0661573975747511
4,"[13, 8, 8]",two-tone,8,6,4,1.702249400498339
5,"[13, 8, 8]",two-tone,10,7,5,1.7769662209302328
6,"[13, 8, 8]",two-tone,15,10,7,2.041006890365449
7,"[13, 8, 8]",two-tone,16,11,8,2.2615323671428578
