,flop,board_type,0b,1b,2b,profit
0,"[13, 8, 7]",two-tone,1,1,1,0.6213843518033084
1,"[13, 8, 7]",two-tone,2,2,2,0.7053939622163969
2,"[13, 8, 7]",two-tone,3,2,2,0.8760356999005696
3,"[13, 8, 7]",two-tone,4,3,2,1.0402116221639701
4,"[13, 8, 7]",two-tone,8,6,4,1.443512127994215
5,"[13, 8, 7]",two-tone,10,7,5,1.5039736545240892
6,"[13, 8, 7]",two-tone,15,10,7,1.7358350545060115
7,"[13, 8, 7]",two-tone,16,11,8,1.806560195245413
