,flop,board_type,0b,1b,2b,profit
0,"[13, 7, 7]",two-tone,1,1,1,0.9255647479999998
1,"[13, 7, 7]",two-tone,2,2,2,0.9281318900983604
2,"[13, 7, 7]",two-tone,3,2,2,0.9321185432786883
3,"[13, 7, 7]",two-tone,4,3,2,0.9887388047540983
4,"[13, 7, 7]",two-tone,8,6,4,1.6219926795081967
5,"[13, 7, 7]",two-tone,10,7,5,1.7152699897704917
6,"[13, 7, 7]",two-tone,15,10,7,1.935515880622951
7,"[13, 7, 7]",two-tone,16,11,8,2.189743453213115
