,flop,board_type,0b,1b,2b,profit
0,"[13, 7, 6]",two-tone,1,1,1,0.5175373900662252
1,"[13, 7, 6]",two-tone,2,2,2,0.6108568529622337
2,"[13, 7, 6]",two-tone,3,2,2,0.6622850468229821
3,"[13, 7, 6]",two-tone,4,3,2,0.7037197576337931
4,"[13, 7, 6]",two-tone,8,6,4,1.1937299775371402
5,"[13, 7, 6]",two-tone,10,7,5,1.335799001843566
6,"[13, 7, 6]",two-tone,15,10,7,1.5267134582602475
7,"[13, 7, 6]",two-tone,16,11,8,1.715256589618758
