,flop,board_type,0b,1b,2b,profit
0,"[13, 7, 4]",two-tone,1,1,1,0.8106808010491804
1,"[13, 7, 4]",two-tone,2,2,2,0.8533641414426234
2,"[13, 7, 4]",two-tone,3,2,2,0.8788746980983604
3,"[13, 7, 4]",two-tone,4,3,2,0.9273317477049183
4,"[13, 7, 4]",two-tone,8,6,4,1.3950574630163932
5,"[13, 7, 4]",two-tone,10,7,5,1.3950985966557377
6,"[13, 7, 4]",two-tone,15,10,7,1.574879418229508
7,"[13, 7, 4]",two-tone,16,11,8,1.8172829234098362
