,flop,board_type,0b,1b,2b,profit
0,"[13, 3, 3]",two-tone,1,1,1,0.9972047355947269
1,"[13, 3, 3]",two-tone,8,6,4,1.564240866686417
2,"[13, 3, 3]",two-tone,15,10,7,1.6575271802695895
3,"[13, 3, 3]",two-tone,16,11,8,2.0730481904902978
