,flop,board_type,0b,1b,2b,profit
0,"[13, 2, 2]",two-tone,1,1,1,0.9975857397718859
1,"[13, 2, 2]",two-tone,8,6,4,1.500681399614872
2,"[13, 2, 2]",two-tone,15,10,7,1.5609491457265592
3,"[13, 2, 2]",two-tone,16,11,8,1.9988268052732927
