,flop,board_type,0b,1b,2b,profit
0,"[12, 12, 11]",two-tone,1,1,1,1.133693134731935
1,"[12, 12, 11]",two-tone,2,2,2,1.3419531509136022
2,"[12, 12, 11]",two-tone,3,2,2,1.4249976455372584
3,"[12, 12, 11]",two-tone,4,3,2,1.4589587760433114
4,"[12, 12, 11]",two-tone,8,6,4,1.8288185661177532
5,"[12, 12, 11]",two-tone,10,7,5,1.8586280082863373
6,"[12, 12, 11]",two-tone,15,10,7,2.2254977888111886
7,"[12, 12, 11]",two-tone,16,11,8,2.4046762973456657
