,flop,board_type,0b,1b,2b,profit
0,"[12, 11, 9]",two-tone,1,1,1,1.3139577550919377
1,"[12, 11, 9]",two-tone,2,2,2,1.3159952797736914
2,"[12, 11, 9]",two-tone,3,2,2,1.4697910064356434
3,"[12, 11, 9]",two-tone,4,3,2,1.6369650404526166
4,"[12, 11, 9]",two-tone,8,6,4,1.8528342217114568
5,"[12, 11, 9]",two-tone,10,7,5,1.8788712192362094
6,"[12, 11, 9]",two-tone,15,10,7,2.1947593900990094
7,"[12, 11, 9]",two-tone,16,11,8,2.263828466478077
