,flop,board_type,0b,1b,2b,profit
0,"[12, 11, 3]",two-tone,1,1,1,1.0882969362931643
1,"[12, 11, 3]",two-tone,2,2,2,1.2905315923890066
2,"[12, 11, 3]",two-tone,3,2,2,1.3858911756166314
3,"[12, 11, 3]",two-tone,4,3,2,1.4386564583509514
4,"[12, 11, 3]",two-tone,8,6,4,1.559685038054968
5,"[12, 11, 3]",two-tone,10,7,5,1.5981383274136718
6,"[12, 11, 3]",two-tone,15,10,7,1.6822468330279539
7,"[12, 11, 3]",two-tone,16,11,8,1.8577421121916842
