,flop,board_type,0b,1b,2b,profit
0,"[12, 9, 6]",two-tone,1,1,1,0.5094559550441531
1,"[12, 9, 6]",two-tone,2,2,2,0.8280221546695208
2,"[12, 9, 6]",two-tone,3,2,2,1.093211410222103
3,"[12, 9, 6]",two-tone,4,3,2,1.3696851998929618
4,"[12, 9, 6]",two-tone,8,6,4,1.5440661022210327
5,"[12, 9, 6]",two-tone,10,7,5,1.5602937029702972
6,"[12, 9, 6]",two-tone,15,10,7,1.7682300508429223
7,"[12, 9, 6]",two-tone,16,11,8,1.801431854428686
