,flop,board_type,0b,1b,2b,profit
0,"[12, 9, 2]",two-tone,1,1,1,0.8544323957654723
1,"[12, 9, 2]",two-tone,2,2,2,1.0523942571661238
2,"[12, 9, 2]",two-tone,3,2,2,1.3481475405211725
3,"[12, 9, 2]",two-tone,4,3,2,1.5156991940390878
4,"[12, 9, 2]",two-tone,8,6,4,1.6171177607166123
5,"[12, 9, 2]",two-tone,10,7,5,1.6481963705537457
6,"[12, 9, 2]",two-tone,15,10,7,1.6988917779153092
7,"[12, 9, 2]",two-tone,16,11,8,1.8435144737459281
