,flop,board_type,0b,1b,2b,profit
0,"[12, 6, 6]",two-tone,1,1,1,0.8434693313311692
1,"[12, 6, 6]",two-tone,8,6,4,1.7035834025974022
2,"[12, 6, 6]",two-tone,10,7,5,1.7761781009740258
3,"[12, 6, 6]",two-tone,15,10,7,2.056124497727273
4,"[12, 6, 6]",two-tone,16,11,8,2.2387514292207795
