,flop,board_type,0b,1b,2b,profit
0,"[12, 6, 5]",two-tone,1,1,1,0.4773114092209858
1,"[12, 6, 5]",two-tone,2,2,2,0.5217515721780602
2,"[12, 6, 5]",two-tone,3,2,2,0.5713321775834657
3,"[12, 6, 5]",two-tone,4,3,2,0.7233451511923688
4,"[12, 6, 5]",two-tone,8,6,4,1.210730428510864
5,"[12, 6, 5]",two-tone,10,7,5,1.3280020142024376
6,"[12, 6, 5]",two-tone,15,10,7,1.6388265802331743
7,"[12, 6, 5]",two-tone,16,11,8,1.808837056279809
