,flop,board_type,0b,1b,2b,profit
0,"[12, 5, 2]",two-tone,1,1,1,0.7578848138387095
1,"[12, 5, 2]",two-tone,8,6,4,1.3109265642258061
2,"[12, 5, 2]",two-tone,10,7,5,1.4226606237741934
3,"[12, 5, 2]",two-tone,15,10,7,1.6159657131935485
4,"[12, 5, 2]",two-tone,16,11,8,1.8585869439354836
