,flop,board_type,0b,1b,2b,profit
0,"[11, 10, 8]",two-tone,1,1,1,1.2933737648544699
1,"[11, 10, 8]",two-tone,2,2,2,1.3408867266943862
2,"[11, 10, 8]",two-tone,3,2,2,1.4641999864345112
3,"[11, 10, 8]",two-tone,4,3,2,1.592692056122661
4,"[11, 10, 8]",two-tone,8,6,4,1.7712433236278582
5,"[11, 10, 8]",two-tone,10,7,5,1.7972234643762988
6,"[11, 10, 8]",two-tone,15,10,7,2.0700661797297295
7,"[11, 10, 8]",two-tone,16,11,8,2.1229228938877336
