,flop,board_type,0b,1b,2b,profit
0,"[11, 10, 6]",two-tone,1,1,1,0.3131065907849828
1,"[11, 10, 6]",two-tone,2,2,2,0.40324564197952234
2,"[11, 10, 6]",two-tone,3,2,2,0.53263499112628
3,"[11, 10, 6]",two-tone,4,3,2,0.6344844484641639
4,"[11, 10, 6]",two-tone,8,6,4,0.8794623453924914
5,"[11, 10, 6]",two-tone,10,7,5,0.8874491672354947
6,"[11, 10, 6]",two-tone,15,10,7,1.126932488737201
7,"[11, 10, 6]",two-tone,16,11,8,1.1592290679180888
