,flop,board_type,0b,1b,2b,profit
0,"[11, 9, 7]",two-tone,1,1,1,1.1520335531281032
1,"[11, 9, 7]",two-tone,2,2,2,1.5729649206554117
2,"[11, 9, 7]",two-tone,3,2,2,1.6528740917576956
3,"[11, 9, 7]",two-tone,4,3,2,1.6949701159880828
4,"[11, 9, 7]",two-tone,8,6,4,1.8570347936444884
5,"[11, 9, 7]",two-tone,10,7,5,1.8654657564051638
6,"[11, 9, 7]",two-tone,15,10,7,2.0728162287984113
7,"[11, 9, 7]",two-tone,16,11,8,2.1070967620655408
