,flop,board_type,0b,1b,2b,profit
0,"[11, 8, 6]",two-tone,1,1,1,0.8733623650400835
1,"[11, 8, 6]",two-tone,2,2,2,0.9900166760543745
2,"[11, 8, 6]",two-tone,3,2,2,1.1686445816660853
3,"[11, 8, 6]",two-tone,4,3,2,1.2737069197629838
4,"[11, 8, 6]",two-tone,8,6,4,1.451028712059951
5,"[11, 8, 6]",two-tone,10,7,5,1.4975756278145693
6,"[11, 8, 6]",two-tone,15,10,7,1.7294986813872428
7,"[11, 8, 6]",two-tone,16,11,8,1.7968641445102822
