,flop,board_type,0b,1b,2b,profit
0,"[10, 10, 5]",two-tone,1,1,1,0.06391520648648652
1,"[10, 10, 5]",two-tone,2,2,2,0.0657336572972973
2,"[10, 10, 5]",two-tone,8,6,4,0.6722363258328098
3,"[10, 10, 5]",two-tone,10,7,5,0.889231736543055
4,"[10, 10, 5]",two-tone,15,10,7,1.3541938952105594
5,"[10, 10, 5]",two-tone,16,11,8,1.5215899120553116
