,flop,board_type,0b,1b,2b,profit
0,"[10, 8, 3]",two-tone,1,1,1,0.31045259934640534
1,"[10, 8, 3]",two-tone,2,2,2,0.41485144640522875
2,"[10, 8, 3]",two-tone,3,2,2,0.565925091503268
3,"[10, 8, 3]",two-tone,4,3,2,0.8150330156862743
4,"[10, 8, 3]",two-tone,8,6,4,0.8921719339869276
5,"[10, 8, 3]",two-tone,10,7,5,1.063416725490196
6,"[10, 8, 3]",two-tone,15,10,7,1.3236499379084963
7,"[10, 8, 3]",two-tone,16,11,8,1.4067014692810456
