,flop,board_type,0b,1b,2b,profit
0,"[10, 7, 7]",two-tone,1,1,1,0.3780252143790853
1,"[10, 7, 7]",two-tone,2,2,2,0.42782073202614374
2,"[10, 7, 7]",two-tone,3,2,2,0.5038201267973856
3,"[10, 7, 7]",two-tone,4,3,2,0.7147714366013072
4,"[10, 7, 7]",two-tone,8,6,4,1.188381471895425
5,"[10, 7, 7]",two-tone,10,7,5,1.3840970300653594
6,"[10, 7, 7]",two-tone,15,10,7,1.790785894117647
7,"[10, 7, 7]",two-tone,16,11,8,1.8983127725490196
