,flop,board_type,0b,1b,2b,profit
0,"[10, 6, 6]",two-tone,1,1,1,0.26014945454545474
1,"[10, 6, 6]",two-tone,2,2,2,0.26050476623376645
2,"[10, 6, 6]",two-tone,3,2,2,0.3371446012987012
3,"[10, 6, 6]",two-tone,4,3,2,0.6054378727272728
4,"[10, 6, 6]",two-tone,8,6,4,1.117045194805195
5,"[10, 6, 6]",two-tone,10,7,5,1.319032051948052
6,"[10, 6, 6]",two-tone,15,10,7,1.6768800597402598
7,"[10, 6, 6]",two-tone,16,11,8,1.7791641090909094
