,flop,board_type,0b,1b,2b,profit
0,"[10, 4, 3]",two-tone,1,1,1,0.44297883032544355
1,"[10, 4, 3]",two-tone,2,2,2,0.4848408733727809
2,"[10, 4, 3]",two-tone,3,2,2,0.5446245082840235
3,"[10, 4, 3]",two-tone,4,3,2,0.7596783017751481
4,"[10, 4, 3]",two-tone,8,6,4,1.0358157241124262
5,"[10, 4, 3]",two-tone,10,7,5,1.24602770443787
6,"[10, 4, 3]",two-tone,15,10,7,1.489778304881657
7,"[10, 4, 3]",two-tone,16,11,8,1.665498002366864
