,flop,board_type,0b,1b,2b,profit
0,"[9, 7, 5]",two-tone,1,1,1,0.6986850463414628
1,"[9, 7, 5]",two-tone,2,2,2,0.8040992572299651
2,"[9, 7, 5]",two-tone,3,2,2,0.9336226378048778
3,"[9, 7, 5]",two-tone,4,3,2,1.23604051315331
4,"[9, 7, 5]",two-tone,8,6,4,1.358014345121951
5,"[9, 7, 5]",two-tone,10,7,5,1.7019860114982577
6,"[9, 7, 5]",two-tone,15,10,7,2.3577817033101036
7,"[9, 7, 5]",two-tone,16,11,8,2.358549047909407
