,flop,board_type,0b,1b,2b,profit
0,"[9, 7, 4]",two-tone,1,1,1,0.566618472591857
1,"[9, 7, 4]",two-tone,2,2,2,0.7033211096325721
2,"[9, 7, 4]",two-tone,3,2,2,0.8305667012909632
3,"[9, 7, 4]",two-tone,4,3,2,0.9989684141012909
4,"[9, 7, 4]",two-tone,8,6,4,1.1429556157894738
5,"[9, 7, 4]",two-tone,10,7,5,1.3684129049652434
6,"[9, 7, 4]",two-tone,15,10,7,2.0325635907646475
7,"[9, 7, 4]",two-tone,16,11,8,2.0735741750744783
