,flop,board_type,0b,1b,2b,profit
0,"[9, 6, 5]",two-tone,1,1,1,0.6470686395267305
1,"[9, 6, 5]",two-tone,8,6,4,1.3234898520595966
2,"[9, 6, 5]",two-tone,10,7,5,1.6392684716914983
3,"[9, 6, 5]",two-tone,15,10,7,2.228102094653812
4,"[9, 6, 5]",two-tone,16,11,8,2.3315697953549512
