,flop,board_type,0b,1b,2b,profit
0,"[9, 5, 3]",two-tone,1,1,1,0.5500041160846041
1,"[9, 5, 3]",two-tone,2,2,2,0.5935259070339401
2,"[9, 5, 3]",two-tone,3,2,2,0.6357435081160847
3,"[9, 5, 3]",two-tone,4,3,2,0.8323027968519429
4,"[9, 5, 3]",two-tone,8,6,4,1.1305570791933102
5,"[9, 5, 3]",two-tone,10,7,5,1.3247032021642893
6,"[9, 5, 3]",two-tone,15,10,7,1.9206890368912934
7,"[9, 5, 3]",two-tone,16,11,8,2.0620907230693555
