,flop,board_type,0b,1b,2b,profit
0,"[9, 3, 2]",two-tone,1,1,1,0.8000559598915994
1,"[9, 3, 2]",two-tone,2,2,2,0.8377668808491423
2,"[9, 3, 2]",two-tone,3,2,2,0.8601296812104788
3,"[9, 3, 2]",two-tone,4,3,2,1.0460051758807591
4,"[9, 3, 2]",two-tone,8,6,4,1.367834362872629
5,"[9, 3, 2]",two-tone,10,7,5,1.6220104788617888
6,"[9, 3, 2]",two-tone,15,10,7,2.047379601897019
7,"[9, 3, 2]",two-tone,16,11,8,2.21341796865402
