,flop,board_type,0b,1b,2b,profit
0,"[8, 8, 5]",two-tone,1,1,1,0.4573068883719801
1,"[8, 8, 5]",two-tone,2,2,2,0.5159977698786178
2,"[8, 8, 5]",two-tone,3,2,2,0.5265378723997012
3,"[8, 8, 5]",two-tone,4,3,2,0.5857838371654672
4,"[8, 8, 5]",two-tone,8,6,4,0.8032440937488831
5,"[8, 8, 5]",two-tone,10,7,5,1.2532185340691573
6,"[8, 8, 5]",two-tone,15,10,7,1.877444054358883
7,"[8, 8, 5]",two-tone,16,11,8,2.1183576245559874
