,flop,board_type,0b,1b,2b,profit
0,"[8, 8, 4]",two-tone,1,1,1,0.7181774133372383
1,"[8, 8, 4]",two-tone,8,6,4,1.1762721305024475
2,"[8, 8, 4]",two-tone,10,7,5,1.4215332765761624
3,"[8, 8, 4]",two-tone,15,10,7,2.0691511205288045
4,"[8, 8, 4]",two-tone,16,11,8,2.300946599171652
