,flop,board_type,0b,1b,2b,profit
0,"[8, 3, 2]",two-tone,1,1,1,0.6469996393566413
1,"[8, 3, 2]",two-tone,2,2,2,0.6943289192781092
2,"[8, 3, 2]",two-tone,3,2,2,0.7148750772483579
3,"[8, 3, 2]",two-tone,4,3,2,0.7860252266102851
4,"[8, 3, 2]",two-tone,8,6,4,1.0752721297289134
5,"[8, 3, 2]",two-tone,10,7,5,1.2378062892093937
6,"[8, 3, 2]",two-tone,15,10,7,1.8646543577739185
7,"[8, 3, 2]",two-tone,16,11,8,2.1050254326059052
