,flop,board_type,0b,1b,2b,profit
0,"[7, 5, 3]",two-tone,1,1,1,0.6395255184770436
1,"[7, 5, 3]",two-tone,2,2,2,0.6991298678611417
2,"[7, 5, 3]",two-tone,3,2,2,0.7181218024316105
3,"[7, 5, 3]",two-tone,4,3,2,0.8319049740841463
4,"[7, 5, 3]",two-tone,8,6,4,0.941511734922412
5,"[7, 5, 3]",two-tone,10,7,5,1.0522805587905932
6,"[7, 5, 3]",two-tone,15,10,7,2.0883246456566944
7,"[7, 5, 3]",two-tone,16,11,8,2.3605533053911367
