,flop,board_type,0b,1b,2b,profit
0,"[7, 3, 2]",two-tone,1,1,1,0.5000023191294558
1,"[7, 3, 2]",two-tone,2,2,2,0.5597799770056284
2,"[7, 3, 2]",two-tone,3,2,2,0.5690390341763603
3,"[7, 3, 2]",two-tone,4,3,2,0.6462113149718572
4,"[7, 3, 2]",two-tone,8,6,4,0.8857412400750465
5,"[7, 3, 2]",two-tone,10,7,5,0.9643807607354596
6,"[7, 3, 2]",two-tone,15,10,7,1.7526078348367728
7,"[7, 3, 2]",two-tone,16,11,8,2.080209583189493
