,flop,board_type,0b,1b,2b,profit
0,"[6, 4, 4]",two-tone,1,1,1,0.25074657641530573
1,"[6, 4, 4]",two-tone,2,2,2,0.3167399022152607
2,"[6, 4, 4]",two-tone,3,2,2,0.3282773665249499
3,"[6, 4, 4]",two-tone,4,3,2,0.3855264875811145
4,"[6, 4, 4]",two-tone,8,6,4,0.5095751615573955
5,"[6, 4, 4]",two-tone,10,7,5,0.8160639865741781
6,"[6, 4, 4]",two-tone,15,10,7,1.7407275934213473
7,"[6, 4, 4]",two-tone,16,11,8,2.0788782879838896
