,flop,board_type,0b,1b,2b,profit
0,"[3, 3, 2]",two-tone,1,1,1,0.6416579234117239
1,"[3, 3, 2]",two-tone,2,2,2,0.7151126730080732
2,"[3, 3, 2]",two-tone,3,2,2,0.7186505348367853
3,"[3, 3, 2]",two-tone,4,3,2,0.791551433134434
4,"[3, 3, 2]",two-tone,8,6,4,0.8564759810810818
5,"[3, 3, 2]",two-tone,10,7,5,1.015836067637768
6,"[3, 3, 2]",two-tone,15,10,7,2.1429048569761324
7,"[3, 3, 2]",two-tone,16,11,8,2.5004257596963853
