,flop,board_type,0b,1b,2b,profit
0,"[10, 9, 3]",two-tone,0,0,0,0.6703014899653249
1,"[10, 9, 3]",two-tone,1,1,1,1.2832866638646623
2,"[10, 9, 3]",two-tone,1,2,2,1.2835652265062987
3,"[10, 9, 3]",two-tone,1,2,1,1.287417644660279
