,flop,board_type,0b,1b,2b,profit
0,"[6, 5, 5]",two-tone,0,0,0,-0.025366640478863056
1,"[6, 5, 5]",two-tone,1,1,1,0.7045671909839133
