,flop,board_type,0b,1b,2b,profit
0,"[10, 5, 4]",two-tone,0,0,0,0.7139163096682846
1,"[10, 5, 4]",two-tone,1,1,1,1.3756418311084142
