,flop,board_type,0b,1b,2b,profit
0,"[10, 7, 3]",two-tone,0,0,0,0.6879547464440317
1,"[10, 7, 3]",two-tone,1,1,1,1.2610002401566687
