,flop,board_type,0b,1b,2b,profit
0,"[9, 7, 7]",two-tone,0,0,0,-0.09106479001825943
1,"[9, 7, 7]",two-tone,1,1,1,0.24145723508825323
2,"[9, 7, 7]",two-tone,16,11,8,0.8762340866011654
3,"[9, 7, 7]",two-tone,16,10,7,0.899089216589862
4,"[9, 7, 7]",two-tone,16,10,6,0.9808570011303368
