,flop,board_type,0b,1b,2b,profit
0,"[4, 4, 3]",two-tone,0,0,0,-0.3078281164942842
1,"[4, 4, 3]",two-tone,1,1,1,0.13461898290896746
