,flop,board_type,0b,1b,2b,profit
0,"[9, 8, 4]",two-tone,0,0,0,-0.28451391346573573
1,"[9, 8, 4]",two-tone,1,1,1,0.17214275949367042
