,flop,board_type,0b,1b,2b,profit
0,"[8, 8, 6]",two-tone,0,0,0,-0.10137434769353143
1,"[8, 8, 6]",two-tone,1,1,1,0.2645362442470839
2,"[8, 8, 6]",two-tone,16,11,8,0.35401729510606406
