,flop,board_type,0b,1b,2b,profit
0,"[5, 4, 4]",two-tone,0,0,0,-0.174479480703693
1,"[5, 4, 4]",two-tone,1,1,1,0.525056232529375
