,flop,board_type,0b,1b,2b,profit
0,"[11, 6, 2]",two-tone,0,0,0,0.5234447151122877
1,"[11, 6, 2]",two-tone,1,1,1,1.0988903716779448
