,flop,board_type,0b,1b,2b,profit
0,"[3, 3, 2]",two-tone,0,0,0,-0.521635744588745
1,"[3, 3, 2]",two-tone,1,1,1,-0.09496031529581572
