,flop,board_type,0b,1b,2b,profit
0,"[10, 8, 8]",two-tone,0,0,0,0.23466187328896776
1,"[10, 8, 8]",two-tone,1,1,1,0.6239840136341503
2,"[10, 8, 8]",two-tone,16,11,8,0.966297622595194
3,"[10, 8, 8]",two-tone,16,10,7,0.9927109939981289
4,"[10, 8, 8]",two-tone,16,10,6,1.0336944363475213
