,flop,board_type,0b,1b,2b,profit
0,"[6, 4, 4]",two-tone,0,0,0,-0.11999241747752748
1,"[6, 4, 4]",two-tone,1,1,1,0.5440571382633675
