,flop,board_type,0b,1b,2b,profit
0,"[10, 10, 4]",two-tone,0,0,0,0.5255012137425713
1,"[10, 10, 4]",two-tone,1,1,1,0.7988877183542155
2,"[10, 10, 4]",two-tone,1,0,0,0.8655981458185834
