,flop,board_type,0b,1b,2b,profit
0,"[6, 2, 2]",two-tone,0,0,0,-0.5084612677535231
1,"[6, 2, 2]",two-tone,1,1,1,-0.08187653428162953
