,flop,board_type,0b,1b,2b,profit
0,"[9, 2, 2]",two-tone,0,0,0,-0.3150112719801225
1,"[9, 2, 2]",two-tone,1,1,1,0.1603298165137614
2,"[9, 2, 2]",two-tone,1,0,0,0.1727527272075688
