,flop,board_type,0b,1b,2b,profit
0,"[14, 14, 2]",two-tone,0,0,0,0.539236120500783
1,"[14, 14, 2]",two-tone,1,1,1,0.8773982113016728
2,"[14, 14, 2]",two-tone,1,0,0,0.9790729420948978
