,flop,board_type,0b,1b,2b,profit
0,"[11, 8, 6]",two-tone,0,0,0,0.765366300641227
1,"[11, 8, 6]",two-tone,1,1,1,1.3300359008724894
