,flop,board_type,0b,1b,2b,profit
0,"[13, 12, 10]",two-tone,0,0,0,2.5525369323625204
1,"[13, 12, 10]",two-tone,1,1,1,3.1681508388580175
