,flop,board_type,0b,1b,2b,profit
0,"[14, 10, 2]",two-tone,0,0,0,0.782532762886598
1,"[14, 10, 2]",two-tone,1,1,1,1.502637132646048
