,flop,board_type,0b,1b,2b,profit
0,"[14, 13, 7]",two-tone,0,0,0,1.1106985729729724
1,"[14, 13, 7]",two-tone,1,1,1,1.664239762162162
2,"[14, 13, 7]",two-tone,2,2,2,1.806747997297297
3,"[14, 13, 7]",two-tone,3,2,2,1.939423827027027
4,"[14, 13, 7]",two-tone,3,2,3,1.9724975135135134
