,flop,board_type,0b,1b,2b,profit
0,"[14, 7, 7]",two-tone,0,0,0,0.5317571827242518
1,"[14, 7, 7]",two-tone,1,1,1,1.0562767946843854
2,"[14, 7, 7]",two-tone,1,0,0,1.0739304391422528
3,"[14, 7, 7]",two-tone,1,0,1,1.0769721249169435
