,flop,board_type,0b,1b,2b,profit
0,"[14, 6, 3]",two-tone,0,0,0,0.2746316171617165
1,"[14, 6, 3]",two-tone,1,1,1,0.7314837417491753
