,flop,board_type,0b,1b,2b,profit
0,"[12, 6, 2]",two-tone,0,0,0,0.36521346796116494
1,"[12, 6, 2]",two-tone,1,1,1,0.9303195158576049
