,flop,board_type,0b,1b,2b,profit
0,"[11, 11, 4]",two-tone,0,0,0,0.8809903375856984
1,"[11, 11, 4]",two-tone,1,1,1,1.3144946418467411
2,"[11, 11, 4]",two-tone,1,0,0,1.3494242970580579
