,flop,board_type,0b,1b,2b,profit
0,"[14, 14, 10]",two-tone,0,0,0,0.7338002082111441
1,"[14, 14, 10]",two-tone,1,1,1,1.3655650321463486
2,"[14, 14, 10]",two-tone,3,2,2,1.7941124881105364
3,"[14, 14, 10]",two-tone,4,3,2,1.8007021816626436
