,flop,board_type,0b,1b,2b,profit
0,"[12, 4, 4]",two-tone,0,0,0,0.41804596684151346
1,"[12, 4, 4]",two-tone,1,1,1,1.1274264452978642
