,flop,board_type,0b,1b,2b,profit
0,"[13, 6, 6]",two-tone,0,0,0,0.6540997883694195
1,"[13, 6, 6]",two-tone,1,1,1,1.3485847134925062
