,flop,board_type,0b,1b,2b,profit
0,"[14, 6, 5]",two-tone,0,0,0,0.48015522187500004
1,"[14, 6, 5]",two-tone,1,1,1,1.0992609899999994
