,flop,board_type,0b,1b,2b,profit
0,"[14, 13, 2]",two-tone,0,0,0,0.8923310477197216
1,"[14, 13, 2]",two-tone,1,1,1,1.6338957055270305
2,"[14, 13, 2]",two-tone,2,2,2,1.782042445182724
3,"[14, 13, 2]",two-tone,3,2,2,1.904835788583509
4,"[14, 13, 2]",two-tone,8,6,4,2.006774509211718
