,flop,board_type,0b,1b,2b,profit
0,"[14, 14, 11]",two-tone,1,1,1,5.25848404999334
1,"[14, 14, 11]",two-tone,2,2,2,5.835888182876804
2,"[14, 14, 11]",two-tone,8,6,4,5.869314658573551
