,flop,board_type,0b,1b,2b,profit
0,"[14, 11, 5]",two-tone,1,1,1,5.614304748815914
1,"[14, 11, 5]",two-tone,2,2,2,5.795427175544578
2,"[14, 11, 5]",two-tone,3,2,2,5.79585500024075
