,flop,board_type,0b,1b,2b,profit
0,"[14, 10, 5]",two-tone,1,1,1,4.904506503852131
1,"[14, 10, 5]",two-tone,2,2,2,4.923115047210418
