,flop,board_type,0b,1b,2b,profit
0,"[14, 9, 7]",two-tone,1,1,1,2.8601401740890213
1,"[14, 9, 7]",two-tone,2,2,2,2.8636167879579433
