,flop,board_type,0b,1b,2b,profit
0,"[14, 8, 8]",two-tone,1,1,1,1.2804114902093868
1,"[14, 8, 8]",two-tone,2,2,2,1.282727624667942
2,"[14, 8, 8]",two-tone,3,2,2,1.2829819990496267
