,flop,board_type,0b,1b,2b,profit
0,"[14, 5, 3]",two-tone,1,1,1,2.9603882201887215
1,"[14, 5, 3]",two-tone,2,2,2,2.9711076982071543
