,flop,board_type,0b,1b,2b,profit
0,"[13, 13, 11]",two-tone,1,1,1,6.6168236163020975
1,"[13, 13, 11]",two-tone,2,2,2,6.619100853603897
