,flop,board_type,0b,1b,2b,profit
0,"[13, 13, 7]",two-tone,1,1,1,4.355489349403959
1,"[13, 13, 7]",two-tone,2,2,2,4.357472407238092
