,flop,board_type,0b,1b,2b,profit
0,"[13, 10, 9]",two-tone,1,1,1,4.343256157027653
1,"[13, 10, 9]",two-tone,2,2,2,4.354978960801758
