,flop,board_type,0b,1b,2b,profit
0,"[13, 9, 6]",two-tone,1,1,1,6.113139593307399
1,"[13, 9, 6]",two-tone,2,2,2,6.135356007956804
