,flop,board_type,0b,1b,2b,profit
0,"[13, 7, 2]",two-tone,1,1,1,4.335259949625004
1,"[13, 7, 2]",two-tone,2,2,2,4.337668855886935
