,flop,board_type,0b,1b,2b,profit
0,"[13, 6, 6]",two-tone,1,1,1,3.8265389226419364
1,"[13, 6, 6]",two-tone,2,2,2,3.8267985564382316
2,"[13, 6, 6]",two-tone,3,2,2,3.835008733034982
