,flop,board_type,0b,1b,2b,profit
0,"[13, 6, 2]",two-tone,1,1,1,4.434865355495947
1,"[13, 6, 2]",two-tone,2,2,2,4.435396104834572
