,flop,board_type,0b,1b,2b,profit
0,"[12, 8, 2]",two-tone,1,1,1,5.791391054453579
1,"[12, 8, 2]",two-tone,2,2,2,5.799118092643505
