,flop,board_type,0b,1b,2b,profit
0,"[12, 7, 3]",two-tone,1,1,1,3.4603791080164115
1,"[12, 7, 3]",two-tone,2,2,2,3.469697411401517
