,flop,board_type,0b,1b,2b,profit
0,"[11, 10, 5]",two-tone,1,1,1,4.0456825258400375
1,"[11, 10, 5]",two-tone,2,2,2,4.373326520492607
2,"[11, 10, 5]",two-tone,3,2,2,4.375961886696536
3,"[11, 10, 5]",two-tone,4,3,2,4.380335072032039
