,flop,board_type,0b,1b,2b,profit
0,"[11, 9, 7]",two-tone,1,1,1,2.5560030376231753
1,"[11, 9, 7]",two-tone,2,2,2,2.5710085395290956
