,flop,board_type,0b,1b,2b,profit
0,"[11, 7, 4]",two-tone,1,1,1,4.5147292628265525
1,"[11, 7, 4]",two-tone,2,2,2,4.524126820791155
