,flop,board_type,0b,1b,2b,profit
0,"[10, 5, 3]",two-tone,1,1,1,2.194117272727654
1,"[10, 5, 3]",two-tone,2,2,2,2.200472010687472
