,flop,board_type,0b,1b,2b,profit
0,"[9, 9, 6]",two-tone,1,1,1,1.7470208137675547
1,"[9, 9, 6]",two-tone,2,2,2,1.7509015671128196
2,"[9, 9, 6]",two-tone,3,2,2,1.7525528162858501
