,flop,board_type,0b,1b,2b,profit
0,"[9, 4, 2]",two-tone,1,1,1,3.942142381102937
1,"[9, 4, 2]",two-tone,2,2,2,3.943363571865557
