,flop,board_type,0b,1b,2b,profit
0,"[7, 7, 2]",two-tone,1,1,1,1.7863337991591388
1,"[7, 7, 2]",two-tone,2,2,2,1.7957219084606086
