,flop,board_type,0b,1b,2b,profit
0,"[7, 5, 4]",two-tone,1,1,1,3.729990858580946
1,"[7, 5, 4]",two-tone,2,2,2,3.731967646708595
