,flop,board_type,0b,1b,2b,profit
0,"[6, 5, 2]",two-tone,1,1,1,4.868279609421355
1,"[6, 5, 2]",two-tone,2,2,2,4.8800799231458445
