,flop,board_type,0b,1b,2b,profit
0,"[6, 4, 4]",two-tone,1,1,1,3.842911582539885
1,"[6, 4, 4]",two-tone,2,2,2,3.847553491265133
