,flop,board_type,0b,1b,2b,profit
0,"[14, 14, 9]",two-tone,1,1,1,8.523414746409859
1,"[14, 14, 9]",two-tone,10,7,5,8.526585706504612
