,flop,board_type,0b,1b,2b,profit
0,"[14, 14, 5]",two-tone,1,1,1,8.960648390099285
1,"[14, 14, 5]",two-tone,10,7,5,8.961779589078875
