,flop,board_type,0b,1b,2b,profit
0,"[14, 11, 9]",two-tone,1,1,1,4.314105442857143
1,"[14, 11, 9]",two-tone,2,2,2,4.315714397142857
2,"[14, 11, 9]",two-tone,8,6,4,4.3165255104761915
