,flop,board_type,0b,1b,2b,profit
0,"[14, 10, 8]",two-tone,1,1,1,3.5784179300000005
1,"[14, 10, 8]",two-tone,2,2,2,3.579508435000001
2,"[14, 10, 8]",two-tone,3,2,2,3.5907418650000005
