,flop,board_type,0b,1b,2b,profit
0,"[14, 8, 5]",two-tone,1,1,1,7.052683384669812
1,"[14, 8, 5]",two-tone,8,6,4,7.0540068367924516
2,"[14, 8, 5]",two-tone,10,7,5,7.059432518632075
