,flop,board_type,0b,1b,2b,profit
0,"[14, 7, 3]",two-tone,1,1,1,7.183565075943396
1,"[14, 7, 3]",two-tone,2,2,2,7.184243813915095
2,"[14, 7, 3]",two-tone,10,7,5,7.191266876886792
