,flop,board_type,0b,1b,2b,profit
0,"[14, 3, 2]",two-tone,1,1,1,9.069460059371073
1,"[14, 3, 2]",two-tone,2,2,2,9.073199405961981
