,flop,board_type,0b,1b,2b,profit
0,"[13, 13, 10]",two-tone,1,1,1,2.8477480669218522
1,"[13, 13, 10]",two-tone,8,6,4,2.8510761311132393
