,flop,board_type,0b,1b,2b,profit
0,"[13, 13, 6]",two-tone,1,1,1,4.550400125964914
1,"[13, 13, 6]",two-tone,2,2,2,4.560447994736842
