,flop,board_type,0b,1b,2b,profit
0,"[13, 13, 3]",two-tone,1,1,1,5.00918735357143
1,"[13, 13, 3]",two-tone,2,2,2,5.009908940625001
2,"[13, 13, 3]",two-tone,3,2,2,5.011633228125001
