,flop,board_type,0b,1b,2b,profit
0,"[13, 8, 5]",two-tone,1,1,1,4.161142176827832
1,"[13, 8, 5]",two-tone,10,7,5,4.163543236202831
2,"[13, 8, 5]",two-tone,15,10,7,4.166688949528302
