,flop,board_type,0b,1b,2b,profit
0,"[13, 5, 4]",two-tone,1,1,1,5.905489952963526
1,"[13, 5, 4]",two-tone,10,7,5,5.907102905243162
