,flop,board_type,0b,1b,2b,profit
0,"[13, 4, 2]",two-tone,1,1,1,5.883276495364742
1,"[13, 4, 2]",two-tone,16,11,8,5.885430110334347
