,flop,board_type,0b,1b,2b,profit
0,"[12, 11, 9]",two-tone,1,1,1,-0.025430358857142732
1,"[12, 11, 9]",two-tone,2,2,2,-0.017725410612245085
2,"[12, 11, 9]",two-tone,10,7,5,-0.015937968979591766
