,flop,board_type,0b,1b,2b,profit
0,"[12, 10, 3]",two-tone,1,1,1,0.9094283159999994
1,"[12, 10, 3]",two-tone,2,2,2,0.9107396699999997
2,"[12, 10, 3]",two-tone,16,11,8,0.9145562939999998
