,flop,board_type,0b,1b,2b,profit
0,"[12, 9, 8]",two-tone,1,1,1,-0.7862442447490205
1,"[12, 9, 8]",two-tone,8,6,4,-0.7847528536489841
2,"[12, 9, 8]",two-tone,16,11,8,-0.783013337023851
