,flop,board_type,0b,1b,2b,profit
0,"[12, 8, 8]",two-tone,1,1,1,2.3097282000000012
1,"[12, 8, 8]",two-tone,2,2,2,2.326712801886793
2,"[12, 8, 8]",two-tone,8,6,4,2.327516286792454
