,flop,board_type,0b,1b,2b,profit
0,"[12, 7, 2]",two-tone,1,1,1,2.9059447442307684
1,"[12, 7, 2]",two-tone,2,2,2,2.9135352230769223
2,"[12, 7, 2]",two-tone,3,2,2,2.9147327423076916
3,"[12, 7, 2]",two-tone,15,10,7,2.916734798076923
