,flop,board_type,0b,1b,2b,profit
0,"[11, 11, 9]",two-tone,1,1,1,0.7625043820240154
1,"[11, 11, 9]",two-tone,2,2,2,0.7665173335162954
