,flop,board_type,0b,1b,2b,profit
0,"[11, 11, 7]",two-tone,1,1,1,1.435576017250674
1,"[11, 11, 7]",two-tone,16,11,8,1.4410655773584908
