,flop,board_type,0b,1b,2b,profit
0,"[11, 11, 4]",two-tone,1,1,1,2.387212227330509
1,"[11, 11, 4]",two-tone,2,2,2,2.392741786652543
2,"[11, 11, 4]",two-tone,8,6,4,2.3973689701271197
3,"[11, 11, 4]",two-tone,16,11,8,2.3995254076271197
