,flop,board_type,0b,1b,2b,profit
0,"[11, 10, 9]",two-tone,1,1,1,0.8033061853978696
1,"[11, 10, 9]",two-tone,8,6,4,0.8069521575061538
2,"[11, 10, 9]",two-tone,10,7,5,0.8097340508613629
