,flop,board_type,0b,1b,2b,profit
0,"[11, 9, 3]",two-tone,1,1,1,2.591762717553192
1,"[11, 9, 3]",two-tone,8,6,4,2.5952167276595755
