,flop,board_type,0b,1b,2b,profit
0,"[11, 8, 8]",two-tone,1,1,1,2.9405225660377363
1,"[11, 8, 8]",two-tone,8,6,4,2.94234806037736
2,"[11, 8, 8]",two-tone,16,11,8,2.9500590226415104
