,flop,board_type,0b,1b,2b,profit
0,"[11, 8, 6]",two-tone,1,1,1,2.847083128301888
1,"[11, 8, 6]",two-tone,8,6,4,2.8477242000000005
2,"[11, 8, 6]",two-tone,10,7,5,2.8552534075471705
3,"[11, 8, 6]",two-tone,15,10,7,2.859259811320756
