,flop,board_type,0b,1b,2b,profit
0,"[11, 7, 4]",two-tone,1,1,1,3.626555184375001
1,"[11, 7, 4]",two-tone,16,11,8,3.631256043750001
