,flop,board_type,0b,1b,2b,profit
0,"[11, 6, 6]",two-tone,1,1,1,3.3922850610432858
1,"[11, 6, 6]",two-tone,15,10,7,3.392509798002221
