,flop,board_type,0b,1b,2b,profit
0,"[11, 5, 3]",two-tone,1,1,1,5.161456998269896
1,"[11, 5, 3]",two-tone,2,2,2,5.171568996539792
