,flop,board_type,0b,1b,2b,profit
0,"[11, 4, 4]",two-tone,1,1,1,4.5648607958477525
1,"[11, 4, 4]",two-tone,8,6,4,4.56990830449827
2,"[11, 4, 4]",two-tone,16,11,8,4.5710547785467135
