,flop,board_type,0b,1b,2b,profit
0,"[11, 3, 3]",two-tone,1,1,1,4.5681544290657445
1,"[11, 3, 3]",two-tone,10,7,5,4.578006359861593
