,flop,board_type,0b,1b,2b,profit
0,"[10, 10, 8]",two-tone,1,1,1,3.2005118857142865
1,"[10, 10, 8]",two-tone,10,7,5,3.20418027936508
