,flop,board_type,0b,1b,2b,profit
0,"[10, 10, 6]",two-tone,1,1,1,3.622745942857143
1,"[10, 10, 6]",two-tone,2,2,2,3.6267804000000012
2,"[10, 10, 6]",two-tone,3,2,2,3.6370400000000003
