,flop,board_type,0b,1b,2b,profit
0,"[10, 8, 8]",two-tone,1,1,1,4.313722032
1,"[10, 8, 8]",two-tone,2,2,2,4.315031718857144
2,"[10, 8, 8]",two-tone,3,2,2,4.321539058285715
