,flop,board_type,0b,1b,2b,profit
0,"[10, 7, 6]",two-tone,1,1,1,4.238905580952382
1,"[10, 7, 6]",two-tone,2,2,2,4.241642596825397
