,flop,board_type,0b,1b,2b,profit
0,"[9, 9, 7]",two-tone,1,1,1,3.7810362695417794
1,"[9, 9, 7]",two-tone,2,2,2,3.787358852830189
2,"[9, 9, 7]",two-tone,10,7,5,3.7926737433962265
