,flop,board_type,0b,1b,2b,profit
0,"[9, 7, 6]",two-tone,1,1,1,4.3535027532467545
1,"[9, 7, 6]",two-tone,2,2,2,4.356363428571429
2,"[9, 7, 6]",two-tone,3,2,2,4.35700161038961
3,"[9, 7, 6]",two-tone,8,6,4,4.35715051948052
4,"[9, 7, 6]",two-tone,15,10,7,4.357447831168832
