,flop,board_type,0b,1b,2b,profit
0,"[9, 7, 4]",two-tone,1,1,1,4.926506187593583
1,"[9, 7, 4]",two-tone,2,2,2,4.9329006985026735
2,"[9, 7, 4]",two-tone,3,2,2,4.936049917219251
3,"[9, 7, 4]",two-tone,10,7,5,4.936100475401069
