,flop,board_type,0b,1b,2b,profit
0,"[9, 6, 6]",two-tone,1,1,1,4.735698971428572
1,"[9, 6, 6]",two-tone,2,2,2,4.7378168571428585
2,"[9, 6, 6]",two-tone,3,2,2,4.741422685714287
3,"[9, 6, 6]",two-tone,4,3,2,4.742334171428572
