,flop,board_type,0b,1b,2b,profit
0,"[9, 6, 4]",two-tone,1,1,1,5.290716227272728
1,"[9, 6, 4]",two-tone,8,6,4,5.293463954545455
