,flop,board_type,0b,1b,2b,profit
0,"[9, 3, 3]",two-tone,1,1,1,5.836146385185185
1,"[9, 3, 3]",two-tone,8,6,4,5.8377513555555565
2,"[9, 3, 3]",two-tone,16,11,8,5.842255518518519
