,flop,board_type,0b,1b,2b,profit
0,"[9, 2, 2]",two-tone,1,1,1,5.845612407407408
1,"[9, 2, 2]",two-tone,16,11,8,5.8475004888888895
