,flop,board_type,0b,1b,2b,profit
0,"[8, 6, 6]",two-tone,1,1,1,4.76000876883117
1,"[8, 6, 6]",two-tone,2,2,2,4.772529085714288
