,flop,board_type,0b,1b,2b,profit
0,"[8, 5, 3]",two-tone,1,1,1,6.573939451515152
1,"[8, 5, 3]",two-tone,2,2,2,6.582558490909092
2,"[8, 5, 3]",two-tone,3,2,2,6.588930815151516
3,"[8, 5, 3]",two-tone,10,7,5,6.602190303030304
