,flop,board_type,0b,1b,2b,profit
0,"[7, 7, 6]",two-tone,1,1,1,4.806537490909092
1,"[7, 7, 6]",two-tone,15,10,7,4.80836572987013
2,"[7, 7, 6]",two-tone,16,11,8,4.815226650389611
