,flop,board_type,0b,1b,2b,profit
0,"[7, 7, 2]",two-tone,1,1,1,5.2413772606611575
1,"[7, 7, 2]",two-tone,2,2,2,5.2517699445619845
2,"[7, 7, 2]",two-tone,8,6,4,5.255110781256199
