,flop,board_type,0b,1b,2b,profit
0,"[7, 6, 2]",two-tone,1,1,1,5.15617441447934
1,"[7, 6, 2]",two-tone,16,11,8,5.157587805421488
