,flop,board_type,0b,1b,2b,profit
0,"[7, 5, 4]",two-tone,1,1,1,6.7684621151515145
1,"[7, 5, 4]",two-tone,8,6,4,6.770429763636364
2,"[7, 5, 4]",two-tone,10,7,5,6.770636581818182
3,"[7, 5, 4]",two-tone,15,10,7,6.772957377272727
