,flop,board_type,0b,1b,2b,profit
0,"[6, 4, 3]",two-tone,1,1,1,6.8409837643678175
1,"[6, 4, 3]",two-tone,10,7,5,6.846587586206896
2,"[6, 4, 3]",two-tone,15,10,7,6.8547854310344825
