,flop,board_type,0b,1b,2b,profit
0,"[5, 5, 4]",two-tone,1,1,1,7.522371770982435
1,"[5, 5, 4]",two-tone,16,11,8,7.5279068719908935
