,flop,board_type,0b,1b,2b,profit
0,"[5, 5, 3]",two-tone,1,1,1,7.537105078765455
1,"[5, 5, 3]",two-tone,8,6,4,7.538122153789852
