,flop,board_type,0b,1b,2b,profit
0,"[4, 3, 2]",two-tone,1,1,1,9.42330425211451
1,"[4, 3, 2]",two-tone,2,2,2,9.423759558718283
2,"[4, 3, 2]",two-tone,3,2,2,9.426783841249186
3,"[4, 3, 2]",two-tone,8,6,4,9.431863039362394
