,flop,board_type,0b,1b,2b,profit
0,"[14, 7, 4]",monotone,1,1,1,0.6280268283939033
1,"[14, 7, 4]",monotone,2,2,2,0.6312650234088583
