,flop,board_type,0b,1b,2b,profit
0,"[13, 8, 4]",monotone,1,1,1,0.8659890551330292
1,"[13, 8, 4]",monotone,2,2,2,0.8662876032613713
