,flop,board_type,0b,1b,2b,profit
0,"[12, 7, 5]",monotone,1,1,1,0.40327479688925577
1,"[12, 7, 5]",monotone,2,2,2,0.4072547813841408
