,flop,board_type,0b,1b,2b,profit
0,"[12, 7, 2]",monotone,1,1,1,0.29876163661381583
1,"[12, 7, 2]",monotone,2,2,2,0.30087645322281253
