,flop,board_type,0b,1b,2b,profit
0,"[10, 4, 3]",monotone,1,1,1,0.4116072426343004
1,"[10, 4, 3]",monotone,2,2,2,0.41386452316603284
