,flop,board_type,0b,1b,2b,profit
0,"[8, 6, 2]",monotone,1,1,1,0.1490937214285704
1,"[8, 6, 2]",monotone,2,2,2,0.1563392160204073
