,flop,board_type,0b,1b,2b,profit
0,"[6, 4, 2]",monotone,1,1,1,0.146707569235639
1,"[6, 4, 2]",monotone,2,2,2,0.14912144080958745
