,flop,board_type,0b,1b,2b,profit
0,"[14, 14, 2]",two-tone,1,1,1,0.5650061430705227
1,"[14, 14, 2]",two-tone,8,6,4,0.6710701983029419
2,"[14, 14, 2]",two-tone,15,10,7,0.7099278224951984
