,flop,board_type,0b,1b,2b,profit
0,"[14, 13, 12]",two-tone,1,1,1,1.0586614835238852
1,"[14, 13, 12]",two-tone,8,6,4,1.4853114931828633
