,flop,board_type,0b,1b,2b,profit
0,"[14, 12, 12]",two-tone,1,1,1,0.4474951919185584
1,"[14, 12, 12]",two-tone,2,2,2,0.4484985003234663
2,"[14, 12, 12]",two-tone,16,11,8,0.6658458005851816
