,flop,board_type,0b,1b,2b,profit
0,"[14, 12, 4]",two-tone,1,1,1,0.7559894526196045
1,"[14, 12, 4]",two-tone,2,2,2,0.7560045993688304
