,flop,board_type,0b,1b,2b,profit
0,"[14, 11, 10]",two-tone,1,1,1,1.251154686551504
1,"[14, 11, 10]",two-tone,2,2,2,1.2611367639352555
2,"[14, 11, 10]",two-tone,3,2,2,1.2780385708637254
