,flop,board_type,0b,1b,2b,profit
0,"[14, 10, 10]",two-tone,1,1,1,0.8459734322740675
1,"[14, 10, 10]",two-tone,2,2,2,0.8469250892508114
