,flop,board_type,0b,1b,2b,profit
0,"[14, 8, 7]",two-tone,1,1,1,1.869878304063731
1,"[14, 8, 7]",two-tone,2,2,2,1.8771991182697105
