,flop,board_type,0b,1b,2b,profit
0,"[14, 8, 4]",two-tone,1,1,1,1.2373762745564267
1,"[14, 8, 4]",two-tone,2,2,2,1.2424721960550884
