,flop,board_type,0b,1b,2b,profit
0,"[14, 7, 7]",two-tone,1,1,1,0.5214999983254344
1,"[14, 7, 7]",two-tone,2,2,2,0.5252905797847646
