,flop,board_type,0b,1b,2b,profit
0,"[13, 12, 10]",two-tone,1,1,1,1.516945158625022
1,"[13, 12, 10]",two-tone,2,2,2,1.526465142525229
