,flop,board_type,0b,1b,2b,profit
0,"[13, 11, 11]",two-tone,1,1,1,0.774878198090909
1,"[13, 11, 11]",two-tone,8,6,4,1.4448631830578513
2,"[13, 11, 11]",two-tone,15,10,7,1.7808186476804808
3,"[13, 11, 11]",two-tone,16,11,8,1.9378172733582888
