,flop,board_type,0b,1b,2b,profit
0,"[13, 11, 2]",two-tone,1,1,1,0.3205052723704865
1,"[13, 11, 2]",two-tone,2,2,2,0.32288918445839865
