,flop,board_type,0b,1b,2b,profit
0,"[13, 7, 5]",two-tone,1,1,1,1.3330459329425026
1,"[13, 7, 5]",two-tone,2,2,2,1.3333726052648778
2,"[13, 7, 5]",two-tone,3,2,2,1.3336774599838603
3,"[13, 7, 5]",two-tone,4,3,2,1.335645520429247
