,flop,board_type,0b,1b,2b,profit
0,"[12, 11, 7]",two-tone,1,1,1,2.453272120929782
1,"[12, 11, 7]",two-tone,2,2,2,2.4561304895496368
2,"[12, 11, 7]",two-tone,3,2,2,2.45884692925908
3,"[12, 11, 7]",two-tone,4,3,2,2.4599391685617435
4,"[12, 11, 7]",two-tone,8,6,4,2.74788189938983
5,"[12, 11, 7]",two-tone,15,10,7,2.797211218014527
6,"[12, 11, 7]",two-tone,16,11,8,3.2614574558837774
