,flop,board_type,0b,1b,2b,profit
0,"[12, 8, 8]",two-tone,1,1,1,1.6952247786594108
1,"[12, 8, 8]",two-tone,2,2,2,1.6967366295578772
