,flop,board_type,0b,1b,2b,profit
0,"[12, 8, 5]",two-tone,1,1,1,2.4800335014198986
1,"[12, 8, 5]",two-tone,2,2,2,2.4847691413728947
