,flop,board_type,0b,1b,2b,profit
0,"[12, 7, 3]",two-tone,1,1,1,2.0461695922554837
1,"[12, 7, 3]",two-tone,2,2,2,2.047301819051264
