,flop,board_type,0b,1b,2b,profit
0,"[12, 6, 6]",two-tone,1,1,1,1.2826871174586918
1,"[12, 6, 6]",two-tone,2,2,2,1.2834979043570875
