,flop,board_type,0b,1b,2b,profit
0,"[12, 6, 5]",two-tone,1,1,1,1.7450452221821826
1,"[12, 6, 5]",two-tone,2,2,2,1.7456720045605607
2,"[12, 6, 5]",two-tone,3,2,2,1.7468958479119125
