,flop,board_type,0b,1b,2b,profit
0,"[12, 5, 3]",two-tone,1,1,1,1.8771444788095235
1,"[12, 5, 3]",two-tone,2,2,2,1.8793167902380954
2,"[12, 5, 3]",two-tone,3,2,2,1.8798957766666666
