,flop,board_type,0b,1b,2b,profit
0,"[12, 4, 4]",two-tone,1,1,1,1.671425668742907
1,"[12, 4, 4]",two-tone,2,2,2,1.672221160696032
