,flop,board_type,0b,1b,2b,profit
0,"[11, 11, 10]",two-tone,1,1,1,1.727058934617279
1,"[11, 11, 10]",two-tone,8,6,4,1.9430970648275858
2,"[11, 11, 10]",two-tone,15,10,7,2.0249677462106854
3,"[11, 11, 10]",two-tone,16,11,8,2.3634038458620688
