,flop,board_type,0b,1b,2b,profit
0,"[11, 11, 3]",two-tone,1,1,1,1.3627864401295826
1,"[11, 11, 3]",two-tone,8,6,4,1.9666190911624337
2,"[11, 11, 3]",two-tone,15,10,7,2.3909747219463116
