,flop,board_type,0b,1b,2b,profit
0,"[11, 10, 10]",two-tone,1,1,1,1.174397087817923
1,"[11, 10, 10]",two-tone,2,2,2,1.1746129901109528
2,"[11, 10, 10]",two-tone,3,2,2,1.1751060506173538
3,"[11, 10, 10]",two-tone,4,3,2,1.175616223772404
4,"[11, 10, 10]",two-tone,8,6,4,1.381243588990043
5,"[11, 10, 10]",two-tone,10,7,5,1.3812584406031292
6,"[11, 10, 10]",two-tone,15,10,7,1.4499365196586063
7,"[11, 10, 10]",two-tone,16,11,8,1.7396481140540545
