,flop,board_type,0b,1b,2b,profit
0,"[11, 10, 9]",two-tone,1,1,1,1.0730804278842636
1,"[11, 10, 9]",two-tone,2,2,2,1.5091705356754548
2,"[11, 10, 9]",two-tone,8,6,4,1.6240599101010809
3,"[11, 10, 9]",two-tone,15,10,7,1.630749696284052
