,flop,board_type,0b,1b,2b,profit
0,"[11, 10, 5]",two-tone,1,1,1,1.3508134777354195
1,"[11, 10, 5]",two-tone,8,6,4,1.6058594699118065
2,"[11, 10, 5]",two-tone,16,11,8,2.1046710503442387
