,flop,board_type,0b,1b,2b,profit
0,"[11, 10, 2]",two-tone,1,1,1,1.4510346067413213
1,"[11, 10, 2]",two-tone,8,6,4,1.7485640781690932
2,"[11, 10, 2]",two-tone,10,7,5,1.755815976136618
3,"[11, 10, 2]",two-tone,15,10,7,1.7662480954759245
4,"[11, 10, 2]",two-tone,16,11,8,2.2534758372284425
