,flop,board_type,0b,1b,2b,profit
0,"[11, 9, 6]",two-tone,1,1,1,1.0788665464817153
1,"[11, 9, 6]",two-tone,8,6,4,1.2261825314501889
2,"[11, 9, 6]",two-tone,16,11,8,1.409796530189155
