,flop,board_type,0b,1b,2b,profit
0,"[11, 9, 4]",two-tone,1,1,1,1.336905656536405
1,"[11, 9, 4]",two-tone,8,6,4,1.5047168246647467
2,"[11, 9, 4]",two-tone,10,7,5,1.5076787095351705
3,"[11, 9, 4]",two-tone,16,11,8,1.7124822937062942
