,flop,board_type,0b,1b,2b,profit
0,"[11, 7, 4]",two-tone,1,1,1,1.673839238027236
1,"[11, 7, 4]",two-tone,8,6,4,1.6750799719543619
2,"[11, 7, 4]",two-tone,15,10,7,1.6762280343025395
