,flop,board_type,0b,1b,2b,profit
0,"[10, 8, 5]",two-tone,1,1,1,1.6562506278053706
1,"[10, 8, 5]",two-tone,2,2,2,1.6576394160557264
