,flop,board_type,0b,1b,2b,profit
0,"[10, 8, 3]",two-tone,1,1,1,1.8320406586612525
1,"[10, 8, 3]",two-tone,2,2,2,1.832885298851702
