,flop,board_type,0b,1b,2b,profit
0,"[10, 7, 5]",two-tone,1,1,1,1.6402243671641015
1,"[10, 7, 5]",two-tone,2,2,2,1.6417639846605456
