,flop,board_type,0b,1b,2b,profit
0,"[9, 5, 5]",two-tone,1,1,1,1.38870241777806
1,"[9, 5, 5]",two-tone,2,2,2,1.3942507356055678
