,flop,board_type,0b,1b,2b,profit
0,"[9, 5, 4]",two-tone,1,1,1,1.4492734345137592
1,"[9, 5, 4]",two-tone,2,2,2,1.451056937455675
