,flop,board_type,0b,1b,2b,profit
0,"[8, 7, 2]",two-tone,1,1,1,2.5253588759920076
1,"[8, 7, 2]",two-tone,2,2,2,2.5284961151822904
