,flop,board_type,0b,1b,2b,profit
0,"[8, 6, 4]",two-tone,1,1,1,1.868183073734064
1,"[8, 6, 4]",two-tone,2,2,2,1.869298108200755
2,"[8, 6, 4]",two-tone,3,2,2,1.8744984641941798
