,flop,board_type,0b,1b,2b,profit
0,"[4, 2, 2]",two-tone,1,1,1,1.2099141236137267
1,"[4, 2, 2]",two-tone,2,2,2,1.21220365416805
