,flop,board_type,0b,1b,2b,profit
0,"[3, 2, 2]",two-tone,1,1,1,1.2128375953926278
1,"[3, 2, 2]",two-tone,2,2,2,1.214565786487971
