,flop,board_type,0b,1b,2b,profit
0,"[14, 14, 11]",two-tone,1,1,1,1.4542683435634178
1,"[14, 14, 11]",two-tone,2,2,2,1.6436644496852808
2,"[14, 14, 11]",two-tone,8,6,4,2.1805561767900357
3,"[14, 14, 11]",two-tone,10,7,5,2.184499630998809
4,"[14, 14, 11]",two-tone,15,10,7,2.568169110068734
