,flop,board_type,0b,1b,2b,profit
0,"[14, 14, 10]",two-tone,1,1,1,1.6698139270466346
1,"[14, 14, 10]",two-tone,8,6,4,2.3084687609148427
2,"[14, 14, 10]",two-tone,16,11,8,2.4126355949405287
