,flop,board_type,0b,1b,2b,profit
0,"[14, 14, 6]",two-tone,1,1,1,1.0986029783115279
1,"[14, 14, 6]",two-tone,10,7,5,1.1092239221571236
