,flop,board_type,0b,1b,2b,profit
0,"[14, 13, 10]",two-tone,1,1,1,1.1834911906431675
1,"[14, 13, 10]",two-tone,2,2,2,1.1842110257043208
