,flop,board_type,0b,1b,2b,profit
0,"[14, 13, 7]",two-tone,1,1,1,1.8478065195389775
1,"[14, 13, 7]",two-tone,2,2,2,2.0520609141361135
