,flop,board_type,0b,1b,2b,profit
0,"[14, 10, 3]",two-tone,1,1,1,2.056313915651483
1,"[14, 10, 3]",two-tone,2,2,2,2.0607097265326426
