,flop,board_type,0b,1b,2b,profit
0,"[14, 7, 5]",two-tone,1,1,1,0.6317693506497724
1,"[14, 7, 5]",two-tone,2,2,2,0.6318806032813513
