,flop,board_type,0b,1b,2b,profit
0,"[14, 5, 3]",two-tone,1,1,1,1.2817268882935484
1,"[14, 5, 3]",two-tone,2,2,2,1.287907305129486
