,flop,board_type,0b,1b,2b,profit
0,"[13, 13, 11]",two-tone,1,1,1,1.2149978898504772
1,"[13, 13, 11]",two-tone,8,6,4,1.7472482017981963
2,"[13, 13, 11]",two-tone,10,7,5,1.8044144553444894
3,"[13, 13, 11]",two-tone,15,10,7,2.136424998238468
