,flop,board_type,0b,1b,2b,profit
0,"[12, 12, 11]",two-tone,1,1,1,1.2454062711945362
1,"[12, 12, 11]",two-tone,8,6,4,1.7541863576688883
2,"[12, 12, 11]",two-tone,10,7,5,1.811439182348378
3,"[12, 12, 11]",two-tone,15,10,7,2.144294365189678
