,flop,board_type,0b,1b,2b,profit
0,"[12, 11, 9]",two-tone,1,1,1,0.8369621121645182
1,"[12, 11, 9]",two-tone,2,2,2,0.9164836958789087
