,flop,board_type,0b,1b,2b,profit
0,"[12, 3, 2]",two-tone,1,1,1,1.5311718517221893
1,"[12, 3, 2]",two-tone,2,2,2,1.5352552828750656
