,flop,board_type,0b,1b,2b,profit
0,"[10, 6, 6]",two-tone,1,1,1,-0.22347297884580064
1,"[10, 6, 6]",two-tone,2,2,2,-0.21931968782584466
