,flop,board_type,0b,1b,2b,profit
0,"[9, 9, 7]",two-tone,1,1,1,1.3566099263091538
1,"[9, 9, 7]",two-tone,2,2,2,1.5486033449315424
