,flop,board_type,0b,1b,2b,profit
0,"[9, 8, 8]",two-tone,1,1,1,0.6591482535949185
1,"[9, 8, 8]",two-tone,8,6,4,0.7583563107208431
2,"[9, 8, 8]",two-tone,10,7,5,0.8183935790148305
3,"[9, 8, 8]",two-tone,15,10,7,0.9938186729566604
4,"[9, 8, 8]",two-tone,16,11,8,1.1331114842494532
