,flop,board_type,0b,1b,2b,profit
0,"[9, 7, 7]",two-tone,1,1,1,0.6845572862242036
1,"[9, 7, 7]",two-tone,2,2,2,0.686702465635143
2,"[9, 7, 7]",two-tone,8,6,4,0.7144403843758551
3,"[9, 7, 7]",two-tone,10,7,5,0.7343373481833395
4,"[9, 7, 7]",two-tone,15,10,7,0.8514259582926579
5,"[9, 7, 7]",two-tone,16,11,8,0.9288909406100272
