,flop,board_type,0b,1b,2b,profit
0,"[9, 4, 4]",two-tone,1,1,1,0.2919276656101578
1,"[9, 4, 4]",two-tone,2,2,2,0.29320255425933195
