,flop,board_type,0b,1b,2b,profit
0,"[8, 3, 3]",two-tone,1,1,1,0.07520730820090621
1,"[8, 3, 3]",two-tone,2,2,2,0.07974431846981399
