,flop,board_type,0b,1b,2b,profit
0,"[14, 7, 5]",monotone,1,1,1,-5.517684924594786
1,"[14, 7, 5]",monotone,8,6,4,-5.513259966455251
