,flop,board_type,0b,1b,2b,profit
0,"[14, 7, 4]",monotone,1,1,1,-5.594914357152925
1,"[14, 7, 4]",monotone,2,2,2,-5.5883507478506
2,"[14, 7, 4]",monotone,3,2,2,-5.588161733897111
