,flop,board_type,0b,1b,2b,profit
0,"[14, 7, 3]",monotone,1,1,1,-5.634543073431994
1,"[14, 7, 3]",monotone,2,2,2,-5.624290608315714
