,flop,board_type,0b,1b,2b,profit
0,"[14, 6, 4]",monotone,1,1,1,-6.470722456395348
1,"[14, 6, 4]",monotone,2,2,2,-6.455417252180233
