,flop,board_type,0b,1b,2b,profit
0,"[14, 5, 4]",monotone,1,1,1,-6.375393531976744
1,"[14, 5, 4]",monotone,10,7,5,-6.368953430232558
