,flop,board_type,0b,1b,2b,profit
0,"[13, 6, 4]",monotone,1,1,1,-7.174581406353615
1,"[13, 6, 4]",monotone,2,2,2,-7.160160023978846
