,flop,board_type,0b,1b,2b,profit
0,"[13, 6, 2]",monotone,1,1,1,-7.248292839006676
1,"[13, 6, 2]",monotone,2,2,2,-7.23911339670612
2,"[13, 6, 2]",monotone,3,2,2,-7.238015962754358
3,"[13, 6, 2]",monotone,4,3,2,-7.2377889378935025
