,flop,board_type,0b,1b,2b,profit
0,"[13, 5, 3]",monotone,1,1,1,-7.180512506643319
1,"[13, 5, 3]",monotone,2,2,2,-7.164641532617344
