,flop,board_type,0b,1b,2b,profit
0,"[12, 10, 8]",monotone,1,1,1,-5.331340885044182
1,"[12, 10, 8]",monotone,2,2,2,-5.313698531569004
