,flop,board_type,0b,1b,2b,profit
0,"[12, 8, 5]",monotone,1,1,1,-5.9129673707446795
1,"[12, 8, 5]",monotone,2,2,2,-5.906356895261121
