,flop,board_type,0b,1b,2b,profit
0,"[12, 6, 3]",monotone,1,1,1,-6.5416740576196535
1,"[12, 6, 3]",monotone,2,2,2,-6.528907449109016
