,flop,board_type,0b,1b,2b,profit
0,"[12, 4, 2]",monotone,1,1,1,-6.557383624042142
1,"[12, 4, 2]",monotone,2,2,2,-6.55271973250751
