,flop,board_type,0b,1b,2b,profit
0,"[11, 6, 2]",monotone,1,1,1,-6.355557350517591
1,"[11, 6, 2]",monotone,2,2,2,-6.3335869221085
2,"[11, 6, 2]",monotone,3,2,2,-6.327368239153953
