,flop,board_type,0b,1b,2b,profit
0,"[10, 9, 8]",monotone,1,1,1,3.930396833333332
1,"[10, 9, 8]",monotone,2,2,2,4.166073005333335
