,flop,board_type,0b,1b,2b,profit
0,"[9, 6, 3]",monotone,1,1,1,-6.074610333706609
1,"[9, 6, 3]",monotone,2,2,2,-6.070710461366183
