,flop,board_type,0b,1b,2b,profit
0,"[5, 4, 2]",monotone,1,1,1,-11.76785281289855
1,"[5, 4, 2]",monotone,2,2,2,-11.75981506289855
2,"[5, 4, 2]",monotone,3,2,2,-11.75819239289855
3,"[5, 4, 2]",monotone,10,7,5,-11.758174122898549
