,flop,board_type,0b,1b,2b,profit
0,"[4, 3, 2]",monotone,1,1,1,-11.909206026376813
1,"[4, 3, 2]",monotone,2,2,2,-11.895352326376813
2,"[4, 3, 2]",monotone,10,7,5,-11.892848076376813
