,flop,board_type,0b,1b,2b,profit
0,"[14, 14, 11]",rainbow,1,1,1,0.10143545418804138
1,"[14, 14, 11]",rainbow,2,2,2,0.25754826054639357
2,"[14, 14, 11]",rainbow,3,2,2,0.49577013828750977
3,"[14, 14, 11]",rainbow,4,3,2,0.49854418081659396
4,"[14, 14, 11]",rainbow,8,6,4,0.8627005732280536
