,flop,board_type,0b,1b,2b,profit
0,"[14, 14, 6]",rainbow,1,1,1,-0.011151919421781693
1,"[14, 14, 6]",rainbow,8,6,4,0.18636327958197618
2,"[14, 14, 6]",rainbow,10,7,5,0.33561114013601523
3,"[14, 14, 6]",rainbow,15,10,7,0.39900862072478027
4,"[14, 14, 6]",rainbow,16,11,8,0.5079355747024801
