,flop,board_type,0b,1b,2b,profit
0,"[14, 14, 5]",rainbow,1,1,1,-0.05174142201317881
1,"[14, 14, 5]",rainbow,8,6,4,0.2151937006875245
2,"[14, 14, 5]",rainbow,10,7,5,0.3710376039843745
3,"[14, 14, 5]",rainbow,15,10,7,0.4732109430791759
4,"[14, 14, 5]",rainbow,16,11,8,0.5110787772871688
