,flop,board_type,0b,1b,2b,profit
0,"[14, 14, 2]",rainbow,1,1,1,-0.18583268976706838
1,"[14, 14, 2]",rainbow,8,6,4,0.08956654015266949
2,"[14, 14, 2]",rainbow,10,7,5,0.24698405657980796
3,"[14, 14, 2]",rainbow,15,10,7,0.29361169378079555
