,flop,board_type,0b,1b,2b,profit
0,"[14, 13, 5]",rainbow,1,1,1,0.30688571224696415
1,"[14, 13, 5]",rainbow,2,2,2,0.47112187218601437
2,"[14, 13, 5]",rainbow,3,2,2,0.5087947348057092
3,"[14, 13, 5]",rainbow,8,6,4,0.6578837312822743
4,"[14, 13, 5]",rainbow,10,7,5,0.6617090948091057
