,flop,board_type,0b,1b,2b,profit
0,"[14, 12, 8]",rainbow,1,1,1,0.3245829621559111
1,"[14, 12, 8]",rainbow,2,2,2,0.6073714836974995
