,flop,board_type,0b,1b,2b,profit
0,"[14, 12, 3]",rainbow,1,1,1,0.25394557506883253
1,"[14, 12, 3]",rainbow,2,2,2,0.352194821612602
