,flop,board_type,0b,1b,2b,profit
0,"[14, 11, 9]",rainbow,1,1,1,0.21682626530684745
1,"[14, 11, 9]",rainbow,2,2,2,0.3997797438630468
