,flop,board_type,0b,1b,2b,profit
0,"[14, 11, 8]",rainbow,1,1,1,0.3029425971130695
1,"[14, 11, 8]",rainbow,2,2,2,0.48904427777925735
