,flop,board_type,0b,1b,2b,profit
0,"[14, 11, 6]",rainbow,1,1,1,0.2854000949500043
1,"[14, 11, 6]",rainbow,2,2,2,0.39919547152664997
