,flop,board_type,0b,1b,2b,profit
0,"[14, 9, 6]",rainbow,1,1,1,0.2178730535310687
1,"[14, 9, 6]",rainbow,8,6,4,0.39834553303192527
2,"[14, 9, 6]",rainbow,10,7,5,0.49702750364638265
