,flop,board_type,0b,1b,2b,profit
0,"[14, 9, 5]",rainbow,1,1,1,0.23245240248235302
1,"[14, 9, 5]",rainbow,2,2,2,0.23431404095098046
2,"[14, 9, 5]",rainbow,8,6,4,0.3177268734274511
3,"[14, 9, 5]",rainbow,10,7,5,0.38834975925588266
