,flop,board_type,0b,1b,2b,profit
0,"[14, 8, 8]",rainbow,1,1,1,0.3498895480777952
1,"[14, 8, 8]",rainbow,8,6,4,0.8991813658404934
2,"[14, 8, 8]",rainbow,15,10,7,1.0120557936988426
