,flop,board_type,0b,1b,2b,profit
0,"[14, 8, 3]",rainbow,1,1,1,0.25176920285240173
1,"[14, 8, 3]",rainbow,2,2,2,0.2535254734183407
2,"[14, 8, 3]",rainbow,8,6,4,0.3006869848209608
3,"[14, 8, 3]",rainbow,10,7,5,0.39969757250480353
