,flop,board_type,0b,1b,2b,profit
0,"[14, 8, 2]",rainbow,1,1,1,0.23479607365261668
1,"[14, 8, 2]",rainbow,8,6,4,0.245625097880514
2,"[14, 8, 2]",rainbow,10,7,5,0.3376360367147651
