,flop,board_type,0b,1b,2b,profit
0,"[14, 7, 5]",rainbow,1,1,1,0.4109326526704214
1,"[14, 7, 5]",rainbow,8,6,4,0.5745003923349198
2,"[14, 7, 5]",rainbow,10,7,5,0.6653359855392635
