,flop,board_type,0b,1b,2b,profit
0,"[14, 7, 4]",rainbow,1,1,1,0.3429152750890158
1,"[14, 7, 4]",rainbow,8,6,4,0.4577437118679719
2,"[14, 7, 4]",rainbow,10,7,5,0.5573076685765473
