,flop,board_type,0b,1b,2b,profit
0,"[14, 5, 4]",rainbow,1,1,1,0.2407680630893267
1,"[14, 5, 4]",rainbow,8,6,4,0.3696940643621532
2,"[14, 5, 4]",rainbow,10,7,5,0.42194922563817616
