,flop,board_type,0b,1b,2b,profit
0,"[14, 4, 2]",rainbow,1,1,1,0.1435561067167751
1,"[14, 4, 2]",rainbow,2,2,2,0.14726038837611352
2,"[14, 4, 2]",rainbow,8,6,4,0.4293623206552945
3,"[14, 4, 2]",rainbow,10,7,5,0.5214573253637206
