,flop,board_type,0b,1b,2b,profit
0,"[13, 13, 13]",rainbow,1,1,1,0.7583741877660477
1,"[13, 13, 13]",rainbow,8,6,4,1.4350649097663264
