,flop,board_type,0b,1b,2b,profit
0,"[13, 13, 9]",rainbow,1,1,1,0.8504917369145543
1,"[13, 13, 9]",rainbow,2,2,2,0.8524955095774213
2,"[13, 13, 9]",rainbow,3,2,2,1.0131561587736493
