,flop,board_type,0b,1b,2b,profit
0,"[13, 13, 8]",rainbow,1,1,1,0.7226388380766996
1,"[13, 13, 8]",rainbow,8,6,4,0.8245100889801693
2,"[13, 13, 8]",rainbow,10,7,5,0.848733307512643
