,flop,board_type,0b,1b,2b,profit
0,"[13, 13, 5]",rainbow,1,1,1,0.5820094837457264
1,"[13, 13, 5]",rainbow,2,2,2,0.5841162201496296
2,"[13, 13, 5]",rainbow,8,6,4,0.7113318539607659
3,"[13, 13, 5]",rainbow,10,7,5,0.8360594821769022
