,flop,board_type,0b,1b,2b,profit
0,"[13, 12, 12]",rainbow,1,1,1,0.721489199230234
1,"[13, 12, 12]",rainbow,2,2,2,0.866222845728337
2,"[13, 12, 12]",rainbow,3,2,2,0.8995165898963442
3,"[13, 12, 12]",rainbow,4,3,2,0.9001398507916795
4,"[13, 12, 12]",rainbow,8,6,4,1.2609661584134981
