,flop,board_type,0b,1b,2b,profit
0,"[13, 12, 4]",rainbow,1,1,1,0.6772364785361402
1,"[13, 12, 4]",rainbow,2,2,2,0.759706317092485
