,flop,board_type,0b,1b,2b,profit
0,"[13, 9, 7]",rainbow,1,1,1,0.8140605197091465
1,"[13, 9, 7]",rainbow,2,2,2,0.8415966601607346
2,"[13, 9, 7]",rainbow,8,6,4,0.93934480171578
3,"[13, 9, 7]",rainbow,10,7,5,0.9913481893924574
