,flop,board_type,0b,1b,2b,profit
0,"[13, 9, 5]",rainbow,1,1,1,0.7237035997130788
1,"[13, 9, 5]",rainbow,2,2,2,0.7244744592687735
