,flop,board_type,0b,1b,2b,profit
0,"[13, 7, 7]",rainbow,1,1,1,0.7349226817973553
1,"[13, 7, 7]",rainbow,8,6,4,1.1758166025064756
2,"[13, 7, 7]",rainbow,10,7,5,1.2711503544505869
