,flop,board_type,0b,1b,2b,profit
0,"[13, 6, 5]",rainbow,1,1,1,0.7253056466509231
1,"[13, 6, 5]",rainbow,8,6,4,0.8594628774205664
2,"[13, 6, 5]",rainbow,10,7,5,0.9967408493482797
