,flop,board_type,0b,1b,2b,profit
0,"[13, 5, 3]",rainbow,1,1,1,0.6465515924535371
1,"[13, 5, 3]",rainbow,8,6,4,0.750158691283573
2,"[13, 5, 3]",rainbow,10,7,5,0.8296369626872006
