,flop,board_type,0b,1b,2b,profit
0,"[13, 3, 2]",rainbow,1,1,1,0.6160772505446217
1,"[13, 3, 2]",rainbow,8,6,4,0.6828148961716841
2,"[13, 3, 2]",rainbow,10,7,5,0.750895502975781
