,flop,board_type,0b,1b,2b,profit
0,"[12, 11, 8]",rainbow,1,1,1,1.0881531954468446
1,"[12, 11, 8]",rainbow,2,2,2,1.2631412664586035
