,flop,board_type,0b,1b,2b,profit
0,"[12, 10, 5]",rainbow,1,1,1,0.7914832750538504
1,"[12, 10, 5]",rainbow,2,2,2,0.795581570021864
