,flop,board_type,0b,1b,2b,profit
0,"[12, 7, 5]",rainbow,1,1,1,0.9391936610161845
1,"[12, 7, 5]",rainbow,10,7,5,0.9622966332742909
