,flop,board_type,0b,1b,2b,profit
0,"[11, 5, 5]",rainbow,1,1,1,0.6082122622317031
1,"[11, 5, 5]",rainbow,2,2,2,0.6094766423596981
2,"[11, 5, 5]",rainbow,8,6,4,0.740514793626518
3,"[11, 5, 5]",rainbow,10,7,5,0.8186331563689053
