,flop,board_type,0b,1b,2b,profit
0,"[10, 10, 4]",rainbow,1,1,1,0.9835145618455631
1,"[10, 10, 4]",rainbow,2,2,2,0.9867982721433821
