,flop,board_type,0b,1b,2b,profit
0,"[10, 9, 9]",rainbow,1,1,1,0.5802839023569072
1,"[10, 9, 9]",rainbow,2,2,2,0.6022501106562114
2,"[10, 9, 9]",rainbow,8,6,4,0.6702265979523034
