,flop,board_type,0b,1b,2b,profit
0,"[9, 9, 6]",rainbow,1,1,1,0.44350189581617333
1,"[9, 9, 6]",rainbow,8,6,4,0.6106777097081846
2,"[9, 9, 6]",rainbow,10,7,5,0.7509177359689397
3,"[9, 9, 6]",rainbow,15,10,7,0.7990167575350665
