,flop,board_type,0b,1b,2b,profit
0,"[9, 8, 8]",rainbow,1,1,1,0.3343755353042276
1,"[9, 8, 8]",rainbow,2,2,2,0.5107248285008534
2,"[9, 8, 8]",rainbow,3,2,2,0.6345952487879131
3,"[9, 8, 8]",rainbow,4,3,2,0.6375663026145074
4,"[9, 8, 8]",rainbow,8,6,4,0.846264624542851
5,"[9, 8, 8]",rainbow,10,7,5,1.0047778700894479
