,flop,board_type,0b,1b,2b,profit
0,"[9, 7, 5]",rainbow,1,1,1,0.8076191571067586
1,"[9, 7, 5]",rainbow,8,6,4,0.8609822350089258
2,"[9, 7, 5]",rainbow,10,7,5,0.9262977297669688
