,flop,board_type,0b,1b,2b,profit
0,"[9, 6, 2]",rainbow,1,1,1,0.30636666835790055
1,"[9, 6, 2]",rainbow,8,6,4,0.3345702881798486
2,"[9, 6, 2]",rainbow,10,7,5,0.38352671841121655
