,flop,board_type,0b,1b,2b,profit
0,"[9, 3, 2]",rainbow,1,1,1,0.16632784899682077
1,"[9, 3, 2]",rainbow,8,6,4,0.3051572399507756
2,"[9, 3, 2]",rainbow,10,7,5,0.3788583235532098
