,flop,board_type,0b,1b,2b,profit
0,"[8, 7, 5]",rainbow,1,1,1,0.7459008730191179
1,"[8, 7, 5]",rainbow,2,2,2,0.8518846467657764
2,"[8, 7, 5]",rainbow,8,6,4,0.9825878554523046
