,flop,board_type,0b,1b,2b,profit
0,"[8, 7, 4]",rainbow,1,1,1,0.6458730450239804
1,"[8, 7, 4]",rainbow,8,6,4,0.8077051506450321
