,flop,board_type,0b,1b,2b,profit
0,"[8, 7, 2]",rainbow,1,1,1,0.5491114018698934
1,"[8, 7, 2]",rainbow,8,6,4,0.5626935534398576
