,flop,board_type,0b,1b,2b,profit
0,"[8, 5, 4]",rainbow,1,1,1,0.4999351628330438
1,"[8, 5, 4]",rainbow,2,2,2,0.5028333760904115
