,flop,board_type,0b,1b,2b,profit
0,"[8, 5, 2]",rainbow,1,1,1,0.41461743939693874
1,"[8, 5, 2]",rainbow,8,6,4,0.4795594468400085
2,"[8, 5, 2]",rainbow,10,7,5,0.5210927889872092
