,flop,board_type,0b,1b,2b,profit
0,"[8, 4, 4]",rainbow,1,1,1,0.38121251501225506
1,"[8, 4, 4]",rainbow,2,2,2,0.38441984315767985
2,"[8, 4, 4]",rainbow,3,2,2,0.3900824460087946
3,"[8, 4, 4]",rainbow,4,3,2,0.4103870115064988
4,"[8, 4, 4]",rainbow,8,6,4,0.5893299178757566
5,"[8, 4, 4]",rainbow,10,7,5,0.8163612302804819
6,"[8, 4, 4]",rainbow,15,10,7,0.9125474592977783
