,flop,board_type,0b,1b,2b,profit
0,"[8, 3, 2]",rainbow,1,1,1,0.3070447853951721
1,"[8, 3, 2]",rainbow,8,6,4,0.40826852681478776
2,"[8, 3, 2]",rainbow,10,7,5,0.5058227617214148
