,flop,board_type,0b,1b,2b,profit
0,"[7, 7, 4]",rainbow,1,1,1,0.6157611598025563
1,"[7, 7, 4]",rainbow,8,6,4,0.7362673613367428
2,"[7, 7, 4]",rainbow,10,7,5,0.8686724034478678
3,"[7, 7, 4]",rainbow,15,10,7,1.0120566854473159
