,flop,board_type,0b,1b,2b,profit
0,"[7, 5, 4]",rainbow,1,1,1,0.5841375510632424
1,"[7, 5, 4]",rainbow,2,2,2,0.587250421255474
2,"[7, 5, 4]",rainbow,8,6,4,0.6733677798121328
