,flop,board_type,0b,1b,2b,profit
0,"[7, 3, 2]",rainbow,1,1,1,0.3420850279354019
1,"[7, 3, 2]",rainbow,8,6,4,0.37413463401913616
2,"[7, 3, 2]",rainbow,10,7,5,0.394984007841951
