,flop,board_type,0b,1b,2b,profit
0,"[5, 5, 3]",rainbow,1,1,1,0.3171021281728219
1,"[5, 5, 3]",rainbow,8,6,4,0.4272711058462852
2,"[5, 5, 3]",rainbow,10,7,5,0.44389399271428864
3,"[5, 5, 3]",rainbow,15,10,7,0.5728424134688663
