,flop,board_type,0b,1b,2b,profit
0,"[5, 4, 4]",rainbow,1,1,1,0.17575590264608323
1,"[5, 4, 4]",rainbow,8,6,4,0.39258960702207496
2,"[5, 4, 4]",rainbow,15,10,7,0.5514740832872123
