,flop,board_type,0b,1b,2b,profit
0,"[4, 2, 2]",rainbow,1,1,1,-0.0005819928692895604
1,"[4, 2, 2]",rainbow,8,6,4,0.1952394185732303
2,"[4, 2, 2]",rainbow,10,7,5,0.23647788139701909
3,"[4, 2, 2]",rainbow,15,10,7,0.31186717766418603
