,flop,board_type,0b,1b,2b,profit
0,"[14, 9, 5]",monotone,1,1,1,1.1816165154902385
1,"[14, 9, 5]",monotone,2,2,2,1.1889896168589598
