,flop,board_type,0b,1b,2b,profit
0,"[13, 10, 3]",monotone,1,1,1,1.5030267884679809
1,"[13, 10, 3]",monotone,2,2,2,1.5525330694216743
