,flop,board_type,0b,1b,2b,profit
0,"[10, 6, 2]",monotone,1,1,1,0.8592088483520651
1,"[10, 6, 2]",monotone,2,2,2,0.8615257248476622
