,flop,board_type,0b,1b,2b,profit
0,"[8, 5, 4]",monotone,1,1,1,-0.386485340906766
1,"[8, 5, 4]",monotone,2,2,2,-0.3818504261887248
