,flop,board_type,0b,1b,2b,profit
0,"[7, 5, 4]",monotone,1,1,1,-1.1533522546373893
1,"[7, 5, 4]",monotone,2,2,2,-1.126366373668096
