,flop,board_type,0b,1b,2b,profit
0,"[6, 3, 2]",monotone,1,1,1,-0.2620321968616638
1,"[6, 3, 2]",monotone,2,2,2,-0.25471180675590865
