,flop,board_type,0b,1b,2b,profit
0,"[14, 13, 10]",rainbow,1,1,1,2.7346159013521922
1,"[14, 13, 10]",rainbow,2,2,2,2.736860775687828
2,"[14, 13, 10]",rainbow,3,2,2,2.7874536159254513
3,"[14, 13, 10]",rainbow,4,3,2,3.0306939572370415
4,"[14, 13, 10]",rainbow,8,6,4,3.273123775059489
5,"[14, 13, 10]",rainbow,10,7,5,3.363996972842333
6,"[14, 13, 10]",rainbow,15,10,7,3.5426013453778182
7,"[14, 13, 10]",rainbow,16,11,8,3.5477114634874782
