,flop,board_type,0b,1b,2b,profit
0,"[14, 13, 7]",rainbow,1,1,1,0.73299008344822
1,"[14, 13, 7]",rainbow,2,2,2,0.8499502669856458
2,"[14, 13, 7]",rainbow,3,2,2,0.9730543599383672
3,"[14, 13, 7]",rainbow,4,3,2,1.2162467685832459
4,"[14, 13, 7]",rainbow,8,6,4,1.5435152109966754
5,"[14, 13, 7]",rainbow,10,7,5,1.7083732237774716
6,"[14, 13, 7]",rainbow,15,10,7,1.8097944416186849
7,"[14, 13, 7]",rainbow,16,11,8,1.8403076996026275
