,flop,board_type,0b,1b,2b,profit
0,"[14, 12, 11]",rainbow,1,1,1,1.67327037504944
1,"[14, 12, 11]",rainbow,2,2,2,1.9808157930125248
2,"[14, 12, 11]",rainbow,3,2,2,2.103867796440343
3,"[14, 12, 11]",rainbow,4,3,2,2.308874088299275
4,"[14, 12, 11]",rainbow,8,6,4,2.535610614271589
5,"[14, 12, 11]",rainbow,10,7,5,2.5974633186552407
6,"[14, 12, 11]",rainbow,15,10,7,2.9255608830916287
7,"[14, 12, 11]",rainbow,16,11,8,2.9424331092287406
