,flop,board_type,0b,1b,2b,profit
0,"[14, 12, 9]",rainbow,1,1,1,0.5035014010582008
1,"[14, 12, 9]",rainbow,2,2,2,0.7626313015873016
2,"[14, 12, 9]",rainbow,3,2,2,0.8286892275132274
3,"[14, 12, 9]",rainbow,4,3,2,0.8968008846560849
4,"[14, 12, 9]",rainbow,8,6,4,1.2033295333333336
5,"[14, 12, 9]",rainbow,10,7,5,1.2035243301587304
6,"[14, 12, 9]",rainbow,15,10,7,1.5449615439153443
7,"[14, 12, 9]",rainbow,16,11,8,1.5573288465608466
