,flop,board_type,0b,1b,2b,profit
0,"[14, 12, 7]",rainbow,1,1,1,0.3725995922077923
1,"[14, 12, 7]",rainbow,2,2,2,0.49066029090909086
2,"[14, 12, 7]",rainbow,3,2,2,0.6183200389610388
3,"[14, 12, 7]",rainbow,4,3,2,0.8654468831168836
4,"[14, 12, 7]",rainbow,8,6,4,1.2130207532467532
5,"[14, 12, 7]",rainbow,10,7,5,1.3619397558441557
6,"[14, 12, 7]",rainbow,15,10,7,1.5192064051948053
7,"[14, 12, 7]",rainbow,16,11,8,1.559380574025974
