,flop,board_type,0b,1b,2b,profit
0,"[14, 12, 3]",rainbow,1,1,1,0.6421009653560374
1,"[14, 12, 3]",rainbow,2,2,2,0.7400184784210525
2,"[14, 12, 3]",rainbow,3,2,2,0.8852805232507743
3,"[14, 12, 3]",rainbow,4,3,2,0.967612492229102
4,"[14, 12, 3]",rainbow,8,6,4,1.5692263484520121
5,"[14, 12, 3]",rainbow,10,7,5,1.6784168052012387
6,"[14, 12, 3]",rainbow,15,10,7,1.8740134095356038
7,"[14, 12, 3]",rainbow,16,11,8,1.9581388321052633
