,flop,board_type,0b,1b,2b,profit
0,"[14, 11, 6]",rainbow,1,1,1,0.6847261128812017
1,"[14, 11, 6]",rainbow,2,2,2,0.6849661197086938
2,"[14, 11, 6]",rainbow,3,2,2,0.8493823281747837
3,"[14, 11, 6]",rainbow,4,3,2,1.081543647701411
4,"[14, 11, 6]",rainbow,8,6,4,1.5246393190714613
5,"[14, 11, 6]",rainbow,10,7,5,1.6382013436504326
6,"[14, 11, 6]",rainbow,15,10,7,1.8678870446062814
7,"[14, 11, 6]",rainbow,16,11,8,1.9053311602184797
