,flop,board_type,0b,1b,2b,profit
0,"[14, 11, 5]",rainbow,1,1,1,0.6398491799095026
1,"[14, 11, 5]",rainbow,2,2,2,0.64379462841629
2,"[14, 11, 5]",rainbow,3,2,2,0.8048739954751132
3,"[14, 11, 5]",rainbow,4,3,2,1.0384744514027147
4,"[14, 11, 5]",rainbow,8,6,4,1.6030405685067874
5,"[14, 11, 5]",rainbow,10,7,5,1.724433171764706
6,"[14, 11, 5]",rainbow,15,10,7,1.8939282827149324
7,"[14, 11, 5]",rainbow,16,11,8,1.9513046510407244
