,flop,board_type,0b,1b,2b,profit
0,"[14, 10, 4]",rainbow,1,1,1,0.16535550239382216
1,"[14, 10, 4]",rainbow,8,6,4,1.046502296833977
2,"[14, 10, 4]",rainbow,10,7,5,1.124931646826255
3,"[14, 10, 4]",rainbow,15,10,7,1.3472243428571424
4,"[14, 10, 4]",rainbow,16,11,8,1.3986993503011584
