,flop,board_type,0b,1b,2b,profit
0,"[14, 10, 3]",rainbow,1,1,1,0.1615277991969111
1,"[14, 10, 3]",rainbow,2,2,2,0.1632282668416987
2,"[14, 10, 3]",rainbow,3,2,2,0.2675920442625478
3,"[14, 10, 3]",rainbow,4,3,2,0.5032214572664093
4,"[14, 10, 3]",rainbow,8,6,4,1.0440503701003858
5,"[14, 10, 3]",rainbow,10,7,5,1.1252395507027027
6,"[14, 10, 3]",rainbow,15,10,7,1.3477819912895748
7,"[14, 10, 3]",rainbow,16,11,8,1.402675147212355
