,flop,board_type,0b,1b,2b,profit
0,"[14, 9, 5]",rainbow,1,1,1,0.6867371985226223
1,"[14, 9, 5]",rainbow,2,2,2,0.6874089732225299
2,"[14, 9, 5]",rainbow,3,2,2,0.8624608033240997
3,"[14, 9, 5]",rainbow,4,3,2,1.088595030470914
4,"[14, 9, 5]",rainbow,8,6,4,1.2737165466297324
5,"[14, 9, 5]",rainbow,10,7,5,1.3681076620498613
6,"[14, 9, 5]",rainbow,15,10,7,1.5876508808864263
7,"[14, 9, 5]",rainbow,16,11,8,1.6193996306555862
