,flop,board_type,0b,1b,2b,profit
0,"[14, 7, 6]",rainbow,1,1,1,0.675763113599027
1,"[14, 7, 6]",rainbow,2,2,2,0.8104066431396412
2,"[14, 7, 6]",rainbow,3,2,2,0.8888544935807726
3,"[14, 7, 6]",rainbow,4,3,2,0.9582673224216613
4,"[14, 7, 6]",rainbow,8,6,4,1.3084124122299974
5,"[14, 7, 6]",rainbow,10,7,5,1.4529607813811989
6,"[14, 7, 6]",rainbow,15,10,7,1.9404463207788254
7,"[14, 7, 6]",rainbow,16,11,8,2.0198858691816244
