,flop,board_type,0b,1b,2b,profit
0,"[13, 13, 12]",rainbow,1,1,1,0.6472298031914893
1,"[13, 13, 12]",rainbow,2,2,2,0.7121997340425531
2,"[13, 13, 12]",rainbow,3,2,2,0.9043767021276596
3,"[13, 13, 12]",rainbow,4,3,2,0.9062857553191488
4,"[13, 13, 12]",rainbow,8,6,4,1.2510059893617023
5,"[13, 13, 12]",rainbow,10,7,5,1.251825085106383
6,"[13, 13, 12]",rainbow,15,10,7,2.075295914893617
7,"[13, 13, 12]",rainbow,16,11,8,2.143647962765957
