,flop,board_type,0b,1b,2b,profit
0,"[13, 13, 11]",rainbow,1,1,1,0.6939329137055839
1,"[13, 13, 11]",rainbow,2,2,2,0.7595520812182743
2,"[13, 13, 11]",rainbow,3,2,2,0.9409313045685277
3,"[13, 13, 11]",rainbow,8,6,4,1.2569104467005077
4,"[13, 13, 11]",rainbow,15,10,7,1.9563874619289336
5,"[13, 13, 11]",rainbow,16,11,8,2.019346710659899
