,flop,board_type,0b,1b,2b,profit
0,"[13, 12, 11]",rainbow,1,1,1,0.8147632206875568
1,"[13, 12, 11]",rainbow,2,2,2,0.9437342127776084
2,"[13, 12, 11]",rainbow,3,2,2,1.190203834438698
3,"[13, 12, 11]",rainbow,4,3,2,1.2230478043200486
4,"[13, 12, 11]",rainbow,8,6,4,1.4586638585944631
5,"[13, 12, 11]",rainbow,10,7,5,1.4738797145725584
6,"[13, 12, 11]",rainbow,15,10,7,2.0359518446607847
7,"[13, 12, 11]",rainbow,16,11,8,2.0826104657134166
