,flop,board_type,0b,1b,2b,profit
0,"[13, 12, 6]",rainbow,1,1,1,0.6238219999999997
1,"[13, 12, 6]",rainbow,2,2,2,0.6892762386363634
2,"[13, 12, 6]",rainbow,3,2,2,0.911758522727273
3,"[13, 12, 6]",rainbow,4,3,2,1.0478607499999997
4,"[13, 12, 6]",rainbow,8,6,4,1.1647846931818182
5,"[13, 12, 6]",rainbow,10,7,5,1.1672264886363637
6,"[13, 12, 6]",rainbow,15,10,7,1.3019700909090908
7,"[13, 12, 6]",rainbow,16,11,8,1.3231165625000003
