,flop,board_type,0b,1b,2b,profit
0,"[13, 11, 11]",rainbow,1,1,1,0.5558422659090909
1,"[13, 11, 11]",rainbow,2,2,2,0.6401733363636364
2,"[13, 11, 11]",rainbow,3,2,2,0.8088542354545456
3,"[13, 11, 11]",rainbow,4,3,2,0.8543131645454546
4,"[13, 11, 11]",rainbow,8,6,4,1.1548591696590909
5,"[13, 11, 11]",rainbow,10,7,5,1.2048235788636363
6,"[13, 11, 11]",rainbow,15,10,7,1.822649022159091
7,"[13, 11, 11]",rainbow,16,11,8,1.8822955590909094
