,flop,board_type,0b,1b,2b,profit
0,"[13, 11, 6]",rainbow,1,1,1,0.5946502359550561
1,"[13, 11, 6]",rainbow,2,2,2,0.672934814606742
2,"[13, 11, 6]",rainbow,3,2,2,0.8824873595505621
3,"[13, 11, 6]",rainbow,4,3,2,1.0215869101123594
4,"[13, 11, 6]",rainbow,8,6,4,1.128909988764045
5,"[13, 11, 6]",rainbow,10,7,5,1.129508606741573
6,"[13, 11, 6]",rainbow,15,10,7,1.2653055280898875
7,"[13, 11, 6]",rainbow,16,11,8,1.2896994044943821
