,flop,board_type,0b,1b,2b,profit
0,"[13, 11, 3]",rainbow,1,1,1,0.4577064615384618
1,"[13, 11, 3]",rainbow,2,2,2,0.5335215384615383
2,"[13, 11, 3]",rainbow,3,2,2,0.7420558241758243
3,"[13, 11, 3]",rainbow,8,6,4,1.0859533406593405
4,"[13, 11, 3]",rainbow,16,11,8,1.1544397802197806
