,flop,board_type,0b,1b,2b,profit
0,"[13, 10, 10]",rainbow,1,1,1,0.4346696094674559
1,"[13, 10, 10]",rainbow,2,2,2,0.5159426576500422
2,"[13, 10, 10]",rainbow,3,2,2,0.6858716948436178
3,"[13, 10, 10]",rainbow,4,3,2,0.741020672020287
4,"[13, 10, 10]",rainbow,8,6,4,1.0842375883347422
5,"[13, 10, 10]",rainbow,10,7,5,1.125088053254438
6,"[13, 10, 10]",rainbow,15,10,7,1.581632021978022
7,"[13, 10, 10]",rainbow,16,11,8,1.621085114116653
