,flop,board_type,0b,1b,2b,profit
0,"[13, 9, 3]",rainbow,1,1,1,0.8792143924604725
1,"[13, 9, 3]",rainbow,8,6,4,1.3915517487701228
2,"[13, 9, 3]",rainbow,15,10,7,1.4029071209864536
3,"[13, 9, 3]",rainbow,16,11,8,1.417301222789211
