,flop,board_type,0b,1b,2b,profit
0,"[13, 7, 3]",rainbow,1,1,1,0.8345317289586442
1,"[13, 7, 3]",rainbow,2,2,2,0.8415384392755871
2,"[13, 7, 3]",rainbow,8,6,4,1.494936503968427
3,"[13, 7, 3]",rainbow,10,7,5,1.4960479556444408
4,"[13, 7, 3]",rainbow,15,10,7,1.5523933319324281
5,"[13, 7, 3]",rainbow,16,11,8,1.628549034293195
