,flop,board_type,0b,1b,2b,profit
0,"[13, 7, 2]",rainbow,1,1,1,0.8328608895265422
1,"[13, 7, 2]",rainbow,8,6,4,1.4863010629972617
2,"[13, 7, 2]",rainbow,15,10,7,1.5379478609625672
3,"[13, 7, 2]",rainbow,16,11,8,1.6181810669101346
