,flop,board_type,0b,1b,2b,profit
0,"[13, 6, 5]",rainbow,1,1,1,1.2258941891891892
1,"[13, 6, 5]",rainbow,2,2,2,1.302752616216216
2,"[13, 6, 5]",rainbow,3,2,2,1.3985644594594593
3,"[13, 6, 5]",rainbow,8,6,4,1.9534259243243244
4,"[13, 6, 5]",rainbow,16,11,8,2.0404610000000005
