,flop,board_type,0b,1b,2b,profit
0,"[13, 5, 5]",rainbow,1,1,1,1.0717945396825397
1,"[13, 5, 5]",rainbow,2,2,2,1.0730396190476186
2,"[13, 5, 5]",rainbow,4,3,2,1.1871497142857141
3,"[13, 5, 5]",rainbow,8,6,4,1.927041
4,"[13, 5, 5]",rainbow,10,7,5,1.9276019999999998
5,"[13, 5, 5]",rainbow,16,11,8,2.049264
