,flop,board_type,0b,1b,2b,profit
0,"[13, 5, 4]",rainbow,1,1,1,1.1318690476190474
1,"[13, 5, 4]",rainbow,2,2,2,1.2023748253968254
2,"[13, 5, 4]",rainbow,3,2,2,1.2951254285714289
3,"[13, 5, 4]",rainbow,8,6,4,1.971857142857143
4,"[13, 5, 4]",rainbow,16,11,8,2.0744897142857144
