,flop,board_type,0b,1b,2b,profit
0,"[13, 4, 3]",rainbow,1,1,1,1.0207919374999996
1,"[13, 4, 3]",rainbow,3,2,2,1.1166210000000003
2,"[13, 4, 3]",rainbow,8,6,4,1.893999671875
3,"[13, 4, 3]",rainbow,15,10,7,1.8955613750000004
4,"[13, 4, 3]",rainbow,16,11,8,2.01352625
