,flop,board_type,0b,1b,2b,profit
0,"[12, 12, 10]",rainbow,1,1,1,-0.3738764540502987
1,"[12, 12, 10]",rainbow,2,2,2,-0.09600347636256723
2,"[12, 12, 10]",rainbow,3,2,2,-0.018048488529495366
3,"[12, 12, 10]",rainbow,4,3,2,0.20907456819428627
4,"[12, 12, 10]",rainbow,8,6,4,0.3141347511096473
5,"[12, 12, 10]",rainbow,10,7,5,0.483915553257695
6,"[12, 12, 10]",rainbow,15,10,7,0.761129457587632
7,"[12, 12, 10]",rainbow,16,11,8,0.7818139653266601
