,flop,board_type,0b,1b,2b,profit
0,"[12, 12, 4]",rainbow,1,1,1,-0.31197478602975937
1,"[12, 12, 4]",rainbow,8,6,4,0.2015668493151589
2,"[12, 12, 4]",rainbow,10,7,5,0.25287311016614966
3,"[12, 12, 4]",rainbow,15,10,7,0.7285104473026972
4,"[12, 12, 4]",rainbow,16,11,8,0.8291367148838009
