,flop,board_type,0b,1b,2b,profit
0,"[12, 11, 7]",rainbow,1,1,1,-0.5623671444067796
1,"[12, 11, 7]",rainbow,2,2,2,-0.2995468433898303
2,"[12, 11, 7]",rainbow,3,2,2,-0.16763386576271155
3,"[12, 11, 7]",rainbow,4,3,2,0.006881396610169288
4,"[12, 11, 7]",rainbow,15,10,7,0.18253508610169467
5,"[12, 11, 7]",rainbow,16,11,8,0.18336749152542353
