,flop,board_type,0b,1b,2b,profit
0,"[12, 10, 9]",rainbow,1,1,1,0.6628874192022263
1,"[12, 10, 9]",rainbow,2,2,2,0.8114575295192386
2,"[12, 10, 9]",rainbow,3,2,2,0.9204361821408408
3,"[12, 10, 9]",rainbow,4,3,2,1.2084116931314022
4,"[12, 10, 9]",rainbow,15,10,7,1.3935438504960873
