,flop,board_type,0b,1b,2b,profit
0,"[12, 10, 5]",rainbow,1,1,1,-0.4195385796703295
1,"[12, 10, 5]",rainbow,2,2,2,-0.1655567115384613
2,"[12, 10, 5]",rainbow,3,2,2,-0.05352853021977999
3,"[12, 10, 5]",rainbow,4,3,2,0.20521056043956043
4,"[12, 10, 5]",rainbow,8,6,4,0.36385688461538435
5,"[12, 10, 5]",rainbow,10,7,5,0.42820701236263725
6,"[12, 10, 5]",rainbow,16,11,8,0.4379579958791211
