,flop,board_type,0b,1b,2b,profit
0,"[12, 8, 6]",rainbow,1,1,1,-0.15322796189632232
1,"[12, 8, 6]",rainbow,2,2,2,-0.015831540983606396
2,"[12, 8, 6]",rainbow,3,2,2,0.09424560035445295
3,"[12, 8, 6]",rainbow,4,3,2,0.29926307842268485
4,"[12, 8, 6]",rainbow,8,6,4,0.45488864864864853
5,"[12, 8, 6]",rainbow,10,7,5,0.5836939122729287
6,"[12, 8, 6]",rainbow,15,10,7,0.6652152875498448
7,"[12, 8, 6]",rainbow,16,11,8,0.7075634975631367
