,flop,board_type,0b,1b,2b,profit
0,"[12, 7, 3]",rainbow,1,1,1,-0.33738375762393424
1,"[12, 7, 3]",rainbow,2,2,2,-0.33083016938863996
2,"[12, 7, 3]",rainbow,3,2,2,-0.328992128053187
3,"[12, 7, 3]",rainbow,4,3,2,-0.22369372582743152
4,"[12, 7, 3]",rainbow,8,6,4,0.19737393250469726
5,"[12, 7, 3]",rainbow,10,7,5,0.25497166700390217
6,"[12, 7, 3]",rainbow,15,10,7,0.5204693126174302
7,"[12, 7, 3]",rainbow,16,11,8,0.5860476515392399
