,flop,board_type,0b,1b,2b,profit
0,"[12, 6, 6]",rainbow,1,1,1,0.133253062566845
1,"[12, 6, 6]",rainbow,8,6,4,0.7866239179679145
2,"[12, 6, 6]",rainbow,10,7,5,1.0187039638502673
3,"[12, 6, 6]",rainbow,15,10,7,1.1169924552941177
4,"[12, 6, 6]",rainbow,16,11,8,1.1871812853475934
