,flop,board_type,0b,1b,2b,profit
0,"[11, 10, 6]",rainbow,1,1,1,0.40346136252860426
1,"[11, 10, 6]",rainbow,2,2,2,0.61503146006865
2,"[11, 10, 6]",rainbow,3,2,2,0.7710385074942795
3,"[11, 10, 6]",rainbow,4,3,2,0.8622519149885588
4,"[11, 10, 6]",rainbow,15,10,7,0.9547527499999999
5,"[11, 10, 6]",rainbow,16,11,8,0.9552254077231119
