,flop,board_type,0b,1b,2b,profit
0,"[11, 9, 7]",rainbow,1,1,1,0.5704694991578947
1,"[11, 9, 7]",rainbow,2,2,2,0.8140742334736842
2,"[11, 9, 7]",rainbow,3,2,2,0.8152110806315789
3,"[11, 9, 7]",rainbow,15,10,7,0.942511482736842
