,flop,board_type,0b,1b,2b,profit
0,"[11, 9, 6]",rainbow,1,1,1,0.4924108348045398
1,"[11, 9, 6]",rainbow,2,2,2,0.6993439979823457
2,"[11, 9, 6]",rainbow,3,2,2,0.7677957407314
3,"[11, 9, 6]",rainbow,4,3,2,0.815745797730139
4,"[11, 9, 6]",rainbow,15,10,7,0.8995655767969734
5,"[11, 9, 6]",rainbow,16,11,8,0.9015752615384617
