,flop,board_type,0b,1b,2b,profit
0,"[11, 9, 4]",rainbow,1,1,1,0.3116474928013161
1,"[11, 9, 4]",rainbow,2,2,2,0.40617236528177686
2,"[11, 9, 4]",rainbow,3,2,2,0.5498763549979433
3,"[11, 9, 4]",rainbow,4,3,2,0.6462614471410939
4,"[11, 9, 4]",rainbow,8,6,4,0.7297274965034963
5,"[11, 9, 4]",rainbow,10,7,5,0.7650197840394899
6,"[11, 9, 4]",rainbow,15,10,7,0.7652468004936237
7,"[11, 9, 4]",rainbow,16,11,8,0.7867011197038257
