,flop,board_type,0b,1b,2b,profit
0,"[11, 9, 2]",rainbow,1,1,1,0.31057122583299024
1,"[11, 9, 2]",rainbow,2,2,2,0.4053105421637186
2,"[11, 9, 2]",rainbow,3,2,2,0.5495573739201975
3,"[11, 9, 2]",rainbow,4,3,2,0.6391514014808719
4,"[11, 9, 2]",rainbow,8,6,4,0.7315659547511313
5,"[11, 9, 2]",rainbow,15,10,7,0.7661650041135335
6,"[11, 9, 2]",rainbow,16,11,8,0.7790303196215549
