,flop,board_type,0b,1b,2b,profit
0,"[11, 8, 8]",rainbow,1,1,1,0.23255325139116217
1,"[11, 8, 8]",rainbow,2,2,2,0.3280261833060558
2,"[11, 8, 8]",rainbow,3,2,2,0.46181692896890364
3,"[11, 8, 8]",rainbow,4,3,2,0.5571386049099838
4,"[11, 8, 8]",rainbow,8,6,4,0.8245623600654668
5,"[11, 8, 8]",rainbow,10,7,5,0.8968036278232406
6,"[11, 8, 8]",rainbow,15,10,7,1.2052903214402622
7,"[11, 8, 8]",rainbow,16,11,8,1.2269686474631756
