,flop,board_type,0b,1b,2b,profit
0,"[11, 8, 5]",rainbow,1,1,1,0.2563720046071575
1,"[11, 8, 5]",rainbow,2,2,2,0.45517741341011947
2,"[11, 8, 5]",rainbow,3,2,2,0.5930984454134102
3,"[11, 8, 5]",rainbow,4,3,2,0.6911721392019743
4,"[11, 8, 5]",rainbow,10,7,5,0.8308654966680378
5,"[11, 8, 5]",rainbow,15,10,7,0.9279152276429454
6,"[11, 8, 5]",rainbow,16,11,8,0.9545773439736731
