,flop,board_type,0b,1b,2b,profit
0,"[11, 7, 2]",rainbow,1,1,1,0.014093387692307835
1,"[11, 7, 2]",rainbow,8,6,4,0.4426930618623483
2,"[11, 7, 2]",rainbow,10,7,5,0.574500251497976
3,"[11, 7, 2]",rainbow,15,10,7,0.7087492021052633
4,"[11, 7, 2]",rainbow,16,11,8,0.7494698869635628
