,flop,board_type,0b,1b,2b,profit
0,"[11, 4, 2]",rainbow,1,1,1,0.10148748923076938
1,"[11, 4, 2]",rainbow,2,2,2,0.10440499604395585
2,"[11, 4, 2]",rainbow,8,6,4,0.648624305054945
3,"[11, 4, 2]",rainbow,10,7,5,0.8014056237362637
4,"[11, 4, 2]",rainbow,15,10,7,0.9589075973626375
5,"[11, 4, 2]",rainbow,16,11,8,1.047224654945055
