,flop,board_type,0b,1b,2b,profit
0,"[10, 9, 9]",rainbow,1,1,1,0.6613274266782918
1,"[10, 9, 9]",rainbow,2,2,2,0.8579571159546643
2,"[10, 9, 9]",rainbow,3,2,2,0.9924347340889277
3,"[10, 9, 9]",rainbow,4,3,2,1.0937679532693987
4,"[10, 9, 9]",rainbow,15,10,7,1.4026315229293813
