,flop,board_type,0b,1b,2b,profit
0,"[10, 9, 2]",rainbow,1,1,1,0.4881117826458038
1,"[10, 9, 2]",rainbow,2,2,2,0.6897878445519205
2,"[10, 9, 2]",rainbow,3,2,2,0.8356548410810809
3,"[10, 9, 2]",rainbow,4,3,2,0.9348564392034142
4,"[10, 9, 2]",rainbow,10,7,5,0.9350612650355618
5,"[10, 9, 2]",rainbow,15,10,7,0.935671212233286
