,flop,board_type,0b,1b,2b,profit
0,"[10, 5, 2]",rainbow,1,1,1,0.5584481000000001
1,"[10, 5, 2]",rainbow,8,6,4,1.2252315570769232
2,"[10, 5, 2]",rainbow,10,7,5,1.3415267329230767
3,"[10, 5, 2]",rainbow,15,10,7,1.4526488009230765
4,"[10, 5, 2]",rainbow,16,11,8,1.493849697230769
