,flop,board_type,0b,1b,2b,profit
0,"[9, 9, 4]",rainbow,1,1,1,0.8806036224444047
1,"[9, 9, 4]",rainbow,8,6,4,1.3042454964580348
2,"[9, 9, 4]",rainbow,10,7,5,1.4247188152977048
3,"[9, 9, 4]",rainbow,15,10,7,1.5974746738791252
4,"[9, 9, 4]",rainbow,16,11,8,1.6204035099085372
