,flop,board_type,0b,1b,2b,profit
0,"[9, 7, 7]",rainbow,1,1,1,0.639275640554017
1,"[9, 7, 7]",rainbow,2,2,2,0.643433312797784
2,"[9, 7, 7]",rainbow,3,2,2,0.7016864152908591
3,"[9, 7, 7]",rainbow,4,3,2,0.7669987920221611
4,"[9, 7, 7]",rainbow,8,6,4,0.9251279064819944
5,"[9, 7, 7]",rainbow,10,7,5,1.1480235633795015
6,"[9, 7, 7]",rainbow,15,10,7,1.3159479632132967
