,flop,board_type,0b,1b,2b,profit
0,"[9, 6, 5]",rainbow,1,1,1,1.2151200698932927
1,"[9, 6, 5]",rainbow,8,6,4,1.4509390759146341
2,"[9, 6, 5]",rainbow,10,7,5,1.6124244225609758
3,"[9, 6, 5]",rainbow,15,10,7,1.7170121283536588
4,"[9, 6, 5]",rainbow,16,11,8,1.7299124923018296
