,flop,board_type,0b,1b,2b,profit
0,"[9, 5, 3]",rainbow,1,1,1,0.8809200507920547
1,"[9, 5, 3]",rainbow,2,2,2,0.9835425406084991
2,"[9, 5, 3]",rainbow,3,2,2,1.060987892884084
3,"[9, 5, 3]",rainbow,4,3,2,1.1837785129494596
4,"[9, 5, 3]",rainbow,8,6,4,1.3380688614533571
5,"[9, 5, 3]",rainbow,10,7,5,1.4384308071410612
6,"[9, 5, 3]",rainbow,15,10,7,1.6135147161176766
7,"[9, 5, 3]",rainbow,16,11,8,1.6224475891375407
