,flop,board_type,0b,1b,2b,profit
0,"[9, 3, 2]",rainbow,1,1,1,0.7234365008790393
1,"[9, 3, 2]",rainbow,8,6,4,1.1806556153027117
2,"[9, 3, 2]",rainbow,10,7,5,1.3083658855515665
3,"[9, 3, 2]",rainbow,15,10,7,1.47927527032314
4,"[9, 3, 2]",rainbow,16,11,8,1.502584552878544
