,flop,board_type,0b,1b,2b,profit
0,"[8, 7, 3]",rainbow,1,1,1,0.3098157036437247
1,"[8, 7, 3]",rainbow,2,2,2,0.44389665748987883
2,"[8, 7, 3]",rainbow,3,2,2,0.5433278639676116
3,"[8, 7, 3]",rainbow,4,3,2,0.7285891465587044
4,"[8, 7, 3]",rainbow,8,6,4,0.8464364089068828
5,"[8, 7, 3]",rainbow,10,7,5,0.9426781004048583
6,"[8, 7, 3]",rainbow,15,10,7,1.4634790599190284
7,"[8, 7, 3]",rainbow,16,11,8,1.4688061740890688
