,flop,board_type,0b,1b,2b,profit
0,"[8, 6, 6]",rainbow,1,1,1,0.6169281009380864
1,"[8, 6, 6]",rainbow,2,2,2,0.6170654818011257
2,"[8, 6, 6]",rainbow,3,2,2,0.6704331587242026
3,"[8, 6, 6]",rainbow,4,3,2,0.7445372258911818
4,"[8, 6, 6]",rainbow,8,6,4,1.0748860015009383
5,"[8, 6, 6]",rainbow,10,7,5,1.5421163478424016
6,"[8, 6, 6]",rainbow,15,10,7,1.6747471114446528
7,"[8, 6, 6]",rainbow,16,11,8,1.7125730780487807
