,flop,board_type,0b,1b,2b,profit
0,"[8, 5, 5]",rainbow,1,1,1,0.5242803568156493
1,"[8, 5, 5]",rainbow,2,2,2,0.6396252939210103
2,"[8, 5, 5]",rainbow,8,6,4,1.0187643341587223
3,"[8, 5, 5]",rainbow,10,7,5,1.3936906649746197
4,"[8, 5, 5]",rainbow,15,10,7,1.6129141473319306
5,"[8, 5, 5]",rainbow,16,11,8,1.6742088157731834
