,flop,board_type,0b,1b,2b,profit
0,"[8, 5, 2]",rainbow,1,1,1,0.6260947326977839
1,"[8, 5, 2]",rainbow,2,2,2,0.7410195847468121
2,"[8, 5, 2]",rainbow,8,6,4,1.1403924419957907
3,"[8, 5, 2]",rainbow,10,7,5,1.2502351737031077
4,"[8, 5, 2]",rainbow,15,10,7,1.731282292930544
5,"[8, 5, 2]",rainbow,16,11,8,1.7992201451033805
