,flop,board_type,0b,1b,2b,profit
0,"[8, 4, 4]",rainbow,1,1,1,0.39653544719512235
1,"[8, 4, 4]",rainbow,2,2,2,0.3968028887804883
2,"[8, 4, 4]",rainbow,3,2,2,0.4507060476829269
3,"[8, 4, 4]",rainbow,4,3,2,0.594340913292683
4,"[8, 4, 4]",rainbow,8,6,4,0.9066391118292688
5,"[8, 4, 4]",rainbow,10,7,5,1.1169372064634149
6,"[8, 4, 4]",rainbow,15,10,7,1.4903260454878053
7,"[8, 4, 4]",rainbow,16,11,8,1.5514145589024393
