,flop,board_type,0b,1b,2b,profit
0,"[7, 6, 2]",rainbow,1,1,1,0.5749753610253854
1,"[7, 6, 2]",rainbow,2,2,2,0.7106212472872073
2,"[7, 6, 2]",rainbow,3,2,2,0.7540509609756098
3,"[7, 6, 2]",rainbow,4,3,2,0.8526590165754107
4,"[7, 6, 2]",rainbow,8,6,4,1.0516648640119461
5,"[7, 6, 2]",rainbow,10,7,5,1.1305129599800896
6,"[7, 6, 2]",rainbow,15,10,7,1.8163479590343452
7,"[7, 6, 2]",rainbow,16,11,8,1.8610811909407663
