,flop,board_type,0b,1b,2b,profit
0,"[7, 5, 3]",rainbow,1,1,1,0.8151230944567629
1,"[7, 5, 3]",rainbow,8,6,4,1.2012830702143387
2,"[7, 5, 3]",rainbow,10,7,5,1.3467290088691795
3,"[7, 5, 3]",rainbow,15,10,7,1.9831658115299338
4,"[7, 5, 3]",rainbow,16,11,8,2.0657228493717663
