,flop,board_type,0b,1b,2b,profit
0,"[7, 4, 3]",rainbow,1,1,1,0.6789773175100108
1,"[7, 4, 3]",rainbow,8,6,4,1.0842599376774664
2,"[7, 4, 3]",rainbow,10,7,5,1.2277873429923551
3,"[7, 4, 3]",rainbow,15,10,7,1.853982151292319
4,"[7, 4, 3]",rainbow,16,11,8,1.9352229812886783
