,flop,board_type,0b,1b,2b,profit
0,"[7, 3, 2]",rainbow,1,1,1,0.44177001097560986
1,"[7, 3, 2]",rainbow,2,2,2,0.4433335253658537
2,"[7, 3, 2]",rainbow,8,6,4,0.8492524421951222
3,"[7, 3, 2]",rainbow,10,7,5,0.9206729658536585
4,"[7, 3, 2]",rainbow,15,10,7,1.621509147317073
5,"[7, 3, 2]",rainbow,16,11,8,1.7074637709756102
