,flop,board_type,0b,1b,2b,profit
0,"[7, 2, 2]",rainbow,1,1,1,0.3126788555365855
1,"[7, 2, 2]",rainbow,8,6,4,0.7016438299268298
2,"[7, 2, 2]",rainbow,10,7,5,0.7681735833170732
3,"[7, 2, 2]",rainbow,15,10,7,1.4742749244390247
4,"[7, 2, 2]",rainbow,16,11,8,1.5558753058048786
