,flop,board_type,0b,1b,2b,profit
0,"[4, 4, 2]",rainbow,1,1,1,0.91475938597561
1,"[4, 4, 2]",rainbow,2,2,2,0.9171350429878049
2,"[4, 4, 2]",rainbow,8,6,4,1.2473830674569335
3,"[4, 4, 2]",rainbow,10,7,5,1.5341850123145149
4,"[4, 4, 2]",rainbow,15,10,7,2.264235953716101
5,"[4, 4, 2]",rainbow,16,11,8,2.3640940499509644
