,flop,board_type,0b,1b,2b,profit
0,"[2, 2, 2]",rainbow,1,1,1,0.8990847953648063
1,"[2, 2, 2]",rainbow,2,2,2,0.9020989749025535
2,"[2, 2, 2]",rainbow,8,6,4,1.2116755259416296
3,"[2, 2, 2]",rainbow,10,7,5,1.4921366483426737
4,"[2, 2, 2]",rainbow,15,10,7,2.1898419660510906
5,"[2, 2, 2]",rainbow,16,11,8,2.300414262437447
