,flop,board_type,0b,1b,2b,profit
0,"[14, 14, 12]",two-tone,1,1,1,1.1241106515591401
1,"[14, 14, 12]",two-tone,2,2,2,2.631405319826673
2,"[14, 14, 12]",two-tone,3,2,2,2.7492527358120684
3,"[14, 14, 12]",two-tone,4,3,2,3.2498815989239294
4,"[14, 14, 12]",two-tone,8,6,4,4.106514347425774
5,"[14, 14, 12]",two-tone,10,7,5,4.6900155211862735
6,"[14, 14, 12]",two-tone,15,10,7,7.507915541334724
7,"[14, 14, 12]",two-tone,16,11,8,8.075480465947681
