,flop,board_type,0b,1b,2b,profit
0,"[14, 13, 12]",two-tone,1,1,1,3.00479426902998
1,"[14, 13, 12]",two-tone,2,2,2,3.3429488435772154
2,"[14, 13, 12]",two-tone,3,2,2,3.4722559895859284
3,"[14, 13, 12]",two-tone,4,3,2,4.708752045175029
4,"[14, 13, 12]",two-tone,8,6,4,5.092998914355867
5,"[14, 13, 12]",two-tone,10,7,5,5.403597609883154
6,"[14, 13, 12]",two-tone,15,10,7,8.119450539159438
7,"[14, 13, 12]",two-tone,16,11,8,8.257657918817594
