,flop,board_type,0b,1b,2b,profit
0,"[14, 12, 12]",two-tone,1,1,1,2.0587380182926838
1,"[14, 12, 12]",two-tone,2,2,2,3.8496030121951215
2,"[14, 12, 12]",two-tone,3,2,2,3.9404783926829268
3,"[14, 12, 12]",two-tone,4,3,2,4.45065213902439
4,"[14, 12, 12]",two-tone,8,6,4,5.116064353658537
5,"[14, 12, 12]",two-tone,10,7,5,5.624188437804878
6,"[14, 12, 12]",two-tone,15,10,7,8.315370071138211
7,"[14, 12, 12]",two-tone,16,11,8,8.730292725203253
