,flop,board_type,0b,1b,2b,profit
0,"[14, 11, 11]",two-tone,1,1,1,2.3828553755813964
1,"[14, 11, 11]",two-tone,8,6,4,4.004347751085271
2,"[14, 11, 11]",two-tone,10,7,5,4.4451392580620155
3,"[14, 11, 11]",two-tone,15,10,7,6.92589324868217
4,"[14, 11, 11]",two-tone,16,11,8,7.40758848503876
