,flop,board_type,0b,1b,2b,profit
0,"[14, 11, 10]",two-tone,1,1,1,9.402958987892346
1,"[14, 11, 10]",two-tone,2,2,2,10.023870378719055
2,"[14, 11, 10]",two-tone,3,2,2,10.08049346491256
3,"[14, 11, 10]",two-tone,4,3,2,10.965645573579378
4,"[14, 11, 10]",two-tone,8,6,4,11.128541539475357
5,"[14, 11, 10]",two-tone,10,7,5,11.1288668302521
6,"[14, 11, 10]",two-tone,15,10,7,13.600285909523054
7,"[14, 11, 10]",two-tone,16,11,8,13.63036023080627
