,flop,board_type,0b,1b,2b,profit
0,"[14, 9, 9]",two-tone,1,1,1,1.2441588149601737
1,"[14, 9, 9]",two-tone,8,6,4,2.9931511104709614
2,"[14, 9, 9]",two-tone,10,7,5,4.089013207601888
3,"[14, 9, 9]",two-tone,15,10,7,6.080728150568403
4,"[14, 9, 9]",two-tone,16,11,8,6.556243551523471
