,flop,board_type,0b,1b,2b,profit
0,"[14, 9, 6]",two-tone,1,1,1,0.2838064108537619
1,"[14, 9, 6]",two-tone,2,2,2,0.5435304145271059
2,"[14, 9, 6]",two-tone,3,2,2,0.6355978724093262
3,"[14, 9, 6]",two-tone,4,3,2,0.8956186418490444
4,"[14, 9, 6]",two-tone,8,6,4,1.9896959736195976
5,"[14, 9, 6]",two-tone,10,7,5,2.3474006470013924
6,"[14, 9, 6]",two-tone,15,10,7,5.442592495833655
7,"[14, 9, 6]",two-tone,16,11,8,5.7826373472662596
