,flop,board_type,0b,1b,2b,profit
0,"[14, 8, 7]",two-tone,1,1,1,0.5363716648351655
1,"[14, 8, 7]",two-tone,2,2,2,1.078713151648352
2,"[14, 8, 7]",two-tone,3,2,2,1.3250358335164834
3,"[14, 8, 7]",two-tone,4,3,2,1.916525579120879
4,"[14, 8, 7]",two-tone,8,6,4,2.8842178461538457
5,"[14, 8, 7]",two-tone,10,7,5,4.51783246062271
6,"[14, 8, 7]",two-tone,15,10,7,5.983321765384614
7,"[14, 8, 7]",two-tone,16,11,8,6.5044864241758225
