,flop,board_type,0b,1b,2b,profit
0,"[14, 8, 6]",two-tone,1,1,1,0.5298006155954923
1,"[14, 8, 6]",two-tone,2,2,2,0.7923383341646357
2,"[14, 8, 6]",two-tone,3,2,2,0.9765739842369785
3,"[14, 8, 6]",two-tone,4,3,2,1.3311642111635693
4,"[14, 8, 6]",two-tone,8,6,4,1.9876033584754802
5,"[14, 8, 6]",two-tone,10,7,5,2.396396005939689
6,"[14, 8, 6]",two-tone,15,10,7,5.506148671032592
7,"[14, 8, 6]",two-tone,16,11,8,6.112975419043176
