,flop,board_type,0b,1b,2b,profit
0,"[14, 8, 3]",two-tone,1,1,1,1.0548225672480047
1,"[14, 8, 3]",two-tone,8,6,4,2.7562641494235884
2,"[14, 8, 3]",two-tone,10,7,5,3.0966005642181487
3,"[14, 8, 3]",two-tone,15,10,7,6.152682840673957
4,"[14, 8, 3]",two-tone,16,11,8,6.7527189388117055
