,flop,board_type,0b,1b,2b,profit
0,"[14, 6, 6]",two-tone,1,1,1,1.2998496864061
1,"[14, 6, 6]",two-tone,8,6,4,2.5017867358889
2,"[14, 6, 6]",two-tone,10,7,5,2.707612026110456
3,"[14, 6, 6]",two-tone,15,10,7,5.0694133719710806
4,"[14, 6, 6]",two-tone,16,11,8,5.855941675829486
