,flop,board_type,0b,1b,2b,profit
0,"[14, 5, 2]",two-tone,1,1,1,2.1309661083819993
1,"[14, 5, 2]",two-tone,2,2,2,2.131024494915836
2,"[14, 5, 2]",two-tone,3,2,2,2.346692103160426
3,"[14, 5, 2]",two-tone,4,3,2,3.1031490803503954
4,"[14, 5, 2]",two-tone,8,6,4,3.6978548683613877
5,"[14, 5, 2]",two-tone,10,7,5,3.999684516420474
6,"[14, 5, 2]",two-tone,15,10,7,6.080989319890071
7,"[14, 5, 2]",two-tone,16,11,8,6.8276215628993455
