,flop,board_type,0b,1b,2b,profit
0,"[13, 13, 9]",two-tone,1,1,1,-0.1965320383483824
1,"[13, 13, 9]",two-tone,8,6,4,2.567441124763571
2,"[13, 13, 9]",two-tone,10,7,5,2.6321243656763524
3,"[13, 13, 9]",two-tone,15,10,7,4.205947439460845
4,"[13, 13, 9]",two-tone,16,11,8,4.366509410794469
