,flop,board_type,0b,1b,2b,profit
0,"[13, 12, 11]",two-tone,1,1,1,3.9856283036840607
1,"[13, 12, 11]",two-tone,2,2,2,5.753668534033699
2,"[13, 12, 11]",two-tone,3,2,2,6.0786488114316
3,"[13, 12, 11]",two-tone,4,3,2,6.82127261410387
4,"[13, 12, 11]",two-tone,8,6,4,7.475369173391538
5,"[13, 12, 11]",two-tone,10,7,5,7.596680606645995
6,"[13, 12, 11]",two-tone,15,10,7,9.28219763890498
7,"[13, 12, 11]",two-tone,16,11,8,9.498923558129002
