,flop,board_type,0b,1b,2b,profit
0,"[13, 11, 8]",two-tone,1,1,1,0.4969631638519374
1,"[13, 11, 8]",two-tone,2,2,2,0.9496062411605932
2,"[13, 11, 8]",two-tone,3,2,2,1.5679873346057442
3,"[13, 11, 8]",two-tone,4,3,2,2.6280569438210892
4,"[13, 11, 8]",two-tone,8,6,4,3.6663857938692876
5,"[13, 11, 8]",two-tone,10,7,5,3.796993910699825
6,"[13, 11, 8]",two-tone,15,10,7,5.74132832889917
7,"[13, 11, 8]",two-tone,16,11,8,5.872119009022555
