,flop,board_type,0b,1b,2b,profit
0,"[13, 8, 4]",two-tone,1,1,1,1.1523070933360753
1,"[13, 8, 4]",two-tone,2,2,2,1.1706022882147256
2,"[13, 8, 4]",two-tone,3,2,2,1.3516117565336612
3,"[13, 8, 4]",two-tone,4,3,2,1.8221119099273264
4,"[13, 8, 4]",two-tone,8,6,4,3.6660839001011243
5,"[13, 8, 4]",two-tone,10,7,5,3.9369730889705874
6,"[13, 8, 4]",two-tone,15,10,7,5.66717023375497
7,"[13, 8, 4]",two-tone,16,11,8,5.881656256962154
