,flop,board_type,0b,1b,2b,profit
0,"[13, 8, 2]",two-tone,1,1,1,1.0153462358626952
1,"[13, 8, 2]",two-tone,2,2,2,1.0188379373318996
2,"[13, 8, 2]",two-tone,3,2,2,1.0195849563105162
3,"[13, 8, 2]",two-tone,4,3,2,1.2256522088488426
4,"[13, 8, 2]",two-tone,8,6,4,3.4357148810432347
5,"[13, 8, 2]",two-tone,10,7,5,3.702965412074704
6,"[13, 8, 2]",two-tone,15,10,7,5.673622562281468
7,"[13, 8, 2]",two-tone,16,11,8,6.001531749025013
