,flop,board_type,0b,1b,2b,profit
0,"[13, 6, 3]",two-tone,1,1,1,1.7542363327917583
1,"[13, 6, 3]",two-tone,2,2,2,1.9555720578561517
2,"[13, 6, 3]",two-tone,8,6,4,3.7163260528036446
3,"[13, 6, 3]",two-tone,10,7,5,3.988954962849217
4,"[13, 6, 3]",two-tone,15,10,7,5.375277738240539
5,"[13, 6, 3]",two-tone,16,11,8,5.841051932534179
