,flop,board_type,0b,1b,2b,profit
0,"[13, 5, 4]",two-tone,1,1,1,2.058251140890728
1,"[13, 5, 4]",two-tone,2,2,2,2.2610190979279343
2,"[13, 5, 4]",two-tone,3,2,2,2.3687637210236527
3,"[13, 5, 4]",two-tone,4,3,2,2.4726079916628656
4,"[13, 5, 4]",two-tone,8,6,4,3.9471289618915746
5,"[13, 5, 4]",two-tone,10,7,5,4.243476507180557
6,"[13, 5, 4]",two-tone,15,10,7,5.490787930087313
7,"[13, 5, 4]",two-tone,16,11,8,5.989482830266503
