,flop,board_type,0b,1b,2b,profit
0,"[13, 5, 3]",two-tone,1,1,1,2.0650649250380964
1,"[13, 5, 3]",two-tone,2,2,2,2.0661460013860515
2,"[13, 5, 3]",two-tone,3,2,2,2.1679341057598167
3,"[13, 5, 3]",two-tone,4,3,2,2.280229901710275
4,"[13, 5, 3]",two-tone,8,6,4,3.7401995089290923
5,"[13, 5, 3]",two-tone,10,7,5,4.0254958578883375
6,"[13, 5, 3]",two-tone,15,10,7,5.286681180126771
7,"[13, 5, 3]",two-tone,16,11,8,5.818770196149855
