,flop,board_type,0b,1b,2b,profit
0,"[13, 5, 2]",two-tone,1,1,1,1.8979936603195906
1,"[13, 5, 2]",two-tone,2,2,2,1.9026173903883037
2,"[13, 5, 2]",two-tone,8,6,4,3.613519539777885
3,"[13, 5, 2]",two-tone,10,7,5,3.886569094165868
4,"[13, 5, 2]",two-tone,15,10,7,5.299571634821029
5,"[13, 5, 2]",two-tone,16,11,8,5.812090436610739
