,flop,board_type,0b,1b,2b,profit
0,"[13, 4, 4]",two-tone,1,1,1,0.993496904528604
1,"[13, 4, 4]",two-tone,2,2,2,1.0018607317657402
2,"[13, 4, 4]",two-tone,8,6,4,2.6957466033269424
3,"[13, 4, 4]",two-tone,15,10,7,3.243578069721955
4,"[13, 4, 4]",two-tone,16,11,8,3.848587356812081
