,flop,board_type,0b,1b,2b,profit
0,"[12, 12, 6]",two-tone,1,1,1,0.24421912219272834
1,"[12, 12, 6]",two-tone,2,2,2,0.25137405319021355
2,"[12, 12, 6]",two-tone,3,2,2,0.2514475609908151
3,"[12, 12, 6]",two-tone,4,3,2,0.7077429016124184
4,"[12, 12, 6]",two-tone,8,6,4,2.6942186603653746
5,"[12, 12, 6]",two-tone,10,7,5,3.110418451076288
6,"[12, 12, 6]",two-tone,15,10,7,3.9324025362867285
7,"[12, 12, 6]",two-tone,16,11,8,4.401128901174188
