,flop,board_type,0b,1b,2b,profit
0,"[12, 11, 7]",two-tone,1,1,1,0.4748445688068528
1,"[12, 11, 7]",two-tone,2,2,2,0.9523750759740746
2,"[12, 11, 7]",two-tone,3,2,2,1.6579493665403262
3,"[12, 11, 7]",two-tone,4,3,2,2.9077615484858237
4,"[12, 11, 7]",two-tone,8,6,4,3.8853460949628547
5,"[12, 11, 7]",two-tone,10,7,5,4.023174706543737
6,"[12, 11, 7]",two-tone,15,10,7,5.953244441760156
7,"[12, 11, 7]",two-tone,16,11,8,6.005230934998483
