,flop,board_type,0b,1b,2b,profit
0,"[12, 11, 5]",two-tone,1,1,1,1.178489138977389
1,"[12, 11, 5]",two-tone,2,2,2,1.6362825834752603
2,"[12, 11, 5]",two-tone,3,2,2,2.2518733187343996
3,"[12, 11, 5]",two-tone,4,3,2,3.5822138393994996
4,"[12, 11, 5]",two-tone,8,6,4,4.326197555817794
5,"[12, 11, 5]",two-tone,10,7,5,4.538725531100424
6,"[12, 11, 5]",two-tone,15,10,7,6.477966031012333
7,"[12, 11, 5]",two-tone,16,11,8,6.586661611826456
