,flop,board_type,0b,1b,2b,profit
0,"[12, 9, 7]",two-tone,1,1,1,0.3879951737055841
1,"[12, 9, 7]",two-tone,2,2,2,0.8675391955329931
2,"[12, 9, 7]",two-tone,3,2,2,1.5182795495503978
3,"[12, 9, 7]",two-tone,4,3,2,2.6043429544162433
4,"[12, 9, 7]",two-tone,8,6,4,3.3416930495649013
5,"[12, 9, 7]",two-tone,10,7,5,3.787328083321245
6,"[12, 9, 7]",two-tone,15,10,7,5.4017175705366185
7,"[12, 9, 7]",two-tone,16,11,8,5.460479348063813
