,flop,board_type,0b,1b,2b,profit
0,"[12, 9, 6]",two-tone,1,1,1,0.3317383665108523
1,"[12, 9, 6]",two-tone,2,2,2,1.045508428970555
2,"[12, 9, 6]",two-tone,3,2,2,1.5759519452503752
3,"[12, 9, 6]",two-tone,4,3,2,2.485719552976573
4,"[12, 9, 6]",two-tone,8,6,4,3.172314828067912
5,"[12, 9, 6]",two-tone,10,7,5,3.452110549645389
6,"[12, 9, 6]",two-tone,15,10,7,5.369256130668385
7,"[12, 9, 6]",two-tone,16,11,8,5.37298637954008
