,flop,board_type,0b,1b,2b,profit
0,"[12, 9, 5]",two-tone,1,1,1,0.74827559267667
1,"[12, 9, 5]",two-tone,2,2,2,0.9759563165618301
2,"[12, 9, 5]",two-tone,3,2,2,1.764140868069367
3,"[12, 9, 5]",two-tone,4,3,2,3.1114611173630378
4,"[12, 9, 5]",two-tone,8,6,4,3.483610113820852
5,"[12, 9, 5]",two-tone,10,7,5,3.7543039446427935
6,"[12, 9, 5]",two-tone,15,10,7,5.695854348165652
