,flop,board_type,0b,1b,2b,profit
0,"[12, 8, 8]",two-tone,1,1,1,-0.38286025738916196
1,"[12, 8, 8]",two-tone,2,2,2,-0.38088096959887396
2,"[12, 8, 8]",two-tone,3,2,2,-0.13660690124911978
3,"[12, 8, 8]",two-tone,4,3,2,0.8928138282723428
4,"[12, 8, 8]",two-tone,8,6,4,2.6411532837790297
5,"[12, 8, 8]",two-tone,10,7,5,2.810680322519353
6,"[12, 8, 8]",two-tone,15,10,7,4.153063618719213
7,"[12, 8, 8]",two-tone,16,11,8,4.491328606755807
