,flop,board_type,0b,1b,2b,profit
0,"[12, 8, 5]",two-tone,1,1,1,0.6828204434674237
1,"[12, 8, 5]",two-tone,2,2,2,0.9272458221543305
2,"[12, 8, 5]",two-tone,3,2,2,1.270395583673751
3,"[12, 8, 5]",two-tone,4,3,2,2.3297549110295637
4,"[12, 8, 5]",two-tone,8,6,4,3.3720505533822607
5,"[12, 8, 5]",two-tone,10,7,5,3.7001351611507296
6,"[12, 8, 5]",two-tone,15,10,7,5.57884446998546
7,"[12, 8, 5]",two-tone,16,11,8,5.782110270719379
