,flop,board_type,0b,1b,2b,profit
0,"[11, 11, 9]",two-tone,1,1,1,0.2774894570813531
1,"[11, 11, 9]",two-tone,2,2,2,0.7555755653074545
2,"[11, 11, 9]",two-tone,3,2,2,0.9044003958788309
3,"[11, 11, 9]",two-tone,4,3,2,1.242743898010356
4,"[11, 11, 9]",two-tone,8,6,4,1.7738301443958882
5,"[11, 11, 9]",two-tone,10,7,5,1.947908601859388
6,"[11, 11, 9]",two-tone,15,10,7,3.3927391542618834
7,"[11, 11, 9]",two-tone,16,11,8,3.5543106560101028
