,flop,board_type,0b,1b,2b,profit
0,"[11, 11, 4]",two-tone,1,1,1,0.819595984769127
1,"[11, 11, 4]",two-tone,2,2,2,0.8260405238367265
2,"[11, 11, 4]",two-tone,3,2,2,0.8321846334834417
3,"[11, 11, 4]",two-tone,4,3,2,0.9921409401967483
4,"[11, 11, 4]",two-tone,8,6,4,1.7879779053059535
5,"[11, 11, 4]",two-tone,10,7,5,2.097363134440472
6,"[11, 11, 4]",two-tone,15,10,7,2.560156927415945
7,"[11, 11, 4]",two-tone,16,11,8,3.064350437201392
