,flop,board_type,0b,1b,2b,profit
0,"[11, 10, 9]",two-tone,1,1,1,3.332464785493545
1,"[11, 10, 9]",two-tone,2,2,2,4.198979112865914
2,"[11, 10, 9]",two-tone,3,2,2,4.448960736372346
3,"[11, 10, 9]",two-tone,4,3,2,5.402905853324954
4,"[11, 10, 9]",two-tone,8,6,4,5.710232093608856
5,"[11, 10, 9]",two-tone,10,7,5,5.90713134475815
6,"[11, 10, 9]",two-tone,15,10,7,7.215877841667781
7,"[11, 10, 9]",two-tone,16,11,8,7.306622398878002
