,flop,board_type,0b,1b,2b,profit
0,"[11, 10, 8]",two-tone,1,1,1,2.9535242601211222
1,"[11, 10, 8]",two-tone,2,2,2,5.224172682744337
2,"[11, 10, 8]",two-tone,3,2,2,5.5433326147340605
3,"[11, 10, 8]",two-tone,4,3,2,6.263337022882992
4,"[11, 10, 8]",two-tone,8,6,4,6.662393440308676
5,"[11, 10, 8]",two-tone,10,7,5,6.815901184948569
6,"[11, 10, 8]",two-tone,15,10,7,7.958202940647188
7,"[11, 10, 8]",two-tone,16,11,8,8.064728428120935
