,flop,board_type,0b,1b,2b,profit
0,"[11, 10, 7]",two-tone,1,1,1,1.832099408663465
1,"[11, 10, 7]",two-tone,2,2,2,3.644440986519607
2,"[11, 10, 7]",two-tone,3,2,2,4.063883605142055
3,"[11, 10, 7]",two-tone,4,3,2,5.130801365546216
4,"[11, 10, 7]",two-tone,8,6,4,5.8161187144607815
5,"[11, 10, 7]",two-tone,10,7,5,5.9049855160064
6,"[11, 10, 7]",two-tone,15,10,7,7.077038607993195
7,"[11, 10, 7]",two-tone,16,11,8,7.12940508443377
