,flop,board_type,0b,1b,2b,profit
0,"[11, 10, 4]",two-tone,1,1,1,1.1801495466329954
1,"[11, 10, 4]",two-tone,2,2,2,2.7294620546296287
2,"[11, 10, 4]",two-tone,3,2,2,3.0242787117845107
3,"[11, 10, 4]",two-tone,4,3,2,3.5501138087892814
4,"[11, 10, 4]",two-tone,8,6,4,4.2277523853675625
5,"[11, 10, 4]",two-tone,10,7,5,4.405147175519079
6,"[11, 10, 4]",two-tone,15,10,7,6.080718743055554
7,"[11, 10, 4]",two-tone,16,11,8,6.149165960269357
