,flop,board_type,0b,1b,2b,profit
0,"[11, 9, 9]",two-tone,1,1,1,0.22327002919580385
1,"[11, 9, 9]",two-tone,2,2,2,0.7009824388482728
2,"[11, 9, 9]",two-tone,3,2,2,0.8828010831532109
3,"[11, 9, 9]",two-tone,4,3,2,1.20107650034965
4,"[11, 9, 9]",two-tone,8,6,4,1.7658797407130742
5,"[11, 9, 9]",two-tone,10,7,5,1.9297947904799748
6,"[11, 9, 9]",two-tone,15,10,7,3.331707443446705
7,"[11, 9, 9]",two-tone,16,11,8,3.532703907326764
