,flop,board_type,0b,1b,2b,profit
0,"[11, 7, 3]",two-tone,1,1,1,1.502398445157257
1,"[11, 7, 3]",two-tone,8,6,4,4.2264990380724425
2,"[11, 7, 3]",two-tone,10,7,5,4.571656842948084
3,"[11, 7, 3]",two-tone,15,10,7,6.126814603878799
4,"[11, 7, 3]",two-tone,16,11,8,6.34855390031583
