,flop,board_type,0b,1b,2b,profit
0,"[11, 5, 5]",two-tone,1,1,1,0.9991972218471912
1,"[11, 5, 5]",two-tone,2,2,2,0.9996772888507495
2,"[11, 5, 5]",two-tone,3,2,2,1.0078389711988314
3,"[11, 5, 5]",two-tone,4,3,2,1.2093391219043996
4,"[11, 5, 5]",two-tone,8,6,4,1.991201151449276
5,"[11, 5, 5]",two-tone,10,7,5,2.2544036853928304
6,"[11, 5, 5]",two-tone,15,10,7,2.8270552496631067
7,"[11, 5, 5]",two-tone,16,11,8,3.288321523328249
