,flop,board_type,0b,1b,2b,profit
0,"[11, 5, 2]",two-tone,1,1,1,1.9126003759947108
1,"[11, 5, 2]",two-tone,8,6,4,3.8969851576208754
2,"[11, 5, 2]",two-tone,10,7,5,4.2174001751762775
3,"[11, 5, 2]",two-tone,15,10,7,5.68274788190632
4,"[11, 5, 2]",two-tone,16,11,8,6.11188233781793
