,flop,board_type,0b,1b,2b,profit
0,"[11, 4, 4]",two-tone,1,1,1,0.9099696222960214
1,"[11, 4, 4]",two-tone,8,6,4,1.8513745894233193
2,"[11, 4, 4]",two-tone,10,7,5,2.1001549623079834
3,"[11, 4, 4]",two-tone,15,10,7,2.529287805351297
4,"[11, 4, 4]",two-tone,16,11,8,3.034517614309997
