,flop,board_type,0b,1b,2b,profit
0,"[10, 10, 2]",two-tone,1,1,1,-0.1735238672471202
1,"[10, 10, 2]",two-tone,2,2,2,-0.1699214874011643
2,"[10, 10, 2]",two-tone,8,6,4,1.6235439161634213
3,"[10, 10, 2]",two-tone,10,7,5,2.0854371385580435
4,"[10, 10, 2]",two-tone,15,10,7,3.1348967239623455
5,"[10, 10, 2]",two-tone,16,11,8,3.56531768158236
