,flop,board_type,0b,1b,2b,profit
0,"[10, 9, 3]",two-tone,1,1,1,0.9379932394088663
1,"[10, 9, 3]",two-tone,2,2,2,2.24368774729064
2,"[10, 9, 3]",two-tone,3,2,2,3.2527022226600977
3,"[10, 9, 3]",two-tone,4,3,2,4.783594022660098
4,"[10, 9, 3]",two-tone,8,6,4,5.320752893103447
5,"[10, 9, 3]",two-tone,10,7,5,5.447848161083743
6,"[10, 9, 3]",two-tone,15,10,7,6.713230724630542
7,"[10, 9, 3]",two-tone,16,11,8,6.773672293596059
