,flop,board_type,0b,1b,2b,profit
0,"[10, 9, 2]",two-tone,1,1,1,0.7045308485436892
1,"[10, 9, 2]",two-tone,2,2,2,1.9903606839805832
2,"[10, 9, 2]",two-tone,3,2,2,2.9865891995145617
3,"[10, 9, 2]",two-tone,4,3,2,4.386693467961164
4,"[10, 9, 2]",two-tone,8,6,4,4.911700775242718
5,"[10, 9, 2]",two-tone,10,7,5,5.001780848543689
6,"[10, 9, 2]",two-tone,15,10,7,6.536976737378641
7,"[10, 9, 2]",two-tone,16,11,8,6.654844127669903
