,flop,board_type,0b,1b,2b,profit
0,"[10, 8, 2]",two-tone,1,1,1,0.544664028409091
1,"[10, 8, 2]",two-tone,2,2,2,0.969276413875598
2,"[10, 8, 2]",two-tone,3,2,2,1.680200321770334
3,"[10, 8, 2]",two-tone,4,3,2,2.5807699138755975
4,"[10, 8, 2]",two-tone,8,6,4,3.0521273319377977
5,"[10, 8, 2]",two-tone,10,7,5,4.234948319976075
6,"[10, 8, 2]",two-tone,15,10,7,6.985900084031099
7,"[10, 8, 2]",two-tone,16,11,8,7.197730619019137
