,flop,board_type,0b,1b,2b,profit
0,"[10, 7, 4]",two-tone,1,1,1,0.8461029910192214
1,"[10, 7, 4]",two-tone,2,2,2,1.2640630254756902
2,"[10, 7, 4]",two-tone,3,2,2,1.3665370627039248
3,"[10, 7, 4]",two-tone,4,3,2,2.0751889866774347
4,"[10, 7, 4]",two-tone,8,6,4,2.9684819170602483
5,"[10, 7, 4]",two-tone,10,7,5,4.136081628512356
6,"[10, 7, 4]",two-tone,15,10,7,6.343365560310126
7,"[10, 7, 4]",two-tone,16,11,8,6.472033871130671
