,flop,board_type,0b,1b,2b,profit
0,"[10, 6, 6]",two-tone,1,1,1,0.14359642277294815
1,"[10, 6, 6]",two-tone,8,6,4,3.0303560034589374
2,"[10, 6, 6]",two-tone,10,7,5,3.6868108998003226
3,"[10, 6, 6]",two-tone,15,10,7,4.718039752302738
4,"[10, 6, 6]",two-tone,16,11,8,4.860481200238326
