,flop,board_type,0b,1b,2b,profit
0,"[10, 6, 5]",two-tone,1,1,1,1.0887932777535303
1,"[10, 6, 5]",two-tone,2,2,2,1.3143568987933243
2,"[10, 6, 5]",two-tone,3,2,2,1.5067620735686775
3,"[10, 6, 5]",two-tone,4,3,2,2.43326621689987
4,"[10, 6, 5]",two-tone,8,6,4,3.343071425237483
5,"[10, 6, 5]",two-tone,10,7,5,4.55279107351091
6,"[10, 6, 5]",two-tone,15,10,7,6.502430449951859
7,"[10, 6, 5]",two-tone,16,11,8,6.6422343178883185
