,flop,board_type,0b,1b,2b,profit
0,"[10, 5, 4]",two-tone,1,1,1,1.4990063529644275
1,"[10, 5, 4]",two-tone,2,2,2,1.6934081910847616
2,"[10, 5, 4]",two-tone,3,2,2,1.793982410057093
3,"[10, 5, 4]",two-tone,4,3,2,2.5813291456302148
4,"[10, 5, 4]",two-tone,8,6,4,3.6550036310935443
5,"[10, 5, 4]",two-tone,10,7,5,4.877897990469917
6,"[10, 5, 4]",two-tone,15,10,7,6.682849921739131
7,"[10, 5, 4]",two-tone,16,11,8,6.8872419727272725
