,flop,board_type,0b,1b,2b,profit
0,"[10, 4, 4]",two-tone,1,1,1,0.5875296967040062
1,"[10, 4, 4]",two-tone,2,2,2,0.5902307118483423
2,"[10, 4, 4]",two-tone,3,2,2,0.5904907113744082
3,"[10, 4, 4]",two-tone,4,3,2,1.30165271210685
4,"[10, 4, 4]",two-tone,8,6,4,2.546964031581216
5,"[10, 4, 4]",two-tone,10,7,5,3.178555394571305
6,"[10, 4, 4]",two-tone,15,10,7,4.064133315747523
7,"[10, 4, 4]",two-tone,16,11,8,4.378612565618268
