,flop,board_type,0b,1b,2b,profit
0,"[10, 4, 2]",two-tone,1,1,1,1.3577054668953683
1,"[10, 4, 2]",two-tone,2,2,2,1.3585197271012006
2,"[10, 4, 2]",two-tone,3,2,2,1.4511467710120067
3,"[10, 4, 2]",two-tone,4,3,2,2.1973304547169814
4,"[10, 4, 2]",two-tone,8,6,4,3.3195200507718687
5,"[10, 4, 2]",two-tone,10,7,5,4.420229261921097
6,"[10, 4, 2]",two-tone,15,10,7,6.300514314065179
7,"[10, 4, 2]",two-tone,16,11,8,6.622527770154372
