,flop,board_type,0b,1b,2b,profit
0,"[9, 9, 5]",two-tone,1,1,1,0.4282462250563308
1,"[9, 9, 5]",two-tone,2,2,2,0.43232968507896063
2,"[9, 9, 5]",two-tone,3,2,2,0.6139635300715216
3,"[9, 9, 5]",two-tone,4,3,2,1.0506045245845828
4,"[9, 9, 5]",two-tone,8,6,4,1.7299258813269274
5,"[9, 9, 5]",two-tone,10,7,5,2.6151074385782955
6,"[9, 9, 5]",two-tone,15,10,7,4.043370447443828
7,"[9, 9, 5]",two-tone,16,11,8,4.128839022659001
