,flop,board_type,0b,1b,2b,profit
0,"[9, 7, 7]",two-tone,1,1,1,0.3381371706153846
1,"[9, 7, 7]",two-tone,2,2,2,0.5537779880865387
2,"[9, 7, 7]",two-tone,3,2,2,0.7413469653269235
3,"[9, 7, 7]",two-tone,4,3,2,1.0208336006346157
4,"[9, 7, 7]",two-tone,8,6,4,1.9327442344423078
5,"[9, 7, 7]",two-tone,10,7,5,3.073980947942307
6,"[9, 7, 7]",two-tone,15,10,7,4.6858092569038465
7,"[9, 7, 7]",two-tone,16,11,8,4.741362842153846
