,flop,board_type,0b,1b,2b,profit
0,"[9, 4, 4]",two-tone,1,1,1,0.9832790104640665
1,"[9, 4, 4]",two-tone,8,6,4,2.227132854514265
2,"[9, 4, 4]",two-tone,10,7,5,2.8161698383261102
3,"[9, 4, 4]",two-tone,15,10,7,4.233101084786927
4,"[9, 4, 4]",two-tone,16,11,8,4.3785112187432285
