,flop,board_type,0b,1b,2b,profit
0,"[9, 4, 2]",two-tone,1,1,1,1.1107587230679368
1,"[9, 4, 2]",two-tone,8,6,4,2.234173163173975
2,"[9, 4, 2]",two-tone,10,7,5,2.829493916498921
3,"[9, 4, 2]",two-tone,15,10,7,4.057953496207763
4,"[9, 4, 2]",two-tone,16,11,8,4.184379866175413
