,flop,board_type,0b,1b,2b,profit
0,"[9, 2, 2]",two-tone,1,1,1,0.6809916048870845
1,"[9, 2, 2]",two-tone,8,6,4,1.6991672955187012
2,"[9, 2, 2]",two-tone,10,7,5,2.3413971586097384
3,"[9, 2, 2]",two-tone,15,10,7,3.5615669890613963
4,"[9, 2, 2]",two-tone,16,11,8,3.8262404099770633
