,flop,board_type,0b,1b,2b,profit
0,"[8, 8, 3]",two-tone,1,1,1,0.1839077313938311
1,"[8, 8, 3]",two-tone,2,2,2,0.1858204097879621
2,"[8, 8, 3]",two-tone,3,2,2,0.1864630006230532
3,"[8, 8, 3]",two-tone,4,3,2,0.4807297697058448
4,"[8, 8, 3]",two-tone,8,6,4,1.5405008432906968
5,"[8, 8, 3]",two-tone,10,7,5,1.9615108149159453
6,"[8, 8, 3]",two-tone,15,10,7,3.371556576906844
7,"[8, 8, 3]",two-tone,16,11,8,3.9543078901818913
