,flop,board_type,0b,1b,2b,profit
0,"[8, 7, 4]",two-tone,1,1,1,1.7079085175588966
1,"[8, 7, 4]",two-tone,2,2,2,1.929646968442335
2,"[8, 7, 4]",two-tone,3,2,2,2.0920869534985935
3,"[8, 7, 4]",two-tone,4,3,2,2.377386216706223
4,"[8, 7, 4]",two-tone,8,6,4,2.745948459673875
5,"[8, 7, 4]",two-tone,10,7,5,3.21781613318243
6,"[8, 7, 4]",two-tone,15,10,7,4.870805049380274
7,"[8, 7, 4]",two-tone,16,11,8,5.099132814792838
