,flop,board_type,0b,1b,2b,profit
0,"[8, 4, 4]",two-tone,1,1,1,0.8321426735933051
1,"[8, 4, 4]",two-tone,2,2,2,0.833646890277778
2,"[8, 4, 4]",two-tone,3,2,2,1.0044845631410266
3,"[8, 4, 4]",two-tone,4,3,2,1.457960365918805
4,"[8, 4, 4]",two-tone,8,6,4,2.1448671645299138
5,"[8, 4, 4]",two-tone,10,7,5,2.613181549821938
6,"[8, 4, 4]",two-tone,15,10,7,4.046674550035613
7,"[8, 4, 4]",two-tone,16,11,8,4.54605319122151
