,flop,board_type,0b,1b,2b,profit
0,"[7, 7, 3]",two-tone,1,1,1,0.6527409543997262
1,"[7, 7, 3]",two-tone,8,6,4,1.7917649034395815
2,"[7, 7, 3]",two-tone,10,7,5,2.2593187316417986
3,"[7, 7, 3]",two-tone,15,10,7,3.703836490383072
4,"[7, 7, 3]",two-tone,16,11,8,4.339746008406752
