,flop,board_type,0b,1b,2b,profit
0,"[7, 6, 3]",two-tone,1,1,1,1.8747128868305805
1,"[7, 6, 3]",two-tone,2,2,2,2.0825189901880528
2,"[7, 6, 3]",two-tone,3,2,2,2.2608554010175457
3,"[7, 6, 3]",two-tone,4,3,2,2.52595873407419
4,"[7, 6, 3]",two-tone,8,6,4,2.902919829953918
5,"[7, 6, 3]",two-tone,10,7,5,3.3264679034633766
6,"[7, 6, 3]",two-tone,15,10,7,4.782716527522397
7,"[7, 6, 3]",two-tone,16,11,8,5.206251448912328
