,flop,board_type,0b,1b,2b,profit
0,"[6, 6, 3]",two-tone,1,1,1,1.387102891468983
1,"[6, 6, 3]",two-tone,2,2,2,1.59057403196347
2,"[6, 6, 3]",two-tone,8,6,4,2.3342494702608567
3,"[6, 6, 3]",two-tone,10,7,5,2.8873922662013847
4,"[6, 6, 3]",two-tone,15,10,7,4.2358966708740144
5,"[6, 6, 3]",two-tone,16,11,8,4.963382885505997
