,flop,board_type,0b,1b,2b,profit
0,"[5, 4, 4]",two-tone,1,1,1,2.078031087307628
1,"[5, 4, 4]",two-tone,2,2,2,2.270286596144089
2,"[5, 4, 4]",two-tone,3,2,2,2.351752999661763
3,"[5, 4, 4]",two-tone,4,3,2,2.4564604294351424
4,"[5, 4, 4]",two-tone,8,6,4,3.0832454103247082
5,"[5, 4, 4]",two-tone,10,7,5,3.635412113267377
6,"[5, 4, 4]",two-tone,15,10,7,4.841168979917132
7,"[5, 4, 4]",two-tone,16,11,8,5.6203953593353635
