,flop,board_type,0b,1b,2b,profit
0,"[5, 4, 2]",two-tone,1,1,1,2.8077621117845117
1,"[5, 4, 2]",two-tone,2,2,2,2.982259719713804
2,"[5, 4, 2]",two-tone,3,2,2,3.0903546329461262
3,"[5, 4, 2]",two-tone,4,3,2,3.1894096912289545
4,"[5, 4, 2]",two-tone,8,6,4,3.7453986165151507
5,"[5, 4, 2]",two-tone,10,7,5,4.167634231094276
6,"[5, 4, 2]",two-tone,15,10,7,5.342013305471379
7,"[5, 4, 2]",two-tone,16,11,8,6.137935197037036
