,flop,board_type,0b,1b,2b,profit
0,"[14, 13, 2]",monotone,1,1,1,1.271061819311274
1,"[14, 13, 2]",monotone,2,2,2,2.174226785079348
2,"[14, 13, 2]",monotone,3,2,2,2.490718405096827
3,"[14, 13, 2]",monotone,4,3,2,3.3291503091128996
4,"[14, 13, 2]",monotone,8,6,4,3.332751473628146
5,"[14, 13, 2]",monotone,15,10,7,3.8406132276268314
6,"[14, 13, 2]",monotone,16,11,8,5.226643098976301
