,flop,board_type,0b,1b,2b,profit
0,"[14, 12, 2]",monotone,1,1,1,1.4659993396389317
1,"[14, 12, 2]",monotone,2,2,2,2.3251769553375192
2,"[14, 12, 2]",monotone,3,2,2,2.6880876544152277
3,"[14, 12, 2]",monotone,4,3,2,3.4372712787676605
4,"[14, 12, 2]",monotone,8,6,4,3.442951605749607
5,"[14, 12, 2]",monotone,10,7,5,3.443915963991366
6,"[14, 12, 2]",monotone,15,10,7,4.145212036302983
7,"[14, 12, 2]",monotone,16,11,8,5.859964597448979
