,flop,board_type,0b,1b,2b,profit
0,"[14, 11, 5]",monotone,1,1,1,1.6394418699090658
1,"[14, 11, 5]",monotone,2,2,2,2.505384504960044
2,"[14, 11, 5]",monotone,3,2,2,2.7218031777447536
3,"[14, 11, 5]",monotone,4,3,2,3.4090155049620128
4,"[14, 11, 5]",monotone,8,6,4,4.073360640016926
5,"[14, 11, 5]",monotone,15,10,7,4.716858391323859
6,"[14, 11, 5]",monotone,16,11,8,5.846546505558398
