,flop,board_type,0b,1b,2b,profit
0,"[14, 7, 5]",monotone,1,1,1,1.6795322425409918
1,"[14, 7, 5]",monotone,2,2,2,1.6939474430139136
2,"[14, 7, 5]",monotone,3,2,2,1.8393526044224524
3,"[14, 7, 5]",monotone,4,3,2,2.063079552094364
4,"[14, 7, 5]",monotone,8,6,4,2.072031473943688
5,"[14, 7, 5]",monotone,15,10,7,3.0504792463042754
6,"[14, 7, 5]",monotone,16,11,8,4.777109096892232
