,flop,board_type,0b,1b,2b,profit
0,"[14, 6, 5]",monotone,1,1,1,1.7286493093271993
1,"[14, 6, 5]",monotone,2,2,2,2.08486376076479
2,"[14, 6, 5]",monotone,3,2,2,2.4012764120959598
3,"[14, 6, 5]",monotone,4,3,2,2.8431796936399714
4,"[14, 6, 5]",monotone,8,6,4,2.8556251776172434
5,"[14, 6, 5]",monotone,15,10,7,3.720458250690837
6,"[14, 6, 5]",monotone,16,11,8,5.490819246737012
