,flop,board_type,0b,1b,2b,profit
0,"[14, 6, 4]",monotone,1,1,1,1.4853499782035173
1,"[14, 6, 4]",monotone,2,2,2,1.4862184553912419
2,"[14, 6, 4]",monotone,3,2,2,1.6436966379504665
3,"[14, 6, 4]",monotone,4,3,2,1.868712177394113
4,"[14, 6, 4]",monotone,8,6,4,1.8802713683776024
5,"[14, 6, 4]",monotone,15,10,7,2.7203846079702085
6,"[14, 6, 4]",monotone,16,11,8,4.790674564653624
