,flop,board_type,0b,1b,2b,profit
0,"[14, 5, 3]",monotone,1,1,1,1.7671986215311666
1,"[14, 5, 3]",monotone,2,2,2,1.7741947250732117
2,"[14, 5, 3]",monotone,3,2,2,1.9948794217682333
3,"[14, 5, 3]",monotone,4,3,2,2.3851610084018953
4,"[14, 5, 3]",monotone,10,7,5,2.390329684214196
5,"[14, 5, 3]",monotone,15,10,7,3.0328592107098036
6,"[14, 5, 3]",monotone,16,11,8,5.232747743585272
