,flop,board_type,0b,1b,2b,profit
0,"[13, 11, 4]",monotone,1,1,1,1.4866117726328025
1,"[13, 11, 4]",monotone,2,2,2,1.7674139461376348
2,"[13, 11, 4]",monotone,3,2,2,2.3488905150861115
3,"[13, 11, 4]",monotone,4,3,2,3.3720663852626984
4,"[13, 11, 4]",monotone,8,6,4,3.544012255846232
5,"[13, 11, 4]",monotone,15,10,7,4.695523441523143
6,"[13, 11, 4]",monotone,16,11,8,5.871646201616887
