,flop,board_type,0b,1b,2b,profit
0,"[13, 11, 2]",monotone,1,1,1,1.3375892455463334
1,"[13, 11, 2]",monotone,2,2,2,1.6118309301143237
2,"[13, 11, 2]",monotone,3,2,2,2.1839755724642065
3,"[13, 11, 2]",monotone,4,3,2,2.9636720188866716
4,"[13, 11, 2]",monotone,15,10,7,4.181789745637152
5,"[13, 11, 2]",monotone,16,11,8,5.8411782806093715
