,flop,board_type,0b,1b,2b,profit
0,"[13, 10, 7]",monotone,1,1,1,1.1732418959183657
1,"[13, 10, 7]",monotone,2,2,2,2.6060630387422345
2,"[13, 10, 7]",monotone,3,2,2,2.7789298579266477
3,"[13, 10, 7]",monotone,4,3,2,2.9564246720755687
4,"[13, 10, 7]",monotone,8,6,4,3.3887516116625984
5,"[13, 10, 7]",monotone,15,10,7,4.496616264483509
6,"[13, 10, 7]",monotone,16,11,8,4.775072737670067
