,flop,board_type,0b,1b,2b,profit
0,"[13, 10, 2]",monotone,1,1,1,1.127710881570764
1,"[13, 10, 2]",monotone,2,2,2,1.8557740267057963
2,"[13, 10, 2]",monotone,3,2,2,2.149351090954826
3,"[13, 10, 2]",monotone,4,3,2,2.491506624679452
4,"[13, 10, 2]",monotone,8,6,4,2.8469921121964847
5,"[13, 10, 2]",monotone,15,10,7,4.038854918946301
6,"[13, 10, 2]",monotone,16,11,8,5.287782565482303
