,flop,board_type,0b,1b,2b,profit
0,"[13, 9, 3]",monotone,1,1,1,1.576495154576611
1,"[13, 9, 3]",monotone,2,2,2,1.5829394551824405
2,"[13, 9, 3]",monotone,3,2,2,2.1763930310392565
3,"[13, 9, 3]",monotone,4,3,2,3.372603217281727
4,"[13, 9, 3]",monotone,8,6,4,4.106567983659904
5,"[13, 9, 3]",monotone,15,10,7,5.2526854990756755
6,"[13, 9, 3]",monotone,16,11,8,5.760173957202449
