,flop,board_type,0b,1b,2b,profit
0,"[13, 8, 6]",monotone,1,1,1,1.211096653223088
1,"[13, 8, 6]",monotone,2,2,2,1.5289397546292391
2,"[13, 8, 6]",monotone,3,2,2,1.895328830356014
3,"[13, 8, 6]",monotone,4,3,2,2.240025937634295
4,"[13, 8, 6]",monotone,8,6,4,3.0280045114598693
5,"[13, 8, 6]",monotone,15,10,7,3.97842102153992
6,"[13, 8, 6]",monotone,16,11,8,4.759969866389299
