,flop,board_type,0b,1b,2b,profit
0,"[13, 7, 6]",monotone,1,1,1,1.318164419272552
1,"[13, 7, 6]",monotone,2,2,2,1.9651255373212315
2,"[13, 7, 6]",monotone,3,2,2,2.3241654700288783
3,"[13, 7, 6]",monotone,4,3,2,2.6558721126925184
4,"[13, 7, 6]",monotone,8,6,4,3.419792030242712
5,"[13, 7, 6]",monotone,15,10,7,4.2675848825048135
6,"[13, 7, 6]",monotone,16,11,8,5.073512101969884
