,flop,board_type,0b,1b,2b,profit
0,"[13, 5, 3]",monotone,1,1,1,0.9466584305077326
1,"[13, 5, 3]",monotone,8,6,4,1.9728987196689687
2,"[13, 5, 3]",monotone,10,7,5,1.9825366203368673
3,"[13, 5, 3]",monotone,15,10,7,2.7988226498557207
4,"[13, 5, 3]",monotone,16,11,8,4.699214990116072
