,flop,board_type,0b,1b,2b,profit
0,"[13, 4, 2]",monotone,1,1,1,0.6341199068354578
1,"[13, 4, 2]",monotone,2,2,2,0.6358783736441992
2,"[13, 4, 2]",monotone,3,2,2,0.818167917984032
3,"[13, 4, 2]",monotone,4,3,2,0.9596880350997173
4,"[13, 4, 2]",monotone,8,6,4,1.6518391670536594
5,"[13, 4, 2]",monotone,10,7,5,1.6564212020261466
6,"[13, 4, 2]",monotone,15,10,7,2.4198370337478927
7,"[13, 4, 2]",monotone,16,11,8,4.592448110690544
