,flop,board_type,0b,1b,2b,profit
0,"[12, 11, 9]",monotone,1,1,1,5.3400287337257835
1,"[12, 11, 9]",monotone,2,2,2,6.556144095214579
2,"[12, 11, 9]",monotone,3,2,2,6.817274906695186
3,"[12, 11, 9]",monotone,4,3,2,7.652164258929722
4,"[12, 11, 9]",monotone,8,6,4,7.654963296099437
5,"[12, 11, 9]",monotone,15,10,7,8.171688798986295
6,"[12, 11, 9]",monotone,16,11,8,8.629306471511136
