,flop,board_type,0b,1b,2b,profit
0,"[12, 11, 7]",monotone,1,1,1,1.2547741311741962
1,"[12, 11, 7]",monotone,2,2,2,1.9227102679426917
2,"[12, 11, 7]",monotone,3,2,2,2.7115814714770297
3,"[12, 11, 7]",monotone,4,3,2,3.872430488457018
4,"[12, 11, 7]",monotone,8,6,4,4.304382563574514
5,"[12, 11, 7]",monotone,10,7,5,4.306735073891373
6,"[12, 11, 7]",monotone,15,10,7,5.381713910362339
7,"[12, 11, 7]",monotone,16,11,8,5.62479675156913
