,flop,board_type,0b,1b,2b,profit
0,"[12, 11, 4]",monotone,1,1,1,1.4008619457692717
1,"[12, 11, 4]",monotone,2,2,2,2.0320794527991817
2,"[12, 11, 4]",monotone,3,2,2,2.750373587508672
3,"[12, 11, 4]",monotone,4,3,2,4.084858830067924
4,"[12, 11, 4]",monotone,8,6,4,4.286043511120037
5,"[12, 11, 4]",monotone,10,7,5,4.288717111757293
6,"[12, 11, 4]",monotone,15,10,7,5.380964096127158
7,"[12, 11, 4]",monotone,16,11,8,6.0733112248384025
