,flop,board_type,0b,1b,2b,profit
0,"[12, 10, 6]",monotone,1,1,1,1.1126397458522976
1,"[12, 10, 6]",monotone,2,2,2,2.8234693088386424
2,"[12, 10, 6]",monotone,3,2,2,3.3339538298340905
3,"[12, 10, 6]",monotone,4,3,2,3.9506606260093946
4,"[12, 10, 6]",monotone,8,6,4,4.3910007387681675
5,"[12, 10, 6]",monotone,15,10,7,5.314466767985609
6,"[12, 10, 6]",monotone,16,11,8,5.3185855834312115
