,flop,board_type,0b,1b,2b,profit
0,"[12, 10, 4]",monotone,1,1,1,1.1697444489898983
1,"[12, 10, 4]",monotone,2,2,2,2.2704933838383825
2,"[12, 10, 4]",monotone,3,2,2,2.5736629124579107
3,"[12, 10, 4]",monotone,4,3,2,3.1878816865319854
4,"[12, 10, 4]",monotone,8,6,4,3.3905437112794603
5,"[12, 10, 4]",monotone,10,7,5,3.3988715329966324
6,"[12, 10, 4]",monotone,15,10,7,4.45930357979798
7,"[12, 10, 4]",monotone,16,11,8,5.135883075757572
