,flop,board_type,0b,1b,2b,profit
0,"[12, 9, 6]",monotone,1,1,1,1.5230074143025991
1,"[12, 9, 6]",monotone,2,2,2,2.5524294327584345
2,"[12, 9, 6]",monotone,3,2,2,3.008207543439715
3,"[12, 9, 6]",monotone,4,3,2,3.719818282559638
4,"[12, 9, 6]",monotone,8,6,4,4.157504790780141
5,"[12, 9, 6]",monotone,15,10,7,5.164812372232967
