,flop,board_type,0b,1b,2b,profit
0,"[12, 7, 6]",monotone,1,1,1,1.159258893354409
1,"[12, 7, 6]",monotone,2,2,2,1.8410636871320476
2,"[12, 7, 6]",monotone,3,2,2,2.1722902394468626
3,"[12, 7, 6]",monotone,4,3,2,2.875395477499655
4,"[12, 7, 6]",monotone,8,6,4,3.729921759342178
5,"[12, 7, 6]",monotone,15,10,7,4.871769596140824
6,"[12, 7, 6]",monotone,16,11,8,5.4681095290630175
