,flop,board_type,0b,1b,2b,profit
0,"[12, 5, 2]",monotone,1,1,1,0.7306959758678266
1,"[12, 5, 2]",monotone,2,2,2,0.7312918040685914
2,"[12, 5, 2]",monotone,8,6,4,2.1386562796152986
3,"[12, 5, 2]",monotone,10,7,5,2.147240746555987
4,"[12, 5, 2]",monotone,15,10,7,3.247337973571817
5,"[12, 5, 2]",monotone,16,11,8,4.8754200915673875
