,flop,board_type,0b,1b,2b,profit
0,"[11, 10, 2]",monotone,1,1,1,1.3106882171823435
1,"[11, 10, 2]",monotone,2,2,2,2.674357415470296
2,"[11, 10, 2]",monotone,3,2,2,3.167701536654288
3,"[11, 10, 2]",monotone,4,3,2,3.7064662879812964
4,"[11, 10, 2]",monotone,8,6,4,3.7069325279221665
5,"[11, 10, 2]",monotone,15,10,7,4.880858861214245
6,"[11, 10, 2]",monotone,16,11,8,5.656624492471121
