,flop,board_type,0b,1b,2b,profit
0,"[11, 9, 6]",monotone,1,1,1,1.7647289439709584
1,"[11, 9, 6]",monotone,2,2,2,2.771991360479797
2,"[11, 9, 6]",monotone,3,2,2,3.221289426452019
3,"[11, 9, 6]",monotone,4,3,2,3.873677292297978
4,"[11, 9, 6]",monotone,8,6,4,4.311443203993054
5,"[11, 9, 6]",monotone,15,10,7,5.3525670937499985
