,flop,board_type,0b,1b,2b,profit
0,"[11, 6, 2]",monotone,1,1,1,0.9926807805673071
1,"[11, 6, 2]",monotone,8,6,4,3.0651407236538457
2,"[11, 6, 2]",monotone,10,7,5,3.0673576224134607
3,"[11, 6, 2]",monotone,15,10,7,4.26756471355769
4,"[11, 6, 2]",monotone,16,11,8,5.4769904368846145
