,flop,board_type,0b,1b,2b,profit
0,"[10, 8, 3]",monotone,1,1,1,1.5592157861043683
1,"[10, 8, 3]",monotone,2,2,2,2.158429814016989
2,"[10, 8, 3]",monotone,3,2,2,2.8449954954490275
3,"[10, 8, 3]",monotone,4,3,2,3.8587506683859214
4,"[10, 8, 3]",monotone,8,6,4,4.03514799514563
5,"[10, 8, 3]",monotone,10,7,5,4.725346791262135
6,"[10, 8, 3]",monotone,15,10,7,6.550647311589805
7,"[10, 8, 3]",monotone,16,11,8,7.024562060679611
