,flop,board_type,0b,1b,2b,profit
0,"[10, 3, 2]",monotone,1,1,1,0.6574987680537774
1,"[10, 3, 2]",monotone,2,2,2,0.977135225544174
2,"[10, 3, 2]",monotone,3,2,2,1.1535725585787446
3,"[10, 3, 2]",monotone,4,3,2,1.8181550795774637
4,"[10, 3, 2]",monotone,8,6,4,2.687576487345283
5,"[10, 3, 2]",monotone,10,7,5,3.3226606975458814
6,"[10, 3, 2]",monotone,15,10,7,4.69708965006402
7,"[10, 3, 2]",monotone,16,11,8,5.948876776824583
