,flop,board_type,0b,1b,2b,profit
0,"[9, 7, 5]",monotone,1,1,1,2.810715399065419
1,"[9, 7, 5]",monotone,2,2,2,3.1374404370437308
2,"[9, 7, 5]",monotone,3,2,2,3.319310592624757
3,"[9, 7, 5]",monotone,4,3,2,3.5143808014283175
4,"[9, 7, 5]",monotone,10,7,5,4.249780003936694
5,"[9, 7, 5]",monotone,15,10,7,5.5362100283459705
