,flop,board_type,0b,1b,2b,profit
0,"[9, 7, 2]",monotone,1,1,1,0.5328501530666293
1,"[9, 7, 2]",monotone,2,2,2,0.8506468315769903
2,"[9, 7, 2]",monotone,3,2,2,1.2504091885466035
3,"[9, 7, 2]",monotone,4,3,2,1.5438882368181386
4,"[9, 7, 2]",monotone,10,7,5,2.3274107407815245
5,"[9, 7, 2]",monotone,15,10,7,3.366262514492147
6,"[9, 7, 2]",monotone,16,11,8,3.669597758303131
