,flop,board_type,0b,1b,2b,profit
0,"[9, 6, 5]",monotone,1,1,1,2.4436822094207358
1,"[9, 6, 5]",monotone,8,6,4,3.216637573928759
2,"[9, 6, 5]",monotone,10,7,5,3.768131673703931
3,"[9, 6, 5]",monotone,15,10,7,5.06199476111356
4,"[9, 6, 5]",monotone,16,11,8,5.23836532894992
