,flop,board_type,0b,1b,2b,profit
0,"[9, 6, 3]",monotone,1,1,1,0.9013405324053939
1,"[9, 6, 3]",monotone,2,2,2,1.528864065028273
2,"[9, 6, 3]",monotone,3,2,2,1.7230223745541542
3,"[9, 6, 3]",monotone,4,3,2,2.111422930013049
4,"[9, 6, 3]",monotone,8,6,4,2.2567088601130916
5,"[9, 6, 3]",monotone,10,7,5,2.8430265259678116
6,"[9, 6, 3]",monotone,15,10,7,3.9205520717703344
7,"[9, 6, 3]",monotone,16,11,8,4.075449558982166
