,flop,board_type,0b,1b,2b,profit
0,"[9, 6, 2]",monotone,1,1,1,0.6066569876500865
1,"[9, 6, 2]",monotone,2,2,2,0.9092551982847336
2,"[9, 6, 2]",monotone,3,2,2,1.3055647749571189
3,"[9, 6, 2]",monotone,4,3,2,1.8345495355060035
4,"[9, 6, 2]",monotone,8,6,4,1.9893139478559179
5,"[9, 6, 2]",monotone,10,7,5,2.5662764751286433
6,"[9, 6, 2]",monotone,15,10,7,3.6380068356775297
7,"[9, 6, 2]",monotone,16,11,8,3.792038546483704
