,flop,board_type,0b,1b,2b,profit
0,"[9, 4, 3]",monotone,1,1,1,0.942181798906306
1,"[9, 4, 3]",monotone,2,2,2,1.2493260829019326
2,"[9, 4, 3]",monotone,3,2,2,1.4338220223113372
3,"[9, 4, 3]",monotone,4,3,2,2.032204321327014
4,"[9, 4, 3]",monotone,8,6,4,2.7221838284360187
5,"[9, 4, 3]",monotone,10,7,5,3.2961185635982497
6,"[9, 4, 3]",monotone,15,10,7,4.337511070798395
7,"[9, 4, 3]",monotone,16,11,8,4.491386051658768
