,flop,board_type,0b,1b,2b,profit
0,"[9, 4, 2]",monotone,1,1,1,0.6811650424694463
1,"[9, 4, 2]",monotone,2,2,2,0.6853110188173971
2,"[9, 4, 2]",monotone,3,2,2,0.8807731997304103
3,"[9, 4, 2]",monotone,4,3,2,1.4319953115384614
4,"[9, 4, 2]",monotone,8,6,4,2.1164567707584467
5,"[9, 4, 2]",monotone,10,7,5,2.648951963641264
6,"[9, 4, 2]",monotone,15,10,7,3.675524687491012
7,"[9, 4, 2]",monotone,16,11,8,4.1061422769230775
