,flop,board_type,0b,1b,2b,profit
0,"[8, 7, 4]",monotone,1,1,1,1.997975763031821
1,"[8, 7, 4]",monotone,2,2,2,2.317101431412624
2,"[8, 7, 4]",monotone,3,2,2,2.63614275019046
3,"[8, 7, 4]",monotone,4,3,2,3.0192189231935656
4,"[8, 7, 4]",monotone,8,6,4,3.019381386889065
5,"[8, 7, 4]",monotone,10,7,5,3.736427284487811
6,"[8, 7, 4]",monotone,15,10,7,4.861960908850504
7,"[8, 7, 4]",monotone,16,11,8,5.186495800405824
