,flop,board_type,0b,1b,2b,profit
0,"[8, 5, 4]",monotone,1,1,1,1.735282860424312
1,"[8, 5, 4]",monotone,8,6,4,2.46915902521789
2,"[8, 5, 4]",monotone,10,7,5,2.8470826044954123
3,"[8, 5, 4]",monotone,15,10,7,3.8867122073279807
4,"[8, 5, 4]",monotone,16,11,8,4.998848868646787
