,flop,board_type,0b,1b,2b,profit
0,"[6, 4, 3]",monotone,1,1,1,1.6931377813403339
1,"[6, 4, 3]",monotone,2,2,2,1.7021398798780494
2,"[6, 4, 3]",monotone,3,2,2,2.010682310840108
3,"[6, 4, 3]",monotone,4,3,2,2.3590770225440387
4,"[6, 4, 3]",monotone,8,6,4,2.3640847805668472
5,"[6, 4, 3]",monotone,10,7,5,2.5545225286415985
6,"[6, 4, 3]",monotone,15,10,7,3.2747063288448506
7,"[6, 4, 3]",monotone,16,11,8,5.127405840029359
