,flop,board_type,0b,1b,2b,profit
0,"[6, 3, 2]",monotone,1,1,1,1.4962820142272721
1,"[6, 3, 2]",monotone,8,6,4,1.8568324589318168
2,"[6, 3, 2]",monotone,10,7,5,2.2450180295681816
3,"[6, 3, 2]",monotone,15,10,7,3.1056481827045443
4,"[6, 3, 2]",monotone,16,11,8,4.971994020840908
