,flop,board_type,0b,1b,2b,profit
0,"[5, 4, 2]",monotone,1,1,1,2.020568723282827
1,"[5, 4, 2]",monotone,2,2,2,2.2948630345622894
2,"[5, 4, 2]",monotone,3,2,2,2.457097258468013
3,"[5, 4, 2]",monotone,4,3,2,2.6079662540404023
4,"[5, 4, 2]",monotone,10,7,5,2.7995492467003364
5,"[5, 4, 2]",monotone,15,10,7,3.535642339461278
6,"[5, 4, 2]",monotone,16,11,8,5.606410674865318
