,flop,board_type,0b,1b,2b,profit
0,"[14, 14, 8]",rainbow,1,1,1,0.8061907415355156
1,"[14, 14, 8]",rainbow,2,2,2,0.8064268510671206
2,"[14, 14, 8]",rainbow,8,6,4,1.038004112715277
3,"[14, 14, 8]",rainbow,15,10,7,1.1380392268600144
4,"[14, 14, 8]",rainbow,16,11,8,1.138210276298865
