,flop,board_type,0b,1b,2b,profit
0,"[14, 13, 6]",rainbow,1,1,1,1.4930156329694315
1,"[14, 13, 6]",rainbow,2,2,2,1.5732808853347888
