,flop,board_type,0b,1b,2b,profit
0,"[14, 13, 4]",rainbow,1,1,1,1.3977301983585857
1,"[14, 13, 4]",rainbow,2,2,2,1.480983087301587
