,flop,board_type,0b,1b,2b,profit
0,"[14, 13, 2]",rainbow,1,1,1,1.4793002700081899
1,"[14, 13, 2]",rainbow,2,2,2,1.5667071405826607
2,"[14, 13, 2]",rainbow,8,6,4,1.6549303483093487
