,flop,board_type,0b,1b,2b,profit
0,"[14, 12, 9]",rainbow,1,1,1,1.0918289554305414
1,"[14, 12, 9]",rainbow,2,2,2,1.1153149684130295
