,flop,board_type,0b,1b,2b,profit
0,"[14, 11, 4]",rainbow,1,1,1,1.2467210456811262
1,"[14, 11, 4]",rainbow,2,2,2,1.3480207218417046
