,flop,board_type,0b,1b,2b,profit
0,"[14, 11, 3]",rainbow,1,1,1,1.2702000101281072
1,"[14, 11, 3]",rainbow,2,2,2,1.3600993233447487
