,flop,board_type,0b,1b,2b,profit
0,"[14, 9, 6]",rainbow,1,1,1,1.0230910960952098
1,"[14, 9, 6]",rainbow,10,7,5,1.032768859079606
