,flop,board_type,0b,1b,2b,profit
0,"[14, 8, 8]",rainbow,1,1,1,0.7783901297688549
1,"[14, 8, 8]",rainbow,2,2,2,0.7794740502680808
2,"[14, 8, 8]",rainbow,8,6,4,1.0926981021145121
