,flop,board_type,0b,1b,2b,profit
0,"[14, 8, 3]",rainbow,1,1,1,0.7851272209756742
1,"[14, 8, 3]",rainbow,2,2,2,0.7887136388674738
