,flop,board_type,0b,1b,2b,profit
0,"[14, 5, 4]",rainbow,1,1,1,1.1098884549886359
1,"[14, 5, 4]",rainbow,8,6,4,1.1285371629801946
