,flop,board_type,0b,1b,2b,profit
0,"[14, 5, 2]",rainbow,1,1,1,1.0984184256145524
1,"[14, 5, 2]",rainbow,8,6,4,1.2260334817090905
2,"[14, 5, 2]",rainbow,10,7,5,1.2351975770110541
