,flop,board_type,0b,1b,2b,profit
0,"[13, 13, 2]",rainbow,1,1,1,1.1386721585692299
1,"[13, 13, 2]",rainbow,2,2,2,1.1411830749586265
2,"[13, 13, 2]",rainbow,3,2,2,1.1446112596928255
3,"[13, 13, 2]",rainbow,4,3,2,1.1449529157187235
