,flop,board_type,0b,1b,2b,profit
0,"[13, 10, 6]",rainbow,1,1,1,0.6294623893199233
1,"[13, 10, 6]",rainbow,2,2,2,0.802242513090677
