,flop,board_type,0b,1b,2b,profit
0,"[13, 10, 3]",rainbow,1,1,1,0.6618861009259261
1,"[13, 10, 3]",rainbow,2,2,2,0.7172611025308636
