,flop,board_type,0b,1b,2b,profit
0,"[12, 11, 11]",rainbow,1,1,1,0.665159627262977
1,"[12, 11, 11]",rainbow,8,6,4,0.8741482912144144
2,"[12, 11, 11]",rainbow,10,7,5,0.9619063910780391
3,"[12, 11, 11]",rainbow,15,10,7,1.1119408752090427
4,"[12, 11, 11]",rainbow,16,11,8,1.1516313849243656
