,flop,board_type,0b,1b,2b,profit
0,"[12, 9, 9]",rainbow,1,1,1,0.5463089274106183
1,"[12, 9, 9]",rainbow,8,6,4,0.6709374055955298
2,"[12, 9, 9]",rainbow,10,7,5,0.7723512037355733
