,flop,board_type,0b,1b,2b,profit
0,"[12, 8, 2]",rainbow,1,1,1,0.910345930626861
1,"[12, 8, 2]",rainbow,2,2,2,0.9126213635975722
