,flop,board_type,0b,1b,2b,profit
0,"[12, 3, 3]",rainbow,1,1,1,0.6458065672670906
1,"[12, 3, 3]",rainbow,10,7,5,0.6725452808732658
