,flop,board_type,0b,1b,2b,profit
0,"[12, 3, 2]",rainbow,1,1,1,0.8026917370223485
1,"[12, 3, 2]",rainbow,2,2,2,0.8055366125226606
