,flop,board_type,0b,1b,2b,profit
0,"[11, 11, 11]",rainbow,1,1,1,0.5365866540778672
1,"[11, 11, 11]",rainbow,8,6,4,0.7407363708291184
2,"[11, 11, 11]",rainbow,15,10,7,1.2394431659873302
