,flop,board_type,0b,1b,2b,profit
0,"[11, 6, 3]",rainbow,1,1,1,1.0289095430887631
1,"[11, 6, 3]",rainbow,2,2,2,1.0323639910116558
