,flop,board_type,0b,1b,2b,profit
0,"[11, 5, 5]",rainbow,1,1,1,1.020557165577094
1,"[11, 5, 5]",rainbow,2,2,2,1.0234301208268248
