,flop,board_type,0b,1b,2b,profit
0,"[11, 5, 2]",rainbow,1,1,1,1.1704911204094202
1,"[11, 5, 2]",rainbow,2,2,2,1.1743265556268117
