,flop,board_type,0b,1b,2b,profit
0,"[10, 10, 10]",rainbow,1,1,1,0.20661129977863446
1,"[10, 10, 10]",rainbow,8,6,4,0.3828388606253282
2,"[10, 10, 10]",rainbow,10,7,5,0.5179203760997875
3,"[10, 10, 10]",rainbow,15,10,7,0.8247981322515343
