,flop,board_type,0b,1b,2b,profit
0,"[10, 9, 4]",rainbow,1,1,1,0.27640070800726024
1,"[10, 9, 4]",rainbow,2,2,2,0.2951583889194403
