,flop,board_type,0b,1b,2b,profit
0,"[10, 9, 3]",rainbow,1,1,1,0.29539772169073886
1,"[10, 9, 3]",rainbow,2,2,2,0.3002954673229319
