,flop,board_type,0b,1b,2b,profit
0,"[9, 9, 9]",rainbow,1,1,1,0.6561655248883279
1,"[9, 9, 9]",rainbow,2,2,2,0.6564252273675429
2,"[9, 9, 9]",rainbow,3,2,2,0.6602426344718898
3,"[9, 9, 9]",rainbow,8,6,4,0.8483635087918411
4,"[9, 9, 9]",rainbow,10,7,5,0.877415673603921
5,"[9, 9, 9]",rainbow,15,10,7,1.2414383117276953
