,flop,board_type,0b,1b,2b,profit
0,"[9, 7, 7]",rainbow,1,1,1,0.6883824799086494
1,"[9, 7, 7]",rainbow,8,6,4,0.7977854559200963
2,"[9, 7, 7]",rainbow,10,7,5,0.9049035267572437
