,flop,board_type,0b,1b,2b,profit
0,"[8, 8, 2]",rainbow,1,1,1,0.5900121374866614
1,"[8, 8, 2]",rainbow,2,2,2,0.5932022326305262
