,flop,board_type,0b,1b,2b,profit
0,"[14, 13, 10]",monotone,1,1,1,11.231576936729667
1,"[14, 13, 10]",monotone,3,2,2,11.334124041930291
2,"[14, 13, 10]",monotone,4,3,2,12.431186978993228
