,flop,board_type,0b,1b,2b,profit
0,"[14, 13, 7]",monotone,1,1,1,0.9833518515624999
1,"[14, 13, 7]",monotone,2,2,2,2.5273244661458323
2,"[14, 13, 7]",monotone,3,2,2,2.8914082817708326
3,"[14, 13, 7]",monotone,4,3,2,4.128198802604167
4,"[14, 13, 7]",monotone,11,8,6,4.623234299806963
