,flop,board_type,0b,1b,2b,profit
0,"[14, 10, 7]",monotone,1,1,1,0.7587395708791198
1,"[14, 10, 7]",monotone,2,2,2,0.7638914193681301
2,"[14, 10, 7]",monotone,3,2,2,1.902862743274177
3,"[14, 10, 7]",monotone,4,3,2,5.30724074808187
4,"[14, 10, 7]",monotone,10,7,5,5.3078782509664855
5,"[14, 10, 7]",monotone,16,11,8,6.314302032955335
