,flop,board_type,0b,1b,2b,profit
0,"[14, 8, 7]",monotone,1,1,1,-1.5670152883777242
1,"[14, 8, 7]",monotone,2,2,2,-0.23599915242130853
2,"[14, 8, 7]",monotone,3,2,2,0.27602971949152466
3,"[14, 8, 7]",monotone,4,3,2,1.1413836903147687
4,"[14, 8, 7]",monotone,8,6,4,1.1457151092009679
5,"[14, 8, 7]",monotone,16,11,8,3.2007784617577326
