,flop,board_type,0b,1b,2b,profit
0,"[14, 6, 2]",monotone,1,1,1,-4.383098622235022
1,"[14, 6, 2]",monotone,16,11,8,-1.6017413123878248
