,flop,board_type,0b,1b,2b,profit
0,"[13, 12, 5]",monotone,1,1,1,1.115286445421245
1,"[13, 12, 5]",monotone,2,2,2,2.528747831990232
2,"[13, 12, 5]",monotone,3,2,2,3.231092186568987
3,"[13, 12, 5]",monotone,4,3,2,5.543527691819291
4,"[13, 12, 5]",monotone,16,11,8,6.686031494699817
