,flop,board_type,0b,1b,2b,profit
0,"[13, 12, 2]",monotone,1,1,1,1.1240574061050053
1,"[13, 12, 2]",monotone,2,2,2,2.5311986053724054
2,"[13, 12, 2]",monotone,3,2,2,3.2291792097680103
3,"[13, 12, 2]",monotone,4,3,2,5.54067177973138
4,"[13, 12, 2]",monotone,8,6,4,5.541622259584859
5,"[13, 12, 2]",monotone,16,11,8,6.687615564541087
