,flop,board_type,0b,1b,2b,profit
0,"[13, 11, 3]",monotone,1,1,1,1.8112917342372872
1,"[13, 11, 3]",monotone,2,2,2,1.8198187918644066
2,"[13, 11, 3]",monotone,3,2,2,2.6041540230508464
3,"[13, 11, 3]",monotone,4,3,2,5.0171810915254245
4,"[13, 11, 3]",monotone,16,11,8,5.91651966
