,flop,board_type,0b,1b,2b,profit
0,"[13, 11, 2]",monotone,1,1,1,1.8160315471186435
1,"[13, 11, 2]",monotone,8,6,4,5.016125073898306
2,"[13, 11, 2]",monotone,10,7,5,5.019365922711865
3,"[13, 11, 2]",monotone,16,11,8,5.9143369735593225
