,flop,board_type,0b,1b,2b,profit
0,"[13, 9, 5]",monotone,1,1,1,-1.2489166712115527
1,"[13, 9, 5]",monotone,8,6,4,1.449826259396099
2,"[13, 9, 5]",monotone,10,7,5,1.449942657426857
3,"[13, 9, 5]",monotone,16,11,8,2.6875804617216796
