,flop,board_type,0b,1b,2b,profit
0,"[13, 5, 2]",monotone,1,1,1,-5.928018874207187
1,"[13, 5, 2]",monotone,8,6,4,-4.618011515151515
2,"[13, 5, 2]",monotone,16,11,8,-3.1342787457716703
