,flop,board_type,0b,1b,2b,profit
0,"[14, 5, 2]",monotone,1,1,1,-1.7911025994449934
1,"[14, 5, 2]",monotone,8,6,4,-1.7886701014217383
