,flop,board_type,0b,1b,2b,profit
0,"[14, 4, 2]",monotone,1,1,1,-1.6880106536907162
1,"[14, 4, 2]",monotone,8,6,4,-1.6863799341567483
