,flop,board_type,0b,1b,2b,profit
0,"[14, 3, 2]",monotone,1,1,1,-2.5416989504953302
1,"[14, 3, 2]",monotone,10,7,5,-2.5320376060602445
