,flop,board_type,0b,1b,2b,profit
0,"[13, 12, 4]",monotone,1,1,1,0.765754151771428
1,"[13, 12, 4]",monotone,2,2,2,0.7779359528685718
