,flop,board_type,0b,1b,2b,profit
0,"[13, 8, 2]",monotone,1,1,1,0.4507690759952882
1,"[13, 8, 2]",monotone,2,2,2,0.4558633425883977
