,flop,board_type,0b,1b,2b,profit
0,"[13, 7, 3]",monotone,1,1,1,-0.5734959783624651
1,"[13, 7, 3]",monotone,2,2,2,-0.5673879284937788
2,"[13, 7, 3]",monotone,3,2,2,-0.5559857575745865
