,flop,board_type,0b,1b,2b,profit
0,"[13, 5, 2]",monotone,1,1,1,-1.6587836264392322
1,"[13, 5, 2]",monotone,2,2,2,-1.6475902119402979
2,"[13, 5, 2]",monotone,8,6,4,-1.624390664712153
3,"[13, 5, 2]",monotone,10,7,5,-1.6052690644989345
4,"[13, 5, 2]",monotone,15,10,7,-1.4783797512055101
5,"[13, 5, 2]",monotone,16,11,8,-1.2249055918238483
