,flop,board_type,0b,1b,2b,profit
0,"[12, 10, 9]",monotone,1,1,1,2.3076722523289233
1,"[12, 10, 9]",monotone,2,2,2,2.3331663689258972
