,flop,board_type,0b,1b,2b,profit
0,"[12, 8, 4]",monotone,1,1,1,1.9900147987851975
1,"[12, 8, 4]",monotone,2,2,2,1.9953975257337273
