,flop,board_type,0b,1b,2b,profit
0,"[12, 6, 3]",monotone,1,1,1,-0.6416128333049038
1,"[12, 6, 3]",monotone,2,2,2,-0.6315968512260112
