,flop,board_type,0b,1b,2b,profit
0,"[12, 5, 3]",monotone,1,1,1,-1.1028255638908904
1,"[12, 5, 3]",monotone,2,2,2,-1.1028126079825018
2,"[12, 5, 3]",monotone,3,2,2,-1.0943358295213577
