,flop,board_type,0b,1b,2b,profit
0,"[11, 9, 7]",monotone,1,1,1,1.3283341954886114
1,"[11, 9, 7]",monotone,2,2,2,1.6413516669596793
2,"[11, 9, 7]",monotone,8,6,4,2.1178846574059724
3,"[11, 9, 7]",monotone,10,7,5,2.128914392362472
4,"[11, 9, 7]",monotone,16,11,8,2.156944799330594
