,flop,board_type,0b,1b,2b,profit
0,"[11, 6, 5]",monotone,1,1,1,-2.4285141249047877
1,"[11, 6, 5]",monotone,2,2,2,-2.427770638378796
