,flop,board_type,0b,1b,2b,profit
0,"[11, 4, 3]",monotone,1,1,1,-2.2136240502481743
1,"[11, 4, 3]",monotone,2,2,2,-2.200878874729927
2,"[11, 4, 3]",monotone,3,2,2,-2.1993647410072996
