,flop,board_type,0b,1b,2b,profit
0,"[10, 8, 7]",monotone,1,1,1,2.193416478626805
1,"[10, 8, 7]",monotone,2,2,2,2.6199127130761575
