,flop,board_type,0b,1b,2b,profit
0,"[9, 7, 2]",monotone,1,1,1,0.4106293559912577
1,"[9, 7, 2]",monotone,2,2,2,0.4132231183063254
