,flop,board_type,0b,1b,2b,profit
0,"[14, 12, 7]",monotone,1,1,1,0.6937850675324676
1,"[14, 12, 7]",monotone,2,2,2,0.8105290181818181
2,"[14, 12, 7]",monotone,3,2,2,0.9223567740259739
3,"[14, 12, 7]",monotone,4,3,2,1.1486098000000002
4,"[14, 12, 7]",monotone,8,6,4,1.2137707922077923
5,"[14, 12, 7]",monotone,15,10,7,1.3565126961038962
6,"[14, 12, 7]",monotone,16,11,8,1.601694109090909
