,flop,board_type,0b,1b,2b,profit
0,"[14, 11, 5]",monotone,1,1,1,0.8270763949321271
1,"[14, 11, 5]",monotone,2,2,2,0.8300112680542991
2,"[14, 11, 5]",monotone,3,2,2,0.9610461091402716
3,"[14, 11, 5]",monotone,4,3,2,1.1698288731221718
4,"[14, 11, 5]",monotone,8,6,4,1.3676177914932133
5,"[14, 11, 5]",monotone,10,7,5,1.3704944716742085
6,"[14, 11, 5]",monotone,15,10,7,1.4612715335746609
7,"[14, 11, 5]",monotone,16,11,8,1.8383519187330317
