,flop,board_type,0b,1b,2b,profit
0,"[14, 9, 3]",monotone,1,1,1,0.5973412994555356
1,"[14, 9, 3]",monotone,8,6,4,0.8943668413793107
2,"[14, 9, 3]",monotone,15,10,7,0.9735247361161529
3,"[14, 9, 3]",monotone,16,11,8,1.2565489059891106
