,flop,board_type,0b,1b,2b,profit
0,"[14, 8, 7]",monotone,1,1,1,0.46533855415282366
1,"[14, 8, 7]",monotone,2,2,2,0.6100615107973422
2,"[14, 8, 7]",monotone,3,2,2,0.7242983274086381
3,"[14, 8, 7]",monotone,4,3,2,0.9127931657807312
4,"[14, 8, 7]",monotone,10,7,5,0.914560019767442
5,"[14, 8, 7]",monotone,15,10,7,1.0625247255813957
6,"[14, 8, 7]",monotone,16,11,8,1.4059434898671097
