,flop,board_type,0b,1b,2b,profit
0,"[14, 6, 4]",monotone,1,1,1,0.8921460133735271
1,"[14, 6, 4]",monotone,8,6,4,1.0206485816388053
2,"[14, 6, 4]",monotone,15,10,7,1.1539965733077555
3,"[14, 6, 4]",monotone,16,11,8,1.8462589511647025
