,flop,board_type,0b,1b,2b,profit
0,"[14, 6, 2]",monotone,1,1,1,0.8684667435461774
1,"[14, 6, 2]",monotone,2,2,2,0.8687222932310226
2,"[14, 6, 2]",monotone,8,6,4,1.0052136794738287
3,"[14, 6, 2]",monotone,10,7,5,1.0093760496574404
4,"[14, 6, 2]",monotone,15,10,7,1.142517389750617
5,"[14, 6, 2]",monotone,16,11,8,1.8386694576048235
