,flop,board_type,0b,1b,2b,profit
0,"[14, 4, 2]",monotone,1,1,1,0.8290202536585367
1,"[14, 4, 2]",monotone,2,2,2,0.8337767392243105
2,"[14, 4, 2]",monotone,15,10,7,0.9535258846861254
3,"[14, 4, 2]",monotone,16,11,8,1.8577389760895646
