,flop,board_type,0b,1b,2b,profit
0,"[13, 12, 6]",monotone,1,1,1,0.9113712500000001
1,"[13, 12, 6]",monotone,2,2,2,0.9728221590909089
2,"[13, 12, 6]",monotone,3,2,2,1.1566018181818178
3,"[13, 12, 6]",monotone,4,3,2,1.2756731818181817
4,"[13, 12, 6]",monotone,8,6,4,1.2765782954545457
5,"[13, 12, 6]",monotone,15,10,7,1.3359326136363638
6,"[13, 12, 6]",monotone,16,11,8,1.4516999715909094
