,flop,board_type,0b,1b,2b,profit
0,"[13, 10, 7]",monotone,1,1,1,0.6722107675675675
1,"[13, 10, 7]",monotone,2,2,2,0.9721907279279279
2,"[13, 10, 7]",monotone,3,2,2,1.0542972945945945
3,"[13, 10, 7]",monotone,4,3,2,1.0889388594594593
4,"[13, 10, 7]",monotone,8,6,4,1.0898772756756754
5,"[13, 10, 7]",monotone,15,10,7,1.1767717594594593
6,"[13, 10, 7]",monotone,16,11,8,1.1776585027027024
