,flop,board_type,0b,1b,2b,profit
0,"[13, 8, 4]",monotone,1,1,1,0.9491164766749273
1,"[13, 8, 4]",monotone,8,6,4,1.2377771888178775
2,"[13, 8, 4]",monotone,16,11,8,1.588245335420199
