,flop,board_type,0b,1b,2b,profit
0,"[13, 8, 2]",monotone,1,1,1,0.9221295147167516
1,"[13, 8, 2]",monotone,8,6,4,1.2287869118733967
2,"[13, 8, 2]",monotone,10,7,5,1.232149785487588
3,"[13, 8, 2]",monotone,15,10,7,1.232380313203774
4,"[13, 8, 2]",monotone,16,11,8,1.5847167097082742
