,flop,board_type,0b,1b,2b,profit
0,"[13, 7, 6]",monotone,1,1,1,1.129159153396909
1,"[13, 7, 6]",monotone,2,2,2,1.2136015396424114
2,"[13, 7, 6]",monotone,3,2,2,1.299239044640412
3,"[13, 7, 6]",monotone,4,3,2,1.3147834956600037
4,"[13, 7, 6]",monotone,8,6,4,1.395756683984674
5,"[13, 7, 6]",monotone,10,7,5,1.397486238562843
6,"[13, 7, 6]",monotone,15,10,7,1.4379757931410113
7,"[13, 7, 6]",monotone,16,11,8,1.7884491701901917
