,flop,board_type,0b,1b,2b,profit
0,"[13, 5, 4]",monotone,1,1,1,1.1458261904761904
1,"[13, 5, 4]",monotone,2,2,2,1.2224000000000004
2,"[13, 5, 4]",monotone,3,2,2,1.3113855555555558
3,"[13, 5, 4]",monotone,4,3,2,1.312992634920635
4,"[13, 5, 4]",monotone,8,6,4,1.3807142857142858
5,"[13, 5, 4]",monotone,10,7,5,1.3815773333333334
6,"[13, 5, 4]",monotone,16,11,8,1.9764442857142859
