,flop,board_type,0b,1b,2b,profit
0,"[13, 3, 2]",monotone,1,1,1,1.0288941874999997
1,"[13, 3, 2]",monotone,8,6,4,1.094353
2,"[13, 3, 2]",monotone,16,11,8,1.9132362500000002
