,flop,board_type,0b,1b,2b,profit
0,"[12, 11, 6]",monotone,1,1,1,0.43162285419869884
1,"[12, 11, 6]",monotone,2,2,2,0.6410232852158484
2,"[12, 11, 6]",monotone,3,2,2,0.7702138807510348
3,"[12, 11, 6]",monotone,4,3,2,0.980272582998226
4,"[12, 11, 6]",monotone,8,6,4,1.044446054376109
5,"[12, 11, 6]",monotone,15,10,7,1.0848352335600233
6,"[12, 11, 6]",monotone,16,11,8,1.0848391848314605
