,flop,board_type,0b,1b,2b,profit
0,"[12, 8, 6]",monotone,1,1,1,0.3730270057598581
1,"[12, 8, 6]",monotone,2,2,2,0.5101934550287992
2,"[12, 8, 6]",monotone,3,2,2,0.5984490527248556
3,"[12, 8, 6]",monotone,4,3,2,0.8022873814798406
4,"[12, 8, 6]",monotone,8,6,4,0.8936510004430661
5,"[12, 8, 6]",monotone,15,10,7,0.9951025821887459
6,"[12, 8, 6]",monotone,16,11,8,1.1734282897651749
