,flop,board_type,0b,1b,2b,profit
0,"[12, 8, 5]",monotone,1,1,1,0.24469448604582872
1,"[12, 8, 5]",monotone,2,2,2,0.39124890364277276
2,"[12, 8, 5]",monotone,3,2,2,0.5354820152761457
3,"[12, 8, 5]",monotone,4,3,2,0.8289853500293767
4,"[12, 8, 5]",monotone,8,6,4,0.9114346452702703
5,"[12, 8, 5]",monotone,10,7,5,0.9132265675675675
6,"[12, 8, 5]",monotone,15,10,7,0.9904196944770854
7,"[12, 8, 5]",monotone,16,11,8,1.159915992508813
