,flop,board_type,0b,1b,2b,profit
0,"[12, 7, 6]",monotone,1,1,1,0.4824576889676563
1,"[12, 7, 6]",monotone,2,2,2,0.6146399636685866
2,"[12, 7, 6]",monotone,3,2,2,0.6676936703588832
3,"[12, 7, 6]",monotone,4,3,2,0.7834596756756759
4,"[12, 7, 6]",monotone,8,6,4,1.0007112104563582
5,"[12, 7, 6]",monotone,15,10,7,1.100583178555605
6,"[12, 7, 6]",monotone,16,11,8,1.3335360168365087
