,flop,board_type,0b,1b,2b,profit
0,"[12, 7, 2]",monotone,1,1,1,0.12456301026159866
1,"[12, 7, 2]",monotone,8,6,4,0.5114575016620901
2,"[12, 7, 2]",monotone,15,10,7,0.5739282949848248
3,"[12, 7, 2]",monotone,16,11,8,0.86578721505998
