,flop,board_type,0b,1b,2b,profit
0,"[12, 6, 2]",monotone,1,1,1,0.39528758255319135
1,"[12, 6, 2]",monotone,8,6,4,0.7436635668085108
2,"[12, 6, 2]",monotone,10,7,5,0.7448475650000003
3,"[12, 6, 2]",monotone,15,10,7,0.8264351724468086
4,"[12, 6, 2]",monotone,16,11,8,1.164396909787234
