,flop,board_type,0b,1b,2b,profit
0,"[11, 10, 9]",monotone,1,1,1,1.8578154200800783
1,"[11, 10, 9]",monotone,2,2,2,1.9352810433179721
2,"[11, 10, 9]",monotone,3,2,2,2.0474630034297796
3,"[11, 10, 9]",monotone,4,3,2,2.1626468766034597
4,"[11, 10, 9]",monotone,10,7,5,2.1629958633829416
5,"[11, 10, 9]",monotone,15,10,7,2.2374756307924755
6,"[11, 10, 9]",monotone,16,11,8,2.2390254698194454
