,flop,board_type,0b,1b,2b,profit
0,"[11, 8, 3]",monotone,1,1,1,0.452322234008097
1,"[11, 8, 3]",monotone,2,2,2,0.5469906722267202
2,"[11, 8, 3]",monotone,3,2,2,0.6710931370040483
3,"[11, 8, 3]",monotone,4,3,2,0.7621744793522263
4,"[11, 8, 3]",monotone,8,6,4,0.8950269642105264
5,"[11, 8, 3]",monotone,15,10,7,1.0378496903643726
6,"[11, 8, 3]",monotone,16,11,8,1.1275956892307695
