,flop,board_type,0b,1b,2b,profit
0,"[11, 8, 2]",monotone,1,1,1,0.45159387141700374
1,"[11, 8, 2]",monotone,2,2,2,0.5473458843724694
2,"[11, 8, 2]",monotone,3,2,2,0.6663884262348176
3,"[11, 8, 2]",monotone,4,3,2,0.7601395557894739
4,"[11, 8, 2]",monotone,8,6,4,0.893992618623482
5,"[11, 8, 2]",monotone,15,10,7,1.0371590986234818
6,"[11, 8, 2]",monotone,16,11,8,1.1269869938461536
