,flop,board_type,0b,1b,2b,profit
0,"[11, 6, 2]",monotone,1,1,1,0.5064677343305911
1,"[11, 6, 2]",monotone,2,2,2,0.5082662560957368
2,"[11, 6, 2]",monotone,3,2,2,0.512216667314884
3,"[11, 6, 2]",monotone,4,3,2,0.6664499958115183
4,"[11, 6, 2]",monotone,8,6,4,0.8317549587135379
5,"[11, 6, 2]",monotone,15,10,7,0.9808485198204937
6,"[11, 6, 2]",monotone,16,11,8,1.2028993448017948
