,flop,board_type,0b,1b,2b,profit
0,"[10, 9, 2]",monotone,1,1,1,0.765577000739687
1,"[10, 9, 2]",monotone,2,2,2,0.9706194072830725
2,"[10, 9, 2]",monotone,3,2,2,1.1041671247795162
3,"[10, 9, 2]",monotone,4,3,2,1.2017112777809387
