,flop,board_type,0b,1b,2b,profit
0,"[10, 8, 5]",monotone,1,1,1,0.7714838880796586
1,"[10, 8, 5]",monotone,2,2,2,0.9896725166998576
2,"[10, 8, 5]",monotone,3,2,2,1.117881100739687
3,"[10, 8, 5]",monotone,4,3,2,1.218332598463727
4,"[10, 8, 5]",monotone,10,7,5,1.2743637846088192
5,"[10, 8, 5]",monotone,15,10,7,1.3742548121763867
6,"[10, 8, 5]",monotone,16,11,8,1.4206771207965863
