,flop,board_type,0b,1b,2b,profit
0,"[10, 8, 4]",monotone,1,1,1,0.682910737123652
1,"[10, 8, 4]",monotone,2,2,2,0.9003989364234697
2,"[10, 8, 4]",monotone,3,2,2,1.0213385348270547
3,"[10, 8, 4]",monotone,4,3,2,1.1203414066097184
4,"[10, 8, 4]",monotone,10,7,5,1.1764832151239322
5,"[10, 8, 4]",monotone,15,10,7,1.2803954673855202
6,"[10, 8, 4]",monotone,16,11,8,1.331547793530318
