,flop,board_type,0b,1b,2b,profit
0,"[10, 8, 2]",monotone,1,1,1,0.6587875042991179
1,"[10, 8, 2]",monotone,2,2,2,0.7630308107828037
2,"[10, 8, 2]",monotone,3,2,2,0.9697408784483966
3,"[10, 8, 2]",monotone,4,3,2,1.1126852410866825
4,"[10, 8, 2]",monotone,10,7,5,1.1686498271950707
5,"[10, 8, 2]",monotone,15,10,7,1.272146643187229
6,"[10, 8, 2]",monotone,16,11,8,1.3223143696681139
