,flop,board_type,0b,1b,2b,profit
0,"[10, 7, 6]",monotone,1,1,1,1.3126432856548855
1,"[10, 7, 6]",monotone,8,6,4,1.7491302030769227
2,"[10, 7, 6]",monotone,10,7,5,1.8017515830353428
3,"[10, 7, 6]",monotone,15,10,7,1.8794248156340956
