,flop,board_type,0b,1b,2b,profit
0,"[10, 6, 2]",monotone,1,1,1,0.8167272131958764
1,"[10, 6, 2]",monotone,8,6,4,1.23927169443299
2,"[10, 6, 2]",monotone,10,7,5,1.2863081952577318
3,"[10, 6, 2]",monotone,15,10,7,1.37959777814433
4,"[10, 6, 2]",monotone,16,11,8,1.498538689072165
