,flop,board_type,0b,1b,2b,profit
0,"[10, 5, 4]",monotone,1,1,1,0.8504667218461537
1,"[10, 5, 4]",monotone,2,2,2,0.9437245484615384
2,"[10, 5, 4]",monotone,3,2,2,1.0127927356923077
3,"[10, 5, 4]",monotone,4,3,2,1.1987424892307694
4,"[10, 5, 4]",monotone,8,6,4,1.3724229067692306
5,"[10, 5, 4]",monotone,10,7,5,1.4286844847692304
6,"[10, 5, 4]",monotone,15,10,7,1.523399904153846
7,"[10, 5, 4]",monotone,16,11,8,1.641280446923077
