,flop,board_type,0b,1b,2b,profit
0,"[10, 4, 2]",monotone,1,1,1,0.7214065459090906
1,"[10, 4, 2]",monotone,2,2,2,0.7250511031818181
2,"[10, 4, 2]",monotone,8,6,4,1.0362268949999998
3,"[10, 4, 2]",monotone,10,7,5,1.092312936212121
4,"[10, 4, 2]",monotone,15,10,7,1.1777254607575756
5,"[10, 4, 2]",monotone,16,11,8,1.4883861618181817
