,flop,board_type,0b,1b,2b,profit
0,"[9, 8, 6]",monotone,1,1,1,1.053471524310777
1,"[9, 8, 6]",monotone,2,2,2,1.2767415092731826
2,"[9, 8, 6]",monotone,3,2,2,1.390085702255639
3,"[9, 8, 6]",monotone,4,3,2,1.5657346248955721
4,"[9, 8, 6]",monotone,10,7,5,1.612664462489557
5,"[9, 8, 6]",monotone,15,10,7,1.6763409213032578
