,flop,board_type,0b,1b,2b,profit
0,"[9, 8, 2]",monotone,1,1,1,0.6666251085526316
1,"[9, 8, 2]",monotone,2,2,2,0.9012125526315786
2,"[9, 8, 2]",monotone,3,2,2,0.9923700707236841
3,"[9, 8, 2]",monotone,4,3,2,1.1234895953947366
4,"[9, 8, 2]",monotone,10,7,5,1.2079286365131578
5,"[9, 8, 2]",monotone,15,10,7,1.3333628634868422
6,"[9, 8, 2]",monotone,16,11,8,1.3334014572368422
