,flop,board_type,0b,1b,2b,profit
0,"[9, 7, 4]",monotone,1,1,1,0.7337945078947368
1,"[9, 7, 4]",monotone,2,2,2,0.7372472394736842
2,"[9, 7, 4]",monotone,3,2,2,0.7909739552631578
3,"[9, 7, 4]",monotone,4,3,2,0.8575735980263156
4,"[9, 7, 4]",monotone,10,7,5,1.0055080105263157
5,"[9, 7, 4]",monotone,15,10,7,1.2323059638157894
