,flop,board_type,0b,1b,2b,profit
0,"[8, 5, 4]",monotone,1,1,1,1.096524189948263
1,"[8, 5, 4]",monotone,2,2,2,1.0972054323725056
2,"[8, 5, 4]",monotone,8,6,4,1.23106489135255
3,"[8, 5, 4]",monotone,10,7,5,1.35217169992609
4,"[8, 5, 4]",monotone,15,10,7,1.5972612490761269
5,"[8, 5, 4]",monotone,16,11,8,1.8930411988174427
