,flop,board_type,0b,1b,2b,profit
0,"[8, 4, 3]",monotone,1,1,1,0.7111880157317074
1,"[8, 4, 3]",monotone,2,2,2,0.7135881510975608
2,"[8, 4, 3]",monotone,3,2,2,0.7665597745121951
3,"[8, 4, 3]",monotone,4,3,2,0.9036542369512195
4,"[8, 4, 3]",monotone,8,6,4,0.9724288048780488
5,"[8, 4, 3]",monotone,10,7,5,1.0962864869512194
6,"[8, 4, 3]",monotone,15,10,7,1.337268523414634
7,"[8, 4, 3]",monotone,16,11,8,1.626559638536585
