,flop,board_type,0b,1b,2b,profit
0,"[7, 5, 2]",monotone,1,1,1,0.8698762003466631
1,"[7, 5, 2]",monotone,8,6,4,1.0091917029837814
2,"[7, 5, 2]",monotone,10,7,5,1.055388942478643
3,"[7, 5, 2]",monotone,15,10,7,1.2290797967314595
4,"[7, 5, 2]",monotone,16,11,8,1.6481230320663611
