,flop,board_type,0b,1b,2b,profit
0,"[6, 5, 2]",monotone,1,1,1,1.0757180785123963
1,"[6, 5, 2]",monotone,2,2,2,1.213561356749311
2,"[6, 5, 2]",monotone,3,2,2,1.2511706473829198
3,"[6, 5, 2]",monotone,4,3,2,1.3534601790633602
4,"[6, 5, 2]",monotone,8,6,4,1.3555284710743798
5,"[6, 5, 2]",monotone,10,7,5,1.356726976584022
6,"[6, 5, 2]",monotone,15,10,7,1.4183891873278236
7,"[6, 5, 2]",monotone,16,11,8,1.8777228236914594
