,flop,board_type,0b,1b,2b,profit
0,"[6, 4, 3]",monotone,1,1,1,1.1117349798379834
1,"[6, 4, 3]",monotone,8,6,4,1.25138565220522
2,"[6, 4, 3]",monotone,10,7,5,1.2947786351035098
3,"[6, 4, 3]",monotone,15,10,7,1.463164817461746
4,"[6, 4, 3]",monotone,16,11,8,1.9190237218721868
