,flop,board_type,0b,1b,2b,profit
0,"[5, 4, 2]",monotone,1,1,1,1.753654528667917
1,"[5, 4, 2]",monotone,2,2,2,1.883561432659048
2,"[5, 4, 2]",monotone,3,2,2,1.9208909490141561
3,"[5, 4, 2]",monotone,4,3,2,2.0264440471993854
4,"[5, 4, 2]",monotone,15,10,7,2.0829572693638063
5,"[5, 4, 2]",monotone,16,11,8,2.5822307723264535
