,flop,board_type,0b,1b,2b,profit
0,"[5, 3, 2]",monotone,1,1,1,1.733650803789868
1,"[5, 3, 2]",monotone,2,2,2,1.7337393653095678
2,"[5, 3, 2]",monotone,3,2,2,1.767370145959406
3,"[5, 3, 2]",monotone,4,3,2,1.8689108410574786
4,"[5, 3, 2]",monotone,10,7,5,1.9139366141633973
5,"[5, 3, 2]",monotone,15,10,7,2.0744461114173625
6,"[5, 3, 2]",monotone,16,11,8,2.5728058845369257
