,flop,board_type,0b,1b,2b,profit
0,"[4, 3, 2]",monotone,1,1,1,1.4916747705543234
1,"[4, 3, 2]",monotone,2,2,2,1.4937741835920175
2,"[4, 3, 2]",monotone,3,2,2,1.5262597992017732
3,"[4, 3, 2]",monotone,4,3,2,1.6289592241241682
4,"[4, 3, 2]",monotone,8,6,4,1.6342819334811525
5,"[4, 3, 2]",monotone,15,10,7,1.6903670598669622
6,"[4, 3, 2]",monotone,16,11,8,2.238925351308204
