,flop,board_type,0b,1b,2b,profit
0,"[14, 14, 4]",two-tone,1,1,1,0.10905667062237298
1,"[14, 14, 4]",two-tone,8,6,4,0.4266387127138225
2,"[14, 14, 4]",two-tone,10,7,5,0.5889897422937932
3,"[14, 14, 4]",two-tone,15,10,7,0.8274741925150071
