,flop,board_type,0b,1b,2b,profit
0,"[14, 13, 9]",two-tone,1,1,1,0.8643223495272804
1,"[14, 13, 9]",two-tone,2,2,2,0.8692303155667434
