,flop,board_type,0b,1b,2b,profit
0,"[14, 6, 6]",two-tone,1,1,1,0.48236459869697373
1,"[14, 6, 6]",two-tone,2,2,2,0.4833693407642809
2,"[14, 6, 6]",two-tone,8,6,4,0.9409728336189652
3,"[14, 6, 6]",two-tone,10,7,5,1.0845167681844166
4,"[14, 6, 6]",two-tone,15,10,7,1.1996582545643348
