,flop,board_type,0b,1b,2b,profit
0,"[14, 6, 4]",two-tone,1,1,1,0.48806442949002316
1,"[14, 6, 4]",two-tone,8,6,4,0.5713683125850543
2,"[14, 6, 4]",two-tone,10,7,5,0.6281910005764214
3,"[14, 6, 4]",two-tone,15,10,7,0.7079238451783022
