,flop,board_type,0b,1b,2b,profit
0,"[14, 6, 2]",two-tone,1,1,1,0.5119897207333253
1,"[14, 6, 2]",two-tone,2,2,2,0.5130963194290222
2,"[14, 6, 2]",two-tone,8,6,4,0.5189846939457409
3,"[14, 6, 2]",two-tone,10,7,5,0.5638317675252096
4,"[14, 6, 2]",two-tone,15,10,7,0.6699484465440878
