,flop,board_type,0b,1b,2b,profit
0,"[14, 4, 3]",two-tone,1,1,1,0.5641599465917643
1,"[14, 4, 3]",two-tone,15,10,7,0.5699785363334675
