,flop,board_type,0b,1b,2b,profit
0,"[13, 13, 12]",two-tone,1,1,1,0.6101527983147581
1,"[13, 13, 12]",two-tone,2,2,2,0.6359845794196306
2,"[13, 13, 12]",two-tone,3,2,2,0.7159116100366804
3,"[13, 13, 12]",two-tone,4,3,2,0.7180811510405628
4,"[13, 13, 12]",two-tone,8,6,4,0.832036219200165
