,flop,board_type,0b,1b,2b,profit
0,"[13, 13, 11]",two-tone,1,1,1,0.47515529974122056
1,"[13, 13, 11]",two-tone,2,2,2,0.5091235124177089
2,"[13, 13, 11]",two-tone,3,2,2,0.5921997910513858
3,"[13, 13, 11]",two-tone,4,3,2,0.5944309035940467
4,"[13, 13, 11]",two-tone,8,6,4,0.7316208086009743
