,flop,board_type,0b,1b,2b,profit
0,"[13, 12, 8]",two-tone,1,1,1,0.8477723269253162
1,"[13, 12, 8]",two-tone,2,2,2,0.8756271358340226
