,flop,board_type,0b,1b,2b,profit
0,"[13, 12, 6]",two-tone,1,1,1,0.6431014001969542
1,"[13, 12, 6]",two-tone,2,2,2,0.6798832029138274
