,flop,board_type,0b,1b,2b,profit
0,"[13, 12, 4]",two-tone,1,1,1,0.6581802644591871
1,"[13, 12, 4]",two-tone,2,2,2,0.6983945045309135
