,flop,board_type,0b,1b,2b,profit
0,"[13, 11, 3]",two-tone,1,1,1,0.627450411698075
1,"[13, 11, 3]",two-tone,2,2,2,0.669777128459192
