,flop,board_type,0b,1b,2b,profit
0,"[13, 10, 3]",two-tone,1,1,1,0.7159517170007585
1,"[13, 10, 3]",two-tone,2,2,2,0.7655121753495566
