,flop,board_type,0b,1b,2b,profit
0,"[13, 8, 2]",two-tone,1,1,1,0.8209472912455646
1,"[13, 8, 2]",two-tone,2,2,2,0.821667365855347
2,"[13, 8, 2]",two-tone,3,2,2,0.8219691300380664
