,flop,board_type,0b,1b,2b,profit
0,"[13, 5, 3]",two-tone,1,1,1,0.6308152764626831
1,"[13, 5, 3]",two-tone,8,6,4,0.7128435480862233
2,"[13, 5, 3]",two-tone,10,7,5,0.7574817184550882
3,"[13, 5, 3]",two-tone,15,10,7,0.8851073787024097
