,flop,board_type,0b,1b,2b,profit
0,"[12, 12, 9]",two-tone,1,1,1,0.6250991633728373
1,"[12, 12, 9]",two-tone,2,2,2,0.6592246001926754
2,"[12, 12, 9]",two-tone,3,2,2,0.7337564814652725
3,"[12, 12, 9]",two-tone,8,6,4,0.8203244280393904
4,"[12, 12, 9]",two-tone,10,7,5,0.8507492021226277
