,flop,board_type,0b,1b,2b,profit
0,"[12, 12, 6]",two-tone,1,1,1,0.41625416497470336
1,"[12, 12, 6]",two-tone,8,6,4,0.661059258057274
2,"[12, 12, 6]",two-tone,10,7,5,0.7741164229948521
3,"[12, 12, 6]",two-tone,15,10,7,0.8233659567900316
