,flop,board_type,0b,1b,2b,profit
0,"[12, 12, 2]",two-tone,1,1,1,0.3047860873490312
1,"[12, 12, 2]",two-tone,2,2,2,0.30675240216859895
2,"[12, 12, 2]",two-tone,8,6,4,0.5312787320307346
3,"[12, 12, 2]",two-tone,10,7,5,0.7407221109817879
4,"[12, 12, 2]",two-tone,15,10,7,0.9101796247695605
