,flop,board_type,0b,1b,2b,profit
0,"[12, 11, 8]",two-tone,1,1,1,1.2692572355729534
1,"[12, 11, 8]",two-tone,2,2,2,1.3115545884550766
