,flop,board_type,0b,1b,2b,profit
0,"[12, 10, 6]",two-tone,1,1,1,0.8253337483190043
1,"[12, 10, 6]",two-tone,2,2,2,0.929381714430995
