,flop,board_type,0b,1b,2b,profit
0,"[12, 8, 2]",two-tone,1,1,1,0.885052453985545
1,"[12, 8, 2]",two-tone,2,2,2,0.8851328414956093
