,flop,board_type,0b,1b,2b,profit
0,"[12, 6, 4]",two-tone,1,1,1,0.7024336741901145
1,"[12, 6, 4]",two-tone,10,7,5,0.7144917993316984
