,flop,board_type,0b,1b,2b,profit
0,"[12, 6, 2]",two-tone,1,1,1,0.7063994876428571
1,"[12, 6, 2]",two-tone,2,2,2,0.7108750470759877
