,flop,board_type,0b,1b,2b,profit
0,"[12, 4, 4]",two-tone,1,1,1,0.6230678930100613
1,"[12, 4, 4]",two-tone,8,6,4,0.7749373099401093
2,"[12, 4, 4]",two-tone,10,7,5,0.9796565589172894
3,"[12, 4, 4]",two-tone,15,10,7,1.0440148036776038
