,flop,board_type,0b,1b,2b,profit
0,"[11, 11, 8]",two-tone,1,1,1,0.8286286024646817
1,"[11, 11, 8]",two-tone,2,2,2,0.8425166391153558
2,"[11, 11, 8]",two-tone,10,7,5,0.9016933735866386
