,flop,board_type,0b,1b,2b,profit
0,"[11, 11, 7]",two-tone,1,1,1,0.656362751436041
1,"[11, 11, 7]",two-tone,2,2,2,0.6755495664224807
2,"[11, 11, 7]",two-tone,3,2,2,0.7327390945964359
3,"[11, 11, 7]",two-tone,10,7,5,0.7969069293544725
