,flop,board_type,0b,1b,2b,profit
0,"[11, 10, 6]",two-tone,1,1,1,0.8813534152523311
1,"[11, 10, 6]",two-tone,2,2,2,0.9467497310062813
