,flop,board_type,0b,1b,2b,profit
0,"[11, 10, 3]",two-tone,1,1,1,0.8446656097592651
1,"[11, 10, 3]",two-tone,2,2,2,0.8837294724548624
