,flop,board_type,0b,1b,2b,profit
0,"[11, 9, 3]",two-tone,1,1,1,0.8640445158669563
1,"[11, 9, 3]",two-tone,2,2,2,0.9093314025908692
