,flop,board_type,0b,1b,2b,profit
0,"[11, 8, 4]",two-tone,1,1,1,0.9857500665872101
1,"[11, 8, 4]",two-tone,2,2,2,1.0257053053510192
