,flop,board_type,0b,1b,2b,profit
0,"[11, 8, 3]",two-tone,1,1,1,0.918387649103118
1,"[11, 8, 3]",two-tone,2,2,2,0.9312124423345252
