,flop,board_type,0b,1b,2b,profit
0,"[11, 7, 7]",two-tone,1,1,1,0.6304608711108322
1,"[11, 7, 7]",two-tone,8,6,4,0.7870607482380644
2,"[11, 7, 7]",two-tone,10,7,5,0.863600042983787
3,"[11, 7, 7]",two-tone,15,10,7,0.8987938340943302
