,flop,board_type,0b,1b,2b,profit
0,"[11, 7, 3]",two-tone,1,1,1,0.8309736397581993
1,"[11, 7, 3]",two-tone,2,2,2,0.831018491988662
