,flop,board_type,0b,1b,2b,profit
0,"[11, 6, 2]",two-tone,1,1,1,0.7247648556448231
1,"[11, 6, 2]",two-tone,2,2,2,0.7251793306768529
