,flop,board_type,0b,1b,2b,profit
0,"[10, 10, 9]",two-tone,1,1,1,1.0169757820038143
1,"[10, 10, 9]",two-tone,2,2,2,1.0564712540299213
