,flop,board_type,0b,1b,2b,profit
0,"[10, 10, 4]",two-tone,1,1,1,0.6263072066745529
1,"[10, 10, 4]",two-tone,10,7,5,0.7136189300064956
2,"[10, 10, 4]",two-tone,15,10,7,0.7723732213662593
