,flop,board_type,0b,1b,2b,profit
0,"[10, 10, 3]",two-tone,1,1,1,0.588238153561368
1,"[10, 10, 3]",two-tone,10,7,5,0.7117731002227687
2,"[10, 10, 3]",two-tone,15,10,7,0.8339935049400258
