,flop,board_type,0b,1b,2b,profit
0,"[10, 9, 2]",two-tone,1,1,1,0.9447123756596768
1,"[10, 9, 2]",two-tone,2,2,2,1.0313487206434206
