,flop,board_type,0b,1b,2b,profit
0,"[10, 8, 4]",two-tone,1,1,1,1.0247320811214626
1,"[10, 8, 4]",two-tone,2,2,2,1.060100872287027
