,flop,board_type,0b,1b,2b,profit
0,"[10, 7, 2]",two-tone,1,1,1,0.8481612346490147
1,"[10, 7, 2]",two-tone,2,2,2,0.8882938905326355
