,flop,board_type,0b,1b,2b,profit
0,"[10, 5, 5]",two-tone,1,1,1,0.5575823937288789
1,"[10, 5, 5]",two-tone,2,2,2,0.557918664971702
2,"[10, 5, 5]",two-tone,3,2,2,0.5583980374541806
3,"[10, 5, 5]",two-tone,4,3,2,0.6306976778434108
4,"[10, 5, 5]",two-tone,8,6,4,0.7651417228575179
5,"[10, 5, 5]",two-tone,10,7,5,0.9913715678631936
6,"[10, 5, 5]",two-tone,15,10,7,1.0551764542349416
