,flop,board_type,0b,1b,2b,profit
0,"[9, 9, 2]",two-tone,1,1,1,0.6329520305182226
1,"[9, 9, 2]",two-tone,2,2,2,0.6352658594367963
2,"[9, 9, 2]",two-tone,10,7,5,0.7284703203851428
3,"[9, 9, 2]",two-tone,15,10,7,0.7971446236819093
