,flop,board_type,0b,1b,2b,profit
0,"[9, 8, 8]",two-tone,1,1,1,0.8530031771270875
1,"[9, 8, 8]",two-tone,15,10,7,0.8848208425398955
