,flop,board_type,0b,1b,2b,profit
0,"[8, 8, 6]",two-tone,1,1,1,1.041105113243935
1,"[8, 8, 6]",two-tone,10,7,5,1.051709834267041
2,"[8, 8, 6]",two-tone,15,10,7,1.125242443878597
