,flop,board_type,0b,1b,2b,profit
0,"[8, 8, 3]",two-tone,1,1,1,0.9096225086345778
1,"[8, 8, 3]",two-tone,2,2,2,0.9102941203085002
2,"[8, 8, 3]",two-tone,10,7,5,1.0851222250895798
3,"[8, 8, 3]",two-tone,15,10,7,1.3297126696083055
