,flop,board_type,0b,1b,2b,profit
0,"[8, 4, 3]",two-tone,1,1,1,0.9141657635218307
1,"[8, 4, 3]",two-tone,8,6,4,0.918640923627041
2,"[8, 4, 3]",two-tone,10,7,5,0.9577004033386537
3,"[8, 4, 3]",two-tone,15,10,7,1.0104696556809758
