,flop,board_type,0b,1b,2b,profit
0,"[8, 4, 2]",two-tone,1,1,1,0.9366747319017608
1,"[8, 4, 2]",two-tone,15,10,7,0.9865214138780513
