,flop,board_type,0b,1b,2b,profit
0,"[8, 2, 2]",two-tone,1,1,1,0.8230108611195369
1,"[8, 2, 2]",two-tone,8,6,4,0.9385118960558865
2,"[8, 2, 2]",two-tone,10,7,5,1.2083569478643867
3,"[8, 2, 2]",two-tone,15,10,7,1.455574826169095
