,flop,board_type,0b,1b,2b,profit
0,"[7, 5, 4]",two-tone,1,1,1,0.7080257183681451
1,"[7, 5, 4]",two-tone,2,2,2,0.7087273004282515
2,"[7, 5, 4]",two-tone,3,2,2,0.7107476406105248
3,"[7, 5, 4]",two-tone,4,3,2,0.7129163626953163
4,"[7, 5, 4]",two-tone,8,6,4,0.9730979848404928
5,"[7, 5, 4]",two-tone,10,7,5,0.9748262487380521
