,flop,board_type,0b,1b,2b,profit
0,"[7, 5, 2]",two-tone,1,1,1,0.6048069447072503
1,"[7, 5, 2]",two-tone,8,6,4,0.6315068929042851
2,"[7, 5, 2]",two-tone,15,10,7,0.6665771254199618
