,flop,board_type,0b,1b,2b,profit
0,"[7, 4, 4]",two-tone,1,1,1,0.5228620230404959
1,"[7, 4, 4]",two-tone,8,6,4,0.7254461334022823
2,"[7, 4, 4]",two-tone,10,7,5,1.0346053125205366
3,"[7, 4, 4]",two-tone,15,10,7,1.265722224718726
