,flop,board_type,0b,1b,2b,profit
0,"[6, 6, 5]",two-tone,1,1,1,0.5409102942801396
1,"[6, 6, 5]",two-tone,8,6,4,0.6927647716313741
2,"[6, 6, 5]",two-tone,10,7,5,1.0634723014012588
3,"[6, 6, 5]",two-tone,15,10,7,1.2200554127058523
