,flop,board_type,0b,1b,2b,profit
0,"[6, 6, 2]",two-tone,1,1,1,0.4315276555915848
1,"[6, 6, 2]",two-tone,8,6,4,0.5811264046290934
2,"[6, 6, 2]",two-tone,10,7,5,0.8054135933430996
3,"[6, 6, 2]",two-tone,15,10,7,1.2076090966813777
