,flop,board_type,0b,1b,2b,profit
0,"[6, 3, 3]",two-tone,1,1,1,0.4030484466704125
1,"[6, 3, 3]",two-tone,8,6,4,0.6816814603895383
2,"[6, 3, 3]",two-tone,10,7,5,0.9654029262206187
3,"[6, 3, 3]",two-tone,15,10,7,1.3093106738113394
