,flop,board_type,0b,1b,2b,profit
0,"[5, 3, 3]",two-tone,1,1,1,0.4107859467995203
1,"[5, 3, 3]",two-tone,8,6,4,0.8034679582260887
2,"[5, 3, 3]",two-tone,10,7,5,0.996822109331805
3,"[5, 3, 3]",two-tone,15,10,7,1.3300727505783871
