,flop,board_type,0b,1b,2b,profit
0,"[14, 14, 5]",two-tone,1,1,1,8.857587656984723
1,"[14, 14, 5]",two-tone,3,2,2,8.859276107688949
2,"[14, 14, 5]",two-tone,8,6,4,9.699122605037909
3,"[14, 14, 5]",two-tone,10,7,5,10.084074111860527
4,"[14, 14, 5]",two-tone,15,10,7,11.138045550788439
