,flop,board_type,0b,1b,2b,profit
0,"[14, 14, 2]",two-tone,1,1,1,8.857531375294581
1,"[14, 14, 2]",two-tone,8,6,4,9.702126422035425
2,"[14, 14, 2]",two-tone,10,7,5,10.084966518808418
3,"[14, 14, 2]",two-tone,15,10,7,11.149582389498116
