,flop,board_type,0b,1b,2b,profit
0,"[14, 13, 11]",two-tone,1,1,1,11.326401840935333
1,"[14, 13, 11]",two-tone,2,2,2,12.17146142132717
