,flop,board_type,0b,1b,2b,profit
0,"[14, 13, 8]",two-tone,1,1,1,8.506129850814693
1,"[14, 13, 8]",two-tone,16,11,8,9.158855103124996
