,flop,board_type,0b,1b,2b,profit
0,"[14, 13, 4]",two-tone,1,1,1,8.916721346561433
1,"[14, 13, 4]",two-tone,2,2,2,8.917093548942384
2,"[14, 13, 4]",two-tone,16,11,8,9.821730216369042
