,flop,board_type,0b,1b,2b,profit
0,"[14, 12, 12]",two-tone,1,1,1,7.04305080399504
1,"[14, 12, 12]",two-tone,8,6,4,7.120309695816235
2,"[14, 12, 12]",two-tone,15,10,7,7.142095216451898
3,"[14, 12, 12]",two-tone,16,11,8,7.513638301451898
