,flop,board_type,0b,1b,2b,profit
0,"[14, 12, 11]",two-tone,1,1,1,9.32536208519317
1,"[14, 12, 11]",two-tone,8,6,4,9.83480658609114
2,"[14, 12, 11]",two-tone,15,10,7,9.895962987519713
