,flop,board_type,0b,1b,2b,profit
0,"[14, 12, 10]",two-tone,1,1,1,9.461135365935815
1,"[14, 12, 10]",two-tone,2,2,2,9.486365584318168
