,flop,board_type,0b,1b,2b,profit
0,"[14, 12, 7]",two-tone,1,1,1,8.89605280831737
1,"[14, 12, 7]",two-tone,2,2,2,8.91249279618534
2,"[14, 12, 7]",two-tone,16,11,8,9.097233461961519
