,flop,board_type,0b,1b,2b,profit
0,"[14, 11, 4]",two-tone,1,1,1,8.096531603163601
1,"[14, 11, 4]",two-tone,8,6,4,8.181270301107903
2,"[14, 11, 4]",two-tone,16,11,8,8.35682183082088
