,flop,board_type,0b,1b,2b,profit
0,"[14, 10, 5]",two-tone,1,1,1,10.650423152007383
1,"[14, 10, 5]",two-tone,16,11,8,10.65475914534506
