,flop,board_type,0b,1b,2b,profit
0,"[14, 9, 9]",two-tone,1,1,1,3.3542089943306372
1,"[14, 9, 9]",two-tone,15,10,7,3.3549057615925406
