,flop,board_type,0b,1b,2b,profit
0,"[14, 9, 7]",two-tone,1,1,1,4.986852754795712
1,"[14, 9, 7]",two-tone,2,2,2,4.990574918342508
2,"[14, 9, 7]",two-tone,15,10,7,4.991243214894232
