,flop,board_type,0b,1b,2b,profit
0,"[14, 9, 4]",two-tone,1,1,1,5.3064778866616376
1,"[14, 9, 4]",two-tone,2,2,2,5.3093328309239345
2,"[14, 9, 4]",two-tone,8,6,4,5.313503068863043
