,flop,board_type,0b,1b,2b,profit
0,"[14, 8, 5]",two-tone,1,1,1,5.635907386416861
1,"[14, 8, 5]",two-tone,2,2,2,5.654204653697967
