,flop,board_type,0b,1b,2b,profit
0,"[14, 7, 5]",two-tone,1,1,1,5.642864617327692
1,"[14, 7, 5]",two-tone,2,2,2,5.645121685530457
2,"[14, 7, 5]",two-tone,8,6,4,5.645141157419857
