,flop,board_type,0b,1b,2b,profit
0,"[14, 7, 3]",two-tone,1,1,1,5.799150008571933
1,"[14, 7, 3]",two-tone,8,6,4,5.805902321014326
