,flop,board_type,0b,1b,2b,profit
0,"[14, 4, 3]",two-tone,1,1,1,7.722219167046158
1,"[14, 4, 3]",two-tone,10,7,5,7.7223000628703335
