,flop,board_type,0b,1b,2b,profit
0,"[13, 13, 10]",two-tone,1,1,1,7.843411691927157
1,"[13, 13, 10]",two-tone,8,6,4,8.410371293488534
2,"[13, 13, 10]",two-tone,15,10,7,9.116848479669612
