,flop,board_type,0b,1b,2b,profit
0,"[13, 13, 5]",two-tone,1,1,1,7.41990355857359
1,"[13, 13, 5]",two-tone,8,6,4,8.303247676010566
2,"[13, 13, 5]",two-tone,15,10,7,9.432227222439135
