,flop,board_type,0b,1b,2b,profit
0,"[13, 12, 8]",two-tone,1,1,1,9.405639521539921
1,"[13, 12, 8]",two-tone,2,2,2,9.409991241437357
2,"[13, 12, 8]",two-tone,3,2,2,9.412644149027102
