,flop,board_type,0b,1b,2b,profit
0,"[13, 12, 3]",two-tone,1,1,1,11.379677176431407
1,"[13, 12, 3]",two-tone,16,11,8,11.412236495115346
