,flop,board_type,0b,1b,2b,profit
0,"[13, 11, 11]",two-tone,1,1,1,3.788554454594154
1,"[13, 11, 11]",two-tone,8,6,4,3.869921976808035
2,"[13, 11, 11]",two-tone,15,10,7,3.943505679732141
3,"[13, 11, 11]",two-tone,16,11,8,3.952664961183035
