,flop,board_type,0b,1b,2b,profit
0,"[13, 11, 9]",two-tone,1,1,1,6.809397714758292
1,"[13, 11, 9]",two-tone,2,2,2,6.82393221545202
2,"[13, 11, 9]",two-tone,8,6,4,6.830677532099564
3,"[13, 11, 9]",two-tone,15,10,7,6.846950390378783
