,flop,board_type,0b,1b,2b,profit
0,"[13, 10, 4]",two-tone,1,1,1,9.86416406492642
1,"[13, 10, 4]",two-tone,10,7,5,9.87839655892642
