,flop,board_type,0b,1b,2b,profit
0,"[13, 9, 3]",two-tone,1,1,1,9.474899825512626
1,"[13, 9, 3]",two-tone,15,10,7,9.49470490752688
