,flop,board_type,0b,1b,2b,profit
0,"[13, 8, 4]",two-tone,1,1,1,7.166847657364339
1,"[13, 8, 4]",two-tone,2,2,2,7.17574783732004
