,flop,board_type,0b,1b,2b,profit
0,"[13, 7, 3]",two-tone,1,1,1,7.191201565448504
1,"[13, 7, 3]",two-tone,2,2,2,7.1935893397563655
2,"[13, 7, 3]",two-tone,3,2,2,7.196376873864893
3,"[13, 7, 3]",two-tone,10,7,5,7.202876647065334
