,flop,board_type,0b,1b,2b,profit
0,"[13, 6, 4]",two-tone,1,1,1,7.170781872782083
1,"[13, 6, 4]",two-tone,2,2,2,7.174808312759934
2,"[13, 6, 4]",two-tone,10,7,5,7.1784055199581625
