,flop,board_type,0b,1b,2b,profit
0,"[13, 5, 4]",two-tone,1,1,1,8.821034596897958
1,"[13, 5, 4]",two-tone,2,2,2,8.827166060111491
