,flop,board_type,0b,1b,2b,profit
0,"[12, 12, 4]",two-tone,1,1,1,3.412533596927273
1,"[12, 12, 4]",two-tone,2,2,2,3.4229344566974516
2,"[12, 12, 4]",two-tone,8,6,4,4.191358853422426
3,"[12, 12, 4]",two-tone,15,10,7,4.865683750387819
