,flop,board_type,0b,1b,2b,profit
0,"[12, 11, 2]",two-tone,1,1,1,5.675659801877365
1,"[12, 11, 2]",two-tone,8,6,4,5.741198085097092
2,"[12, 11, 2]",two-tone,10,7,5,5.771975667955951
3,"[12, 11, 2]",two-tone,16,11,8,5.889517949239457
