,flop,board_type,0b,1b,2b,profit
0,"[12, 10, 5]",two-tone,1,1,1,6.855956809703558
1,"[12, 10, 5]",two-tone,15,10,7,6.876947793503323
