,flop,board_type,0b,1b,2b,profit
0,"[12, 10, 2]",two-tone,1,1,1,6.862394364886846
1,"[12, 10, 2]",two-tone,8,6,4,6.868755518059885
