,flop,board_type,0b,1b,2b,profit
0,"[12, 9, 9]",two-tone,1,1,1,3.8434096269492746
1,"[12, 9, 9]",two-tone,8,6,4,3.8474346022391295
