,flop,board_type,0b,1b,2b,profit
0,"[12, 8, 2]",two-tone,1,1,1,7.061379507194559
1,"[12, 8, 2]",two-tone,10,7,5,7.06322619120578
