,flop,board_type,0b,1b,2b,profit
0,"[11, 11, 6]",two-tone,1,1,1,-1.9366637942026843
1,"[11, 11, 6]",two-tone,8,6,4,-1.6471459681710938
2,"[11, 11, 6]",two-tone,10,7,5,-1.6426852424457554
3,"[11, 11, 6]",two-tone,15,10,7,-1.3690934652536195
