,flop,board_type,0b,1b,2b,profit
0,"[11, 10, 6]",two-tone,1,1,1,2.4885662633755135
1,"[11, 10, 6]",two-tone,16,11,8,2.490914508480406
