,flop,board_type,0b,1b,2b,profit
0,"[11, 9, 8]",two-tone,1,1,1,0.839112628231188
1,"[11, 9, 8]",two-tone,2,2,2,0.8472308177763099
2,"[11, 9, 8]",two-tone,3,2,2,0.8601351433949316
