,flop,board_type,0b,1b,2b,profit
0,"[11, 5, 3]",two-tone,1,1,1,5.25098120275549
1,"[11, 5, 3]",two-tone,8,6,4,5.252539420265084
