,flop,board_type,0b,1b,2b,profit
0,"[11, 3, 3]",two-tone,1,1,1,4.237655919079174
1,"[11, 3, 3]",two-tone,2,2,2,4.239093456191138
2,"[11, 3, 3]",two-tone,8,6,4,4.240608592640388
3,"[11, 3, 3]",two-tone,10,7,5,4.242354357690965
