,flop,board_type,0b,1b,2b,profit
0,"[10, 10, 7]",two-tone,1,1,1,-2.060292001461976
1,"[10, 10, 7]",two-tone,2,2,2,-2.0567309417822943
