,flop,board_type,0b,1b,2b,profit
0,"[10, 10, 5]",two-tone,1,1,1,-0.011338085765717931
1,"[10, 10, 5]",two-tone,2,2,2,0.0009796108338444576
