,flop,board_type,0b,1b,2b,profit
0,"[10, 10, 3]",two-tone,1,1,1,-0.008408041708527048
1,"[10, 10, 3]",two-tone,2,2,2,0.0003847774976839524
2,"[10, 10, 3]",two-tone,3,2,2,0.006080175151529588
3,"[10, 10, 3]",two-tone,8,6,4,0.010046749944173428
