,flop,board_type,0b,1b,2b,profit
0,"[10, 9, 6]",two-tone,1,1,1,4.164129431464118
1,"[10, 9, 6]",two-tone,2,2,2,4.17926975340786
2,"[10, 9, 6]",two-tone,3,2,2,4.188027074457264
3,"[10, 9, 6]",two-tone,4,3,2,4.205410171215288
4,"[10, 9, 6]",two-tone,8,6,4,4.205586984648394
