,flop,board_type,0b,1b,2b,profit
0,"[10, 9, 4]",two-tone,1,1,1,6.038595404988994
1,"[10, 9, 4]",two-tone,2,2,2,6.0761398164196585
