,flop,board_type,0b,1b,2b,profit
0,"[10, 9, 3]",two-tone,1,1,1,6.047713108950841
1,"[10, 9, 3]",two-tone,2,2,2,6.055325212061628
