,flop,board_type,0b,1b,2b,profit
0,"[10, 8, 8]",two-tone,1,1,1,6.276939081661354
1,"[10, 8, 8]",two-tone,2,2,2,6.278468856201563
