,flop,board_type,0b,1b,2b,profit
0,"[10, 8, 4]",two-tone,1,1,1,7.618063147877733
1,"[10, 8, 4]",two-tone,8,6,4,7.626078227178128
