,flop,board_type,0b,1b,2b,profit
0,"[10, 8, 3]",two-tone,1,1,1,7.652560191278383
1,"[10, 8, 3]",two-tone,8,6,4,7.65583567665523
