,flop,board_type,0b,1b,2b,profit
0,"[10, 7, 6]",two-tone,1,1,1,4.065577992066355
1,"[10, 7, 6]",two-tone,2,2,2,4.0675677053922215
2,"[10, 7, 6]",two-tone,3,2,2,4.071845203712489
3,"[10, 7, 6]",two-tone,8,6,4,4.079346052536678
