,flop,board_type,0b,1b,2b,profit
0,"[10, 7, 4]",two-tone,1,1,1,5.399827601290127
1,"[10, 7, 4]",two-tone,2,2,2,5.402398983205021
