,flop,board_type,0b,1b,2b,profit
0,"[9, 9, 7]",two-tone,1,1,1,6.073967230780951
1,"[9, 9, 7]",two-tone,2,2,2,6.081180465058729
2,"[9, 9, 7]",two-tone,15,10,7,6.093749312025396
