,flop,board_type,0b,1b,2b,profit
0,"[9, 9, 4]",two-tone,1,1,1,3.5373799884307564
1,"[9, 9, 4]",two-tone,2,2,2,3.542653612846341
2,"[9, 9, 4]",two-tone,3,2,2,3.5429167901623586
3,"[9, 9, 4]",two-tone,4,3,2,3.549674329209977
