,flop,board_type,0b,1b,2b,profit
0,"[9, 2, 2]",two-tone,1,1,1,6.006045173977471
1,"[9, 2, 2]",two-tone,16,11,8,6.007926918821219
