,flop,board_type,0b,1b,2b,profit
0,"[8, 8, 3]",two-tone,1,1,1,7.937181026227517
1,"[8, 8, 3]",two-tone,2,2,2,7.940626648381364
2,"[8, 8, 3]",two-tone,8,6,4,7.94180226930444
3,"[8, 8, 3]",two-tone,10,7,5,7.941879297612133
4,"[8, 8, 3]",two-tone,15,10,7,7.946199554227517
