,flop,board_type,0b,1b,2b,profit
0,"[8, 7, 5]",two-tone,1,1,1,7.796085805999997
1,"[8, 7, 5]",two-tone,2,2,2,7.831813600387093
2,"[8, 7, 5]",two-tone,16,11,8,7.842552131870963
