,flop,board_type,0b,1b,2b,profit
0,"[8, 6, 5]",two-tone,1,1,1,7.998527687161287
1,"[8, 6, 5]",two-tone,10,7,5,8.007247355419356
