,flop,board_type,0b,1b,2b,profit
0,"[7, 6, 5]",two-tone,1,1,1,7.599685666774197
1,"[7, 6, 5]",two-tone,15,10,7,7.609810754967741
