,flop,board_type,0b,1b,2b,profit
0,"[7, 5, 5]",two-tone,1,1,1,7.2139281455920745
1,"[7, 5, 5]",two-tone,8,6,4,7.215575260361305
2,"[7, 5, 5]",two-tone,10,7,5,7.222899985284382
