,flop,board_type,0b,1b,2b,profit
0,"[7, 3, 3]",two-tone,1,1,1,7.445066563332888
1,"[7, 3, 3]",two-tone,2,2,2,7.451987567025195
