,flop,board_type,0b,1b,2b,profit
0,"[6, 6, 5]",two-tone,1,1,1,8.67657946344615
1,"[6, 6, 5]",two-tone,10,7,5,8.679772739907689
