,flop,board_type,0b,1b,2b,profit
0,"[5, 5, 3]",two-tone,1,1,1,9.935204141176468
1,"[5, 5, 3]",two-tone,2,2,2,9.958310858823527
2,"[5, 5, 3]",two-tone,8,6,4,9.959650998823527
3,"[5, 5, 3]",two-tone,10,7,5,9.968163001176467
4,"[5, 5, 3]",two-tone,16,11,8,9.97475492117647
