,flop,board_type,0b,1b,2b,profit
0,"[5, 4, 3]",two-tone,1,1,1,11.187560378823528
1,"[5, 4, 3]",two-tone,2,2,2,11.226089915294116
