,flop,board_type,0b,1b,2b,profit
0,"[4, 3, 3]",two-tone,1,1,1,9.952377016470587
1,"[4, 3, 3]",two-tone,2,2,2,9.959209305882352
2,"[4, 3, 3]",two-tone,16,11,8,9.969722442352937
