,flop,board_type,0b,1b,2b,profit
0,"[3, 3, 2]",two-tone,1,1,1,10.085848291764705
1,"[3, 3, 2]",two-tone,8,6,4,10.087248676470583
