,flop,board_type,0b,1b,2b,profit
0,"[14, 13, 5]",rainbow,1,1,1,0.29855568415802136
1,"[14, 13, 5]",rainbow,2,2,2,0.5854551763434428
2,"[14, 13, 5]",rainbow,3,2,2,0.7598722221335468
3,"[14, 13, 5]",rainbow,4,3,2,1.2019456095371115
4,"[14, 13, 5]",rainbow,8,6,4,1.688426217079011
5,"[14, 13, 5]",rainbow,10,7,5,1.6897857584796494
6,"[14, 13, 5]",rainbow,15,10,7,2.574921405227455
7,"[14, 13, 5]",rainbow,16,11,8,2.610834919393456
