,flop,board_type,0b,1b,2b,profit
0,"[14, 13, 2]",rainbow,1,1,1,0.1619531077586207
1,"[14, 13, 2]",rainbow,2,2,2,0.42792793936781626
2,"[14, 13, 2]",rainbow,3,2,2,0.6091077557471268
3,"[14, 13, 2]",rainbow,4,3,2,1.0147386387931037
4,"[14, 13, 2]",rainbow,8,6,4,1.525755651724138
5,"[14, 13, 2]",rainbow,10,7,5,1.5264680663793104
6,"[14, 13, 2]",rainbow,15,10,7,2.460544856896552
7,"[14, 13, 2]",rainbow,16,11,8,2.498818657758621
