,flop,board_type,0b,1b,2b,profit
0,"[14, 11, 2]",rainbow,1,1,1,0.3000371443742438
1,"[14, 11, 2]",rainbow,2,2,2,0.5404953360666755
2,"[14, 11, 2]",rainbow,3,2,2,0.7212646245463104
3,"[14, 11, 2]",rainbow,4,3,2,1.087279993278667
4,"[14, 11, 2]",rainbow,8,6,4,1.8280165383788152
5,"[14, 11, 2]",rainbow,10,7,5,1.8290143281355025
6,"[14, 11, 2]",rainbow,15,10,7,2.657621869874984
7,"[14, 11, 2]",rainbow,16,11,8,2.686147048662455
