,flop,board_type,0b,1b,2b,profit
0,"[14, 10, 3]",rainbow,1,1,1,0.5356512540940768
1,"[14, 10, 3]",rainbow,2,2,2,0.5407814382961673
2,"[14, 10, 3]",rainbow,3,2,2,0.7794021119581885
3,"[14, 10, 3]",rainbow,4,3,2,1.3609774491219517
4,"[14, 10, 3]",rainbow,8,6,4,1.9460028586864118
5,"[14, 10, 3]",rainbow,15,10,7,2.6293310811672477
6,"[14, 10, 3]",rainbow,16,11,8,2.647210024425087
