,flop,board_type,0b,1b,2b,profit
0,"[14, 9, 2]",rainbow,1,1,1,0.3325217004732926
1,"[14, 9, 2]",rainbow,8,6,4,1.2493141778397567
2,"[14, 9, 2]",rainbow,10,7,5,1.5536397484787021
3,"[14, 9, 2]",rainbow,15,10,7,2.7680226672244763
4,"[14, 9, 2]",rainbow,16,11,8,2.846928420250169
