,flop,board_type,0b,1b,2b,profit
0,"[14, 8, 4]",rainbow,1,1,1,0.5460540040744436
1,"[14, 8, 4]",rainbow,2,2,2,0.5488234830309077
2,"[14, 8, 4]",rainbow,8,6,4,1.2424744859022931
3,"[14, 8, 4]",rainbow,10,7,5,1.4872184897507477
4,"[14, 8, 4]",rainbow,15,10,7,2.656499855712862
5,"[14, 8, 4]",rainbow,16,11,8,2.7556399058158862
