,flop,board_type,0b,1b,2b,profit
0,"[14, 7, 7]",rainbow,1,1,1,0.3606604312834227
1,"[14, 7, 7]",rainbow,2,2,2,0.36223618248663125
2,"[14, 7, 7]",rainbow,8,6,4,1.336337807754011
3,"[14, 7, 7]",rainbow,10,7,5,2.2363362925133696
4,"[14, 7, 7]",rainbow,15,10,7,2.472058351069519
5,"[14, 7, 7]",rainbow,16,11,8,2.598390077807487
