,flop,board_type,0b,1b,2b,profit
0,"[14, 7, 5]",rainbow,1,1,1,0.6486495767899181
1,"[14, 7, 5]",rainbow,8,6,4,1.4615964043068828
2,"[14, 7, 5]",rainbow,10,7,5,1.7008837991967871
3,"[14, 7, 5]",rainbow,15,10,7,2.9044730001731063
4,"[14, 7, 5]",rainbow,16,11,8,3.0374764367469878
