,flop,board_type,0b,1b,2b,profit
0,"[14, 6, 6]",rainbow,1,1,1,0.23767154042360866
1,"[14, 6, 6]",rainbow,8,6,4,1.1595887602996258
2,"[14, 6, 6]",rainbow,10,7,5,1.3132204265788454
3,"[14, 6, 6]",rainbow,15,10,7,2.434714380989281
4,"[14, 6, 6]",rainbow,16,11,8,2.5808023871884282
