,flop,board_type,0b,1b,2b,profit
0,"[14, 3, 2]",rainbow,1,1,1,0.372122138422939
1,"[14, 3, 2]",rainbow,2,2,2,0.3771987768100358
2,"[14, 3, 2]",rainbow,8,6,4,1.1170259487275982
3,"[14, 3, 2]",rainbow,10,7,5,1.3241756101075266
4,"[14, 3, 2]",rainbow,15,10,7,2.501881882903226
5,"[14, 3, 2]",rainbow,16,11,8,2.6884351791099164
