,flop,board_type,0b,1b,2b,profit
0,"[13, 13, 12]",rainbow,1,1,1,0.35032608282019717
1,"[13, 13, 12]",rainbow,2,2,2,0.5995489254037378
2,"[13, 13, 12]",rainbow,3,2,2,0.7702874309096376
3,"[13, 13, 12]",rainbow,4,3,2,0.9105262025512925
4,"[13, 13, 12]",rainbow,8,6,4,1.3883122123812912
5,"[13, 13, 12]",rainbow,10,7,5,1.5971639242092415
6,"[13, 13, 12]",rainbow,15,10,7,2.2638694437729585
7,"[13, 13, 12]",rainbow,16,11,8,2.3098758782428104
