,flop,board_type,0b,1b,2b,profit
0,"[13, 13, 6]",rainbow,1,1,1,-0.060785070160104204
1,"[13, 13, 6]",rainbow,8,6,4,1.2008811116961626
2,"[13, 13, 6]",rainbow,10,7,5,1.6537880672455092
3,"[13, 13, 6]",rainbow,15,10,7,1.769392276484843
4,"[13, 13, 6]",rainbow,16,11,8,1.8676101791824165
