,flop,board_type,0b,1b,2b,profit
0,"[13, 12, 2]",rainbow,1,1,1,0.668886605813954
1,"[13, 12, 2]",rainbow,2,2,2,0.9031270400581399
2,"[13, 12, 2]",rainbow,3,2,2,1.1791385301162798
3,"[13, 12, 2]",rainbow,4,3,2,1.402310482189923
4,"[13, 12, 2]",rainbow,8,6,4,1.9502258412209306
5,"[13, 12, 2]",rainbow,15,10,7,2.7305820638953495
6,"[13, 12, 2]",rainbow,16,11,8,2.7775263137596915
