,flop,board_type,0b,1b,2b,profit
0,"[13, 11, 7]",rainbow,1,1,1,0.7717508636357595
1,"[13, 11, 7]",rainbow,2,2,2,1.6222963322632113
2,"[13, 11, 7]",rainbow,3,2,2,1.9709321679893657
3,"[13, 11, 7]",rainbow,4,3,2,2.232150148660685
4,"[13, 11, 7]",rainbow,10,7,5,2.2333925083283486
5,"[13, 11, 7]",rainbow,15,10,7,2.6914101234562984
