,flop,board_type,0b,1b,2b,profit
0,"[13, 11, 3]",rainbow,1,1,1,0.6368996861958267
1,"[13, 11, 3]",rainbow,2,2,2,0.859177649598716
2,"[13, 11, 3]",rainbow,3,2,2,1.123045955377207
3,"[13, 11, 3]",rainbow,4,3,2,1.34862601717496
4,"[13, 11, 3]",rainbow,8,6,4,1.8760588060995191
5,"[13, 11, 3]",rainbow,10,7,5,1.8761795642054575
6,"[13, 11, 3]",rainbow,15,10,7,2.6499906918138048
7,"[13, 11, 3]",rainbow,16,11,8,2.6975868499197437
