,flop,board_type,0b,1b,2b,profit
0,"[13, 10, 9]",rainbow,1,1,1,2.2613257662215536
1,"[13, 10, 9]",rainbow,2,2,2,2.5885231448473456
2,"[13, 10, 9]",rainbow,8,6,4,2.589199936961313
3,"[13, 10, 9]",rainbow,15,10,7,2.8867051143600744
