,flop,board_type,0b,1b,2b,profit
0,"[13, 7, 4]",rainbow,1,1,1,0.48483304482365
1,"[13, 7, 4]",rainbow,8,6,4,1.649955792885898
2,"[13, 7, 4]",rainbow,10,7,5,1.7570642172384792
3,"[13, 7, 4]",rainbow,15,10,7,2.3313542446073425
4,"[13, 7, 4]",rainbow,16,11,8,2.406939297572553
