,flop,board_type,0b,1b,2b,profit
0,"[13, 7, 3]",rainbow,1,1,1,0.4764635049269964
1,"[13, 7, 3]",rainbow,2,2,2,0.4816169156702521
2,"[13, 7, 3]",rainbow,8,6,4,1.6492964332452082
3,"[13, 7, 3]",rainbow,10,7,5,1.7532943070660338
4,"[13, 7, 3]",rainbow,15,10,7,2.326539347052815
5,"[13, 7, 3]",rainbow,16,11,8,2.4093421409301206
