,flop,board_type,0b,1b,2b,profit
0,"[13, 5, 4]",rainbow,1,1,1,0.40183486322751355
1,"[13, 5, 4]",rainbow,8,6,4,1.6859282970899476
2,"[13, 5, 4]",rainbow,10,7,5,1.7822293755291008
3,"[13, 5, 4]",rainbow,15,10,7,2.211931557804233
4,"[13, 5, 4]",rainbow,16,11,8,2.333048031878307
