,flop,board_type,0b,1b,2b,profit
0,"[12, 12, 12]",rainbow,1,1,1,0.9414934184598014
1,"[12, 12, 12]",rainbow,8,6,4,2.0694045742457097
2,"[12, 12, 12]",rainbow,10,7,5,2.5618103498373985
3,"[12, 12, 12]",rainbow,15,10,7,3.0246603143083783
4,"[12, 12, 12]",rainbow,16,11,8,3.1235431787759715
