,flop,board_type,0b,1b,2b,profit
0,"[12, 12, 10]",rainbow,1,1,1,1.3219301446581062
1,"[12, 12, 10]",rainbow,2,2,2,1.594599946666667
2,"[12, 12, 10]",rainbow,3,2,2,1.7482207976532003
3,"[12, 12, 10]",rainbow,4,3,2,1.9370684915085081
4,"[12, 12, 10]",rainbow,8,6,4,2.1226379553732126
5,"[12, 12, 10]",rainbow,10,7,5,2.264222934293768
6,"[12, 12, 10]",rainbow,15,10,7,2.7322618007516453
7,"[12, 12, 10]",rainbow,16,11,8,2.748949878576052
