,flop,board_type,0b,1b,2b,profit
0,"[12, 12, 7]",rainbow,1,1,1,0.8649888858581349
1,"[12, 12, 7]",rainbow,8,6,4,2.1109419904092266
2,"[12, 12, 7]",rainbow,10,7,5,2.389459609124504
3,"[12, 12, 7]",rainbow,15,10,7,2.6081670231696434
4,"[12, 12, 7]",rainbow,16,11,8,2.6755006210912704
