,flop,board_type,0b,1b,2b,profit
0,"[12, 11, 6]",rainbow,1,1,1,0.9183189707830918
1,"[12, 11, 6]",rainbow,2,2,2,1.4657765824232676
2,"[12, 11, 6]",rainbow,3,2,2,1.7543049180528918
3,"[12, 11, 6]",rainbow,4,3,2,2.338873489815704
4,"[12, 11, 6]",rainbow,8,6,4,2.4888314353453005
5,"[12, 11, 6]",rainbow,10,7,5,2.4923910077761033
6,"[12, 11, 6]",rainbow,15,10,7,2.944181516011237
