,flop,board_type,0b,1b,2b,profit
0,"[12, 10, 8]",rainbow,1,1,1,2.2989546703448287
1,"[12, 10, 8]",rainbow,2,2,2,2.617456601116585
2,"[12, 10, 8]",rainbow,3,2,2,2.6884323659441716
3,"[12, 10, 8]",rainbow,4,3,2,2.9964378596880143
4,"[12, 10, 8]",rainbow,8,6,4,2.996630763021347
5,"[12, 10, 8]",rainbow,15,10,7,3.263485708423646
6,"[12, 10, 8]",rainbow,16,11,8,3.2651834495730716
