,flop,board_type,0b,1b,2b,profit
0,"[12, 8, 2]",rainbow,1,1,1,0.9738344832792206
1,"[12, 8, 2]",rainbow,8,6,4,1.8587859186688318
2,"[12, 8, 2]",rainbow,10,7,5,2.1300525100649352
3,"[12, 8, 2]",rainbow,15,10,7,2.677022442316018
4,"[12, 8, 2]",rainbow,16,11,8,2.712249897186148
