,flop,board_type,0b,1b,2b,profit
0,"[12, 5, 2]",rainbow,1,1,1,0.7381037966961979
1,"[12, 5, 2]",rainbow,8,6,4,1.821115862310816
2,"[12, 5, 2]",rainbow,10,7,5,2.0739126428110004
3,"[12, 5, 2]",rainbow,15,10,7,2.6057231560077523
4,"[12, 5, 2]",rainbow,16,11,8,2.7211176416112957
