,flop,board_type,0b,1b,2b,profit
0,"[12, 4, 4]",rainbow,1,1,1,0.4790730336493445
1,"[12, 4, 4]",rainbow,8,6,4,1.5638134903148408
2,"[12, 4, 4]",rainbow,10,7,5,1.7325496237125468
3,"[12, 4, 4]",rainbow,15,10,7,2.1218763137874532
4,"[12, 4, 4]",rainbow,16,11,8,2.2320239835849716
