,flop,board_type,0b,1b,2b,profit
0,"[11, 11, 8]",rainbow,1,1,1,0.5285175984345701
1,"[11, 11, 8]",rainbow,2,2,2,0.7931406861901293
2,"[11, 11, 8]",rainbow,3,2,2,0.9333068759332226
3,"[11, 11, 8]",rainbow,4,3,2,1.0887641160655226
4,"[11, 11, 8]",rainbow,8,6,4,1.23732780090197
5,"[11, 11, 8]",rainbow,10,7,5,1.3527400119742041
6,"[11, 11, 8]",rainbow,15,10,7,1.7249308092285334
7,"[11, 11, 8]",rainbow,16,11,8,1.7615591589281512
