,flop,board_type,0b,1b,2b,profit
0,"[11, 11, 2]",rainbow,1,1,1,0.07845588856076807
1,"[11, 11, 2]",rainbow,2,2,2,0.07911498505220932
2,"[11, 11, 2]",rainbow,3,2,2,0.08506470927293514
3,"[11, 11, 2]",rainbow,4,3,2,0.21935033361036954
4,"[11, 11, 2]",rainbow,8,6,4,1.0229614735189254
5,"[11, 11, 2]",rainbow,10,7,5,1.1745831187666886
6,"[11, 11, 2]",rainbow,15,10,7,1.5012658824866052
7,"[11, 11, 2]",rainbow,16,11,8,1.5923402425725233
