,flop,board_type,0b,1b,2b,profit
0,"[11, 10, 10]",rainbow,1,1,1,1.1980949812668924
1,"[11, 10, 10]",rainbow,2,2,2,1.501062292060811
2,"[11, 10, 10]",rainbow,3,2,2,1.758635429881757
3,"[11, 10, 10]",rainbow,4,3,2,1.9172902613344598
4,"[11, 10, 10]",rainbow,15,10,7,2.5230294898479735
5,"[11, 10, 10]",rainbow,16,11,8,2.5235583818918923
