,flop,board_type,0b,1b,2b,profit
0,"[11, 10, 3]",rainbow,1,1,1,1.0651997662202382
1,"[11, 10, 3]",rainbow,2,2,2,1.5949786138392865
2,"[11, 10, 3]",rainbow,3,2,2,1.8582208389880959
3,"[11, 10, 3]",rainbow,4,3,2,1.9839034674107143
4,"[11, 10, 3]",rainbow,8,6,4,1.9845300229166676
5,"[11, 10, 3]",rainbow,15,10,7,2.553145797916667
6,"[11, 10, 3]",rainbow,16,11,8,2.5537727925595246
