,flop,board_type,0b,1b,2b,profit
0,"[11, 10, 2]",rainbow,1,1,1,1.0689054549107149
1,"[11, 10, 2]",rainbow,2,2,2,1.5978546433035716
2,"[11, 10, 2]",rainbow,3,2,2,1.8618829293154768
3,"[11, 10, 2]",rainbow,4,3,2,1.9844475077380954
4,"[11, 10, 2]",rainbow,8,6,4,1.9847653751488101
5,"[11, 10, 2]",rainbow,10,7,5,1.9858929239583336
6,"[11, 10, 2]",rainbow,15,10,7,2.5547168324404765
