,flop,board_type,0b,1b,2b,profit
0,"[11, 9, 7]",rainbow,1,1,1,1.6368299748079336
1,"[11, 9, 7]",rainbow,2,2,2,2.213397311238164
2,"[11, 9, 7]",rainbow,3,2,2,2.555277242570426
3,"[11, 9, 7]",rainbow,4,3,2,3.161500768417606
4,"[11, 9, 7]",rainbow,8,6,4,3.162044444583409
5,"[11, 9, 7]",rainbow,15,10,7,3.423181033708535
