,flop,board_type,0b,1b,2b,profit
0,"[11, 8, 5]",rainbow,1,1,1,0.9374323074675326
1,"[11, 8, 5]",rainbow,2,2,2,1.2042754554112558
2,"[11, 8, 5]",rainbow,3,2,2,1.3627750360389614
3,"[11, 8, 5]",rainbow,4,3,2,1.6911013730519484
4,"[11, 8, 5]",rainbow,8,6,4,1.8261898009740267
5,"[11, 8, 5]",rainbow,10,7,5,2.128777860064935
6,"[11, 8, 5]",rainbow,15,10,7,2.589822445021646
7,"[11, 8, 5]",rainbow,16,11,8,2.6208692673160185
