,flop,board_type,0b,1b,2b,profit
0,"[11, 6, 2]",rainbow,1,1,1,0.5563738696570388
1,"[11, 6, 2]",rainbow,8,6,4,2.0083942381375373
2,"[11, 6, 2]",rainbow,10,7,5,2.3250225542090712
3,"[11, 6, 2]",rainbow,15,10,7,2.732301274133772
4,"[11, 6, 2]",rainbow,16,11,8,2.7948889527913408
