,flop,board_type,0b,1b,2b,profit
0,"[10, 9, 8]",rainbow,1,1,1,1.7213405201656218
1,"[10, 9, 8]",rainbow,2,2,2,2.4218520406322623
2,"[10, 9, 8]",rainbow,3,2,2,2.733075801585326
3,"[10, 9, 8]",rainbow,4,3,2,3.1803869878554547
4,"[10, 9, 8]",rainbow,8,6,4,3.1847356367726407
5,"[10, 9, 8]",rainbow,15,10,7,3.3159282911410695
6,"[10, 9, 8]",rainbow,16,11,8,3.3171764720349044
