,flop,board_type,0b,1b,2b,profit
0,"[10, 6, 3]",rainbow,1,1,1,0.9471528116282597
1,"[10, 6, 3]",rainbow,2,2,2,0.9496248065645845
2,"[10, 6, 3]",rainbow,3,2,2,1.3144332376591876
3,"[10, 6, 3]",rainbow,4,3,2,1.7490577186021838
4,"[10, 6, 3]",rainbow,8,6,4,1.8630062439357198
5,"[10, 6, 3]",rainbow,10,7,5,2.2933455374014557
6,"[10, 6, 3]",rainbow,15,10,7,2.630693118132203
