,flop,board_type,0b,1b,2b,profit
0,"[10, 5, 4]",rainbow,1,1,1,0.9251027329411768
1,"[10, 5, 4]",rainbow,2,2,2,0.9257686282352943
2,"[10, 5, 4]",rainbow,3,2,2,1.1014185452941176
3,"[10, 5, 4]",rainbow,4,3,2,1.3985677741176472
4,"[10, 5, 4]",rainbow,8,6,4,1.864856337647059
5,"[10, 5, 4]",rainbow,10,7,5,2.2832100705882357
6,"[10, 5, 4]",rainbow,15,10,7,2.5069101123529416
7,"[10, 5, 4]",rainbow,16,11,8,2.5077833747058826
