,flop,board_type,0b,1b,2b,profit
0,"[10, 3, 2]",rainbow,1,1,1,0.8536124565254822
1,"[10, 3, 2]",rainbow,2,2,2,0.8557287392389806
2,"[10, 3, 2]",rainbow,8,6,4,1.6799747999311294
3,"[10, 3, 2]",rainbow,10,7,5,2.0928282403581266
4,"[10, 3, 2]",rainbow,15,10,7,2.3726320247073005
5,"[10, 3, 2]",rainbow,16,11,8,2.4069750041322315
