,flop,board_type,0b,1b,2b,profit
0,"[9, 9, 7]",rainbow,1,1,1,0.4146634882697275
1,"[9, 9, 7]",rainbow,2,2,2,0.7129632754433286
2,"[9, 9, 7]",rainbow,3,2,2,0.854652128195122
3,"[9, 9, 7]",rainbow,4,3,2,1.009482181202296
4,"[9, 9, 7]",rainbow,8,6,4,1.4612925498823535
5,"[9, 9, 7]",rainbow,10,7,5,1.8962929568608327
6,"[9, 9, 7]",rainbow,15,10,7,2.2602444776413204
