,flop,board_type,0b,1b,2b,profit
0,"[9, 7, 6]",rainbow,1,1,1,1.0827446078125005
1,"[9, 7, 6]",rainbow,8,6,4,2.627475512775735
2,"[9, 7, 6]",rainbow,10,7,5,2.8955634651654423
3,"[9, 7, 6]",rainbow,15,10,7,2.957045362867648
4,"[9, 7, 6]",rainbow,16,11,8,2.957186197794118
