,flop,board_type,0b,1b,2b,profit
0,"[9, 3, 2]",rainbow,1,1,1,0.4438190411167514
1,"[9, 3, 2]",rainbow,8,6,4,1.32557665728789
2,"[9, 3, 2]",rainbow,10,7,5,1.6743862859318348
3,"[9, 3, 2]",rainbow,15,10,7,2.1339916988397394
4,"[9, 3, 2]",rainbow,16,11,8,2.1636852646845544
