,flop,board_type,0b,1b,2b,profit
0,"[8, 7, 5]",rainbow,1,1,1,1.324221841626651
1,"[8, 7, 5]",rainbow,2,2,2,1.5818585009303723
2,"[8, 7, 5]",rainbow,3,2,2,1.720957397412965
3,"[8, 7, 5]",rainbow,4,3,2,1.8632087404441777
4,"[8, 7, 5]",rainbow,8,6,4,2.1287837924729898
5,"[8, 7, 5]",rainbow,10,7,5,2.6430139519867955
6,"[8, 7, 5]",rainbow,15,10,7,2.9556980396878756
7,"[8, 7, 5]",rainbow,16,11,8,2.9835839860504207
