,flop,board_type,0b,1b,2b,profit
0,"[8, 7, 3]",rainbow,1,1,1,1.032242665708812
1,"[8, 7, 3]",rainbow,2,2,2,1.2762649176245218
2,"[8, 7, 3]",rainbow,3,2,2,1.4189015268199239
3,"[8, 7, 3]",rainbow,4,3,2,1.5434879722222228
4,"[8, 7, 3]",rainbow,8,6,4,1.829546368773947
5,"[8, 7, 3]",rainbow,10,7,5,2.153410109195403
6,"[8, 7, 3]",rainbow,15,10,7,2.606215762452108
7,"[8, 7, 3]",rainbow,16,11,8,2.6306032873563225
