,flop,board_type,0b,1b,2b,profit
0,"[8, 6, 6]",rainbow,1,1,1,0.9693171060606063
1,"[8, 6, 6]",rainbow,8,6,4,1.9190201704545453
2,"[8, 6, 6]",rainbow,10,7,5,2.4438287272727277
3,"[8, 6, 6]",rainbow,15,10,7,2.624005257575758
4,"[8, 6, 6]",rainbow,16,11,8,2.703220825757576
