,flop,board_type,0b,1b,2b,profit
0,"[8, 5, 5]",rainbow,1,1,1,0.9840689691393634
1,"[8, 5, 5]",rainbow,8,6,4,1.7046686247288878
2,"[8, 5, 5]",rainbow,10,7,5,2.275924094347024
3,"[8, 5, 5]",rainbow,15,10,7,2.539943942858791
4,"[8, 5, 5]",rainbow,16,11,8,2.6183847500922934
