,flop,board_type,0b,1b,2b,profit
0,"[8, 5, 4]",rainbow,1,1,1,1.038964919534351
1,"[8, 5, 4]",rainbow,8,6,4,1.7463579940605964
2,"[8, 5, 4]",rainbow,10,7,5,2.1253075451031362
3,"[8, 5, 4]",rainbow,15,10,7,2.6170608402146573
4,"[8, 5, 4]",rainbow,16,11,8,2.697844425082453
