,flop,board_type,0b,1b,2b,profit
0,"[8, 4, 4]",rainbow,1,1,1,0.8619746357142857
1,"[8, 4, 4]",rainbow,8,6,4,1.5761130839285713
2,"[8, 4, 4]",rainbow,10,7,5,1.9603650928571437
3,"[8, 4, 4]",rainbow,15,10,7,2.3733261071428577
4,"[8, 4, 4]",rainbow,16,11,8,2.4464270214285717
