,flop,board_type,0b,1b,2b,profit
0,"[8, 4, 3]",rainbow,1,1,1,0.895518782857143
1,"[8, 4, 3]",rainbow,2,2,2,0.9011861314285722
2,"[8, 4, 3]",rainbow,8,6,4,1.6186717231428576
3,"[8, 4, 3]",rainbow,10,7,5,1.9119388571428577
4,"[8, 4, 3]",rainbow,15,10,7,2.400132331428572
5,"[8, 4, 3]",rainbow,16,11,8,2.473931210285715
