,flop,board_type,0b,1b,2b,profit
0,"[7, 7, 7]",rainbow,1,1,1,1.0407742307692307
1,"[7, 7, 7]",rainbow,2,2,2,1.0415080659340659
2,"[7, 7, 7]",rainbow,3,2,2,1.0438977170329669
3,"[7, 7, 7]",rainbow,4,3,2,1.1992695549450554
4,"[7, 7, 7]",rainbow,8,6,4,2.0731374230769237
5,"[7, 7, 7]",rainbow,10,7,5,2.693278999313187
6,"[7, 7, 7]",rainbow,15,10,7,2.9546796394230777
7,"[7, 7, 7]",rainbow,16,11,8,3.0621651648351653
