,flop,board_type,0b,1b,2b,profit
0,"[7, 5, 5]",rainbow,1,1,1,1.1793630855957338
1,"[7, 5, 5]",rainbow,8,6,4,1.9730843702760508
2,"[7, 5, 5]",rainbow,10,7,5,2.6484447063252157
3,"[7, 5, 5]",rainbow,15,10,7,2.936372678395027
4,"[7, 5, 5]",rainbow,16,11,8,3.0374123537700344
