,flop,board_type,0b,1b,2b,profit
0,"[6, 5, 5]",rainbow,1,1,1,1.4508604734006731
1,"[6, 5, 5]",rainbow,2,2,2,1.6881461517620653
2,"[6, 5, 5]",rainbow,3,2,2,1.810047686060606
3,"[6, 5, 5]",rainbow,4,3,2,1.956286283995511
4,"[6, 5, 5]",rainbow,8,6,4,2.430375028776656
5,"[6, 5, 5]",rainbow,10,7,5,3.0732035622895633
6,"[6, 5, 5]",rainbow,15,10,7,3.331060857643098
7,"[6, 5, 5]",rainbow,16,11,8,3.4603211874074074
