,flop,board_type,0b,1b,2b,profit
0,"[6, 2, 2]",rainbow,1,1,1,1.2044288579735731
1,"[6, 2, 2]",rainbow,8,6,4,2.0998419374792707
2,"[6, 2, 2]",rainbow,10,7,5,2.438852340416199
3,"[6, 2, 2]",rainbow,15,10,7,3.1029376087626392
4,"[6, 2, 2]",rainbow,16,11,8,3.2263019420478254
