,flop,board_type,0b,1b,2b,profit
0,"[4, 4, 4]",rainbow,1,1,1,1.733497436004785
1,"[4, 4, 4]",rainbow,8,6,4,2.3757097673444982
2,"[4, 4, 4]",rainbow,10,7,5,2.960569548893541
3,"[4, 4, 4]",rainbow,15,10,7,3.403439113736045
4,"[4, 4, 4]",rainbow,16,11,8,3.5699472364932223
