,flop,board_type,0b,1b,2b,profit
0,"[14, 14, 9]",rainbow,1,1,1,-2.652637953600522
1,"[14, 14, 9]",rainbow,2,2,2,-2.651465623851418
2,"[14, 14, 9]",rainbow,8,6,4,-0.3363824150211796
3,"[14, 14, 9]",rainbow,10,7,5,2.960822470011948
4,"[14, 14, 9]",rainbow,15,10,7,4.482061849274891
5,"[14, 14, 9]",rainbow,16,11,8,4.903247545219949
