,flop,board_type,0b,1b,2b,profit
0,"[14, 12, 8]",rainbow,1,1,1,-2.0214246533242886
1,"[14, 12, 8]",rainbow,2,2,2,2.7241592001356834
2,"[14, 12, 8]",rainbow,3,2,2,3.5834513168249655
3,"[14, 12, 8]",rainbow,4,3,2,5.669181667910447
4,"[14, 12, 8]",rainbow,8,6,4,5.67457109820217
5,"[14, 12, 8]",rainbow,15,10,7,6.795026436983469
