,flop,board_type,0b,1b,2b,profit
0,"[14, 12, 6]",rainbow,1,1,1,-2.2121277740841254
1,"[14, 12, 6]",rainbow,2,2,2,-0.8281256170284945
2,"[14, 12, 6]",rainbow,3,2,2,-0.038272434531887445
3,"[14, 12, 6]",rainbow,4,3,2,2.0518586636702834
4,"[14, 12, 6]",rainbow,8,6,4,2.545001673337855
5,"[14, 12, 6]",rainbow,15,10,7,4.883065489151161
6,"[14, 12, 6]",rainbow,16,11,8,4.929370326492537
