,flop,board_type,0b,1b,2b,profit
0,"[14, 12, 2]",rainbow,1,1,1,-3.4169052058441567
1,"[14, 12, 2]",rainbow,2,2,2,-2.089166044155844
2,"[14, 12, 2]",rainbow,3,2,2,-1.3325784576298703
3,"[14, 12, 2]",rainbow,4,3,2,0.6674234586038952
4,"[14, 12, 2]",rainbow,8,6,4,1.1582840907467529
5,"[14, 12, 2]",rainbow,10,7,5,1.1589169889610385
6,"[14, 12, 2]",rainbow,15,10,7,3.8646321547195375
7,"[14, 12, 2]",rainbow,16,11,8,3.909387106168831
