,flop,board_type,0b,1b,2b,profit
0,"[14, 8, 8]",rainbow,1,1,1,-4.7843951671232885
1,"[14, 8, 8]",rainbow,2,2,2,-4.783606395547946
2,"[14, 8, 8]",rainbow,8,6,4,-1.540125231506849
3,"[14, 8, 8]",rainbow,10,7,5,1.4984093972602743
4,"[14, 8, 8]",rainbow,15,10,7,2.898251634246576
5,"[14, 8, 8]",rainbow,16,11,8,3.3847852853574887
