,flop,board_type,0b,1b,2b,profit
0,"[14, 8, 4]",rainbow,1,1,1,-4.124143991438356
1,"[14, 8, 4]",rainbow,8,6,4,-1.6941443458904106
2,"[14, 8, 4]",rainbow,10,7,5,-0.5176072354848953
3,"[14, 8, 4]",rainbow,15,10,7,4.643371106363107
4,"[14, 8, 4]",rainbow,16,11,8,5.103427976173906
