,flop,board_type,0b,1b,2b,profit
0,"[14, 8, 3]",rainbow,1,1,1,-4.130198813356165
1,"[14, 8, 3]",rainbow,8,6,4,-1.7076924280821917
2,"[14, 8, 3]",rainbow,10,7,5,-0.5357109330263998
3,"[14, 8, 3]",rainbow,15,10,7,4.653532168006942
4,"[14, 8, 3]",rainbow,16,11,8,5.113589037817741
