,flop,board_type,0b,1b,2b,profit
0,"[14, 8, 2]",rainbow,1,1,1,-4.135803426369863
1,"[14, 8, 2]",rainbow,2,2,2,-4.131322244863014
2,"[14, 8, 2]",rainbow,3,2,2,-4.131154984589041
3,"[14, 8, 2]",rainbow,4,3,2,-3.6358357311643843
4,"[14, 8, 2]",rainbow,8,6,4,-1.7020762842465746
5,"[14, 8, 2]",rainbow,10,7,5,-0.5392150357661254
6,"[14, 8, 2]",rainbow,15,10,7,4.648744342664476
7,"[14, 8, 2]",rainbow,16,11,8,5.108801212475276
