,flop,board_type,0b,1b,2b,profit
0,"[14, 2, 2]",rainbow,1,1,1,-6.410180131578949
1,"[14, 2, 2]",rainbow,8,6,4,-4.853937846381579
2,"[14, 2, 2]",rainbow,10,7,5,-4.101439660197368
3,"[14, 2, 2]",rainbow,15,10,7,-0.4074617144736843
4,"[14, 2, 2]",rainbow,16,11,8,0.17805279407894758
