,flop,board_type,0b,1b,2b,profit
0,"[13, 13, 13]",rainbow,1,1,1,-4.968291372667407
1,"[13, 13, 13]",rainbow,8,6,4,-2.5114974083824695
2,"[13, 13, 13]",rainbow,10,7,5,-0.78857144941726
3,"[13, 13, 13]",rainbow,15,10,7,0.8317106702602939
4,"[13, 13, 13]",rainbow,16,11,8,1.0642548672425172
