,flop,board_type,0b,1b,2b,profit
0,"[13, 13, 8]",rainbow,1,1,1,-4.795386158609784
1,"[13, 13, 8]",rainbow,2,2,2,-4.791217645415189
2,"[13, 13, 8]",rainbow,8,6,4,-1.3816936071701194
3,"[13, 13, 8]",rainbow,10,7,5,-0.1826995505416691
4,"[13, 13, 8]",rainbow,15,10,7,0.5412597865104654
5,"[13, 13, 8]",rainbow,16,11,8,0.7057356618591029
