,flop,board_type,0b,1b,2b,profit
0,"[13, 13, 7]",rainbow,1,1,1,-5.060355420858402
1,"[13, 13, 7]",rainbow,8,6,4,-2.510288333617437
2,"[13, 13, 7]",rainbow,10,7,5,-0.7165571982563974
3,"[13, 13, 7]",rainbow,15,10,7,-0.3522558412514627
4,"[13, 13, 7]",rainbow,16,11,8,-0.11034966661082768
