,flop,board_type,0b,1b,2b,profit
0,"[13, 12, 8]",rainbow,1,1,1,-3.6418005868794325
1,"[13, 12, 8]",rainbow,2,2,2,-2.3437871125809453
2,"[13, 12, 8]",rainbow,3,2,2,-1.2593208251310517
3,"[13, 12, 8]",rainbow,4,3,2,0.49348903980881875
4,"[13, 12, 8]",rainbow,8,6,4,0.4996299353993221
5,"[13, 12, 8]",rainbow,15,10,7,1.9744568693339493
6,"[13, 12, 8]",rainbow,16,11,8,1.975782722633363
