,flop,board_type,0b,1b,2b,profit
0,"[13, 11, 4]",rainbow,1,1,1,-4.764585867602838
1,"[13, 11, 4]",rainbow,2,2,2,-3.5839986048510646
2,"[13, 11, 4]",rainbow,3,2,2,-2.559646110382979
3,"[13, 11, 4]",rainbow,4,3,2,-0.9472787730780152
4,"[13, 11, 4]",rainbow,8,6,4,-0.9451058129361711
5,"[13, 11, 4]",rainbow,10,7,5,-0.9416881276595759
6,"[13, 11, 4]",rainbow,15,10,7,0.8737769225531911
