,flop,board_type,0b,1b,2b,profit
0,"[13, 11, 3]",rainbow,1,1,1,-4.7731346394042555
1,"[13, 11, 3]",rainbow,2,2,2,-3.58371443225532
2,"[13, 11, 3]",rainbow,3,2,2,-2.5515575535035473
3,"[13, 11, 3]",rainbow,4,3,2,-0.9477029914609938
4,"[13, 11, 3]",rainbow,8,6,4,-0.9453962235744693
5,"[13, 11, 3]",rainbow,10,7,5,-0.943939647460994
6,"[13, 11, 3]",rainbow,15,10,7,0.8650983977872335
