,flop,board_type,0b,1b,2b,profit
0,"[13, 10, 4]",rainbow,1,1,1,-4.0827560798921185
1,"[13, 10, 4]",rainbow,2,2,2,-2.871272397842374
2,"[13, 10, 4]",rainbow,3,2,2,-2.8709665075217266
3,"[13, 10, 4]",rainbow,10,7,5,-2.867707229967037
4,"[13, 10, 4]",rainbow,15,10,7,-1.1437071474977532
