,flop,board_type,0b,1b,2b,profit
0,"[13, 10, 3]",rainbow,1,1,1,-4.082257434761761
1,"[13, 10, 3]",rainbow,2,2,2,-2.870779487323944
2,"[13, 10, 3]",rainbow,15,10,7,-1.1555604173808818
