,flop,board_type,0b,1b,2b,profit
0,"[13, 9, 8]",rainbow,1,1,1,-2.710550012254903
1,"[13, 9, 8]",rainbow,2,2,2,-1.659536174019608
2,"[13, 9, 8]",rainbow,3,2,2,-0.5695915373366018
3,"[13, 9, 8]",rainbow,4,3,2,0.7967094758986921
4,"[13, 9, 8]",rainbow,8,6,4,1.364384312581699
5,"[13, 9, 8]",rainbow,10,7,5,1.867714238807189
6,"[13, 9, 8]",rainbow,15,10,7,2.684762676062091
