,flop,board_type,0b,1b,2b,profit
0,"[13, 9, 5]",rainbow,1,1,1,-3.6818242225882365
1,"[13, 9, 5]",rainbow,8,6,4,-0.15612211333333348
2,"[13, 9, 5]",rainbow,10,7,5,0.4235651050196074
3,"[13, 9, 5]",rainbow,15,10,7,2.033453480235293
