,flop,board_type,0b,1b,2b,profit
0,"[13, 8, 8]",rainbow,1,1,1,-5.124590037732198
1,"[13, 8, 8]",rainbow,8,6,4,-1.5817810224458202
2,"[13, 8, 8]",rainbow,10,7,5,-0.6111310768188853
3,"[13, 8, 8]",rainbow,15,10,7,0.21703478270123933
4,"[13, 8, 8]",rainbow,16,11,8,0.39598558339783363
