,flop,board_type,0b,1b,2b,profit
0,"[13, 8, 7]",rainbow,1,1,1,-3.535646742828365
1,"[13, 8, 7]",rainbow,2,2,2,-2.5400665401289286
2,"[13, 8, 7]",rainbow,3,2,2,-2.064393456365834
3,"[13, 8, 7]",rainbow,4,3,2,-1.3952809767123293
4,"[13, 8, 7]",rainbow,8,6,4,1.1216745892828368
5,"[13, 8, 7]",rainbow,10,7,5,2.117253690330378
6,"[13, 8, 7]",rainbow,15,10,7,2.568681692264303
7,"[13, 8, 7]",rainbow,16,11,8,2.662637451450443
