,flop,board_type,0b,1b,2b,profit
0,"[13, 8, 3]",rainbow,1,1,1,-4.758542171826625
1,"[13, 8, 3]",rainbow,2,2,2,-4.753938936532509
2,"[13, 8, 3]",rainbow,8,6,4,-1.172995445975232
3,"[13, 8, 3]",rainbow,10,7,5,-0.5627307711300302
4,"[13, 8, 3]",rainbow,15,10,7,1.680973301780187
5,"[13, 8, 3]",rainbow,16,11,8,1.8552947781733748
