,flop,board_type,0b,1b,2b,profit
0,"[13, 8, 2]",rainbow,1,1,1,-4.7574659142801865
1,"[13, 8, 2]",rainbow,2,2,2,-4.750578255456658
2,"[13, 8, 2]",rainbow,8,6,4,-1.170677706695046
3,"[13, 8, 2]",rainbow,10,7,5,-0.5630949018188849
4,"[13, 8, 2]",rainbow,15,10,7,1.6702049572368431
5,"[13, 8, 2]",rainbow,16,11,8,1.8495002545665638
