,flop,board_type,0b,1b,2b,profit
0,"[13, 5, 5]",rainbow,1,1,1,-6.3614051656366355
1,"[13, 5, 5]",rainbow,8,6,4,-3.526219023343262
2,"[13, 5, 5]",rainbow,10,7,5,-3.5193752534623974
3,"[13, 5, 5]",rainbow,15,10,7,-2.139373055510053
4,"[13, 5, 5]",rainbow,16,11,8,-1.8629289481757256
