,flop,board_type,0b,1b,2b,profit
0,"[13, 3, 2]",rainbow,1,1,1,-6.013058775093075
1,"[13, 3, 2]",rainbow,8,6,4,-3.1586930381236034
2,"[13, 3, 2]",rainbow,10,7,5,-2.573820760275501
3,"[13, 3, 2]",rainbow,15,10,7,-0.6370562713328374
4,"[13, 3, 2]",rainbow,16,11,8,-0.36807399504839866
