,flop,board_type,0b,1b,2b,profit
0,"[13, 2, 2]",rainbow,1,1,1,-6.3692291586373795
1,"[13, 2, 2]",rainbow,2,2,2,-6.364033515599404
2,"[13, 2, 2]",rainbow,8,6,4,-3.517824716530156
3,"[13, 2, 2]",rainbow,15,10,7,-2.138372774422934
4,"[13, 2, 2]",rainbow,16,11,8,-1.861247335368578
