,flop,board_type,0b,1b,2b,profit
0,"[12, 12, 8]",rainbow,1,1,1,0.5991105404504316
1,"[12, 12, 8]",rainbow,8,6,4,4.431417229017888
2,"[12, 12, 8]",rainbow,10,7,5,4.924133458065949
3,"[12, 12, 8]",rainbow,15,10,7,5.860394051439442
4,"[12, 12, 8]",rainbow,16,11,8,6.024447093939111
