,flop,board_type,0b,1b,2b,profit
0,"[12, 11, 10]",rainbow,1,1,1,5.722002069565215
1,"[12, 11, 10]",rainbow,2,2,2,8.289937521739127
2,"[12, 11, 10]",rainbow,4,3,2,10.867874556521736
