,flop,board_type,0b,1b,2b,profit
0,"[12, 11, 4]",rainbow,1,1,1,-2.392050402450705
1,"[12, 11, 4]",rainbow,2,2,2,-0.05681558308450807
2,"[12, 11, 4]",rainbow,3,2,2,0.5037363784366191
3,"[12, 11, 4]",rainbow,4,3,2,1.1984911473098585
4,"[12, 11, 4]",rainbow,8,6,4,1.202786326704225
5,"[12, 11, 4]",rainbow,15,10,7,3.1732406261126753
