,flop,board_type,0b,1b,2b,profit
0,"[12, 11, 2]",rainbow,1,1,1,-2.399469609619719
1,"[12, 11, 2]",rainbow,2,2,2,-0.051262863323943586
2,"[12, 11, 2]",rainbow,3,2,2,0.4944771758591544
3,"[12, 11, 2]",rainbow,4,3,2,1.2048463616338023
4,"[12, 11, 2]",rainbow,15,10,7,3.171604891028168
