,flop,board_type,0b,1b,2b,profit
0,"[12, 10, 2]",rainbow,1,1,1,-1.6756203967761194
1,"[12, 10, 2]",rainbow,2,2,2,-0.49145584838806067
2,"[12, 10, 2]",rainbow,15,10,7,1.5252286468656706
3,"[12, 10, 2]",rainbow,16,11,8,1.527233857999999
