,flop,board_type,0b,1b,2b,profit
0,"[12, 7, 7]",rainbow,1,1,1,-2.729830946527778
1,"[12, 7, 7]",rainbow,8,6,4,0.804795677777778
2,"[12, 7, 7]",rainbow,10,7,5,1.6390131715277778
3,"[12, 7, 7]",rainbow,15,10,7,2.20502772037037
4,"[12, 7, 7]",rainbow,16,11,8,2.4465307115740744
