,flop,board_type,0b,1b,2b,profit
0,"[12, 7, 3]",rainbow,1,1,1,-2.4446530354166662
1,"[12, 7, 3]",rainbow,2,2,2,-2.4417045979166665
2,"[12, 7, 3]",rainbow,3,2,2,-2.436966054166667
3,"[12, 7, 3]",rainbow,4,3,2,-1.8407559594907412
4,"[12, 7, 3]",rainbow,8,6,4,0.47097885995370414
5,"[12, 7, 3]",rainbow,10,7,5,1.779952749305555
6,"[12, 7, 3]",rainbow,15,10,7,3.5791949759259265
7,"[12, 7, 3]",rainbow,16,11,8,3.8152858520833335
