,flop,board_type,0b,1b,2b,profit
0,"[12, 7, 2]",rainbow,1,1,1,-2.445181501620371
1,"[12, 7, 2]",rainbow,2,2,2,-2.4433154511574076
2,"[12, 7, 2]",rainbow,8,6,4,0.468246538425926
3,"[12, 7, 2]",rainbow,10,7,5,1.771895271296296
4,"[12, 7, 2]",rainbow,15,10,7,3.5828954812499996
5,"[12, 7, 2]",rainbow,16,11,8,3.8093079881944445
