,flop,board_type,0b,1b,2b,profit
0,"[11, 10, 4]",rainbow,1,1,1,-3.3758403138142867
1,"[11, 10, 4]",rainbow,2,2,2,-2.0889076035285727
2,"[11, 10, 4]",rainbow,15,10,7,-0.6656990002571439
3,"[11, 10, 4]",rainbow,16,11,8,-0.6631713695714299
