,flop,board_type,0b,1b,2b,profit
0,"[11, 9, 3]",rainbow,1,1,1,-2.8275938500000004
1,"[11, 9, 3]",rainbow,2,2,2,-1.7872757111111106
2,"[11, 9, 3]",rainbow,3,2,2,-0.6846177944444435
3,"[11, 9, 3]",rainbow,4,3,2,0.7298923333333336
4,"[11, 9, 3]",rainbow,10,7,5,1.3447218638888885
5,"[11, 9, 3]",rainbow,15,10,7,2.753776888888888
6,"[11, 9, 3]",rainbow,16,11,8,2.756119022222222
