,flop,board_type,0b,1b,2b,profit
0,"[11, 8, 3]",rainbow,1,1,1,-3.6704953196296297
1,"[11, 8, 3]",rainbow,2,2,2,-2.682014159259259
2,"[11, 8, 3]",rainbow,3,2,2,-2.25296167962963
3,"[11, 8, 3]",rainbow,4,3,2,-0.915269627037038
4,"[11, 8, 3]",rainbow,8,6,4,-0.20645533740740718
5,"[11, 8, 3]",rainbow,10,7,5,1.0463966059259258
6,"[11, 8, 3]",rainbow,15,10,7,2.811803958148148
7,"[11, 8, 3]",rainbow,16,11,8,2.992063326296296
