,flop,board_type,0b,1b,2b,profit
0,"[10, 10, 10]",rainbow,1,1,1,-1.9720931496664371
1,"[10, 10, 10]",rainbow,2,2,2,-1.9701873781458468
2,"[10, 10, 10]",rainbow,8,6,4,-0.25852507711065087
3,"[10, 10, 10]",rainbow,10,7,5,0.5436742448585234
4,"[10, 10, 10]",rainbow,15,10,7,1.6467797021394066
