,flop,board_type,0b,1b,2b,profit
0,"[10, 10, 8]",rainbow,1,1,1,-1.41028732059607
1,"[10, 10, 8]",rainbow,8,6,4,0.26201616275391304
2,"[10, 10, 8]",rainbow,10,7,5,1.1092558205960712
3,"[10, 10, 8]",rainbow,15,10,7,1.8825440417082917
4,"[10, 10, 8]",rainbow,16,11,8,1.8836187697302695
