,flop,board_type,0b,1b,2b,profit
0,"[10, 10, 4]",rainbow,1,1,1,-3.542771207361399
1,"[10, 10, 4]",rainbow,2,2,2,-3.537290679181045
2,"[10, 10, 4]",rainbow,3,2,2,-3.537239885254199
3,"[10, 10, 4]",rainbow,4,3,2,-3.1415131715665976
4,"[10, 10, 4]",rainbow,8,6,4,-2.152293224016563
5,"[10, 10, 4]",rainbow,10,7,5,-1.705368319116631
6,"[10, 10, 4]",rainbow,15,10,7,-0.7272386274672198
7,"[10, 10, 4]",rainbow,16,11,8,-0.7221337203588685
