,flop,board_type,0b,1b,2b,profit
0,"[10, 8, 6]",rainbow,1,1,1,-1.6160342270531411
1,"[10, 8, 6]",rainbow,8,6,4,2.2207577520128803
2,"[10, 8, 6]",rainbow,10,7,5,3.813587047504024
3,"[10, 8, 6]",rainbow,15,10,7,4.297784389694041
