,flop,board_type,0b,1b,2b,profit
0,"[10, 2, 2]",rainbow,1,1,1,-5.771458430555555
1,"[10, 2, 2]",rainbow,2,2,2,-5.770979263888889
2,"[10, 2, 2]",rainbow,8,6,4,-4.431417569444445
3,"[10, 2, 2]",rainbow,10,7,5,-3.9179983472222224
4,"[10, 2, 2]",rainbow,15,10,7,-3.017914749999999
5,"[10, 2, 2]",rainbow,16,11,8,-3.012645916666666
