,flop,board_type,0b,1b,2b,profit
0,"[9, 9, 9]",rainbow,1,1,1,-3.213626038513212
1,"[9, 9, 9]",rainbow,2,2,2,-3.207735383340797
2,"[9, 9, 9]",rainbow,3,2,2,-3.206231141961487
3,"[9, 9, 9]",rainbow,4,3,2,-2.843102471115092
4,"[9, 9, 9]",rainbow,8,6,4,-0.6863361836094937
5,"[9, 9, 9]",rainbow,10,7,5,1.8534505911330048
6,"[9, 9, 9]",rainbow,15,10,7,3.2094165499328255
7,"[9, 9, 9]",rainbow,16,11,8,3.4095613475145545
