,flop,board_type,0b,1b,2b,profit
0,"[9, 9, 3]",rainbow,1,1,1,-4.168551358486342
1,"[9, 9, 3]",rainbow,2,2,2,-4.168430516121809
2,"[9, 9, 3]",rainbow,3,2,2,-4.160738434841021
3,"[9, 9, 3]",rainbow,4,3,2,-3.788154921854008
4,"[9, 9, 3]",rainbow,8,6,4,-2.351287013210928
5,"[9, 9, 3]",rainbow,10,7,5,-1.407639286609942
6,"[9, 9, 3]",rainbow,15,10,7,1.5282674583519924
7,"[9, 9, 3]",rainbow,16,11,8,1.7319312823555753
