,flop,board_type,0b,1b,2b,profit
0,"[9, 7, 7]",rainbow,1,1,1,-3.141543146206896
1,"[9, 7, 7]",rainbow,8,6,4,-0.6047433197701149
2,"[9, 7, 7]",rainbow,10,7,5,2.0590065049425292
3,"[9, 7, 7]",rainbow,15,10,7,3.0471883513793108
