,flop,board_type,0b,1b,2b,profit
0,"[9, 7, 6]",rainbow,1,1,1,-0.6213315611714698
1,"[9, 7, 6]",rainbow,8,6,4,3.5514834690599892
2,"[9, 7, 6]",rainbow,10,7,5,4.881338054558336
3,"[9, 7, 6]",rainbow,15,10,7,5.183685844119036
4,"[9, 7, 6]",rainbow,16,11,8,5.184644794284363
