,flop,board_type,0b,1b,2b,profit
0,"[9, 7, 5]",rainbow,1,1,1,-2.8770531882758625
1,"[9, 7, 5]",rainbow,8,6,4,-1.089659795287358
2,"[9, 7, 5]",rainbow,10,7,5,1.1176706604597686
3,"[9, 7, 5]",rainbow,15,10,7,3.032463712298849
4,"[9, 7, 5]",rainbow,16,11,8,3.0414418898850566
