,flop,board_type,0b,1b,2b,profit
0,"[9, 2, 2]",rainbow,1,1,1,-4.586674301061008
1,"[9, 2, 2]",rainbow,2,2,2,-4.584639742705571
2,"[9, 2, 2]",rainbow,8,6,4,-2.749175888704685
3,"[9, 2, 2]",rainbow,10,7,5,-1.8083587894562345
4,"[9, 2, 2]",rainbow,15,10,7,1.077359155061893
5,"[9, 2, 2]",rainbow,16,11,8,1.2774521657824938
