,flop,board_type,0b,1b,2b,profit
0,"[8, 8, 3]",rainbow,1,1,1,-3.162215388913138
1,"[8, 8, 3]",rainbow,2,2,2,-3.156038633784375
2,"[8, 8, 3]",rainbow,8,6,4,-1.1331802217372324
3,"[8, 8, 3]",rainbow,10,7,5,-0.3231107490178968
4,"[8, 8, 3]",rainbow,15,10,7,2.9243194469663907
5,"[8, 8, 3]",rainbow,16,11,8,3.2767463203841123
