,flop,board_type,0b,1b,2b,profit
0,"[8, 8, 2]",rainbow,1,1,1,-3.1636586634657355
1,"[8, 8, 2]",rainbow,8,6,4,-1.1347170218245308
2,"[8, 8, 2]",rainbow,10,7,5,-0.32074087560017484
3,"[8, 8, 2]",rainbow,15,10,7,2.9211318913138378
4,"[8, 8, 2]",rainbow,16,11,8,3.266197202095156
