,flop,board_type,0b,1b,2b,profit
0,"[8, 6, 3]",rainbow,1,1,1,-1.9561364743647922
1,"[8, 6, 3]",rainbow,8,6,4,0.018196527676949792
2,"[8, 6, 3]",rainbow,10,7,5,0.8021607116606164
3,"[8, 6, 3]",rainbow,15,10,7,4.185977891560796
4,"[8, 6, 3]",rainbow,16,11,8,4.540755094373866
