,flop,board_type,0b,1b,2b,profit
0,"[7, 7, 6]",rainbow,1,1,1,-0.21066764382940129
1,"[7, 7, 6]",rainbow,8,6,4,2.422754147686025
2,"[7, 7, 6]",rainbow,10,7,5,5.44776112477314
3,"[7, 7, 6]",rainbow,15,10,7,5.600143257713249
4,"[7, 7, 6]",rainbow,16,11,8,6.040574134301271
