,flop,board_type,0b,1b,2b,profit
0,"[7, 7, 3]",rainbow,1,1,1,-1.4655213197293766
1,"[7, 7, 3]",rainbow,2,2,2,-1.4610284279790489
2,"[7, 7, 3]",rainbow,3,2,2,-1.4584373620689663
3,"[7, 7, 3]",rainbow,8,6,4,-0.28967487778262857
4,"[7, 7, 3]",rainbow,10,7,5,1.0549526763422086
5,"[7, 7, 3]",rainbow,15,10,7,4.3054334585333915
6,"[7, 7, 3]",rainbow,16,11,8,4.732574750109123
