,flop,board_type,0b,1b,2b,profit
0,"[7, 5, 4]",rainbow,1,1,1,-0.9418157533828038
1,"[7, 5, 4]",rainbow,2,2,2,-0.9392470877346146
2,"[7, 5, 4]",rainbow,8,6,4,0.21344396769969354
3,"[7, 5, 4]",rainbow,10,7,5,2.1269921540811865
4,"[7, 5, 4]",rainbow,15,10,7,4.79714904452204
5,"[7, 5, 4]",rainbow,16,11,8,5.2132805185508495
