,flop,board_type,0b,1b,2b,profit
0,"[7, 4, 4]",rainbow,1,1,1,-1.4413842542557842
1,"[7, 4, 4]",rainbow,2,2,2,-1.4403761940200792
2,"[7, 4, 4]",rainbow,3,2,2,-1.4346661944565704
3,"[7, 4, 4]",rainbow,8,6,4,-0.26772340440855524
4,"[7, 4, 4]",rainbow,10,7,5,1.6640512952859015
5,"[7, 4, 4]",rainbow,15,10,7,4.33444543954605
6,"[7, 4, 4]",rainbow,16,11,8,4.756686096464426
