,flop,board_type,0b,1b,2b,profit
0,"[6, 5, 3]",rainbow,1,1,1,0.3844027664775198
1,"[6, 5, 3]",rainbow,8,6,4,1.5050405975556522
2,"[6, 5, 3]",rainbow,10,7,5,2.7112122055870778
3,"[6, 5, 3]",rainbow,15,10,7,5.770195151462242
4,"[6, 5, 3]",rainbow,16,11,8,6.2674292204277595
