,flop,board_type,0b,1b,2b,profit
0,"[6, 5, 2]",rainbow,1,1,1,0.2925167791357475
1,"[6, 5, 2]",rainbow,8,6,4,1.4214340183326053
2,"[6, 5, 2]",rainbow,10,7,5,2.051302008293321
3,"[6, 5, 2]",rainbow,15,10,7,5.697697874727192
4,"[6, 5, 2]",rainbow,16,11,8,6.193093394151024
