,flop,board_type,0b,1b,2b,profit
0,"[4, 4, 4]",rainbow,1,1,1,1.105944790159798
1,"[4, 4, 4]",rainbow,2,2,2,1.1074276686290996
2,"[4, 4, 4]",rainbow,3,2,2,1.1111296913372581
3,"[4, 4, 4]",rainbow,4,3,2,1.1145771795626578
4,"[4, 4, 4]",rainbow,8,6,4,2.170706315391085
5,"[4, 4, 4]",rainbow,10,7,5,3.8756349478553402
6,"[4, 4, 4]",rainbow,15,10,7,6.263111169049623
7,"[4, 4, 4]",rainbow,16,11,8,6.7389070988225415
