,flop,board_type,0b,1b,2b,profit
0,"[4, 4, 2]",rainbow,1,1,1,0.8606388978132884
1,"[4, 4, 2]",rainbow,2,2,2,0.8628012973086623
2,"[4, 4, 2]",rainbow,8,6,4,1.9740776105971403
3,"[4, 4, 2]",rainbow,10,7,5,2.5974915908326315
4,"[4, 4, 2]",rainbow,15,10,7,6.105058869638352
5,"[4, 4, 2]",rainbow,16,11,8,6.585117625735914
