,flop,board_type,0b,1b,2b,profit
0,"[14, 13, 7]",two-tone,1,1,1,0.6834852374400426
1,"[14, 13, 7]",two-tone,2,2,2,0.7101423792136861
