,flop,board_type,0b,1b,2b,profit
0,"[14, 12, 5]",two-tone,1,1,1,0.6839903799588322
1,"[14, 12, 5]",two-tone,2,2,2,0.7000734414910803
