,flop,board_type,0b,1b,2b,profit
0,"[14, 10, 10]",two-tone,1,1,1,0.7907516063202367
1,"[14, 10, 10]",two-tone,8,6,4,0.8692485663898322
