,flop,board_type,0b,1b,2b,profit
0,"[14, 2, 2]",two-tone,1,1,1,0.901644820985162
1,"[14, 2, 2]",two-tone,2,2,2,0.9046549528194044
2,"[14, 2, 2]",two-tone,8,6,4,1.0430156032867959
3,"[14, 2, 2]",two-tone,10,7,5,1.1334986457081988
4,"[14, 2, 2]",two-tone,15,10,7,1.2804261653452258
