,flop,board_type,0b,1b,2b,profit
0,"[13, 12, 7]",two-tone,1,1,1,0.7324360666951806
1,"[13, 12, 7]",two-tone,2,2,2,0.7834650853793106
