,flop,board_type,0b,1b,2b,profit
0,"[13, 12, 5]",two-tone,1,1,1,0.7508713314586617
1,"[13, 12, 5]",two-tone,2,2,2,0.8008060554124743
