,flop,board_type,0b,1b,2b,profit
0,"[13, 11, 5]",two-tone,1,1,1,0.7226240554381724
1,"[13, 11, 5]",two-tone,2,2,2,0.7835111479036202
