,flop,board_type,0b,1b,2b,profit
0,"[13, 7, 2]",two-tone,1,1,1,0.8229441568197999
1,"[13, 7, 2]",two-tone,2,2,2,0.8252075589625356
