,flop,board_type,0b,1b,2b,profit
0,"[13, 6, 4]",two-tone,1,1,1,0.8702662988909667
1,"[13, 6, 4]",two-tone,10,7,5,0.8800541290496431
