,flop,board_type,0b,1b,2b,profit
0,"[13, 4, 2]",two-tone,1,1,1,0.8631570984629123
1,"[13, 4, 2]",two-tone,10,7,5,0.8697115649281941
