,flop,board_type,0b,1b,2b,profit
0,"[12, 11, 7]",two-tone,1,1,1,1.0262578182878743
1,"[12, 11, 7]",two-tone,2,2,2,1.1431824556358479
