,flop,board_type,0b,1b,2b,profit
0,"[12, 11, 5]",two-tone,1,1,1,0.9978611400857861
1,"[12, 11, 5]",two-tone,2,2,2,1.0929316689266146
