,flop,board_type,0b,1b,2b,profit
0,"[12, 9, 2]",two-tone,1,1,1,0.8279786248366167
1,"[12, 9, 2]",two-tone,2,2,2,0.8422678253652054
