,flop,board_type,0b,1b,2b,profit
0,"[11, 11, 5]",two-tone,1,1,1,0.8294044887186608
1,"[11, 11, 5]",two-tone,2,2,2,0.8295990185052402
