,flop,board_type,0b,1b,2b,profit
0,"[11, 11, 3]",two-tone,1,1,1,0.669586166629115
1,"[11, 11, 3]",two-tone,2,2,2,0.6714812434360099
2,"[11, 11, 3]",two-tone,3,2,2,0.6719580482392261
3,"[11, 11, 3]",two-tone,10,7,5,0.7595601464927493
