,flop,board_type,0b,1b,2b,profit
0,"[11, 10, 10]",two-tone,1,1,1,1.0400574546200465
1,"[11, 10, 10]",two-tone,2,2,2,1.1344818955294507
