,flop,board_type,0b,1b,2b,profit
0,"[11, 4, 4]",two-tone,1,1,1,0.9057252967810223
1,"[11, 4, 4]",two-tone,8,6,4,0.9495734689012352
2,"[11, 4, 4]",two-tone,10,7,5,1.1032553305029518
