,flop,board_type,0b,1b,2b,profit
0,"[10, 10, 7]",two-tone,1,1,1,1.2616879526430158
1,"[10, 10, 7]",two-tone,2,2,2,1.265194089599526
