,flop,board_type,0b,1b,2b,profit
0,"[10, 7, 3]",two-tone,1,1,1,1.2072336689421075
1,"[10, 7, 3]",two-tone,2,2,2,1.2075359620304043
