,flop,board_type,0b,1b,2b,profit
0,"[8, 7, 6]",two-tone,1,1,1,0.5769867429193108
1,"[8, 7, 6]",two-tone,2,2,2,0.6911099010871019
