,flop,board_type,0b,1b,2b,profit
0,"[8, 3, 3]",two-tone,1,1,1,0.5724679195729445
1,"[8, 3, 3]",two-tone,8,6,4,0.7114084138180701
2,"[8, 3, 3]",two-tone,10,7,5,0.930217715958407
3,"[8, 3, 3]",two-tone,15,10,7,1.0283378588513408
