,flop,board_type,0b,1b,2b,profit
0,"[8, 2, 2]",two-tone,1,1,1,0.5000854168399134
1,"[8, 2, 2]",two-tone,2,2,2,0.5011891141567862
2,"[8, 2, 2]",two-tone,8,6,4,0.5887472312343027
3,"[8, 2, 2]",two-tone,10,7,5,0.7777305147579989
4,"[8, 2, 2]",two-tone,15,10,7,0.8608212998841136
