,flop,board_type,0b,1b,2b,profit
0,"[14, 14, 8]",rainbow,1,1,1,0.8440969760650537
1,"[14, 14, 8]",rainbow,2,2,2,0.848591952900983
2,"[14, 14, 8]",rainbow,8,6,4,1.278384967993991
3,"[14, 14, 8]",rainbow,15,10,7,1.301003145704305
4,"[14, 14, 8]",rainbow,16,11,8,1.5268750393539654
