,flop,board_type,0b,1b,2b,profit
0,"[14, 13, 5]",rainbow,1,1,1,0.8313160042063337
1,"[14, 13, 5]",rainbow,2,2,2,0.8464705247344904
2,"[14, 13, 5]",rainbow,8,6,4,0.977408760276274
