,flop,board_type,0b,1b,2b,profit
0,"[14, 13, 3]",rainbow,1,1,1,0.754156980178146
1,"[14, 13, 3]",rainbow,2,2,2,0.7621171944710822
2,"[14, 13, 3]",rainbow,8,6,4,1.1058339412897205
3,"[14, 13, 3]",rainbow,10,7,5,1.1081410633514102
