,flop,board_type,0b,1b,2b,profit
0,"[14, 12, 12]",rainbow,1,1,1,0.5745086444266796
1,"[14, 12, 12]",rainbow,8,6,4,1.1266190343223517
2,"[14, 12, 12]",rainbow,16,11,8,1.1635167870918424
