,flop,board_type,0b,1b,2b,profit
0,"[14, 12, 2]",rainbow,1,1,1,0.5922650941194872
1,"[14, 12, 2]",rainbow,2,2,2,0.6250840546357677
2,"[14, 12, 2]",rainbow,8,6,4,0.9925258176943386
3,"[14, 12, 2]",rainbow,10,7,5,1.0550965338261464
