,flop,board_type,0b,1b,2b,profit
0,"[14, 11, 7]",rainbow,1,1,1,0.6327059375370366
1,"[14, 11, 7]",rainbow,2,2,2,0.6763322781574075
2,"[14, 11, 7]",rainbow,8,6,4,0.7377104094691352
