,flop,board_type,0b,1b,2b,profit
0,"[14, 11, 5]",rainbow,1,1,1,0.748237429205188
1,"[14, 11, 5]",rainbow,2,2,2,0.7749724632766569
2,"[14, 11, 5]",rainbow,8,6,4,0.9831765526079186
3,"[14, 11, 5]",rainbow,10,7,5,1.0277199653094131
