,flop,board_type,0b,1b,2b,profit
0,"[14, 9, 5]",rainbow,1,1,1,0.7734527695714442
1,"[14, 9, 5]",rainbow,2,2,2,0.7797101857893189
2,"[14, 9, 5]",rainbow,8,6,4,1.0094817847341546
3,"[14, 9, 5]",rainbow,10,7,5,1.0722282571688984
