,flop,board_type,0b,1b,2b,profit
0,"[14, 8, 8]",rainbow,1,1,1,0.489200729438726
1,"[14, 8, 8]",rainbow,8,6,4,1.086141263200325
2,"[14, 8, 8]",rainbow,16,11,8,1.3813019868870258
