,flop,board_type,0b,1b,2b,profit
0,"[14, 7, 7]",rainbow,1,1,1,0.30500472443145166
1,"[14, 7, 7]",rainbow,2,2,2,0.306673049114919
2,"[14, 7, 7]",rainbow,3,2,2,0.3079428890665319
3,"[14, 7, 7]",rainbow,4,3,2,0.39625416054765367
4,"[14, 7, 7]",rainbow,8,6,4,0.8655185221673384
5,"[14, 7, 7]",rainbow,16,11,8,1.2017196582447207
