,flop,board_type,0b,1b,2b,profit
0,"[14, 7, 5]",rainbow,1,1,1,0.7415908449757089
1,"[14, 7, 5]",rainbow,8,6,4,0.946903905012889
2,"[14, 7, 5]",rainbow,10,7,5,0.981898345154174
