,flop,board_type,0b,1b,2b,profit
0,"[14, 7, 4]",rainbow,1,1,1,0.6858971658825677
1,"[14, 7, 4]",rainbow,8,6,4,0.9569817792719952
2,"[14, 7, 4]",rainbow,10,7,5,0.9989599270068896
3,"[14, 7, 4]",rainbow,16,11,8,1.0228467573562592
