,flop,board_type,0b,1b,2b,profit
0,"[14, 6, 2]",rainbow,1,1,1,0.729953046210879
1,"[14, 6, 2]",rainbow,2,2,2,0.7345456867541169
2,"[14, 6, 2]",rainbow,3,2,2,0.7398956186896697
3,"[14, 6, 2]",rainbow,4,3,2,0.790956389570115
4,"[14, 6, 2]",rainbow,8,6,4,1.079607239229581
5,"[14, 6, 2]",rainbow,10,7,5,1.1623351073306243
6,"[14, 6, 2]",rainbow,16,11,8,1.4372878944825458
