,flop,board_type,0b,1b,2b,profit
0,"[14, 4, 3]",rainbow,1,1,1,0.42680404948297745
1,"[14, 4, 3]",rainbow,8,6,4,0.7644048328393576
2,"[14, 4, 3]",rainbow,10,7,5,0.7945509505836817
3,"[14, 4, 3]",rainbow,16,11,8,1.074377557285929
