,flop,board_type,0b,1b,2b,profit
0,"[13, 13, 13]",rainbow,1,1,1,0.31035216252263553
1,"[13, 13, 13]",rainbow,8,6,4,0.7902256684566837
2,"[13, 13, 13]",rainbow,15,10,7,0.96957677014282
3,"[13, 13, 13]",rainbow,16,11,8,1.187107052181895
