,flop,board_type,0b,1b,2b,profit
0,"[13, 13, 12]",rainbow,1,1,1,0.4786138462443239
1,"[13, 13, 12]",rainbow,2,2,2,0.5053560561663774
2,"[13, 13, 12]",rainbow,3,2,2,0.5810053668622727
3,"[13, 13, 12]",rainbow,8,6,4,0.8902128597041424
