,flop,board_type,0b,1b,2b,profit
0,"[13, 12, 12]",rainbow,1,1,1,0.5869451979469151
1,"[13, 12, 12]",rainbow,2,2,2,0.6244809555384009
2,"[13, 12, 12]",rainbow,3,2,2,0.7008282643485972
3,"[13, 12, 12]",rainbow,4,3,2,0.7041067429293032
4,"[13, 12, 12]",rainbow,8,6,4,1.033130188873828
