,flop,board_type,0b,1b,2b,profit
0,"[13, 12, 8]",rainbow,1,1,1,0.612954813586452
1,"[13, 12, 8]",rainbow,2,2,2,0.6588073585711464
2,"[13, 12, 8]",rainbow,3,2,2,0.6659497188900956
3,"[13, 12, 8]",rainbow,8,6,4,0.8504629359899277
