,flop,board_type,0b,1b,2b,profit
0,"[13, 12, 7]",rainbow,1,1,1,0.5197821076979668
1,"[13, 12, 7]",rainbow,2,2,2,0.5783824134554564
2,"[13, 12, 7]",rainbow,8,6,4,0.7172592635489007
