,flop,board_type,0b,1b,2b,profit
0,"[13, 12, 4]",rainbow,1,1,1,0.5034219708764286
1,"[13, 12, 4]",rainbow,2,2,2,0.5530449311410384
2,"[13, 12, 4]",rainbow,3,2,2,0.6008860854375043
3,"[13, 12, 4]",rainbow,8,6,4,0.8458053125066862
