,flop,board_type,0b,1b,2b,profit
0,"[13, 12, 2]",rainbow,1,1,1,0.4527631555572984
1,"[13, 12, 2]",rainbow,2,2,2,0.4954805884725025
2,"[13, 12, 2]",rainbow,3,2,2,0.5110936760741102
3,"[13, 12, 2]",rainbow,8,6,4,0.8750262229632391
