,flop,board_type,0b,1b,2b,profit
0,"[13, 11, 3]",rainbow,1,1,1,0.49214178622915944
1,"[13, 11, 3]",rainbow,2,2,2,0.547008205028837
2,"[13, 11, 3]",rainbow,3,2,2,0.5946788176706097
3,"[13, 11, 3]",rainbow,8,6,4,0.9575531537570617
