,flop,board_type,0b,1b,2b,profit
0,"[13, 8, 6]",rainbow,1,1,1,0.7335092992340313
1,"[13, 8, 6]",rainbow,8,6,4,0.7357765316402134
