,flop,board_type,0b,1b,2b,profit
0,"[13, 7, 7]",rainbow,1,1,1,0.39030478087007275
1,"[13, 7, 7]",rainbow,8,6,4,0.7876336883916627
