,flop,board_type,0b,1b,2b,profit
0,"[13, 7, 5]",rainbow,1,1,1,0.6918033872249311
1,"[13, 7, 5]",rainbow,8,6,4,0.7980710281810012
