,flop,board_type,0b,1b,2b,profit
0,"[13, 5, 3]",rainbow,1,1,1,0.5232500440473014
1,"[13, 5, 3]",rainbow,8,6,4,0.9170831964211471
2,"[13, 5, 3]",rainbow,10,7,5,0.9184391605884547
