,flop,board_type,0b,1b,2b,profit
0,"[12, 12, 10]",rainbow,1,1,1,0.6040634578550799
1,"[12, 12, 10]",rainbow,2,2,2,0.6352494203708079
2,"[12, 12, 10]",rainbow,8,6,4,0.8490302003028984
