,flop,board_type,0b,1b,2b,profit
0,"[12, 11, 8]",rainbow,1,1,1,1.163555396454177
1,"[12, 11, 8]",rainbow,2,2,2,1.336201353998629
