,flop,board_type,0b,1b,2b,profit
0,"[12, 11, 6]",rainbow,1,1,1,0.6388381938664388
1,"[12, 11, 6]",rainbow,2,2,2,0.7339716612122936
