,flop,board_type,0b,1b,2b,profit
0,"[12, 9, 5]",rainbow,1,1,1,0.6181230920423185
1,"[12, 9, 5]",rainbow,2,2,2,0.6671888796028492
