,flop,board_type,0b,1b,2b,profit
0,"[12, 9, 3]",rainbow,1,1,1,0.5800328603359346
1,"[12, 9, 3]",rainbow,2,2,2,0.6188347036086198
