,flop,board_type,0b,1b,2b,profit
0,"[12, 9, 2]",rainbow,1,1,1,0.5357126519444186
1,"[12, 9, 2]",rainbow,2,2,2,0.5734616331505327
2,"[12, 9, 2]",rainbow,8,6,4,0.5868725144140808
3,"[12, 9, 2]",rainbow,10,7,5,0.5907398620138955
