,flop,board_type,0b,1b,2b,profit
0,"[12, 8, 8]",rainbow,1,1,1,0.6312211997041632
1,"[12, 8, 8]",rainbow,8,6,4,0.9777296866501965
