,flop,board_type,0b,1b,2b,profit
0,"[12, 8, 5]",rainbow,1,1,1,0.6404177853824519
1,"[12, 8, 5]",rainbow,8,6,4,0.6694293278458943
