,flop,board_type,0b,1b,2b,profit
0,"[12, 7, 4]",rainbow,1,1,1,0.6804281110771848
1,"[12, 7, 4]",rainbow,8,6,4,0.7960877449442756
2,"[12, 7, 4]",rainbow,10,7,5,0.8193178135718894
