,flop,board_type,0b,1b,2b,profit
0,"[12, 6, 3]",rainbow,1,1,1,0.759169884156232
1,"[12, 6, 3]",rainbow,8,6,4,0.9456633693856822
2,"[12, 6, 3]",rainbow,10,7,5,1.0028173687558681
