,flop,board_type,0b,1b,2b,profit
0,"[11, 11, 10]",rainbow,1,1,1,0.5922898840257407
1,"[11, 11, 10]",rainbow,2,2,2,0.6549359668488437
2,"[11, 11, 10]",rainbow,8,6,4,0.7303351923362489
