,flop,board_type,0b,1b,2b,profit
0,"[11, 10, 6]",rainbow,1,1,1,0.6540262699986902
1,"[11, 10, 6]",rainbow,2,2,2,0.809930237493363
