,flop,board_type,0b,1b,2b,profit
0,"[11, 9, 9]",rainbow,1,1,1,0.4992501941536714
1,"[11, 9, 9]",rainbow,8,6,4,0.5020930422396099
