,flop,board_type,0b,1b,2b,profit
0,"[11, 8, 6]",rainbow,1,1,1,0.6538959858073369
1,"[11, 8, 6]",rainbow,8,6,4,0.7181006190863907
