,flop,board_type,0b,1b,2b,profit
0,"[11, 8, 3]",rainbow,1,1,1,0.547707476452472
1,"[11, 8, 3]",rainbow,2,2,2,0.5993545493209683
2,"[11, 8, 3]",rainbow,8,6,4,0.6155363490649044
