,flop,board_type,0b,1b,2b,profit
0,"[11, 7, 6]",rainbow,1,1,1,0.6709539576381811
1,"[11, 7, 6]",rainbow,8,6,4,0.6916558874023769
