,flop,board_type,0b,1b,2b,profit
0,"[11, 7, 4]",rainbow,1,1,1,0.570605740573547
1,"[11, 7, 4]",rainbow,8,6,4,0.6318587376067916
