,flop,board_type,0b,1b,2b,profit
0,"[11, 7, 2]",rainbow,1,1,1,0.5377081222924389
1,"[11, 7, 2]",rainbow,2,2,2,0.5408325746141869
2,"[11, 7, 2]",rainbow,8,6,4,0.6080193297760681
