,flop,board_type,0b,1b,2b,profit
0,"[11, 5, 4]",rainbow,1,1,1,0.4833978839628978
1,"[11, 5, 4]",rainbow,8,6,4,0.8101437886669357
2,"[11, 5, 4]",rainbow,10,7,5,0.8350734377662828
3,"[11, 5, 4]",rainbow,15,10,7,0.85374426116733
