,flop,board_type,0b,1b,2b,profit
0,"[11, 5, 2]",rainbow,1,1,1,0.641555207708329
1,"[11, 5, 2]",rainbow,8,6,4,0.9465562252776181
2,"[11, 5, 2]",rainbow,10,7,5,1.0046220438411704
