,flop,board_type,0b,1b,2b,profit
0,"[10, 10, 4]",rainbow,1,1,1,0.5647650590235997
1,"[10, 10, 4]",rainbow,8,6,4,0.9276141044204764
2,"[10, 10, 4]",rainbow,10,7,5,1.0165446863073702
3,"[10, 10, 4]",rainbow,15,10,7,1.2956496149831225
