,flop,board_type,0b,1b,2b,profit
0,"[10, 8, 7]",rainbow,1,1,1,0.626074509707737
1,"[10, 8, 7]",rainbow,2,2,2,0.7117467781877023
