,flop,board_type,0b,1b,2b,profit
0,"[10, 6, 4]",rainbow,1,1,1,0.6057951362693846
1,"[10, 6, 4]",rainbow,8,6,4,0.8069005061187716
2,"[10, 6, 4]",rainbow,10,7,5,0.8273193722601833
