,flop,board_type,0b,1b,2b,profit
0,"[10, 6, 2]",rainbow,1,1,1,0.6404017006661396
1,"[10, 6, 2]",rainbow,2,2,2,0.6405261356043802
2,"[10, 6, 2]",rainbow,8,6,4,0.7323141072823752
3,"[10, 6, 2]",rainbow,10,7,5,0.7383134687207861
