,flop,board_type,0b,1b,2b,profit
0,"[10, 5, 2]",rainbow,1,1,1,0.6704399935862598
1,"[10, 5, 2]",rainbow,8,6,4,1.0043229762011783
2,"[10, 5, 2]",rainbow,10,7,5,1.074067053199602
