,flop,board_type,0b,1b,2b,profit
0,"[10, 4, 2]",rainbow,1,1,1,0.5117366238847861
1,"[10, 4, 2]",rainbow,8,6,4,0.9859635629148374
2,"[10, 4, 2]",rainbow,10,7,5,1.0640542250918275
