,flop,board_type,0b,1b,2b,profit
0,"[9, 9, 9]",rainbow,1,1,1,0.4840408302899006
1,"[9, 9, 9]",rainbow,2,2,2,0.4895986921275022
2,"[9, 9, 9]",rainbow,8,6,4,0.9737018328783125
3,"[9, 9, 9]",rainbow,15,10,7,1.3906112831684956
4,"[9, 9, 9]",rainbow,16,11,8,1.4061227504222757
