,flop,board_type,0b,1b,2b,profit
0,"[9, 7, 7]",rainbow,1,1,1,0.4065703529344411
1,"[9, 7, 7]",rainbow,8,6,4,0.5520650403076176
2,"[9, 7, 7]",rainbow,10,7,5,0.5820792414973526
3,"[9, 7, 7]",rainbow,15,10,7,0.6409942366577459
