,flop,board_type,0b,1b,2b,profit
0,"[9, 7, 6]",rainbow,1,1,1,0.4477045506981645
1,"[9, 7, 6]",rainbow,8,6,4,0.5866727829056699
