,flop,board_type,0b,1b,2b,profit
0,"[9, 5, 3]",rainbow,1,1,1,0.6450180066519654
1,"[9, 5, 3]",rainbow,8,6,4,0.8985043654781778
2,"[9, 5, 3]",rainbow,10,7,5,0.9499237958261815
