,flop,board_type,0b,1b,2b,profit
0,"[9, 5, 2]",rainbow,1,1,1,0.652367951080814
1,"[9, 5, 2]",rainbow,8,6,4,0.8435533826545945
2,"[9, 5, 2]",rainbow,10,7,5,0.9040962528132295
