,flop,board_type,0b,1b,2b,profit
0,"[8, 8, 5]",rainbow,1,1,1,0.5302523966259345
1,"[8, 8, 5]",rainbow,8,6,4,0.6797583835383747
2,"[8, 8, 5]",rainbow,10,7,5,0.8414570921061345
3,"[8, 8, 5]",rainbow,15,10,7,1.06507121161947
