,flop,board_type,0b,1b,2b,profit
0,"[8, 8, 2]",rainbow,1,1,1,0.34795569379723545
1,"[8, 8, 2]",rainbow,2,2,2,0.3481368485872892
2,"[8, 8, 2]",rainbow,8,6,4,0.7586215983276177
3,"[8, 8, 2]",rainbow,10,7,5,0.9256660268976128
4,"[8, 8, 2]",rainbow,15,10,7,1.1711318489014806
5,"[8, 8, 2]",rainbow,16,11,8,1.260813517261049
