,flop,board_type,0b,1b,2b,profit
0,"[8, 4, 3]",rainbow,1,1,1,0.4568438269957797
1,"[8, 4, 3]",rainbow,8,6,4,0.8044363177993668
2,"[8, 4, 3]",rainbow,10,7,5,0.8893134618466855
3,"[8, 4, 3]",rainbow,15,10,7,0.8942418072301438
