,flop,board_type,0b,1b,2b,profit
0,"[8, 4, 2]",rainbow,1,1,1,0.4554224435104739
1,"[8, 4, 2]",rainbow,8,6,4,0.7685448599639382
2,"[8, 4, 2]",rainbow,10,7,5,0.8669282742602438
