,flop,board_type,0b,1b,2b,profit
0,"[8, 3, 3]",rainbow,1,1,1,0.6161425061767134
1,"[8, 3, 3]",rainbow,2,2,2,0.621634880208614
2,"[8, 3, 3]",rainbow,8,6,4,1.0610746678046297
3,"[8, 3, 3]",rainbow,10,7,5,1.2138602016930835
4,"[8, 3, 3]",rainbow,15,10,7,1.3488831463930688
5,"[8, 3, 3]",rainbow,16,11,8,1.3544105283027463
