,flop,board_type,0b,1b,2b,profit
0,"[7, 7, 7]",rainbow,1,1,1,0.0604633331769972
1,"[7, 7, 7]",rainbow,8,6,4,0.5409891891655186
2,"[7, 7, 7]",rainbow,15,10,7,0.8229808931668601
3,"[7, 7, 7]",rainbow,16,11,8,1.1404236480591208
