,flop,board_type,0b,1b,2b,profit
0,"[7, 7, 4]",rainbow,1,1,1,0.24019280644567248
1,"[7, 7, 4]",rainbow,8,6,4,0.5324513533534336
2,"[7, 7, 4]",rainbow,10,7,5,0.6741379875800687
3,"[7, 7, 4]",rainbow,15,10,7,1.0033872618187638
4,"[7, 7, 4]",rainbow,16,11,8,1.138659589235637
