,flop,board_type,0b,1b,2b,profit
0,"[7, 6, 3]",rainbow,1,1,1,0.24316673383017134
1,"[7, 6, 3]",rainbow,2,2,2,0.3218784432872478
2,"[7, 6, 3]",rainbow,8,6,4,0.6758143140340614
