,flop,board_type,0b,1b,2b,profit
0,"[7, 4, 2]",rainbow,1,1,1,0.35033936516410596
1,"[7, 4, 2]",rainbow,8,6,4,0.7080426188726431
2,"[7, 4, 2]",rainbow,10,7,5,0.7681050117928339
3,"[7, 4, 2]",rainbow,15,10,7,0.7805709066940906
