,flop,board_type,0b,1b,2b,profit
0,"[6, 5, 5]",rainbow,1,1,1,0.49155088140826964
1,"[6, 5, 5]",rainbow,2,2,2,0.4953928070318601
2,"[6, 5, 5]",rainbow,3,2,2,0.5816131979222562
3,"[6, 5, 5]",rainbow,8,6,4,0.8132369200371294
4,"[6, 5, 5]",rainbow,10,7,5,0.8859979756197623
5,"[6, 5, 5]",rainbow,15,10,7,1.0739623934932874
6,"[6, 5, 5]",rainbow,16,11,8,1.2338318114100053
