,flop,board_type,0b,1b,2b,profit
0,"[4, 4, 2]",rainbow,1,1,1,0.49329047866297243
1,"[4, 4, 2]",rainbow,8,6,4,1.0653438346148532
2,"[4, 4, 2]",rainbow,10,7,5,1.1271086767953165
3,"[4, 4, 2]",rainbow,15,10,7,1.337431343964706
4,"[4, 4, 2]",rainbow,16,11,8,1.6560097772646638
