,flop,board_type,0b,1b,2b,profit
0,"[14, 14, 14]",rainbow,1,1,1,-5.35521827757505
1,"[14, 14, 14]",rainbow,8,6,4,-4.014849831873692
2,"[14, 14, 14]",rainbow,10,7,5,-0.9297404508344274
3,"[14, 14, 14]",rainbow,15,10,7,3.148030602218232
4,"[14, 14, 14]",rainbow,16,11,8,3.4512481157362576
