,flop,board_type,0b,1b,2b,profit
0,"[14, 13, 13]",rainbow,1,1,1,-5.3094577265434255
1,"[14, 13, 13]",rainbow,2,2,2,-3.8276790292989187
2,"[14, 13, 13]",rainbow,3,2,2,-3.402894031391698
3,"[14, 13, 13]",rainbow,4,3,2,-2.2054980891175435
4,"[14, 13, 13]",rainbow,8,6,4,-1.7076983214966002
5,"[14, 13, 13]",rainbow,10,7,5,-0.8094771844195168
6,"[14, 13, 13]",rainbow,15,10,7,2.131361356075038
7,"[14, 13, 13]",rainbow,16,11,8,2.168240784633922
