,flop,board_type,0b,1b,2b,profit
0,"[14, 13, 8]",rainbow,1,1,1,-5.253597895312501
1,"[14, 13, 8]",rainbow,2,2,2,-3.647232065104167
2,"[14, 13, 8]",rainbow,3,2,2,-3.181131791666667
3,"[14, 13, 8]",rainbow,4,3,2,-1.2830139661458344
4,"[14, 13, 8]",rainbow,8,6,4,-0.05303953906250092
5,"[14, 13, 8]",rainbow,15,10,7,1.6981735442708321
