,flop,board_type,0b,1b,2b,profit
0,"[14, 12, 6]",rainbow,1,1,1,-4.233739652319358
1,"[14, 12, 6]",rainbow,2,2,2,-2.708116399643175
2,"[14, 12, 6]",rainbow,3,2,2,-2.1551347479928635
3,"[14, 12, 6]",rainbow,4,3,2,-1.0995122056199835
4,"[14, 12, 6]",rainbow,8,6,4,-0.40543390900981446
5,"[14, 12, 6]",rainbow,10,7,5,-0.40366761284567465
6,"[14, 12, 6]",rainbow,15,10,7,2.940822014921741
7,"[14, 12, 6]",rainbow,16,11,8,2.9985113666369294
