,flop,board_type,0b,1b,2b,profit
0,"[14, 9, 2]",rainbow,1,1,1,-5.113512998594846
1,"[14, 9, 2]",rainbow,2,2,2,-5.108724765339579
2,"[14, 9, 2]",rainbow,3,2,2,-5.108101224355972
3,"[14, 9, 2]",rainbow,4,3,2,-4.416812634192038
4,"[14, 9, 2]",rainbow,8,6,4,-3.0669556716627637
5,"[14, 9, 2]",rainbow,10,7,5,-2.0273725119437946
6,"[14, 9, 2]",rainbow,15,10,7,2.533554291429517
7,"[14, 9, 2]",rainbow,16,11,8,2.6432579016407405
