,flop,board_type,0b,1b,2b,profit
0,"[14, 8, 6]",rainbow,1,1,1,-4.020787855205811
1,"[14, 8, 6]",rainbow,2,2,2,-4.013325671912832
2,"[14, 8, 6]",rainbow,3,2,2,-3.4469162336561743
3,"[14, 8, 6]",rainbow,4,3,2,-2.589297601089588
4,"[14, 8, 6]",rainbow,8,6,4,-1.4380182599273605
5,"[14, 8, 6]",rainbow,10,7,5,-0.23057916772900278
6,"[14, 8, 6]",rainbow,15,10,7,3.4534961433039406
7,"[14, 8, 6]",rainbow,16,11,8,3.704549188444042
