,flop,board_type,0b,1b,2b,profit
0,"[14, 8, 5]",rainbow,1,1,1,-5.419024583870968
1,"[14, 8, 5]",rainbow,2,2,2,-5.410554721198156
2,"[14, 8, 5]",rainbow,8,6,4,-2.7722778074884795
3,"[14, 8, 5]",rainbow,10,7,5,-1.6481302692396318
4,"[14, 8, 5]",rainbow,15,10,7,2.673915755158095
5,"[14, 8, 5]",rainbow,16,11,8,2.9152540186337843
