,flop,board_type,0b,1b,2b,profit
0,"[13, 13, 8]",rainbow,1,1,1,-5.99250012216481
1,"[13, 13, 8]",rainbow,8,6,4,-2.5600365245405894
2,"[13, 13, 8]",rainbow,10,7,5,-1.7322641040970015
3,"[13, 13, 8]",rainbow,15,10,7,-0.8069313802164051
4,"[13, 13, 8]",rainbow,16,11,8,-0.7237954067016257
