,flop,board_type,0b,1b,2b,profit
0,"[13, 13, 2]",rainbow,1,1,1,-8.236425737605042
1,"[13, 13, 2]",rainbow,2,2,2,-8.233418982352942
2,"[13, 13, 2]",rainbow,3,2,2,-8.228184073109244
3,"[13, 13, 2]",rainbow,8,6,4,-6.021520852661066
4,"[13, 13, 2]",rainbow,15,10,7,-4.437220101680673
5,"[13, 13, 2]",rainbow,16,11,8,-4.26737992797619
