,flop,board_type,0b,1b,2b,profit
0,"[13, 12, 11]",rainbow,1,1,1,0.11182676686507698
1,"[13, 12, 11]",rainbow,2,2,2,2.8104493516865072
2,"[13, 12, 11]",rainbow,3,2,2,3.172271676391241
3,"[13, 12, 11]",rainbow,4,3,2,5.550843104962669
4,"[13, 12, 11]",rainbow,15,10,7,6.63104914579468
