,flop,board_type,0b,1b,2b,profit
0,"[13, 12, 9]",rainbow,1,1,1,1.7407059013349757
1,"[13, 12, 9]",rainbow,3,2,2,2.901940537622601
2,"[13, 12, 9]",rainbow,4,3,2,7.317791353473417
3,"[13, 12, 9]",rainbow,15,10,7,8.724578870270898
