,flop,board_type,0b,1b,2b,profit
0,"[13, 12, 5]",rainbow,1,1,1,-6.334623274725276
1,"[13, 12, 5]",rainbow,2,2,2,-4.916800541391943
2,"[13, 12, 5]",rainbow,3,2,2,-4.093831262515264
3,"[13, 12, 5]",rainbow,4,3,2,-1.783572043956045
4,"[13, 12, 5]",rainbow,10,7,5,-1.7825971910866927
5,"[13, 12, 5]",rainbow,15,10,7,1.1037806934271275
