,flop,board_type,0b,1b,2b,profit
0,"[13, 7, 7]",rainbow,1,1,1,-6.930340317607975
1,"[13, 7, 7]",rainbow,8,6,4,-4.553604396345515
2,"[13, 7, 7]",rainbow,10,7,5,-3.1698131157253604
3,"[13, 7, 7]",rainbow,15,10,7,-2.5979358081579926
4,"[13, 7, 7]",rainbow,16,11,8,-2.3793171629014402
