,flop,board_type,0b,1b,2b,profit
0,"[13, 7, 5]",rainbow,1,1,1,-6.551154569767442
1,"[13, 7, 5]",rainbow,8,6,4,-4.192897485160577
2,"[13, 7, 5]",rainbow,10,7,5,-3.6804636919527502
3,"[13, 7, 5]",rainbow,15,10,7,-0.9825684973052784
4,"[13, 7, 5]",rainbow,16,11,8,-0.7676221669250651
