,flop,board_type,0b,1b,2b,profit
0,"[13, 6, 4]",rainbow,1,1,1,-6.908113512070875
1,"[13, 6, 4]",rainbow,8,6,4,-4.527809076707271
2,"[13, 6, 4]",rainbow,10,7,5,-4.0089738
3,"[13, 6, 4]",rainbow,15,10,7,-1.831213021853082
4,"[13, 6, 4]",rainbow,16,11,8,-1.618176090882245
