,flop,board_type,0b,1b,2b,profit
0,"[12, 12, 7]",rainbow,1,1,1,-3.3885940402334667
1,"[12, 12, 7]",rainbow,2,2,2,-3.382347649187854
2,"[12, 12, 7]",rainbow,3,2,2,-3.3779145098350787
3,"[12, 12, 7]",rainbow,4,3,2,-2.828788327849783
4,"[12, 12, 7]",rainbow,8,6,4,-0.07484066307327986
5,"[12, 12, 7]",rainbow,10,7,5,0.5527126293567224
6,"[12, 12, 7]",rainbow,15,10,7,1.121247175598206
7,"[12, 12, 7]",rainbow,16,11,8,1.2371163660684612
