,flop,board_type,0b,1b,2b,profit
0,"[12, 11, 7]",rainbow,1,1,1,-0.9640980841437636
1,"[12, 11, 7]",rainbow,2,2,2,0.6266491816067652
2,"[12, 11, 7]",rainbow,3,2,2,1.3957530804439744
3,"[12, 11, 7]",rainbow,4,3,2,2.45460512526427
4,"[12, 11, 7]",rainbow,8,6,4,2.4549412229386887
5,"[12, 11, 7]",rainbow,15,10,7,3.93961630757896
