,flop,board_type,0b,1b,2b,profit
0,"[12, 10, 5]",rainbow,1,1,1,-3.508433087859677
1,"[12, 10, 5]",rainbow,2,2,2,-2.0195574135199053
2,"[12, 10, 5]",rainbow,15,10,7,-0.047715583681514184
