,flop,board_type,0b,1b,2b,profit
0,"[12, 10, 4]",rainbow,1,1,1,-3.5000459199842338
1,"[12, 10, 4]",rainbow,2,2,2,-2.0290125192353177
2,"[12, 10, 4]",rainbow,3,2,2,-2.023059041308632
3,"[12, 10, 4]",rainbow,8,6,4,-2.0229138881355935
4,"[12, 10, 4]",rainbow,15,10,7,-0.052636722230982036
