,flop,board_type,0b,1b,2b,profit
0,"[12, 9, 7]",rainbow,1,1,1,-2.127780869565218
1,"[12, 9, 7]",rainbow,2,2,2,-0.9411243527736137
2,"[12, 9, 7]",rainbow,3,2,2,-0.3440339071964025
3,"[12, 9, 7]",rainbow,4,3,2,0.4519911599700146
4,"[12, 9, 7]",rainbow,8,6,4,1.1282913775112444
5,"[12, 9, 7]",rainbow,10,7,5,1.7290366520239866
6,"[12, 9, 7]",rainbow,15,10,7,3.091615460119939
