,flop,board_type,0b,1b,2b,profit
0,"[12, 7, 7]",rainbow,1,1,1,-4.865484908485274
1,"[12, 7, 7]",rainbow,8,6,4,-1.490773240568022
2,"[12, 7, 7]",rainbow,10,7,5,-0.9275178451963539
3,"[12, 7, 7]",rainbow,15,10,7,-0.2883658728962126
4,"[12, 7, 7]",rainbow,16,11,8,-0.14855196202664822
