,flop,board_type,0b,1b,2b,profit
0,"[12, 7, 6]",rainbow,1,1,1,-3.3847937002947686
1,"[12, 7, 6]",rainbow,2,2,2,-3.376092163264554
2,"[12, 7, 6]",rainbow,3,2,2,-2.877890402468681
3,"[12, 7, 6]",rainbow,4,3,2,-1.4067851711127488
4,"[12, 7, 6]",rainbow,8,6,4,0.8562898253500375
5,"[12, 7, 6]",rainbow,10,7,5,1.5641666189388364
6,"[12, 7, 6]",rainbow,15,10,7,2.277893780545321
