,flop,board_type,0b,1b,2b,profit
0,"[12, 7, 5]",rainbow,1,1,1,-4.538318295792427
1,"[12, 7, 5]",rainbow,2,2,2,-4.532831313849931
2,"[12, 7, 5]",rainbow,8,6,4,-1.1753365892005612
3,"[12, 7, 5]",rainbow,10,7,5,0.10352827124824704
4,"[12, 7, 5]",rainbow,15,10,7,1.3563632814165496
5,"[12, 7, 5]",rainbow,16,11,8,1.4807517443899014
