,flop,board_type,0b,1b,2b,profit
0,"[12, 6, 6]",rainbow,1,1,1,-5.060794278681628
1,"[12, 6, 6]",rainbow,8,6,4,-1.6785243968443198
2,"[12, 6, 6]",rainbow,10,7,5,-1.1183460717040676
3,"[12, 6, 6]",rainbow,15,10,7,-1.1151433402875182
4,"[12, 6, 6]",rainbow,16,11,8,-0.9966641159186536
