,flop,board_type,0b,1b,2b,profit
0,"[12, 4, 3]",rainbow,1,1,1,-5.800136450735787
1,"[12, 4, 3]",rainbow,8,6,4,-2.5156327966220733
2,"[12, 4, 3]",rainbow,10,7,5,-1.8346682035451503
3,"[12, 4, 3]",rainbow,15,10,7,-0.6455861198996651
4,"[12, 4, 3]",rainbow,16,11,8,-0.5176030196655512
