,flop,board_type,0b,1b,2b,profit
0,"[12, 3, 2]",rainbow,1,1,1,-5.853208054113713
1,"[12, 3, 2]",rainbow,2,2,2,-5.84664566110368
2,"[12, 3, 2]",rainbow,3,2,2,-5.841947201872911
3,"[12, 3, 2]",rainbow,4,3,2,-5.230818312006688
4,"[12, 3, 2]",rainbow,8,6,4,-2.5626201435117055
5,"[12, 3, 2]",rainbow,10,7,5,-1.8808900625083607
6,"[12, 3, 2]",rainbow,15,10,7,-0.6881528305351168
7,"[12, 3, 2]",rainbow,16,11,8,-0.5652557020401332
