,flop,board_type,0b,1b,2b,profit
0,"[11, 8, 6]",rainbow,1,1,1,-1.22429973992263
1,"[11, 8, 6]",rainbow,2,2,2,0.11374287392649851
2,"[11, 8, 6]",rainbow,8,6,4,1.810679271489362
3,"[11, 8, 6]",rainbow,10,7,5,2.533108894700193
4,"[11, 8, 6]",rainbow,15,10,7,3.7857068345841385
5,"[11, 8, 6]",rainbow,16,11,8,3.7857778116054153
