,flop,board_type,0b,1b,2b,profit
0,"[11, 7, 3]",rainbow,1,1,1,-2.7333783739911954
1,"[11, 7, 3]",rainbow,8,6,4,0.32775563437270727
2,"[11, 7, 3]",rainbow,10,7,5,1.064129100953778
3,"[11, 7, 3]",rainbow,15,10,7,2.2450632044020544
