,flop,board_type,0b,1b,2b,profit
0,"[11, 5, 5]",rainbow,1,1,1,-5.066078153470527
1,"[11, 5, 5]",rainbow,8,6,4,-3.569296472445064
2,"[11, 5, 5]",rainbow,15,10,7,-3.5580288070805723
3,"[11, 5, 5]",rainbow,16,11,8,-3.5512753069061738
