,flop,board_type,0b,1b,2b,profit
0,"[11, 4, 3]",rainbow,1,1,1,-4.291917153017091
1,"[11, 4, 3]",rainbow,8,6,4,-1.1807834324032092
2,"[11, 4, 3]",rainbow,10,7,5,-0.4475604399023365
3,"[11, 4, 3]",rainbow,15,10,7,0.3090317138821077
4,"[11, 4, 3]",rainbow,16,11,8,0.3147286053017089
