,flop,board_type,0b,1b,2b,profit
0,"[11, 3, 3]",rainbow,1,1,1,-5.060254682560168
1,"[11, 3, 3]",rainbow,8,6,4,-3.5650997664806408
2,"[11, 3, 3]",rainbow,10,7,5,-3.554510308405999
3,"[11, 3, 3]",rainbow,15,10,7,-3.548096312591559
