,flop,board_type,0b,1b,2b,profit
0,"[10, 10, 10]",rainbow,1,1,1,-0.4805698822879969
1,"[10, 10, 10]",rainbow,8,6,4,1.4450709374129658
2,"[10, 10, 10]",rainbow,10,7,5,2.3878228942827824
3,"[10, 10, 10]",rainbow,15,10,7,4.022585229371134
4,"[10, 10, 10]",rainbow,16,11,8,4.024418748980555
