,flop,board_type,0b,1b,2b,profit
0,"[10, 8, 5]",rainbow,1,1,1,-1.5890338618103144
1,"[10, 8, 5]",rainbow,8,6,4,-0.07142392087991478
2,"[10, 8, 5]",rainbow,10,7,5,0.9608746000540913
3,"[10, 8, 5]",rainbow,15,10,7,3.8922778190948417
