,flop,board_type,0b,1b,2b,profit
0,"[10, 8, 4]",rainbow,1,1,1,-1.5815959531554276
1,"[10, 8, 4]",rainbow,2,2,2,0.5108572825820397
2,"[10, 8, 4]",rainbow,3,2,2,0.8669305606382962
3,"[10, 8, 4]",rainbow,4,3,2,2.028463817724485
4,"[10, 8, 4]",rainbow,10,7,5,2.9845534633429485
5,"[10, 8, 4]",rainbow,15,10,7,5.619221733357373
6,"[10, 8, 4]",rainbow,16,11,8,5.621330522538765
