,flop,board_type,0b,1b,2b,profit
0,"[10, 7, 6]",rainbow,1,1,1,0.7668375729749894
1,"[10, 7, 6]",rainbow,2,2,2,0.773379967114594
2,"[10, 7, 6]",rainbow,8,6,4,3.2112786600597225
3,"[10, 7, 6]",rainbow,10,7,5,5.179618899328106
4,"[10, 7, 6]",rainbow,15,10,7,5.7838573571481895
5,"[10, 7, 6]",rainbow,16,11,8,5.784036901754385
