,flop,board_type,0b,1b,2b,profit
0,"[10, 6, 2]",rainbow,1,1,1,-2.414700991886045
1,"[10, 6, 2]",rainbow,2,2,2,-2.4097838546700325
2,"[10, 6, 2]",rainbow,8,6,4,-0.8136046886044008
3,"[10, 6, 2]",rainbow,10,7,5,0.23073959195816673
4,"[10, 6, 2]",rainbow,15,10,7,2.54272444734944
5,"[10, 6, 2]",rainbow,16,11,8,2.5440154844933276
