,flop,board_type,0b,1b,2b,profit
0,"[10, 5, 4]",rainbow,1,1,1,-3.7114743121482503
1,"[10, 5, 4]",rainbow,8,6,4,-2.1555985473747423
2,"[10, 5, 4]",rainbow,10,7,5,-1.1139404906142758
3,"[10, 5, 4]",rainbow,15,10,7,1.083165600669183
