,flop,board_type,0b,1b,2b,profit
0,"[9, 9, 9]",rainbow,1,1,1,-0.7644060717460315
1,"[9, 9, 9]",rainbow,2,2,2,-0.7631644222222222
2,"[9, 9, 9]",rainbow,8,6,4,1.317646064761905
3,"[9, 9, 9]",rainbow,10,7,5,3.0825298434920634
4,"[9, 9, 9]",rainbow,15,10,7,4.511369168253969
