,flop,board_type,0b,1b,2b,profit
0,"[9, 8, 8]",rainbow,1,1,1,-0.1848920254098365
1,"[9, 8, 8]",rainbow,2,2,2,1.1886599693442625
2,"[9, 8, 8]",rainbow,3,2,2,1.4987108103278688
3,"[9, 8, 8]",rainbow,4,3,2,2.66109826114754
4,"[9, 8, 8]",rainbow,8,6,4,2.981768575245901
5,"[9, 8, 8]",rainbow,10,7,5,3.9355052378688518
6,"[9, 8, 8]",rainbow,15,10,7,4.9827473300000005
7,"[9, 8, 8]",rainbow,16,11,8,4.9896981560655735
