,flop,board_type,0b,1b,2b,profit
0,"[9, 7, 2]",rainbow,1,1,1,-0.73864377885246
1,"[9, 7, 2]",rainbow,8,6,4,1.0162842116393431
2,"[9, 7, 2]",rainbow,10,7,5,1.4091663885245884
3,"[9, 7, 2]",rainbow,15,10,7,3.5390605068852437
