,flop,board_type,0b,1b,2b,profit
0,"[9, 6, 3]",rainbow,1,1,1,-0.8982670316393455
1,"[9, 6, 3]",rainbow,8,6,4,0.9295470829508186
2,"[9, 6, 3]",rainbow,10,7,5,1.3314634467213091
3,"[9, 6, 3]",rainbow,15,10,7,3.446502683770489
4,"[9, 6, 3]",rainbow,16,11,8,3.4480896804918
