,flop,board_type,0b,1b,2b,profit
0,"[9, 5, 2]",rainbow,1,1,1,-2.357872034843752
1,"[9, 5, 2]",rainbow,8,6,4,-0.6091182625000005
2,"[9, 5, 2]",rainbow,10,7,5,-0.20300464375000038
3,"[9, 5, 2]",rainbow,15,10,7,1.8143807026562486
4,"[9, 5, 2]",rainbow,16,11,8,1.825045640468748
