,flop,board_type,0b,1b,2b,profit
0,"[9, 4, 2]",rainbow,1,1,1,-2.4104514225
1,"[9, 4, 2]",rainbow,8,6,4,-0.6448748139062497
2,"[9, 4, 2]",rainbow,10,7,5,-0.24211809531250017
3,"[9, 4, 2]",rainbow,15,10,7,1.7826507051562501
