,flop,board_type,0b,1b,2b,profit
0,"[8, 8, 5]",rainbow,1,1,1,-0.4514766929230771
1,"[8, 8, 5]",rainbow,8,6,4,1.495453448000001
2,"[8, 8, 5]",rainbow,10,7,5,3.5142295741538465
3,"[8, 8, 5]",rainbow,15,10,7,4.6958724919999995
4,"[8, 8, 5]",rainbow,16,11,8,4.771791289230769
