,flop,board_type,0b,1b,2b,profit
0,"[8, 7, 5]",rainbow,1,1,1,1.7186867248387077
1,"[8, 7, 5]",rainbow,2,2,2,3.064022957096771
2,"[8, 7, 5]",rainbow,3,2,2,3.332336489677416
3,"[8, 7, 5]",rainbow,4,3,2,4.47818379645161
4,"[8, 7, 5]",rainbow,8,6,4,4.7561290854838685
5,"[8, 7, 5]",rainbow,10,7,5,5.892799699999998
6,"[8, 7, 5]",rainbow,15,10,7,6.842667638709676
7,"[8, 7, 5]",rainbow,16,11,8,6.928282451935481
