,flop,board_type,0b,1b,2b,profit
0,"[8, 7, 4]",rainbow,1,1,1,1.5553076151612881
1,"[8, 7, 4]",rainbow,2,2,2,2.9044128583870936
2,"[8, 7, 4]",rainbow,3,2,2,3.177554043548384
3,"[8, 7, 4]",rainbow,4,3,2,4.326143981290319
4,"[8, 7, 4]",rainbow,8,6,4,4.606329107096771
5,"[8, 7, 4]",rainbow,10,7,5,4.881972972258062
6,"[8, 7, 4]",rainbow,15,10,7,6.6871427338709655
7,"[8, 7, 4]",rainbow,16,11,8,6.774160085806449
