,flop,board_type,0b,1b,2b,profit
0,"[8, 6, 6]",rainbow,1,1,1,1.2517168025806447
1,"[8, 6, 6]",rainbow,8,6,4,3.5045582770967743
2,"[8, 6, 6]",rainbow,10,7,5,6.1694666987096785
3,"[8, 6, 6]",rainbow,15,10,7,6.539134235806452
4,"[8, 6, 6]",rainbow,16,11,8,6.626421842903227
