,flop,board_type,0b,1b,2b,profit
0,"[8, 6, 3]",rainbow,1,1,1,1.1533306635483846
1,"[8, 6, 3]",rainbow,8,6,4,3.096355944193546
2,"[8, 6, 3]",rainbow,10,7,5,3.479247138064513
3,"[8, 6, 3]",rainbow,15,10,7,6.438105437419353
4,"[8, 6, 3]",rainbow,16,11,8,6.518680934193546
