,flop,board_type,0b,1b,2b,profit
0,"[8, 5, 4]",rainbow,1,1,1,-0.06428319138461625
1,"[8, 5, 4]",rainbow,2,2,2,-0.06209415753846237
2,"[8, 5, 4]",rainbow,8,6,4,1.8704205101538447
3,"[8, 5, 4]",rainbow,10,7,5,3.054589571692307
4,"[8, 5, 4]",rainbow,15,10,7,5.059286628615382
5,"[8, 5, 4]",rainbow,16,11,8,5.131551374153842
