,flop,board_type,0b,1b,2b,profit
0,"[8, 5, 2]",rainbow,1,1,1,-0.42184008000000084
1,"[8, 5, 2]",rainbow,2,2,2,-0.4143209741538474
2,"[8, 5, 2]",rainbow,8,6,4,1.524256593230768
3,"[8, 5, 2]",rainbow,10,7,5,1.905158819692307
4,"[8, 5, 2]",rainbow,15,10,7,4.719405095384612
5,"[8, 5, 2]",rainbow,16,11,8,4.7953419599999965
