,flop,board_type,0b,1b,2b,profit
0,"[8, 4, 3]",rainbow,1,1,1,-0.45905265353846314
1,"[8, 4, 3]",rainbow,2,2,2,-0.44422658276923244
2,"[8, 4, 3]",rainbow,8,6,4,1.4926901058461528
3,"[8, 4, 3]",rainbow,10,7,5,1.8766650855384608
4,"[8, 4, 3]",rainbow,15,10,7,4.677932706153843
5,"[8, 4, 3]",rainbow,16,11,8,4.766019494153843
