,flop,board_type,0b,1b,2b,profit
0,"[7, 7, 5]",rainbow,1,1,1,1.8141139101538464
1,"[7, 7, 5]",rainbow,8,6,4,2.5861190126153843
2,"[7, 7, 5]",rainbow,10,7,5,5.4063299956923085
3,"[7, 7, 5]",rainbow,15,10,7,6.581423583384617
4,"[7, 7, 5]",rainbow,16,11,8,6.7446595458461545
