,flop,board_type,0b,1b,2b,profit
0,"[7, 7, 2]",rainbow,1,1,1,1.767279981846154
1,"[7, 7, 2]",rainbow,8,6,4,2.543732689230769
2,"[7, 7, 2]",rainbow,10,7,5,2.919041665538461
3,"[7, 7, 2]",rainbow,15,10,7,6.543089374769233
4,"[7, 7, 2]",rainbow,16,11,8,6.705363257538464
