,flop,board_type,0b,1b,2b,profit
0,"[7, 5, 5]",rainbow,1,1,1,1.8190586243076918
1,"[7, 5, 5]",rainbow,2,2,2,1.820343173230769
2,"[7, 5, 5]",rainbow,8,6,4,2.594006490461538
3,"[7, 5, 5]",rainbow,10,7,5,5.421295972000001
4,"[7, 5, 5]",rainbow,15,10,7,6.590412124307694
5,"[7, 5, 5]",rainbow,16,11,8,6.7612749138461545
