,flop,board_type,0b,1b,2b,profit
0,"[7, 5, 2]",rainbow,1,1,1,1.8201477221538438
1,"[7, 5, 2]",rainbow,8,6,4,2.5878571018461516
2,"[7, 5, 2]",rainbow,10,7,5,2.9507976726153826
3,"[7, 5, 2]",rainbow,15,10,7,6.587320620615383
4,"[7, 5, 2]",rainbow,16,11,8,6.749943658153844
