,flop,board_type,0b,1b,2b,profit
0,"[7, 2, 2]",rainbow,1,1,1,1.7741370609230764
1,"[7, 2, 2]",rainbow,2,2,2,1.774960123076923
2,"[7, 2, 2]",rainbow,3,2,2,1.7827810578461531
3,"[7, 2, 2]",rainbow,8,6,4,2.5575607618461533
4,"[7, 2, 2]",rainbow,10,7,5,2.924416570153846
5,"[7, 2, 2]",rainbow,15,10,7,6.555329532615385
6,"[7, 2, 2]",rainbow,16,11,8,6.720738340000001
