,flop,board_type,0b,1b,2b,profit
0,"[6, 3, 3]",rainbow,1,1,1,4.070303689846153
1,"[6, 3, 3]",rainbow,8,6,4,4.84131598553846
2,"[6, 3, 3]",rainbow,10,7,5,5.93652612923077
3,"[6, 3, 3]",rainbow,15,10,7,8.478274486153847
4,"[6, 3, 3]",rainbow,16,11,8,8.732593132307692
