,flop,board_type,0b,1b,2b,profit
0,"[5, 5, 2]",rainbow,1,1,1,4.664553402352942
1,"[5, 5, 2]",rainbow,2,2,2,4.669561983529412
2,"[5, 5, 2]",rainbow,8,6,4,5.41414516264706
3,"[5, 5, 2]",rainbow,10,7,5,5.677772676470589
4,"[5, 5, 2]",rainbow,15,10,7,8.891395988823529
5,"[5, 5, 2]",rainbow,16,11,8,9.128677489411764
