,flop,board_type,0b,1b,2b,profit
0,"[4, 4, 4]",rainbow,1,1,1,4.852254141176472
1,"[4, 4, 4]",rainbow,2,2,2,4.854973162352942
2,"[4, 4, 4]",rainbow,8,6,4,5.579116747058824
3,"[4, 4, 4]",rainbow,10,7,5,7.400635191764707
4,"[4, 4, 4]",rainbow,15,10,7,9.038438592058824
5,"[4, 4, 4]",rainbow,16,11,8,9.27963862117647
