,flop,board_type,0b,1b,2b,profit
0,"[4, 3, 3]",rainbow,1,1,1,4.666779409411765
1,"[4, 3, 3]",rainbow,8,6,4,5.418191493529412
2,"[4, 3, 3]",rainbow,10,7,5,6.461579414117647
3,"[4, 3, 3]",rainbow,15,10,7,8.89319212117647
4,"[4, 3, 3]",rainbow,16,11,8,9.127191917647059
