,flop,board_type,0b,1b,2b,profit
0,"[4, 2, 2]",rainbow,1,1,1,4.662370576470589
1,"[4, 2, 2]",rainbow,2,2,2,4.663363134117648
2,"[4, 2, 2]",rainbow,3,2,2,4.666140310588236
3,"[4, 2, 2]",rainbow,4,3,2,4.6675030423529416
4,"[4, 2, 2]",rainbow,8,6,4,5.411914258529412
5,"[4, 2, 2]",rainbow,10,7,5,5.671230031764707
6,"[4, 2, 2]",rainbow,15,10,7,8.888066424117648
7,"[4, 2, 2]",rainbow,16,11,8,9.131539025882354
