,flop,board_type,0b,1b,2b,profit
0,"[14, 13, 3]",two-tone,1,1,1,-10.11719056596467
1,"[14, 13, 3]",two-tone,8,6,4,-9.968146114912248
