,flop,board_type,0b,1b,2b,profit
0,"[14, 12, 3]",two-tone,1,1,1,-6.920727248982573
1,"[14, 12, 3]",two-tone,2,2,2,-6.916545833193099
