,flop,board_type,0b,1b,2b,profit
0,"[14, 10, 10]",two-tone,1,1,1,-3.3379884277418803
1,"[14, 10, 10]",two-tone,2,2,2,-3.3269992233070504
