,flop,board_type,0b,1b,2b,profit
0,"[14, 8, 5]",two-tone,1,1,1,-4.691135134354306
1,"[14, 8, 5]",two-tone,2,2,2,-4.6872117645868645
2,"[14, 8, 5]",two-tone,3,2,2,-4.68555450644733
3,"[14, 8, 5]",two-tone,4,3,2,-4.684940029703145
4,"[14, 8, 5]",two-tone,8,6,4,-4.207200316630583
5,"[14, 8, 5]",two-tone,10,7,5,-4.169368556441768
