,flop,board_type,0b,1b,2b,profit
0,"[14, 8, 2]",two-tone,1,1,1,-4.758969979231743
1,"[14, 8, 2]",two-tone,8,6,4,-4.322025116022143
2,"[14, 8, 2]",two-tone,10,7,5,-4.274529634611736
