,flop,board_type,0b,1b,2b,profit
0,"[13, 13, 2]",two-tone,1,1,1,-6.913172228973766
1,"[13, 13, 2]",two-tone,3,2,2,-6.9125438956404315
