,flop,board_type,0b,1b,2b,profit
0,"[13, 11, 10]",two-tone,1,1,1,18.971681290747476
1,"[13, 11, 10]",two-tone,10,7,5,19.043066890747472
