,flop,board_type,0b,1b,2b,profit
0,"[13, 9, 5]",two-tone,1,1,1,-5.4574505060313525
1,"[13, 9, 5]",two-tone,2,2,2,-5.452760409193406
