,flop,board_type,0b,1b,2b,profit
0,"[13, 6, 6]",two-tone,1,1,1,-9.364449318181817
1,"[13, 6, 6]",two-tone,2,2,2,-9.360425227272726
