,flop,board_type,0b,1b,2b,profit
0,"[13, 6, 4]",two-tone,1,1,1,-8.347900139718458
1,"[13, 6, 4]",two-tone,2,2,2,-8.343368658085804
