,flop,board_type,0b,1b,2b,profit
0,"[13, 5, 3]",two-tone,1,1,1,-8.368018265898325
1,"[13, 5, 3]",two-tone,2,2,2,-8.362384755694244
2,"[13, 5, 3]",two-tone,3,2,2,-8.35348575161261
