,flop,board_type,0b,1b,2b,profit
0,"[13, 5, 2]",two-tone,1,1,1,-8.388883743449345
1,"[13, 5, 2]",two-tone,2,2,2,-8.38434430263302
