,flop,board_type,0b,1b,2b,profit
0,"[13, 2, 2]",two-tone,1,1,1,-9.366035909090908
1,"[13, 2, 2]",two-tone,2,2,2,-9.364670909090908
2,"[13, 2, 2]",two-tone,16,11,8,-9.364502499999999
