,flop,board_type,0b,1b,2b,profit
0,"[12, 12, 10]",two-tone,1,1,1,1.5758014065822703
1,"[12, 12, 10]",two-tone,8,6,4,1.6549498490552585
