,flop,board_type,0b,1b,2b,profit
0,"[12, 10, 10]",two-tone,1,1,1,-4.069170928236313
1,"[12, 10, 10]",two-tone,2,2,2,-4.066484021853336
2,"[12, 10, 10]",two-tone,8,6,4,-3.9091073044147704
3,"[12, 10, 10]",two-tone,10,7,5,-3.9045414297947096
