,flop,board_type,0b,1b,2b,profit
0,"[12, 10, 5]",two-tone,1,1,1,-5.166565845313494
1,"[12, 10, 5]",two-tone,2,2,2,-5.165085021488655
