,flop,board_type,0b,1b,2b,profit
0,"[11, 7, 5]",two-tone,1,1,1,1.3246703127928776
1,"[11, 7, 5]",two-tone,10,7,5,1.324827812792877
