,flop,board_type,0b,1b,2b,profit
0,"[11, 6, 5]",two-tone,1,1,1,-6.180932334421615
1,"[11, 6, 5]",two-tone,2,2,2,-6.1678703480579795
