,flop,board_type,0b,1b,2b,profit
0,"[11, 5, 2]",two-tone,1,1,1,0.6910383004109284
1,"[11, 5, 2]",two-tone,3,2,2,0.6981070504109286
2,"[11, 5, 2]",two-tone,8,6,4,0.7034170504109292
