,flop,board_type,0b,1b,2b,profit
0,"[11, 2, 2]",two-tone,1,1,1,-0.5390440183356184
1,"[11, 2, 2]",two-tone,8,6,4,-0.5367152683356182
2,"[11, 2, 2]",two-tone,15,10,7,-0.5341840183356177
