,flop,board_type,0b,1b,2b,profit
0,"[10, 10, 7]",two-tone,1,1,1,-4.019449240802675
1,"[10, 10, 7]",two-tone,2,2,2,-4.019079317725753
2,"[10, 10, 7]",two-tone,15,10,7,-4.01814562541806
