,flop,board_type,0b,1b,2b,profit
0,"[10, 10, 3]",two-tone,1,1,1,0.2395299441520451
1,"[10, 10, 3]",two-tone,2,2,2,0.24658104415204551
