,flop,board_type,0b,1b,2b,profit
0,"[10, 9, 4]",two-tone,1,1,1,0.12695215372994406
1,"[10, 9, 4]",two-tone,2,2,2,0.12787130757609777
2,"[10, 9, 4]",two-tone,15,10,7,0.12795692296071337
