,flop,board_type,0b,1b,2b,profit
0,"[10, 8, 6]",two-tone,1,1,1,0.4491915039203209
1,"[10, 8, 6]",two-tone,3,2,2,0.4495711193049359
2,"[10, 8, 6]",two-tone,4,3,2,0.4497827346895513
3,"[10, 8, 6]",two-tone,10,7,5,0.4499475039203209
4,"[10, 8, 6]",two-tone,16,11,8,0.45266781161262815
