,flop,board_type,0b,1b,2b,profit
0,"[10, 7, 3]",two-tone,1,1,1,0.39183893602389475
1,"[10, 7, 3]",two-tone,3,2,2,0.39422970525466416
