,flop,board_type,0b,1b,2b,profit
0,"[9, 9, 7]",two-tone,1,1,1,-3.2029776204036158
1,"[9, 9, 7]",two-tone,2,2,2,-3.2008857101763426
