,flop,board_type,0b,1b,2b,profit
0,"[9, 9, 5]",two-tone,1,1,1,-5.4537128798063925
1,"[9, 9, 5]",two-tone,2,2,2,-5.450221115976605
