,flop,board_type,0b,1b,2b,profit
0,"[9, 7, 3]",two-tone,1,1,1,-12.293012014799153
1,"[9, 7, 3]",two-tone,3,2,2,-12.292170702299154
2,"[9, 7, 3]",two-tone,10,7,5,-12.291887202299154
