,flop,board_type,0b,1b,2b,profit
0,"[9, 6, 4]",two-tone,1,1,1,-12.781853145084568
1,"[9, 6, 4]",two-tone,10,7,5,-12.779389582584567
