,flop,board_type,0b,1b,2b,profit
0,"[9, 5, 2]",two-tone,1,1,1,-13.270061413759692
1,"[9, 5, 2]",two-tone,2,2,2,-13.26987372625969
2,"[9, 5, 2]",two-tone,10,7,5,-13.26956266375969
