,flop,board_type,0b,1b,2b,profit
0,"[9, 4, 4]",two-tone,1,1,1,-9.293380225114516
1,"[9, 4, 4]",two-tone,8,6,4,-9.291232975114516
