,flop,board_type,0b,1b,2b,profit
0,"[9, 4, 3]",two-tone,1,1,1,-12.310949442829454
1,"[9, 4, 3]",two-tone,10,7,5,-12.310402130329454
2,"[9, 4, 3]",two-tone,15,10,7,-12.309248442829453
