,flop,board_type,0b,1b,2b,profit
0,"[8, 8, 7]",two-tone,1,1,1,-8.690355104166667
1,"[8, 8, 7]",two-tone,3,2,2,-8.689914104166666
2,"[8, 8, 7]",two-tone,4,3,2,-8.689163354166666
3,"[8, 8, 7]",two-tone,10,7,5,-8.688232791666668
4,"[8, 8, 7]",two-tone,16,11,8,-8.688222291666667
