,flop,board_type,0b,1b,2b,profit
0,"[8, 6, 6]",two-tone,1,1,1,-5.407037218648179
1,"[8, 6, 6]",two-tone,2,2,2,-5.4060918165205205
2,"[8, 6, 6]",two-tone,3,2,2,-5.4051482686481815
3,"[8, 6, 6]",two-tone,4,3,2,-5.400199037797117
