,flop,board_type,0b,1b,2b,profit
0,"[8, 6, 5]",two-tone,1,1,1,-12.475317148255819
1,"[8, 6, 5]",two-tone,16,11,8,-12.47445221075582
