,flop,board_type,0b,1b,2b,profit
0,"[8, 6, 4]",two-tone,1,1,1,-12.562033185562015
1,"[8, 6, 4]",two-tone,2,2,2,-12.561681435562015
2,"[8, 6, 4]",two-tone,4,3,2,-12.561370373062015
3,"[8, 6, 4]",two-tone,15,10,7,-12.560560560562013
