,flop,board_type,0b,1b,2b,profit
0,"[8, 4, 3]",two-tone,1,1,1,-13.22023264292636
1,"[8, 4, 3]",two-tone,3,2,2,-13.21859464292636
