,flop,board_type,0b,1b,2b,profit
0,"[8, 3, 3]",two-tone,1,1,1,-9.281856594432698
1,"[8, 3, 3]",two-tone,15,10,7,-9.281376219432698
