,flop,board_type,0b,1b,2b,profit
0,"[7, 7, 6]",two-tone,1,1,1,-9.04709430703841
1,"[7, 7, 6]",two-tone,3,2,2,-9.04579099453841
2,"[7, 7, 6]",two-tone,10,7,5,-9.04558099453841
