,flop,board_type,0b,1b,2b,profit
0,"[7, 6, 3]",two-tone,1,1,1,-12.560366310562014
1,"[7, 6, 3]",two-tone,8,6,4,-12.560290185562014
