,flop,board_type,0b,1b,2b,profit
0,"[7, 3, 2]",two-tone,1,1,1,-13.21947795542636
1,"[7, 3, 2]",two-tone,2,2,2,-13.21861958042636
2,"[7, 3, 2]",two-tone,4,3,2,-13.218433205426361
