,flop,board_type,0b,1b,2b,profit
0,"[6, 6, 4]",two-tone,1,1,1,-9.282850156932698
1,"[6, 6, 4]",two-tone,3,2,2,-9.281221344432698
2,"[6, 6, 4]",two-tone,4,3,2,-9.280931281932698
3,"[6, 6, 4]",two-tone,16,11,8,-9.280926031932697
