,flop,board_type,0b,1b,2b,profit
0,"[6, 5, 3]",two-tone,1,1,1,-10.316733548666242
1,"[6, 5, 3]",two-tone,2,2,2,-10.311908903666241
2,"[6, 5, 3]",two-tone,3,2,2,-10.30401143366624
