,flop,board_type,0b,1b,2b,profit
0,"[6, 4, 4]",two-tone,1,1,1,-8.621287362214753
1,"[6, 4, 4]",two-tone,2,2,2,-8.610091401214753
2,"[6, 4, 4]",two-tone,3,2,2,-8.608813950214754
3,"[6, 4, 4]",two-tone,4,3,2,-8.602110477214753
