,flop,board_type,0b,1b,2b,profit
0,"[6, 4, 4]",two-tone,1,1,1,-9.282835719432699
1,"[6, 4, 4]",two-tone,3,2,2,-9.282099406932698
2,"[6, 4, 4]",two-tone,4,3,2,-9.281898594432699
