,flop,board_type,0b,1b,2b,profit
0,"[5, 5, 4]",two-tone,1,1,1,-8.692024827548087
1,"[5, 5, 4]",two-tone,2,2,2,-8.688020463548087
2,"[5, 5, 4]",two-tone,3,2,2,-8.683185864548086
