,flop,board_type,0b,1b,2b,profit
0,"[4, 4, 2]",two-tone,1,1,1,-9.370350314129668
1,"[4, 4, 2]",two-tone,10,7,5,-9.367510064129668
