,flop,board_type,0b,1b,2b,profit
0,"[14, 13, 10]",monotone,1,1,1,10.954875262029146
1,"[14, 13, 10]",monotone,8,6,4,12.19689908241551
2,"[14, 13, 10]",monotone,15,10,7,12.380752035441576
3,"[14, 13, 10]",monotone,16,11,8,12.646489221044272
