,flop,board_type,0b,1b,2b,profit
0,"[14, 13, 9]",monotone,1,1,1,1.9726982980656345
1,"[14, 13, 9]",monotone,2,2,2,2.995333578174546
2,"[14, 13, 9]",monotone,3,2,2,3.2030359684108545
3,"[14, 13, 9]",monotone,4,3,2,3.9885569841649837
4,"[14, 13, 9]",monotone,8,6,4,4.790392148887791
5,"[14, 13, 9]",monotone,10,7,5,4.791543081166584
6,"[14, 13, 9]",monotone,15,10,7,5.260613228590046
7,"[14, 13, 9]",monotone,16,11,8,5.837941584820023
