,flop,board_type,0b,1b,2b,profit
0,"[14, 12, 9]",monotone,1,1,1,2.176286863938557
1,"[14, 12, 9]",monotone,2,2,2,3.571069646156682
2,"[14, 12, 9]",monotone,3,2,2,3.8184087602580643
3,"[14, 12, 9]",monotone,4,3,2,4.399858833867897
4,"[14, 12, 9]",monotone,8,6,4,4.8936528404792625
5,"[14, 12, 9]",monotone,15,10,7,5.4301265528110605
6,"[14, 12, 9]",monotone,16,11,8,6.086383250838709
