,flop,board_type,0b,1b,2b,profit
0,"[14, 12, 6]",monotone,1,1,1,2.130702936424581
1,"[14, 12, 6]",monotone,2,2,2,3.0639209084916206
2,"[14, 12, 6]",monotone,3,2,2,3.268679450949721
3,"[14, 12, 6]",monotone,4,3,2,4.001703010614525
4,"[14, 12, 6]",monotone,8,6,4,4.774018931173185
5,"[14, 12, 6]",monotone,10,7,5,4.776688021452514
6,"[14, 12, 6]",monotone,15,10,7,5.411291156759776
7,"[14, 12, 6]",monotone,16,11,8,6.584768688156425
