,flop,board_type,0b,1b,2b,profit
0,"[14, 11, 9]",monotone,1,1,1,2.2466117465325603
1,"[14, 11, 9]",monotone,2,2,2,4.0196616622810195
2,"[14, 11, 9]",monotone,3,2,2,4.2964349308565914
3,"[14, 11, 9]",monotone,4,3,2,4.876208851540413
4,"[14, 11, 9]",monotone,8,6,4,4.877243503805727
5,"[14, 11, 9]",monotone,10,7,5,4.881248986154405
6,"[14, 11, 9]",monotone,15,10,7,5.438732919681043
7,"[14, 11, 9]",monotone,16,11,8,6.105617552854295
