,flop,board_type,0b,1b,2b,profit
0,"[14, 11, 6]",monotone,1,1,1,2.1718898023076925
1,"[14, 11, 6]",monotone,2,2,2,3.0691671253846153
2,"[14, 11, 6]",monotone,3,2,2,3.2802596353846147
3,"[14, 11, 6]",monotone,4,3,2,4.026313926153847
4,"[14, 11, 6]",monotone,8,6,4,5.213799052307691
5,"[14, 11, 6]",monotone,15,10,7,5.85742153076923
6,"[14, 11, 6]",monotone,16,11,8,6.881353936153844
