,flop,board_type,0b,1b,2b,profit
0,"[14, 10, 4]",monotone,1,1,1,3.2540618152577325
1,"[14, 10, 4]",monotone,2,2,2,3.259248333402062
2,"[14, 10, 4]",monotone,3,2,2,4.0438183929896905
3,"[14, 10, 4]",monotone,4,3,2,6.255937281030928
4,"[14, 10, 4]",monotone,8,6,4,7.1614197835051545
5,"[14, 10, 4]",monotone,10,7,5,7.164533135257732
6,"[14, 10, 4]",monotone,15,10,7,7.744548752164948
7,"[14, 10, 4]",monotone,16,11,8,8.61224960185567
