,flop,board_type,0b,1b,2b,profit
0,"[14, 8, 2]",monotone,1,1,1,2.1630379909371893
1,"[14, 8, 2]",monotone,8,6,4,3.8317408457095707
2,"[14, 8, 2]",monotone,10,7,5,3.8332564301430136
3,"[14, 8, 2]",monotone,15,10,7,4.868870696893499
4,"[14, 8, 2]",monotone,16,11,8,6.424297232542301
