,flop,board_type,0b,1b,2b,profit
0,"[14, 5, 4]",monotone,1,1,1,1.9174002579185525
1,"[14, 5, 4]",monotone,2,2,2,2.305920606240573
2,"[14, 5, 4]",monotone,3,2,2,2.507422267345399
3,"[14, 5, 4]",monotone,4,3,2,2.9692062852092755
4,"[14, 5, 4]",monotone,8,6,4,2.980680726055807
5,"[14, 5, 4]",monotone,15,10,7,3.542278419353318
6,"[14, 5, 4]",monotone,16,11,8,5.522382636076545
