,flop,board_type,0b,1b,2b,profit
0,"[14, 5, 3]",monotone,1,1,1,1.7777433633853768
1,"[14, 5, 3]",monotone,2,2,2,1.779668676218583
2,"[14, 5, 3]",monotone,3,2,2,1.9825391358530073
3,"[14, 5, 3]",monotone,4,3,2,2.439922660177074
4,"[14, 5, 3]",monotone,8,6,4,2.4446835991051015
5,"[14, 5, 3]",monotone,10,7,5,2.4479527070163742
6,"[14, 5, 3]",monotone,15,10,7,3.0091798269230763
7,"[14, 5, 3]",monotone,16,11,8,5.160600149609672
