,flop,board_type,0b,1b,2b,profit
0,"[14, 5, 2]",monotone,1,1,1,1.6971967284240155
1,"[14, 5, 2]",monotone,8,6,4,2.6463095710131332
2,"[14, 5, 2]",monotone,10,7,5,2.65138979760788
3,"[14, 5, 2]",monotone,15,10,7,3.1906992589118204
4,"[14, 5, 2]",monotone,16,11,8,5.30336793076923
