,flop,board_type,0b,1b,2b,profit
0,"[13, 12, 11]",monotone,1,1,1,5.228436156735751
1,"[13, 12, 11]",monotone,2,2,2,7.302261600712435
2,"[13, 12, 11]",monotone,3,2,2,7.727101256768135
3,"[13, 12, 11]",monotone,4,3,2,8.432235840625001
4,"[13, 12, 11]",monotone,10,7,5,8.432659168069948
5,"[13, 12, 11]",monotone,15,10,7,8.909810280634716
6,"[13, 12, 11]",monotone,16,11,8,9.816688954922279
