,flop,board_type,0b,1b,2b,profit
0,"[13, 12, 9]",monotone,1,1,1,6.715450456770833
1,"[13, 12, 9]",monotone,2,2,2,6.715581026562499
2,"[13, 12, 9]",monotone,3,2,2,7.047541528645833
3,"[13, 12, 9]",monotone,4,3,2,8.04214291471354
4,"[13, 12, 9]",monotone,8,6,4,8.418924337630209
5,"[13, 12, 9]",monotone,15,10,7,9.046969092317708
6,"[13, 12, 9]",monotone,16,11,8,9.588590223307293
