,flop,board_type,0b,1b,2b,profit
0,"[13, 12, 8]",monotone,1,1,1,2.335541673076924
1,"[13, 12, 8]",monotone,2,2,2,2.6233047897435906
2,"[13, 12, 8]",monotone,3,2,2,3.3443257025641033
3,"[13, 12, 8]",monotone,4,3,2,4.252631156410257
4,"[13, 12, 8]",monotone,8,6,4,4.811557138461539
5,"[13, 12, 8]",monotone,10,7,5,4.82261051923077
6,"[13, 12, 8]",monotone,15,10,7,6.00341941923077
7,"[13, 12, 8]",monotone,16,11,8,6.6091830576923085
