,flop,board_type,0b,1b,2b,profit
0,"[13, 12, 6]",monotone,1,1,1,2.4245131808035723
1,"[13, 12, 6]",monotone,2,2,2,2.6981173400829084
2,"[13, 12, 6]",monotone,3,2,2,3.3692417198660722
3,"[13, 12, 6]",monotone,4,3,2,4.260918576769772
4,"[13, 12, 6]",monotone,8,6,4,4.8308710283003835
5,"[13, 12, 6]",monotone,10,7,5,4.834959431760204
6,"[13, 12, 6]",monotone,15,10,7,5.924369394690689
7,"[13, 12, 6]",monotone,16,11,8,6.7137339158960465
