,flop,board_type,0b,1b,2b,profit
0,"[13, 12, 3]",monotone,1,1,1,2.370623460301508
1,"[13, 12, 3]",monotone,2,2,2,2.63301141844939
2,"[13, 12, 3]",monotone,3,2,2,3.2888699148959075
3,"[13, 12, 3]",monotone,4,3,2,4.135055045620961
4,"[13, 12, 3]",monotone,8,6,4,4.269434022110552
5,"[13, 12, 3]",monotone,15,10,7,5.514300969669778
6,"[13, 12, 3]",monotone,16,11,8,7.2049784429648245
