,flop,board_type,0b,1b,2b,profit
0,"[13, 11, 3]",monotone,1,1,1,2.329777520212171
1,"[13, 11, 3]",monotone,2,2,2,2.5923886723618095
2,"[13, 11, 3]",monotone,3,2,2,3.2427712530988284
3,"[13, 11, 3]",monotone,4,3,2,4.095161316136237
4,"[13, 11, 3]",monotone,8,6,4,4.22985996599665
5,"[13, 11, 3]",monotone,15,10,7,5.470535824008934
6,"[13, 11, 3]",monotone,16,11,8,7.127807399553322
