,flop,board_type,0b,1b,2b,profit
0,"[13, 10, 3]",monotone,1,1,1,2.2109236254441624
1,"[13, 10, 3]",monotone,2,2,2,2.87724092577665
2,"[13, 10, 3]",monotone,3,2,2,3.2134764764263966
3,"[13, 10, 3]",monotone,4,3,2,3.7416153283020313
4,"[13, 10, 3]",monotone,8,6,4,4.241447081583756
5,"[13, 10, 3]",monotone,10,7,5,4.244652580263959
6,"[13, 10, 3]",monotone,15,10,7,5.435653989814721
7,"[13, 10, 3]",monotone,16,11,8,6.586635973611675
