,flop,board_type,0b,1b,2b,profit
0,"[13, 7, 5]",monotone,1,1,1,2.0870904327684734
1,"[13, 7, 5]",monotone,2,2,2,2.088283520078818
2,"[13, 7, 5]",monotone,3,2,2,2.289272663330049
3,"[13, 7, 5]",monotone,4,3,2,2.4207479958817735
4,"[13, 7, 5]",monotone,8,6,4,3.141961650837439
5,"[13, 7, 5]",monotone,15,10,7,4.100993274443351
6,"[13, 7, 5]",monotone,16,11,8,5.364885453162561
