,flop,board_type,0b,1b,2b,profit
0,"[13, 7, 3]",monotone,1,1,1,2.0593552878289083
1,"[13, 7, 3]",monotone,2,2,2,2.0638466506427973
2,"[13, 7, 3]",monotone,3,2,2,2.475381658320317
3,"[13, 7, 3]",monotone,4,3,2,2.972328274792742
4,"[13, 7, 3]",monotone,8,6,4,3.791833975982218
5,"[13, 7, 3]",monotone,15,10,7,4.760568924498378
6,"[13, 7, 3]",monotone,16,11,8,6.106619561552325
