,flop,board_type,0b,1b,2b,profit
0,"[13, 6, 4]",monotone,1,1,1,1.9341482376255374
1,"[13, 6, 4]",monotone,2,2,2,1.9390513225609758
2,"[13, 6, 4]",monotone,3,2,2,2.12836337876614
3,"[13, 6, 4]",monotone,4,3,2,2.2652222331061687
4,"[13, 6, 4]",monotone,8,6,4,2.943446170408895
5,"[13, 6, 4]",monotone,10,7,5,2.9453249507890966
6,"[13, 6, 4]",monotone,15,10,7,3.799863345516499
7,"[13, 6, 4]",monotone,16,11,8,5.599562742144908
