,flop,board_type,0b,1b,2b,profit
0,"[12, 11, 8]",monotone,1,1,1,4.885801826733884
1,"[12, 11, 8]",monotone,2,2,2,6.00213932133636
2,"[12, 11, 8]",monotone,3,2,2,6.467966574007301
3,"[12, 11, 8]",monotone,4,3,2,7.50372436934651
4,"[12, 11, 8]",monotone,8,6,4,7.92286179050926
5,"[12, 11, 8]",monotone,15,10,7,8.526420359085648
6,"[12, 11, 8]",monotone,16,11,8,9.00150484539708
