,flop,board_type,0b,1b,2b,profit
0,"[12, 10, 9]",monotone,1,1,1,5.474800303070326
1,"[12, 10, 9]",monotone,2,2,2,5.855159414253859
2,"[12, 10, 9]",monotone,3,2,2,6.175538904236706
3,"[12, 10, 9]",monotone,4,3,2,6.899222294974272
4,"[12, 10, 9]",monotone,15,10,7,7.48604003193825
5,"[12, 10, 9]",monotone,16,11,8,7.942950138867926
