,flop,board_type,0b,1b,2b,profit
0,"[12, 8, 6]",monotone,1,1,1,2.14854185495251
1,"[12, 8, 6]",monotone,2,2,2,2.782984923202172
2,"[12, 8, 6]",monotone,3,2,2,3.359243761239259
3,"[12, 8, 6]",monotone,4,3,2,4.213853156987788
4,"[12, 8, 6]",monotone,8,6,4,4.6264016238805965
5,"[12, 8, 6]",monotone,10,7,5,4.6290410873812755
6,"[12, 8, 6]",monotone,15,10,7,5.946850413251922
7,"[12, 8, 6]",monotone,16,11,8,6.284840504929896
