,flop,board_type,0b,1b,2b,profit
0,"[11, 10, 2]",monotone,1,1,1,2.345087620955445
1,"[11, 10, 2]",monotone,2,2,2,3.599370735628713
2,"[11, 10, 2]",monotone,3,2,2,4.156269883376238
3,"[11, 10, 2]",monotone,4,3,2,4.583417745700494
4,"[11, 10, 2]",monotone,8,6,4,4.587760620754951
5,"[11, 10, 2]",monotone,15,10,7,5.843878966450495
6,"[11, 10, 2]",monotone,16,11,8,6.728659887616336
