,flop,board_type,0b,1b,2b,profit
0,"[11, 9, 7]",monotone,1,1,1,4.199130018703785
1,"[11, 9, 7]",monotone,2,2,2,4.855652705959113
2,"[11, 9, 7]",monotone,3,2,2,5.781057819486733
3,"[11, 9, 7]",monotone,4,3,2,7.37974482383645
4,"[11, 9, 7]",monotone,15,10,7,7.835324835798172
5,"[11, 9, 7]",monotone,16,11,8,8.08209283275337
