,flop,board_type,0b,1b,2b,profit
0,"[11, 9, 6]",monotone,1,1,1,2.600598849728441
1,"[11, 9, 6]",monotone,2,2,2,3.5460765751104004
2,"[11, 9, 6]",monotone,3,2,2,4.074869737779808
3,"[11, 9, 6]",monotone,4,3,2,4.615257354613979
4,"[11, 9, 6]",monotone,8,6,4,5.036580244226183
5,"[11, 9, 6]",monotone,10,7,5,5.045043670346683
6,"[11, 9, 6]",monotone,15,10,7,6.131147836455003
7,"[11, 9, 6]",monotone,16,11,8,6.135948821379625
