,flop,board_type,0b,1b,2b,profit
0,"[11, 9, 3]",monotone,1,1,1,2.561714423402692
1,"[11, 9, 3]",monotone,2,2,2,3.1326192579957355
2,"[11, 9, 3]",monotone,3,2,2,3.8420809676837493
3,"[11, 9, 3]",monotone,4,3,2,4.733625765585863
4,"[11, 9, 3]",monotone,8,6,4,4.871302224368307
5,"[11, 9, 3]",monotone,10,7,5,4.8728632954831745
6,"[11, 9, 3]",monotone,15,10,7,6.140157814525892
7,"[11, 9, 3]",monotone,16,11,8,6.6772155793691645
