,flop,board_type,0b,1b,2b,profit
0,"[11, 9, 2]",monotone,1,1,1,2.4991379044842073
1,"[11, 9, 2]",monotone,2,2,2,3.05692254865498
2,"[11, 9, 2]",monotone,3,2,2,3.75494561092437
3,"[11, 9, 2]",monotone,4,3,2,4.386786595561674
4,"[11, 9, 2]",monotone,8,6,4,4.388741359120545
5,"[11, 9, 2]",monotone,15,10,7,5.7290365411909585
6,"[11, 9, 2]",monotone,16,11,8,6.524406119518496
