,flop,board_type,0b,1b,2b,profit
0,"[11, 8, 7]",monotone,1,1,1,3.7508857364061177
1,"[11, 8, 7]",monotone,2,2,2,4.107951687765505
2,"[11, 8, 7]",monotone,3,2,2,5.251230969201359
3,"[11, 8, 7]",monotone,4,3,2,7.3695250463041635
4,"[11, 8, 7]",monotone,8,6,4,7.89102053079864
5,"[11, 8, 7]",monotone,10,7,5,7.891118514231096
6,"[11, 8, 7]",monotone,15,10,7,8.335264686491078
