,flop,board_type,0b,1b,2b,profit
0,"[11, 8, 6]",monotone,1,1,1,2.321261492485335
1,"[11, 8, 6]",monotone,2,2,2,2.9485639185341945
2,"[11, 8, 6]",monotone,3,2,2,3.530327362278161
3,"[11, 8, 6]",monotone,4,3,2,4.355741436303557
4,"[11, 8, 6]",monotone,8,6,4,4.7359879567535454
5,"[11, 8, 6]",monotone,10,7,5,4.737911213447687
6,"[11, 8, 6]",monotone,15,10,7,6.083630670936363
7,"[11, 8, 6]",monotone,16,11,8,6.39189179488379
