,flop,board_type,0b,1b,2b,profit
0,"[11, 8, 5]",monotone,1,1,1,2.312532619939223
1,"[11, 8, 5]",monotone,2,2,2,3.2572079700519563
2,"[11, 8, 5]",monotone,3,2,2,3.609981804479953
3,"[11, 8, 5]",monotone,4,3,2,4.27118036890991
4,"[11, 8, 5]",monotone,8,6,4,4.654077625379864
5,"[11, 8, 5]",monotone,15,10,7,6.152368937996275
6,"[11, 8, 5]",monotone,16,11,8,6.455527632487012
