,flop,board_type,0b,1b,2b,profit
0,"[11, 7, 3]",monotone,1,1,1,2.162683113720732
1,"[11, 7, 3]",monotone,2,2,2,2.1629984122644217
2,"[11, 7, 3]",monotone,3,2,2,3.1437146109841994
3,"[11, 7, 3]",monotone,4,3,2,4.401776727251095
4,"[11, 7, 3]",monotone,8,6,4,4.877579965995621
5,"[11, 7, 3]",monotone,10,7,5,4.880756138539882
6,"[11, 7, 3]",monotone,15,10,7,6.245247215971825
7,"[11, 7, 3]",monotone,16,11,8,6.779215025318865
