,flop,board_type,0b,1b,2b,profit
0,"[11, 5, 3]",monotone,1,1,1,1.7461465791635553
1,"[11, 5, 3]",monotone,2,2,2,1.7464418624346525
2,"[11, 5, 3]",monotone,3,2,2,1.9342090729649004
3,"[11, 5, 3]",monotone,4,3,2,2.57919570746826
4,"[11, 5, 3]",monotone,8,6,4,3.3899891779686335
5,"[11, 5, 3]",monotone,15,10,7,4.549275362808065
6,"[11, 5, 3]",monotone,16,11,8,6.0813115463778935
