,flop,board_type,0b,1b,2b,profit
0,"[10, 6, 5]",monotone,1,1,1,1.916750028331132
1,"[10, 6, 5]",monotone,2,2,2,2.237170238099244
2,"[10, 6, 5]",monotone,3,2,2,2.6130703357803684
3,"[10, 6, 5]",monotone,4,3,2,3.5308246787937048
4,"[10, 6, 5]",monotone,8,6,4,4.148879404373423
5,"[10, 6, 5]",monotone,10,7,5,4.807724947566983
6,"[10, 6, 5]",monotone,15,10,7,6.415629408866996
7,"[10, 6, 5]",monotone,16,11,8,6.828617350859064
