,flop,board_type,0b,1b,2b,profit
0,"[10, 3, 2]",monotone,1,1,1,1.1190472835412464
1,"[10, 3, 2]",monotone,2,2,2,1.420508905969148
2,"[10, 3, 2]",monotone,3,2,2,1.6195006650167674
3,"[10, 3, 2]",monotone,4,3,2,2.3065840624949696
4,"[10, 3, 2]",monotone,8,6,4,3.162528165995976
5,"[10, 3, 2]",monotone,10,7,5,3.827836565687458
6,"[10, 3, 2]",monotone,15,10,7,5.193502247605633
7,"[10, 3, 2]",monotone,16,11,8,6.464869489550636
