,flop,board_type,0b,1b,2b,profit
0,"[9, 8, 7]",monotone,1,1,1,3.281011485547096
1,"[9, 8, 7]",monotone,2,2,2,4.162580589271208
2,"[9, 8, 7]",monotone,3,2,2,5.175536507342347
3,"[9, 8, 7]",monotone,4,3,2,6.464574765985127
4,"[9, 8, 7]",monotone,8,6,4,6.465001930533845
5,"[9, 8, 7]",monotone,15,10,7,6.621751974919032
6,"[9, 8, 7]",monotone,16,11,8,6.6332505640679695
