,flop,board_type,0b,1b,2b,profit
0,"[9, 7, 3]",monotone,1,1,1,1.3969437700628693
1,"[9, 7, 3]",monotone,2,2,2,2.0255414608450453
2,"[9, 7, 3]",monotone,3,2,2,2.443957886002219
3,"[9, 7, 3]",monotone,4,3,2,2.7473149206268497
4,"[9, 7, 3]",monotone,8,6,4,2.757868623543825
5,"[9, 7, 3]",monotone,10,7,5,3.6109418037860586
6,"[9, 7, 3]",monotone,15,10,7,4.666045300596339
