,flop,board_type,0b,1b,2b,profit
0,"[9, 3, 2]",monotone,1,1,1,1.0365621567769405
1,"[9, 3, 2]",monotone,2,2,2,1.3336327421421552
2,"[9, 3, 2]",monotone,3,2,2,1.53817300414019
3,"[9, 3, 2]",monotone,4,3,2,2.0957542365869646
4,"[9, 3, 2]",monotone,8,6,4,2.751346955342285
5,"[9, 3, 2]",monotone,10,7,5,3.3257896178643955
6,"[9, 3, 2]",monotone,15,10,7,4.346023529230264
7,"[9, 3, 2]",monotone,16,11,8,4.788363906839175
