,flop,board_type,0b,1b,2b,profit
0,"[8, 7, 6]",monotone,1,1,1,2.8901188051948057
1,"[8, 7, 6]",monotone,2,2,2,4.061961696623376
2,"[8, 7, 6]",monotone,3,2,2,4.669538032207792
3,"[8, 7, 6]",monotone,4,3,2,5.355079523116883
4,"[8, 7, 6]",monotone,10,7,5,5.356489161558441
5,"[8, 7, 6]",monotone,15,10,7,5.770219495064936
6,"[8, 7, 6]",monotone,16,11,8,6.155512933506493
