,flop,board_type,0b,1b,2b,profit
0,"[8, 6, 5]",monotone,1,1,1,2.723660032918743
1,"[8, 6, 5]",monotone,8,6,4,4.2602530623665
2,"[8, 6, 5]",monotone,10,7,5,4.485590472187611
3,"[8, 6, 5]",monotone,15,10,7,5.247774101848968
4,"[8, 6, 5]",monotone,16,11,8,6.004966936398629
