,flop,board_type,0b,1b,2b,profit
0,"[8, 6, 3]",monotone,1,1,1,1.2905601586336402
1,"[8, 6, 3]",monotone,2,2,2,1.9021452331753554
2,"[8, 6, 3]",monotone,3,2,2,2.0897741604310114
3,"[8, 6, 3]",monotone,4,3,2,2.236808315300009
4,"[8, 6, 3]",monotone,8,6,4,2.2430279229097745
5,"[8, 6, 3]",monotone,10,7,5,3.0981594090941615
6,"[8, 6, 3]",monotone,15,10,7,4.218945984793884
7,"[8, 6, 3]",monotone,16,11,8,4.964379255405525
