,flop,board_type,0b,1b,2b,profit
0,"[7, 4, 3]",monotone,1,1,1,2.3068578351936027
1,"[7, 4, 3]",monotone,8,6,4,2.66664503344697
2,"[7, 4, 3]",monotone,10,7,5,3.0936243808291253
3,"[7, 4, 3]",monotone,15,10,7,4.01871302989899
4,"[7, 4, 3]",monotone,16,11,8,5.538436851464647
