,flop,board_type,0b,1b,2b,profit
0,"[7, 4, 2]",monotone,1,1,1,1.3751770127880194
1,"[7, 4, 2]",monotone,2,2,2,1.6646972463133651
2,"[7, 4, 2]",monotone,3,2,2,1.6658415038018446
3,"[7, 4, 2]",monotone,4,3,2,1.8879833682027658
4,"[7, 4, 2]",monotone,8,6,4,2.0301087508064524
5,"[7, 4, 2]",monotone,10,7,5,2.4515256490783406
6,"[7, 4, 2]",monotone,15,10,7,3.375829263248848
7,"[7, 4, 2]",monotone,16,11,8,4.8790758709677435
