,flop,board_type,0b,1b,2b,profit
0,"[7, 3, 2]",monotone,1,1,1,1.2503217006880734
1,"[7, 3, 2]",monotone,2,2,2,1.5493968788990833
2,"[7, 3, 2]",monotone,3,2,2,1.735416132683486
3,"[7, 3, 2]",monotone,4,3,2,2.0967215489678903
4,"[7, 3, 2]",monotone,8,6,4,2.2278494759174317
5,"[7, 3, 2]",monotone,10,7,5,2.6617188446100917
6,"[7, 3, 2]",monotone,15,10,7,3.582966212155964
7,"[7, 3, 2]",monotone,16,11,8,5.096647849311928
