,flop,board_type,0b,1b,2b,profit
0,"[6, 4, 3]",monotone,1,1,1,2.0897974313327468
1,"[6, 4, 3]",monotone,2,2,2,2.105132488153594
2,"[6, 4, 3]",monotone,3,2,2,2.4491724099631305
3,"[6, 4, 3]",monotone,4,3,2,2.7491109802559914
4,"[6, 4, 3]",monotone,8,6,4,2.759420475741579
5,"[6, 4, 3]",monotone,10,7,5,2.9741491531401887
6,"[6, 4, 3]",monotone,15,10,7,3.7081382255802744
7,"[6, 4, 3]",monotone,16,11,8,5.600691603892241
