,flop,board_type,0b,1b,2b,profit
0,"[4, 3, 2]",monotone,1,1,1,2.417838210550561
1,"[4, 3, 2]",monotone,8,6,4,2.730877644069532
2,"[4, 3, 2]",monotone,10,7,5,2.73945838831105
3,"[4, 3, 2]",monotone,15,10,7,3.2614426258983222
4,"[4, 3, 2]",monotone,16,11,8,5.6174467580414
