,flop,board_type,0b,1b,2b,profit
0,"[14, 14, 2]",rainbow,1,1,1,-3.233232295036317
1,"[14, 14, 2]",rainbow,3,2,2,-3.2316937231875777
