,flop,board_type,0b,1b,2b,profit
0,"[14, 13, 11]",rainbow,1,1,1,-3.393004281640875
1,"[14, 13, 11]",rainbow,2,2,2,-3.3788339739377924
