,flop,board_type,0b,1b,2b,profit
0,"[14, 6, 2]",rainbow,1,1,1,-3.7692499232213876
1,"[14, 6, 2]",rainbow,8,6,4,-3.6764930806451606
