,flop,board_type,0b,1b,2b,profit
0,"[14, 5, 3]",rainbow,1,1,1,-5.57574223006996
1,"[14, 5, 3]",rainbow,2,2,2,-5.566246575664927
2,"[14, 5, 3]",rainbow,3,2,2,-5.563417229969845
