,flop,board_type,0b,1b,2b,profit
0,"[13, 13, 6]",rainbow,1,1,1,-1.6968581816198343
1,"[13, 13, 6]",rainbow,2,2,2,-1.6875004058512995
2,"[13, 13, 6]",rainbow,3,2,2,-1.6862693172437047
3,"[13, 13, 6]",rainbow,8,6,4,-1.2300323724498914
