,flop,board_type,0b,1b,2b,profit
0,"[13, 13, 5]",rainbow,1,1,1,-2.891658007961476
1,"[13, 13, 5]",rainbow,8,6,4,-2.4137442189434326
2,"[13, 13, 5]",rainbow,10,7,5,-2.31253314032642
