,flop,board_type,0b,1b,2b,profit
0,"[13, 11, 8]",rainbow,1,1,1,-1.912821156185038
1,"[13, 11, 8]",rainbow,2,2,2,-1.7485982141927092
