,flop,board_type,0b,1b,2b,profit
0,"[13, 11, 7]",rainbow,1,1,1,-1.9051298217796848
1,"[13, 11, 7]",rainbow,2,2,2,-1.6544063067578125
