,flop,board_type,0b,1b,2b,profit
0,"[13, 8, 4]",rainbow,1,1,1,-3.501605611508248
1,"[13, 8, 4]",rainbow,2,2,2,-3.500989558179498
