,flop,board_type,0b,1b,2b,profit
0,"[13, 7, 3]",rainbow,1,1,1,-2.9954713479972903
1,"[13, 7, 3]",rainbow,8,6,4,-2.264293450832044
2,"[13, 7, 3]",rainbow,10,7,5,-2.0820266280476
