,flop,board_type,0b,1b,2b,profit
0,"[13, 4, 3]",rainbow,1,1,1,-4.190164489016492
1,"[13, 4, 3]",rainbow,2,2,2,-4.186737888449704
2,"[13, 4, 3]",rainbow,8,6,4,-3.5549541615368008
3,"[13, 4, 3]",rainbow,10,7,5,-3.3657176723124875
