,flop,board_type,0b,1b,2b,profit
0,"[12, 12, 5]",rainbow,1,1,1,1.569339497951274
1,"[12, 12, 5]",rainbow,2,2,2,1.572976399253384
