,flop,board_type,0b,1b,2b,profit
0,"[12, 10, 9]",rainbow,1,1,1,4.206149498262887
1,"[12, 10, 9]",rainbow,8,6,4,4.715837497224383
2,"[12, 10, 9]",rainbow,10,7,5,4.726692320975166
3,"[12, 10, 9]",rainbow,15,10,7,5.154450709616895
