,flop,board_type,0b,1b,2b,profit
0,"[12, 6, 2]",rainbow,1,1,1,-2.852476534666783
1,"[12, 6, 2]",rainbow,2,2,2,-2.8509748948689895
2,"[12, 6, 2]",rainbow,3,2,2,-2.8467928577979116
