,flop,board_type,0b,1b,2b,profit
0,"[11, 11, 11]",rainbow,1,1,1,1.9727556809284676
1,"[11, 11, 11]",rainbow,2,2,2,1.9754208211709
2,"[11, 11, 11]",rainbow,3,2,2,1.9782705120226196
