,flop,board_type,0b,1b,2b,profit
0,"[11, 11, 2]",rainbow,1,1,1,0.6365712490766147
1,"[11, 11, 2]",rainbow,2,2,2,0.6397121002082817
2,"[11, 11, 2]",rainbow,3,2,2,0.6446364959035875
