,flop,board_type,0b,1b,2b,profit
0,"[11, 10, 9]",rainbow,1,1,1,0.05439396321126555
1,"[11, 10, 9]",rainbow,2,2,2,0.32819184953722447
2,"[11, 10, 9]",rainbow,3,2,2,0.3637265873921782
3,"[11, 10, 9]",rainbow,8,6,4,0.38055474747021156
