,flop,board_type,0b,1b,2b,profit
0,"[11, 10, 8]",rainbow,1,1,1,-0.8243879330985924
1,"[11, 10, 8]",rainbow,2,2,2,-0.7101234490440449
