,flop,board_type,0b,1b,2b,profit
0,"[11, 8, 4]",rainbow,1,1,1,-2.473798613154929
1,"[11, 8, 4]",rainbow,10,7,5,-2.2393343886478876
