,flop,board_type,0b,1b,2b,profit
0,"[11, 8, 3]",rainbow,1,1,1,-2.027602521777778
1,"[11, 8, 3]",rainbow,10,7,5,-1.6825344766666657
