,flop,board_type,0b,1b,2b,profit
0,"[11, 7, 5]",rainbow,1,1,1,-2.275182107267604
1,"[11, 7, 5]",rainbow,2,2,2,-2.2669915572394372
