,flop,board_type,0b,1b,2b,profit
0,"[10, 10, 6]",rainbow,1,1,1,4.061303393864515
1,"[10, 10, 6]",rainbow,2,2,2,4.071332092327134
2,"[10, 10, 6]",rainbow,3,2,2,4.071997769399789
