,flop,board_type,0b,1b,2b,profit
0,"[10, 8, 6]",rainbow,1,1,1,-1.076789370932422
1,"[10, 8, 6]",rainbow,8,6,4,-0.6783020225434424
