,flop,board_type,0b,1b,2b,profit
0,"[10, 7, 7]",rainbow,1,1,1,-3.4349584025746482
1,"[10, 7, 7]",rainbow,8,6,4,-3.0268911665577463
