,flop,board_type,0b,1b,2b,profit
0,"[10, 7, 6]",rainbow,1,1,1,-1.439362447168552
1,"[10, 7, 6]",rainbow,2,2,2,-1.4160535127654033
