,flop,board_type,0b,1b,2b,profit
0,"[10, 6, 6]",rainbow,1,1,1,-3.7019850986366207
1,"[10, 6, 6]",rainbow,8,6,4,-3.2088912084507033
