,flop,board_type,0b,1b,2b,profit
0,"[9, 7, 4]",rainbow,1,1,1,-2.6917187862972973
1,"[9, 7, 4]",rainbow,2,2,2,-2.673725049567568
