,flop,board_type,0b,1b,2b,profit
0,"[9, 5, 5]",rainbow,1,1,1,-5.146812476727896
1,"[9, 5, 5]",rainbow,2,2,2,-5.144682059262141
2,"[9, 5, 5]",rainbow,3,2,2,-5.144617976727895
