,flop,board_type,0b,1b,2b,profit
0,"[9, 5, 3]",rainbow,1,1,1,-4.744782832661303
1,"[9, 5, 3]",rainbow,2,2,2,-4.733369777593737
