,flop,board_type,0b,1b,2b,profit
0,"[8, 8, 2]",rainbow,1,1,1,-4.057160464357095
1,"[8, 8, 2]",rainbow,2,2,2,-4.054534810792804
2,"[8, 8, 2]",rainbow,3,2,2,-4.050827888074617
