,flop,board_type,0b,1b,2b,profit
0,"[8, 3, 2]",rainbow,1,1,1,-3.8671270840772825
1,"[8, 3, 2]",rainbow,2,2,2,-3.8503407461692203
