,flop,board_type,0b,1b,2b,profit
0,"[7, 4, 4]",rainbow,1,1,1,-4.4608799655148825
1,"[7, 4, 4]",rainbow,2,2,2,-4.457093347040713
2,"[7, 4, 4]",rainbow,3,2,2,-4.452800969414985
