,flop,board_type,0b,1b,2b,profit
0,"[7, 4, 3]",rainbow,1,1,1,-4.505700624759495
1,"[7, 4, 3]",rainbow,2,2,2,-4.503733508202533
2,"[7, 4, 3]",rainbow,3,2,2,-4.495542254278482
