,flop,board_type,0b,1b,2b,profit
0,"[7, 4, 2]",rainbow,1,1,1,-4.403767689265823
1,"[7, 4, 2]",rainbow,2,2,2,-4.39601054121519
