,flop,board_type,0b,1b,2b,profit
0,"[6, 5, 2]",rainbow,1,1,1,-4.41221373792405
1,"[6, 5, 2]",rainbow,2,2,2,-4.40630653134177
2,"[6, 5, 2]",rainbow,3,2,2,-4.401849800911392
