,flop,board_type,0b,1b,2b,profit
0,"[6, 3, 3]",rainbow,1,1,1,-3.6619434019986676
1,"[6, 3, 3]",rainbow,2,2,2,-3.6614139009993334
2,"[6, 3, 3]",rainbow,3,2,2,-3.6595265712191867
3,"[6, 3, 3]",rainbow,4,3,2,-3.6571174884743503
