,flop,board_type,0b,1b,2b,profit
0,"[5, 4, 4]",rainbow,1,1,1,-6.13978092198463
1,"[5, 4, 4]",rainbow,2,2,2,-6.1353241262946865
