,flop,board_type,0b,1b,2b,profit
0,"[2, 2, 2]",rainbow,1,1,1,-4.688920550064184
1,"[2, 2, 2]",rainbow,10,7,5,-4.675863920795894
