,flop,board_type,0b,1b,2b,profit
0,"[14, 13, 6]",monotone,1,1,1,1.6410431307823463
1,"[14, 13, 6]",monotone,2,2,2,1.7759790889850662
2,"[14, 13, 6]",monotone,3,2,2,1.8585127630236624
3,"[14, 13, 6]",monotone,4,3,2,1.9926366348119273
4,"[14, 13, 6]",monotone,8,6,4,2.0089071110638557
5,"[14, 13, 6]",monotone,10,7,5,2.0100228946953536
6,"[14, 13, 6]",monotone,15,10,7,2.138237588595903
7,"[14, 13, 6]",monotone,16,11,8,2.4304704766082987
