,flop,board_type,0b,1b,2b,profit
0,"[14, 12, 4]",monotone,1,1,1,1.7470555753424657
1,"[14, 12, 4]",monotone,2,2,2,1.8589220000000006
2,"[14, 12, 4]",monotone,3,2,2,1.9549455479452054
3,"[14, 12, 4]",monotone,4,3,2,2.074242767123288
4,"[14, 12, 4]",monotone,15,10,7,2.2216266301369867
5,"[14, 12, 4]",monotone,16,11,8,2.768067520547945
