,flop,board_type,0b,1b,2b,profit
0,"[14, 11, 8]",monotone,1,1,1,1.4290234825936388
1,"[14, 11, 8]",monotone,2,2,2,1.5574865561777034
2,"[14, 11, 8]",monotone,3,2,2,1.6532980525356633
3,"[14, 11, 8]",monotone,4,3,2,1.6877355444339832
4,"[14, 11, 8]",monotone,8,6,4,1.8151965671781487
5,"[14, 11, 8]",monotone,10,7,5,1.8177268689471395
6,"[14, 11, 8]",monotone,15,10,7,2.1071522341916764
7,"[14, 11, 8]",monotone,16,11,8,2.244834871920233
