,flop,board_type,0b,1b,2b,profit
0,"[14, 11, 7]",monotone,1,1,1,1.441940915793153
1,"[14, 11, 7]",monotone,2,2,2,1.4449437378535068
2,"[14, 11, 7]",monotone,3,2,2,1.6890605495080335
3,"[14, 11, 7]",monotone,4,3,2,1.7595022263327693
4,"[14, 11, 7]",monotone,8,6,4,1.8944781585462378
5,"[14, 11, 7]",monotone,15,10,7,2.140356984768922
6,"[14, 11, 7]",monotone,16,11,8,2.23282266099904
