,flop,board_type,0b,1b,2b,profit
0,"[14, 10, 9]",monotone,1,1,1,1.5716186352447554
1,"[14, 10, 9]",monotone,2,2,2,1.8798055630769228
2,"[14, 10, 9]",monotone,3,2,2,2.0315530456643356
3,"[14, 10, 9]",monotone,4,3,2,2.220671533286713
4,"[14, 10, 9]",monotone,15,10,7,2.3785816458741253
5,"[14, 10, 9]",monotone,16,11,8,2.456809888391608
