,flop,board_type,0b,1b,2b,profit
0,"[14, 9, 7]",monotone,1,1,1,0.9855329392857144
1,"[14, 9, 7]",monotone,8,6,4,1.1939198196428573
2,"[14, 9, 7]",monotone,10,7,5,1.1978682779761907
3,"[14, 9, 7]",monotone,15,10,7,1.5471754238095239
4,"[14, 9, 7]",monotone,16,11,8,1.7676310660714285
