,flop,board_type,0b,1b,2b,profit
0,"[14, 8, 6]",monotone,1,1,1,1.0258694921334177
1,"[14, 8, 6]",monotone,2,2,2,1.0272477872876025
2,"[14, 8, 6]",monotone,3,2,2,1.076176112649465
3,"[14, 8, 6]",monotone,4,3,2,1.1153671025802396
4,"[14, 8, 6]",monotone,15,10,7,1.42723523285085
5,"[14, 8, 6]",monotone,16,11,8,1.7834655619886721
