,flop,board_type,0b,1b,2b,profit
0,"[14, 8, 4]",monotone,1,1,1,1.394056372634643
1,"[14, 8, 4]",monotone,8,6,4,1.6796942574071465
2,"[14, 8, 4]",monotone,10,7,5,1.681683917922712
3,"[14, 8, 4]",monotone,15,10,7,1.9659315404047517
4,"[14, 8, 4]",monotone,16,11,8,2.345289918767902
