,flop,board_type,0b,1b,2b,profit
0,"[14, 8, 3]",monotone,1,1,1,1.315150646598397
1,"[14, 8, 3]",monotone,8,6,4,1.5085047094241468
2,"[14, 8, 3]",monotone,15,10,7,1.7557518169040738
3,"[14, 8, 3]",monotone,16,11,8,2.242213283589523
