,flop,board_type,0b,1b,2b,profit
0,"[14, 7, 6]",monotone,1,1,1,1.07115352624292
1,"[14, 7, 6]",monotone,2,2,2,1.1719796649465073
2,"[14, 7, 6]",monotone,3,2,2,1.22611986784141
3,"[14, 7, 6]",monotone,4,3,2,1.264253806922593
4,"[14, 7, 6]",monotone,15,10,7,1.5745795932032725
5,"[14, 7, 6]",monotone,16,11,8,1.9485354331025801
