,flop,board_type,0b,1b,2b,profit
0,"[14, 7, 3]",monotone,1,1,1,1.3136883348771562
1,"[14, 7, 3]",monotone,8,6,4,1.520611610268056
2,"[14, 7, 3]",monotone,10,7,5,1.5223300072253736
3,"[14, 7, 3]",monotone,15,10,7,1.7689092797989756
4,"[14, 7, 3]",monotone,16,11,8,2.2216728431177537
