,flop,board_type,0b,1b,2b,profit
0,"[14, 6, 5]",monotone,1,1,1,1.490556523343097
1,"[14, 6, 5]",monotone,2,2,2,1.5791882245315518
2,"[14, 6, 5]",monotone,3,2,2,1.6608652703719597
3,"[14, 6, 5]",monotone,4,3,2,1.6772608221546423
4,"[14, 6, 5]",monotone,15,10,7,1.9925051803889373
5,"[14, 6, 5]",monotone,16,11,8,2.4559619308133853
