,flop,board_type,0b,1b,2b,profit
0,"[13, 11, 5]",monotone,1,1,1,1.3313914999999998
1,"[13, 11, 5]",monotone,2,2,2,1.363068
2,"[13, 11, 5]",monotone,3,2,2,1.4637832368421049
3,"[13, 11, 5]",monotone,4,3,2,1.5639051973684208
4,"[13, 11, 5]",monotone,8,6,4,1.5642743421052632
5,"[13, 11, 5]",monotone,15,10,7,1.6930886315789473
6,"[13, 11, 5]",monotone,16,11,8,1.8879856842105265
