,flop,board_type,0b,1b,2b,profit
0,"[13, 10, 4]",monotone,1,1,1,0.792205379705748
1,"[13, 10, 4]",monotone,2,2,2,0.942618059192928
2,"[13, 10, 4]",monotone,3,2,2,1.036046009192927
3,"[13, 10, 4]",monotone,4,3,2,1.160796306628825
4,"[13, 10, 4]",monotone,8,6,4,1.2629410963724146
5,"[13, 10, 4]",monotone,15,10,7,1.3516908117570299
6,"[13, 10, 4]",monotone,16,11,8,1.5249667732954917
