,flop,board_type,0b,1b,2b,profit
0,"[13, 9, 4]",monotone,1,1,1,0.6913724728208231
1,"[13, 9, 4]",monotone,3,2,2,0.9089533342615013
2,"[13, 9, 4]",monotone,4,3,2,1.0756073105326875
3,"[13, 9, 4]",monotone,8,6,4,1.181825132566586
4,"[13, 9, 4]",monotone,15,10,7,1.2688669774818402
5,"[13, 9, 4]",monotone,16,11,8,1.354585319007264
