,flop,board_type,0b,1b,2b,profit
0,"[13, 8, 7]",monotone,1,1,1,0.7491756862567814
1,"[13, 8, 7]",monotone,2,2,2,0.9202015099457503
2,"[13, 8, 7]",monotone,3,2,2,0.9818673806509945
3,"[13, 8, 7]",monotone,4,3,2,1.0530574728752264
4,"[13, 8, 7]",monotone,8,6,4,1.2413133598553345
5,"[13, 8, 7]",monotone,15,10,7,1.405807757685353
6,"[13, 8, 7]",monotone,16,11,8,1.4901847793851717
