,flop,board_type,0b,1b,2b,profit
0,"[13, 8, 2]",monotone,1,1,1,0.9065111729437749
1,"[13, 8, 2]",monotone,8,6,4,1.222845134342074
2,"[13, 8, 2]",monotone,15,10,7,1.227911890989395
3,"[13, 8, 2]",monotone,16,11,8,1.4931738912593369
