,flop,board_type,0b,1b,2b,profit
0,"[13, 6, 2]",monotone,1,1,1,0.8599805013224283
1,"[13, 6, 2]",monotone,8,6,4,1.1060115014573992
2,"[13, 6, 2]",monotone,16,11,8,1.4145177311780097
