,flop,board_type,0b,1b,2b,profit
0,"[12, 11, 6]",monotone,1,1,1,1.0836308338162879
1,"[12, 11, 6]",monotone,2,2,2,1.189818951480065
2,"[12, 11, 6]",monotone,3,2,2,1.307929516777777
3,"[12, 11, 6]",monotone,4,3,2,1.4320839774854652
4,"[12, 11, 6]",monotone,8,6,4,1.4480052013024327
5,"[12, 11, 6]",monotone,15,10,7,1.6119092314289067
