,flop,board_type,0b,1b,2b,profit
0,"[12, 11, 4]",monotone,1,1,1,1.2139857074235805
1,"[12, 11, 4]",monotone,2,2,2,1.2921605982532753
2,"[12, 11, 4]",monotone,3,2,2,1.41283680349345
3,"[12, 11, 4]",monotone,4,3,2,1.5227433231441045
4,"[12, 11, 4]",monotone,10,7,5,1.5239223100436678
5,"[12, 11, 4]",monotone,15,10,7,1.6113003362445415
6,"[12, 11, 4]",monotone,16,11,8,1.8210574672489086
