,flop,board_type,0b,1b,2b,profit
0,"[12, 10, 7]",monotone,1,1,1,0.7926445137931035
1,"[12, 10, 7]",monotone,2,2,2,1.1263576747126438
2,"[12, 10, 7]",monotone,3,2,2,1.1689039
3,"[12, 10, 7]",monotone,4,3,2,1.2055206270114942
4,"[12, 10, 7]",monotone,8,6,4,1.318761425862069
5,"[12, 10, 7]",monotone,10,7,5,1.3209577241379309
6,"[12, 10, 7]",monotone,15,10,7,1.5024352284482756
