,flop,board_type,0b,1b,2b,profit
0,"[12, 10, 6]",monotone,1,1,1,0.6844032997126435
1,"[12, 10, 6]",monotone,2,2,2,1.0240585597701148
2,"[12, 10, 6]",monotone,3,2,2,1.1312607712643679
3,"[12, 10, 6]",monotone,4,3,2,1.204919179310345
4,"[12, 10, 6]",monotone,8,6,4,1.2059450000000003
5,"[12, 10, 6]",monotone,10,7,5,1.2065714146551727
6,"[12, 10, 6]",monotone,15,10,7,1.3548756982758623
7,"[12, 10, 6]",monotone,16,11,8,1.3551782017241378
