,flop,board_type,0b,1b,2b,profit
0,"[12, 9, 2]",monotone,1,1,1,0.6523139459870386
1,"[12, 9, 2]",monotone,2,2,2,0.7020007099700893
2,"[12, 9, 2]",monotone,3,2,2,0.8745755116650047
3,"[12, 9, 2]",monotone,4,3,2,0.9334431286141575
4,"[12, 9, 2]",monotone,8,6,4,1.0267052612412764
5,"[12, 9, 2]",monotone,16,11,8,1.2063196722582255
