,flop,board_type,0b,1b,2b,profit
0,"[12, 7, 3]",monotone,1,1,1,1.0151230366671167
1,"[12, 7, 3]",monotone,2,2,2,1.0165391662392589
2,"[12, 7, 3]",monotone,3,2,2,1.0884411028028977
3,"[12, 7, 3]",monotone,4,3,2,1.2905383407567372
4,"[12, 7, 3]",monotone,8,6,4,1.3988110706798038
5,"[12, 7, 3]",monotone,15,10,7,1.5220397282584246
6,"[12, 7, 3]",monotone,16,11,8,1.6569291157601116
