,flop,board_type,0b,1b,2b,profit
0,"[12, 6, 5]",monotone,1,1,1,1.1775925644190113
1,"[12, 6, 5]",monotone,2,2,2,1.2538795083062435
2,"[12, 6, 5]",monotone,3,2,2,1.3217889428413476
3,"[12, 6, 5]",monotone,4,3,2,1.4432514237304777
4,"[12, 6, 5]",monotone,8,6,4,1.5385642814154872
5,"[12, 6, 5]",monotone,15,10,7,1.7319512377722235
6,"[12, 6, 5]",monotone,16,11,8,1.868810089493557
