,flop,board_type,0b,1b,2b,profit
0,"[12, 4, 2]",monotone,1,1,1,1.2188938091286308
1,"[12, 4, 2]",monotone,3,2,2,1.2950135186721994
2,"[12, 4, 2]",monotone,4,3,2,1.4184112863070535
3,"[12, 4, 2]",monotone,8,6,4,1.4599422406639007
4,"[12, 4, 2]",monotone,10,7,5,1.4637961825726142
5,"[12, 4, 2]",monotone,15,10,7,1.5536803651452282
6,"[12, 4, 2]",monotone,16,11,8,1.9580515850622406
