,flop,board_type,0b,1b,2b,profit
0,"[12, 3, 2]",monotone,1,1,1,1.2110278340248966
1,"[12, 3, 2]",monotone,2,2,2,1.2110411286307057
2,"[12, 3, 2]",monotone,3,2,2,1.291690912863071
3,"[12, 3, 2]",monotone,4,3,2,1.4139057095435688
4,"[12, 3, 2]",monotone,8,6,4,1.4544630705394188
5,"[12, 3, 2]",monotone,10,7,5,1.4571379253112033
6,"[12, 3, 2]",monotone,15,10,7,1.552866755186722
7,"[12, 3, 2]",monotone,16,11,8,1.9606773443983403
