,flop,board_type,0b,1b,2b,profit
0,"[11, 9, 8]",monotone,1,1,1,1.275465938518518
1,"[11, 9, 8]",monotone,2,2,2,1.4283944275925926
2,"[11, 9, 8]",monotone,3,2,2,1.5296890868518518
3,"[11, 9, 8]",monotone,4,3,2,1.591168678518518
4,"[11, 9, 8]",monotone,10,7,5,1.5924950531481479
5,"[11, 9, 8]",monotone,15,10,7,1.767522707962963
