,flop,board_type,0b,1b,2b,profit
0,"[11, 9, 5]",monotone,1,1,1,0.8783413274108336
1,"[11, 9, 5]",monotone,2,2,2,1.0029130478363655
2,"[11, 9, 5]",monotone,3,2,2,1.1221390159214715
3,"[11, 9, 5]",monotone,4,3,2,1.1548198669853014
4,"[11, 9, 5]",monotone,10,7,5,1.154903164857642
5,"[11, 9, 5]",monotone,15,10,7,1.2864524384746634
