,flop,board_type,0b,1b,2b,profit
0,"[11, 6, 3]",monotone,1,1,1,0.9506059085668008
1,"[11, 6, 3]",monotone,8,6,4,1.1751987540250273
2,"[11, 6, 3]",monotone,10,7,5,1.175928893045138
3,"[11, 6, 3]",monotone,15,10,7,1.296302230877504
4,"[11, 6, 3]",monotone,16,11,8,1.4489816370051867
