,flop,board_type,0b,1b,2b,profit
0,"[10, 9, 3]",monotone,1,1,1,0.5596648614748887
1,"[10, 9, 3]",monotone,2,2,2,0.8381859594405593
2,"[10, 9, 3]",monotone,3,2,2,0.9833199611570245
3,"[10, 9, 3]",monotone,4,3,2,1.1567493495232042
4,"[10, 9, 3]",monotone,15,10,7,1.1875821144310232
5,"[10, 9, 3]",monotone,16,11,8,1.262078279974571
