,flop,board_type,0b,1b,2b,profit
0,"[10, 5, 3]",monotone,1,1,1,0.7278041829268295
1,"[10, 5, 3]",monotone,8,6,4,1.1678194234146342
2,"[10, 5, 3]",monotone,10,7,5,1.282930647804878
3,"[10, 5, 3]",monotone,15,10,7,1.4523926224390247
4,"[10, 5, 3]",monotone,16,11,8,1.5931706263414633
