,flop,board_type,0b,1b,2b,profit
0,"[9, 7, 6]",monotone,1,1,1,0.728404102949681
1,"[9, 7, 6]",monotone,8,6,4,1.2397627333718906
2,"[9, 7, 6]",monotone,10,7,5,1.2728622964141116
3,"[9, 7, 6]",monotone,15,10,7,1.6415684621168305
