,flop,board_type,0b,1b,2b,profit
0,"[9, 6, 2]",monotone,1,1,1,0.2186018893387317
1,"[9, 6, 2]",monotone,2,2,2,0.3273787854251009
2,"[9, 6, 2]",monotone,3,2,2,0.3326620242914977
3,"[9, 6, 2]",monotone,4,3,2,0.35201688529014796
4,"[9, 6, 2]",monotone,8,6,4,0.44046730364372444
5,"[9, 6, 2]",monotone,10,7,5,0.5290282537112012
6,"[9, 6, 2]",monotone,15,10,7,0.9243538785425099
7,"[9, 6, 2]",monotone,16,11,8,1.008762429149797
