,flop,board_type,0b,1b,2b,profit
0,"[9, 3, 2]",monotone,1,1,1,0.5294191190361444
1,"[9, 3, 2]",monotone,8,6,4,0.8347025995180721
2,"[9, 3, 2]",monotone,10,7,5,0.9562308954216867
3,"[9, 3, 2]",monotone,15,10,7,1.290663824578313
4,"[9, 3, 2]",monotone,16,11,8,1.41298949686747
