,flop,board_type,0b,1b,2b,profit
0,"[8, 3, 2]",monotone,1,1,1,0.6899905725806451
1,"[8, 3, 2]",monotone,2,2,2,0.6909808721198155
2,"[8, 3, 2]",monotone,3,2,2,0.7338184105222737
3,"[8, 3, 2]",monotone,4,3,2,0.8364244120583716
4,"[8, 3, 2]",monotone,8,6,4,1.0317824435483869
5,"[8, 3, 2]",monotone,10,7,5,1.065465133640553
6,"[8, 3, 2]",monotone,15,10,7,1.3048596271121353
7,"[8, 3, 2]",monotone,16,11,8,1.541040303379416
