,flop,board_type,0b,1b,2b,profit
0,"[7, 5, 2]",monotone,1,1,1,0.7106730399177481
1,"[7, 5, 2]",monotone,8,6,4,0.8382397891273614
2,"[7, 5, 2]",monotone,10,7,5,0.8578667405217835
3,"[7, 5, 2]",monotone,15,10,7,1.0100769340187634
4,"[7, 5, 2]",monotone,16,11,8,1.2828398043953213
