,flop,board_type,0b,1b,2b,profit
0,"[5, 4, 2]",monotone,1,1,1,1.878332848094089
1,"[5, 4, 2]",monotone,2,2,2,2.014118060943359
2,"[5, 4, 2]",monotone,3,2,2,2.0230313640121826
3,"[5, 4, 2]",monotone,4,3,2,2.160733041523319
4,"[5, 4, 2]",monotone,15,10,7,2.1669013202739578
5,"[5, 4, 2]",monotone,16,11,8,2.4664339853055615
