,flop,board_type,0b,1b,2b,profit
0,"[4, 3, 2]",monotone,1,1,1,1.673024477999073
1,"[4, 3, 2]",monotone,2,2,2,1.6752385155164422
2,"[4, 3, 2]",monotone,3,2,2,1.68640304261232
3,"[4, 3, 2]",monotone,4,3,2,1.8212166500694762
4,"[4, 3, 2]",monotone,15,10,7,1.8333668654469661
5,"[4, 3, 2]",monotone,16,11,8,2.1396912065771185
