,flop,board_type,0b,1b,2b,profit
0,"[14, 14, 8]",two-tone,1,1,1,-2.729417473541938
1,"[14, 14, 8]",two-tone,8,6,4,-0.8539420857887885
2,"[14, 14, 8]",two-tone,10,7,5,0.12535778035636636
3,"[14, 14, 8]",two-tone,15,10,7,2.626436969830508
4,"[14, 14, 8]",two-tone,16,11,8,2.910611116210342
