,flop,board_type,0b,1b,2b,profit
0,"[14, 14, 7]",two-tone,1,1,1,-3.151149314654498
1,"[14, 14, 7]",two-tone,8,6,4,-2.6054875876836157
2,"[14, 14, 7]",two-tone,10,7,5,-1.295837021355931
3,"[14, 14, 7]",two-tone,15,10,7,0.027357058087787323
4,"[14, 14, 7]",two-tone,16,11,8,0.46165552116471
