,flop,board_type,0b,1b,2b,profit
0,"[14, 14, 6]",two-tone,1,1,1,-3.5705129559669704
1,"[14, 14, 6]",two-tone,8,6,4,-3.31187690561495
2,"[14, 14, 6]",two-tone,10,7,5,-3.2259810665015216
3,"[14, 14, 6]",two-tone,15,10,7,-1.774982532186006
4,"[14, 14, 6]",two-tone,16,11,8,-1.3455829709778353
