,flop,board_type,0b,1b,2b,profit
0,"[14, 14, 5]",two-tone,1,1,1,-5.230303372802023
1,"[14, 14, 5]",two-tone,8,6,4,-4.971114774106578
2,"[14, 14, 5]",two-tone,10,7,5,-4.895134104743834
3,"[14, 14, 5]",two-tone,15,10,7,-3.519173224019607
4,"[14, 14, 5]",two-tone,16,11,8,-3.0992897024035426
