,flop,board_type,0b,1b,2b,profit
0,"[14, 14, 4]",two-tone,1,1,1,-5.229346394718532
1,"[14, 14, 4]",two-tone,8,6,4,-4.975135913946869
2,"[14, 14, 4]",two-tone,10,7,5,-4.8960787953194185
3,"[14, 14, 4]",two-tone,15,10,7,-3.5211339771505377
4,"[14, 14, 4]",two-tone,16,11,8,-3.1007745806451603
