,flop,board_type,0b,1b,2b,profit
0,"[14, 13, 13]",two-tone,1,1,1,-3.708993445227451
1,"[14, 13, 13]",two-tone,2,2,2,-2.4314604374006525
2,"[14, 13, 13]",two-tone,3,2,2,-2.2607668043955305
3,"[14, 13, 13]",two-tone,4,3,2,-1.1341604542449781
4,"[14, 13, 13]",two-tone,8,6,4,0.049915402813032195
5,"[14, 13, 13]",two-tone,10,7,5,0.4281658111101212
6,"[14, 13, 13]",two-tone,15,10,7,8.097659338786661
7,"[14, 13, 13]",two-tone,16,11,8,8.147740040210063
