,flop,board_type,0b,1b,2b,profit
0,"[14, 13, 12]",two-tone,1,1,1,-2.0538874718393068
1,"[14, 13, 12]",two-tone,2,2,2,0.7175631502023503
2,"[14, 13, 12]",two-tone,3,2,2,0.9881544235919844
3,"[14, 13, 12]",two-tone,4,3,2,4.939574947264116
4,"[14, 13, 12]",two-tone,8,6,4,5.304576777037258
5,"[14, 13, 12]",two-tone,15,10,7,10.862340888854444
