,flop,board_type,0b,1b,2b,profit
0,"[14, 13, 6]",two-tone,1,1,1,-3.622332094117647
1,"[14, 13, 6]",two-tone,2,2,2,-2.3827347367647054
2,"[14, 13, 6]",two-tone,3,2,2,-2.190852814705883
3,"[14, 13, 6]",two-tone,4,3,2,-1.1170633441176472
4,"[14, 13, 6]",two-tone,8,6,4,-0.033019517647058905
5,"[14, 13, 6]",two-tone,10,7,5,-0.02769420882352991
6,"[14, 13, 6]",two-tone,15,10,7,6.510754241975309
7,"[14, 13, 6]",two-tone,16,11,8,6.586541362528648
