,flop,board_type,0b,1b,2b,profit
0,"[14, 12, 6]",two-tone,1,1,1,-3.163584712691195
1,"[14, 12, 6]",two-tone,2,2,2,-1.9534695876395212
2,"[14, 12, 6]",two-tone,3,2,2,-1.716648002315007
3,"[14, 12, 6]",two-tone,4,3,2,-0.7362629462587846
4,"[14, 12, 6]",two-tone,8,6,4,0.6986948194295164
5,"[14, 12, 6]",two-tone,15,10,7,7.062833113560853
6,"[14, 12, 6]",two-tone,16,11,8,7.182167143339256
