,flop,board_type,0b,1b,2b,profit
0,"[14, 12, 5]",two-tone,1,1,1,-4.59015859952793
1,"[14, 12, 5]",two-tone,2,2,2,-3.4407872770653034
2,"[14, 12, 5]",two-tone,3,2,2,-3.19844030306845
3,"[14, 12, 5]",two-tone,4,3,2,-2.266219896144768
4,"[14, 12, 5]",two-tone,8,6,4,-0.6118262887490169
5,"[14, 12, 5]",two-tone,10,7,5,-0.6098923832415424
6,"[14, 12, 5]",two-tone,15,10,7,6.625348908441881
7,"[14, 12, 5]",two-tone,16,11,8,6.738053089432597
