,flop,board_type,0b,1b,2b,profit
0,"[14, 12, 4]",two-tone,1,1,1,-4.590411628402833
1,"[14, 12, 4]",two-tone,2,2,2,-3.4273816215184896
2,"[14, 12, 4]",two-tone,3,2,2,-3.1997201885129813
3,"[14, 12, 4]",two-tone,4,3,2,-2.269792984421715
4,"[14, 12, 4]",two-tone,8,6,4,-0.6153020285601891
5,"[14, 12, 4]",two-tone,15,10,7,6.618520281533934
6,"[14, 12, 4]",two-tone,16,11,8,6.737247609023471
