,flop,board_type,0b,1b,2b,profit
0,"[14, 11, 8]",two-tone,1,1,1,-1.099334919480519
1,"[14, 11, 8]",two-tone,2,2,2,1.352442846753247
2,"[14, 11, 8]",two-tone,8,6,4,2.158637497402597
3,"[14, 11, 8]",two-tone,15,10,7,6.995471198701297
4,"[14, 11, 8]",two-tone,16,11,8,6.99648111038961
