,flop,board_type,0b,1b,2b,profit
0,"[14, 11, 8]",two-tone,1,1,1,-1.1028912259740258
1,"[14, 11, 8]",two-tone,2,2,2,1.345874077922078
2,"[14, 11, 8]",two-tone,8,6,4,2.155879684415584
3,"[14, 11, 8]",two-tone,10,7,5,2.1584910987012984
4,"[14, 11, 8]",two-tone,15,10,7,6.999418189610389
