,flop,board_type,0b,1b,2b,profit
0,"[14, 11, 5]",two-tone,1,1,1,-2.658201948275862
1,"[14, 11, 5]",two-tone,2,2,2,-1.4957649839901483
2,"[14, 11, 5]",two-tone,3,2,2,-1.4915702192118228
3,"[14, 11, 5]",two-tone,8,6,4,0.6990157339901466
4,"[14, 11, 5]",two-tone,10,7,5,0.7014726305418706
5,"[14, 11, 5]",two-tone,15,10,7,6.461008990147784
