,flop,board_type,0b,1b,2b,profit
0,"[14, 10, 8]",two-tone,1,1,1,-0.44534290547619104
1,"[14, 10, 8]",two-tone,2,2,2,0.6848042283333333
2,"[14, 10, 8]",two-tone,3,2,2,1.2691066728571432
3,"[14, 10, 8]",two-tone,4,3,2,2.9385007142857136
4,"[14, 10, 8]",two-tone,8,6,4,3.8640445249999997
5,"[14, 10, 8]",two-tone,15,10,7,7.249024209047619
