,flop,board_type,0b,1b,2b,profit
0,"[14, 9, 7]",two-tone,1,1,1,0.24492780014992488
1,"[14, 9, 7]",two-tone,2,2,2,0.24811647586206864
2,"[14, 9, 7]",two-tone,3,2,2,0.5031960563718145
3,"[14, 9, 7]",two-tone,4,3,2,1.3266834012743625
4,"[14, 9, 7]",two-tone,8,6,4,2.1275002566716643
5,"[14, 9, 7]",two-tone,10,7,5,2.956085337181409
6,"[14, 9, 7]",two-tone,15,10,7,5.3666761514242864
7,"[14, 9, 7]",two-tone,16,11,8,5.52629966641679
