,flop,board_type,0b,1b,2b,profit
0,"[14, 8, 6]",two-tone,1,1,1,0.4500307868828295
1,"[14, 8, 6]",two-tone,2,2,2,0.46087636212232774
2,"[14, 8, 6]",two-tone,3,2,2,0.724475109358879
3,"[14, 8, 6]",two-tone,4,3,2,1.5267490760501086
4,"[14, 8, 6]",two-tone,8,6,4,2.0107316851879125
5,"[14, 8, 6]",two-tone,10,7,5,2.228781184966837
6,"[14, 8, 6]",two-tone,15,10,7,4.67518067870302
7,"[14, 8, 6]",two-tone,16,11,8,5.017025652984523
