,flop,board_type,0b,1b,2b,profit
0,"[14, 8, 6]",two-tone,1,1,1,0.44998236418570436
1,"[14, 8, 6]",two-tone,2,2,2,0.45424393117170214
2,"[14, 8, 6]",two-tone,3,2,2,0.7212241813559315
3,"[14, 8, 6]",two-tone,4,3,2,1.5314492658069259
4,"[14, 8, 6]",two-tone,8,6,4,2.016666792336034
5,"[14, 8, 6]",two-tone,10,7,5,2.221135820191598
6,"[14, 8, 6]",two-tone,15,10,7,4.674626281945466
7,"[14, 8, 6]",two-tone,16,11,8,5.017395291893882
