,flop,board_type,0b,1b,2b,profit
0,"[14, 8, 5]",two-tone,1,1,1,-0.9306377610098184
1,"[14, 8, 5]",two-tone,2,2,2,-0.925030112201964
2,"[14, 8, 5]",two-tone,8,6,4,0.8592996692145858
3,"[14, 8, 5]",two-tone,10,7,5,1.0592116867461425
4,"[14, 8, 5]",two-tone,15,10,7,4.397482441935484
5,"[14, 8, 5]",two-tone,16,11,8,4.7328897017531535
