,flop,board_type,0b,1b,2b,profit
0,"[14, 8, 4]",two-tone,1,1,1,-0.9683210765778403
1,"[14, 8, 4]",two-tone,8,6,4,0.8250902824684423
2,"[14, 8, 4]",two-tone,10,7,5,1.01847055168303
3,"[14, 8, 4]",two-tone,15,10,7,4.361345931556801
4,"[14, 8, 4]",two-tone,16,11,8,4.703388956030853
