,flop,board_type,0b,1b,2b,profit
0,"[14, 8, 3]",two-tone,1,1,1,-0.9819720889200576
1,"[14, 8, 3]",two-tone,8,6,4,0.820593426157082
2,"[14, 8, 3]",two-tone,10,7,5,1.0249456677419349
3,"[14, 8, 3]",two-tone,15,10,7,4.3693937946002785
4,"[14, 8, 3]",two-tone,16,11,8,4.696510818793827
