,flop,board_type,0b,1b,2b,profit
0,"[14, 7, 6]",two-tone,1,1,1,0.3341620605747966
1,"[14, 7, 6]",two-tone,8,6,4,1.663701781724391
2,"[14, 7, 6]",two-tone,10,7,5,1.854235792336035
3,"[14, 7, 6]",two-tone,15,10,7,3.256934176197495
4,"[14, 7, 6]",two-tone,16,11,8,3.6232699152542365
