,flop,board_type,0b,1b,2b,profit
0,"[14, 7, 5]",two-tone,1,1,1,-1.0663677438990182
1,"[14, 7, 5]",two-tone,2,2,2,-1.0585354322580651
2,"[14, 7, 5]",two-tone,8,6,4,-0.46135926325385723
3,"[14, 7, 5]",two-tone,10,7,5,-0.27235686984572305
4,"[14, 7, 5]",two-tone,15,10,7,2.3241350438990174
5,"[14, 7, 5]",two-tone,16,11,8,2.8601195744039267
