,flop,board_type,0b,1b,2b,profit
0,"[14, 7, 4]",two-tone,1,1,1,-1.1238864199158483
1,"[14, 7, 4]",two-tone,2,2,2,-1.1195276706872377
2,"[14, 7, 4]",two-tone,3,2,2,-1.1183651265077141
3,"[14, 7, 4]",two-tone,8,6,4,-0.5334278568022441
4,"[14, 7, 4]",two-tone,10,7,5,-0.3113522246844316
5,"[14, 7, 4]",two-tone,15,10,7,2.28548475890603
6,"[14, 7, 4]",two-tone,16,11,8,2.8094047277699854
