,flop,board_type,0b,1b,2b,profit
0,"[14, 7, 4]",two-tone,1,1,1,-1.1158808698457217
1,"[14, 7, 4]",two-tone,8,6,4,-0.520362601402524
2,"[14, 7, 4]",two-tone,10,7,5,-0.3223300889200551
3,"[14, 7, 4]",two-tone,15,10,7,2.2787270531556785
4,"[14, 7, 4]",two-tone,16,11,8,2.82662115406732
