,flop,board_type,0b,1b,2b,profit
0,"[14, 6, 6]",two-tone,1,1,1,-2.3918931266479664
1,"[14, 6, 6]",two-tone,2,2,2,-2.3880509562412335
2,"[14, 6, 6]",two-tone,8,6,4,-2.0573439539971954
3,"[14, 6, 6]",two-tone,10,7,5,-1.9771766837307154
4,"[14, 6, 6]",two-tone,15,10,7,-0.7666384855539972
5,"[14, 6, 6]",two-tone,16,11,8,-0.2200636641654985
