,flop,board_type,0b,1b,2b,profit
0,"[14, 6, 2]",two-tone,1,1,1,-1.3674463326788227
1,"[14, 6, 2]",two-tone,2,2,2,-1.3613223102384298
2,"[14, 6, 2]",two-tone,3,2,2,-1.3401624232819074
3,"[14, 6, 2]",two-tone,8,6,4,-1.0074727057503503
4,"[14, 6, 2]",two-tone,10,7,5,-0.8160779365357642
5,"[14, 6, 2]",two-tone,15,10,7,0.7915448937587666
6,"[14, 6, 2]",two-tone,16,11,8,1.3449009737026647
