,flop,board_type,0b,1b,2b,profit
0,"[14, 5, 3]",two-tone,1,1,1,-2.5682873652173916
1,"[14, 5, 3]",two-tone,2,2,2,-2.5650299010033444
2,"[14, 5, 3]",two-tone,8,6,4,-2.2397028775919727
3,"[14, 5, 3]",two-tone,10,7,5,-2.048883780602006
4,"[14, 5, 3]",two-tone,15,10,7,-0.5179898541806016
5,"[14, 5, 3]",two-tone,16,11,8,0.02178039598662118
