,flop,board_type,0b,1b,2b,profit
0,"[14, 4, 2]",two-tone,1,1,1,-2.6197915357859527
1,"[14, 4, 2]",two-tone,8,6,4,-2.2979404829431442
2,"[14, 4, 2]",two-tone,10,7,5,-2.1023141762541813
3,"[14, 4, 2]",two-tone,15,10,7,-0.5640441575250843
4,"[14, 4, 2]",two-tone,16,11,8,-0.043996936789297836
