,flop,board_type,0b,1b,2b,profit
0,"[13, 13, 5]",two-tone,1,1,1,-5.613240177093596
1,"[13, 13, 5]",two-tone,2,2,2,-5.612641592857143
2,"[13, 13, 5]",two-tone,3,2,2,-5.607847366379309
3,"[13, 13, 5]",two-tone,4,3,2,-5.598969195197043
4,"[13, 13, 5]",two-tone,8,6,4,-4.405138711083743
5,"[13, 13, 5]",two-tone,10,7,5,-4.403081993842363
6,"[13, 13, 5]",two-tone,15,10,7,-3.842249325369458
7,"[13, 13, 5]",two-tone,16,11,8,-3.581695024876845
