,flop,board_type,0b,1b,2b,profit
0,"[13, 12, 10]",two-tone,1,1,1,2.317030094230139
1,"[13, 12, 10]",two-tone,2,2,2,5.184993824248036
2,"[13, 12, 10]",two-tone,3,2,2,5.34664069574074
3,"[13, 12, 10]",two-tone,4,3,2,8.07965837024074
4,"[13, 12, 10]",two-tone,8,6,4,8.320116667499038
5,"[13, 12, 10]",two-tone,15,10,7,12.636456083084175
6,"[13, 12, 10]",two-tone,16,11,8,12.640061960084175
