,flop,board_type,0b,1b,2b,profit
0,"[13, 12, 8]",two-tone,1,1,1,-2.3380447883333337
1,"[13, 12, 8]",two-tone,2,2,2,-1.2151970626356583
2,"[13, 12, 8]",two-tone,3,2,2,-0.7868220684496121
3,"[13, 12, 8]",two-tone,4,3,2,1.0581205651937977
4,"[13, 12, 8]",two-tone,8,6,4,1.9755979234883716
5,"[13, 12, 8]",two-tone,10,7,5,1.978909634534883
6,"[13, 12, 8]",two-tone,15,10,7,7.399075291937984
7,"[13, 12, 8]",two-tone,16,11,8,7.404520208837209
