,flop,board_type,0b,1b,2b,profit
0,"[13, 12, 5]",two-tone,1,1,1,-3.5378417566260607
1,"[13, 12, 5]",two-tone,2,2,2,-2.469676961535621
2,"[13, 12, 5]",two-tone,3,2,2,-2.0556324823920264
3,"[13, 12, 5]",two-tone,4,3,2,-0.3008813131782957
4,"[13, 12, 5]",two-tone,8,6,4,0.7675701602805458
5,"[13, 12, 5]",two-tone,10,7,5,0.7681101334071605
6,"[13, 12, 5]",two-tone,15,10,7,6.975291170542634
7,"[13, 12, 5]",two-tone,16,11,8,6.976158220007381
