,flop,board_type,0b,1b,2b,profit
0,"[13, 12, 2]",two-tone,1,1,1,-3.538957950867478
1,"[13, 12, 2]",two-tone,2,2,2,-2.469289876338132
2,"[13, 12, 2]",two-tone,3,2,2,-2.05804985190107
3,"[13, 12, 2]",two-tone,4,3,2,-0.31087692351421214
4,"[13, 12, 2]",two-tone,8,6,4,0.7620112161683275
5,"[13, 12, 2]",two-tone,10,7,5,0.7678961663344404
6,"[13, 12, 2]",two-tone,15,10,7,6.977871829235879
