,flop,board_type,0b,1b,2b,profit
0,"[13, 12, 2]",two-tone,1,1,1,-3.540421992395717
1,"[13, 12, 2]",two-tone,2,2,2,-2.4665093438169063
2,"[13, 12, 2]",two-tone,3,2,2,-2.0521284279069762
3,"[13, 12, 2]",two-tone,4,3,2,-0.30231188342561843
4,"[13, 12, 2]",two-tone,8,6,4,0.7645185302325577
5,"[13, 12, 2]",two-tone,15,10,7,6.976607935769655
