,flop,board_type,0b,1b,2b,profit
0,"[13, 10, 10]",two-tone,1,1,1,-1.4540808115942019
1,"[13, 10, 10]",two-tone,2,2,2,-0.3018073333333331
2,"[13, 10, 10]",two-tone,8,6,4,0.6754067246376811
3,"[13, 10, 10]",two-tone,10,7,5,0.6769203768115934
4,"[13, 10, 10]",two-tone,15,10,7,5.24109936231884
5,"[13, 10, 10]",two-tone,16,11,8,5.244354492753622
