,flop,board_type,0b,1b,2b,profit
0,"[13, 10, 7]",two-tone,1,1,1,-1.871557421276595
1,"[13, 10, 7]",two-tone,2,2,2,-0.7803831765957445
2,"[13, 10, 7]",two-tone,3,2,2,-0.7746733063829792
3,"[13, 10, 7]",two-tone,8,6,4,0.03458090212765952
4,"[13, 10, 7]",two-tone,10,7,5,0.03890573617021231
5,"[13, 10, 7]",two-tone,15,10,7,3.2742916319148923
