,flop,board_type,0b,1b,2b,profit
0,"[13, 10, 6]",two-tone,1,1,1,-1.9785373361702128
1,"[13, 10, 6]",two-tone,2,2,2,-0.8961359425531918
2,"[13, 10, 6]",two-tone,3,2,2,-0.8900690680851067
3,"[13, 10, 6]",two-tone,8,6,4,-0.07195601702127585
4,"[13, 10, 6]",two-tone,15,10,7,3.164436870921985
5,"[13, 10, 6]",two-tone,16,11,8,3.164643729078013
