,flop,board_type,0b,1b,2b,profit
0,"[13, 10, 2]",two-tone,1,1,1,-3.200531299716313
1,"[13, 10, 2]",two-tone,2,2,2,-2.1615161346453906
2,"[13, 10, 2]",two-tone,3,2,2,-2.1592386706737585
3,"[13, 10, 2]",two-tone,8,6,4,-1.1065499325886523
4,"[13, 10, 2]",two-tone,15,10,7,2.995625473829787
5,"[13, 10, 2]",two-tone,16,11,8,3.0040307201063827
