,flop,board_type,0b,1b,2b,profit
0,"[13, 9, 8]",two-tone,1,1,1,-0.8934436889830502
1,"[13, 9, 8]",two-tone,2,2,2,0.10341229152542386
2,"[13, 9, 8]",two-tone,3,2,2,0.3543109627118646
3,"[13, 9, 8]",two-tone,4,3,2,1.1260931203389832
4,"[13, 9, 8]",two-tone,8,6,4,1.5940618
5,"[13, 9, 8]",two-tone,10,7,5,1.855507918644068
6,"[13, 9, 8]",two-tone,15,10,7,3.928958113559322
7,"[13, 9, 8]",two-tone,16,11,8,3.9304318211864406
