,flop,board_type,0b,1b,2b,profit
0,"[13, 8, 8]",two-tone,1,1,1,-3.3375630904761895
1,"[13, 8, 8]",two-tone,8,6,4,-0.7959110142857133
2,"[13, 8, 8]",two-tone,10,7,5,-0.5636855650793651
3,"[13, 8, 8]",two-tone,15,10,7,1.3161526603174605
4,"[13, 8, 8]",two-tone,16,11,8,1.4823427650793657
