,flop,board_type,0b,1b,2b,profit
0,"[13, 8, 5]",two-tone,1,1,1,-2.35437763015873
1,"[13, 8, 5]",two-tone,2,2,2,-2.3444881904761896
2,"[13, 8, 5]",two-tone,8,6,4,0.11206917380952364
3,"[13, 8, 5]",two-tone,10,7,5,0.19622208888888837
4,"[13, 8, 5]",two-tone,15,10,7,2.632498415873015
5,"[13, 8, 5]",two-tone,16,11,8,2.7817496888888877
