,flop,board_type,0b,1b,2b,profit
0,"[13, 8, 4]",two-tone,1,1,1,-2.376121984126984
1,"[13, 8, 4]",two-tone,8,6,4,0.08471690952380939
2,"[13, 8, 4]",two-tone,10,7,5,0.1781627999999995
3,"[13, 8, 4]",two-tone,15,10,7,2.623153130158729
4,"[13, 8, 4]",two-tone,16,11,8,2.7790142015873003
