,flop,board_type,0b,1b,2b,profit
0,"[13, 6, 6]",two-tone,1,1,1,-3.7744384142857133
1,"[13, 6, 6]",two-tone,2,2,2,-3.771786738095237
2,"[13, 6, 6]",two-tone,3,2,2,-3.7605690023809526
3,"[13, 6, 6]",two-tone,8,6,4,-2.5691627682539675
4,"[13, 6, 6]",two-tone,10,7,5,-2.0848268619047623
5,"[13, 6, 6]",two-tone,16,11,8,-1.7451741460317443
