,flop,board_type,0b,1b,2b,profit
0,"[13, 6, 3]",two-tone,1,1,1,-2.8933132634920646
1,"[13, 6, 3]",two-tone,8,6,4,-1.6817764992063493
2,"[13, 6, 3]",two-tone,10,7,5,-1.5865261968253965
3,"[13, 6, 3]",two-tone,15,10,7,-0.7059674873015882
4,"[13, 6, 3]",two-tone,16,11,8,-0.37382251587301596
