,flop,board_type,0b,1b,2b,profit
0,"[13, 6, 2]",two-tone,1,1,1,-2.9027485126984125
1,"[13, 6, 2]",two-tone,2,2,2,-2.901331595238096
2,"[13, 6, 2]",two-tone,8,6,4,-1.7055045587301585
3,"[13, 6, 2]",two-tone,10,7,5,-1.6179067174603174
4,"[13, 6, 2]",two-tone,15,10,7,-0.7351931968253971
5,"[13, 6, 2]",two-tone,16,11,8,-0.3842983619047615
