,flop,board_type,0b,1b,2b,profit
0,"[12, 12, 9]",two-tone,1,1,1,-0.4871397866233105
1,"[12, 12, 9]",two-tone,2,2,2,0.4438324285547186
2,"[12, 12, 9]",two-tone,3,2,2,0.6960557423969498
3,"[12, 12, 9]",two-tone,4,3,2,1.4085171178940712
4,"[12, 12, 9]",two-tone,8,6,4,2.025680688859776
5,"[12, 12, 9]",two-tone,10,7,5,2.0258019588733447
6,"[12, 12, 9]",two-tone,15,10,7,4.779148050121648
