,flop,board_type,0b,1b,2b,profit
0,"[12, 12, 8]",two-tone,1,1,1,-0.5646986008791808
1,"[12, 12, 8]",two-tone,8,6,4,2.737949588507206
2,"[12, 12, 8]",two-tone,15,10,7,4.550156677014412
