,flop,board_type,0b,1b,2b,profit
0,"[12, 12, 4]",two-tone,1,1,1,-2.459822542645904
1,"[12, 12, 4]",two-tone,2,2,2,-2.4570839152451356
2,"[12, 12, 4]",two-tone,8,6,4,-0.48467198806327705
3,"[12, 12, 4]",two-tone,10,7,5,-0.4794197605633794
4,"[12, 12, 4]",two-tone,15,10,7,-0.25302656994754447
5,"[12, 12, 4]",two-tone,16,11,8,-0.09392430073107194
