,flop,board_type,0b,1b,2b,profit
0,"[12, 11, 8]",two-tone,1,1,1,3.427739500531914
1,"[12, 11, 8]",two-tone,2,2,2,4.441038087446809
2,"[12, 11, 8]",two-tone,3,2,2,5.273404632553191
3,"[12, 11, 8]",two-tone,4,3,2,8.37553273255319
4,"[12, 11, 8]",two-tone,8,6,4,8.849090571914893
5,"[12, 11, 8]",two-tone,10,7,5,8.849944537021276
6,"[12, 11, 8]",two-tone,15,10,7,10.835048144468082
