,flop,board_type,0b,1b,2b,profit
0,"[12, 11, 7]",two-tone,1,1,1,0.2113348301740814
1,"[12, 11, 7]",two-tone,2,2,2,1.3199677632495168
2,"[12, 11, 7]",two-tone,3,2,2,1.5858339547388782
3,"[12, 11, 7]",two-tone,4,3,2,2.4332288427466153
4,"[12, 11, 7]",two-tone,8,6,4,3.381935773307544
5,"[12, 11, 7]",two-tone,15,10,7,7.637509875628627
