,flop,board_type,0b,1b,2b,profit
0,"[12, 11, 7]",two-tone,1,1,1,0.21110169245648103
1,"[12, 11, 7]",two-tone,2,2,2,1.3219152448742746
2,"[12, 11, 7]",two-tone,3,2,2,1.5900142377176016
3,"[12, 11, 7]",two-tone,4,3,2,2.431911415087041
4,"[12, 11, 7]",two-tone,8,6,4,3.384597529980658
5,"[12, 11, 7]",two-tone,15,10,7,7.6362981901353955
