,flop,board_type,0b,1b,2b,profit
0,"[12, 11, 5]",two-tone,1,1,1,-1.0562537215700656
1,"[12, 11, 5]",two-tone,2,2,2,0.005506167278062968
2,"[12, 11, 5]",two-tone,3,2,2,0.25719283510638347
3,"[12, 11, 5]",two-tone,4,3,2,1.0513408813279537
4,"[12, 11, 5]",two-tone,8,6,4,2.2011920851063835
5,"[12, 11, 5]",two-tone,10,7,5,2.2027668407923704
6,"[12, 11, 5]",two-tone,15,10,7,7.251013534849596
7,"[12, 11, 5]",two-tone,16,11,8,7.251475943690389
