,flop,board_type,0b,1b,2b,profit
0,"[12, 11, 5]",two-tone,1,1,1,-1.0566543734409393
1,"[12, 11, 5]",two-tone,2,2,2,-0.005313524211298937
2,"[12, 11, 5]",two-tone,3,2,2,0.24874851302274337
3,"[12, 11, 5]",two-tone,4,3,2,1.058115768341894
4,"[12, 11, 5]",two-tone,8,6,4,2.2010123448275865
5,"[12, 11, 5]",two-tone,15,10,7,7.249929823917829
6,"[12, 11, 5]",two-tone,16,11,8,7.2522952193690395
