,flop,board_type,0b,1b,2b,profit
0,"[12, 11, 4]",two-tone,1,1,1,-1.0559182140498893
1,"[12, 11, 4]",two-tone,2,2,2,-0.000922851430667837
2,"[12, 11, 4]",two-tone,3,2,2,0.2562392769625823
3,"[12, 11, 4]",two-tone,4,3,2,1.0605681797505506
4,"[12, 11, 4]",two-tone,8,6,4,2.1989984842259727
5,"[12, 11, 4]",two-tone,15,10,7,7.25380047101981
