,flop,board_type,0b,1b,2b,profit
0,"[12, 11, 4]",two-tone,1,1,1,-1.0582859618488623
1,"[12, 11, 4]",two-tone,2,2,2,0.003191561628760109
2,"[12, 11, 4]",two-tone,3,2,2,0.25331001852531165
3,"[12, 11, 4]",two-tone,4,3,2,1.056807779347029
4,"[12, 11, 4]",two-tone,8,6,4,2.1980028451944236
5,"[12, 11, 4]",two-tone,10,7,5,2.198499828319883
6,"[12, 11, 4]",two-tone,15,10,7,7.251007544203962
7,"[12, 11, 4]",two-tone,16,11,8,7.256485127109318
