,flop,board_type,0b,1b,2b,profit
0,"[12, 10, 9]",two-tone,1,1,1,3.1602652193020804
1,"[12, 10, 9]",two-tone,8,6,4,5.751370637000045
2,"[12, 10, 9]",two-tone,15,10,7,7.790444404728276
