,flop,board_type,0b,1b,2b,profit
0,"[12, 10, 8]",two-tone,1,1,1,3.3914134543182057
1,"[12, 10, 8]",two-tone,2,2,2,4.329135374491526
2,"[12, 10, 8]",two-tone,3,2,2,4.863104468079825
3,"[12, 10, 8]",two-tone,4,3,2,6.160129875884637
4,"[12, 10, 8]",two-tone,8,6,4,6.7690837490382725
5,"[12, 10, 8]",two-tone,15,10,7,8.645253539452705
6,"[12, 10, 8]",two-tone,16,11,8,8.646050082176599
