,flop,board_type,0b,1b,2b,profit
0,"[12, 10, 2]",two-tone,1,1,1,-1.5321894793220343
1,"[12, 10, 2]",two-tone,2,2,2,-0.5840926288135595
2,"[12, 10, 2]",two-tone,3,2,2,-0.581165335525424
3,"[12, 10, 2]",two-tone,8,6,4,0.6217922922372878
4,"[12, 10, 2]",two-tone,15,10,7,4.375175886271185
5,"[12, 10, 2]",two-tone,16,11,8,4.3808451829152535
