,flop,board_type,0b,1b,2b,profit
0,"[12, 9, 8]",two-tone,1,1,1,4.160225761820728
1,"[12, 9, 8]",two-tone,8,6,4,6.438752593716154
2,"[12, 9, 8]",two-tone,10,7,5,6.439978926097106
3,"[12, 9, 8]",two-tone,15,10,7,8.113285331325862
4,"[12, 9, 8]",two-tone,16,11,8,8.11387174885154
