,flop,board_type,0b,1b,2b,profit
0,"[12, 9, 7]",two-tone,1,1,1,1.0057223217038547
1,"[12, 9, 7]",two-tone,2,2,2,1.9136611391480738
2,"[12, 9, 7]",two-tone,3,2,2,2.2067116819472616
3,"[12, 9, 7]",two-tone,4,3,2,2.860876386612576
4,"[12, 9, 7]",two-tone,8,6,4,3.370001943610548
5,"[12, 9, 7]",two-tone,10,7,5,3.5803892750507105
6,"[12, 9, 7]",two-tone,15,10,7,5.451356739350913
7,"[12, 9, 7]",two-tone,16,11,8,5.454610356389453
