,flop,board_type,0b,1b,2b,profit
0,"[12, 9, 2]",two-tone,1,1,1,0.040223085824494076
1,"[12, 9, 2]",two-tone,2,2,2,0.9114304632594019
2,"[12, 9, 2]",two-tone,3,2,2,1.196351634329797
3,"[12, 9, 2]",two-tone,4,3,2,1.8021698187078106
4,"[12, 9, 2]",two-tone,8,6,4,2.3899478896817747
5,"[12, 9, 2]",two-tone,10,7,5,2.4815140821600776
6,"[12, 9, 2]",two-tone,15,10,7,5.266444468852459
7,"[12, 9, 2]",two-tone,16,11,8,5.269297308775314
