,flop,board_type,0b,1b,2b,profit
0,"[12, 8, 8]",two-tone,1,1,1,-1.3068730412713472
1,"[12, 8, 8]",two-tone,2,2,2,-1.306113158444023
2,"[12, 8, 8]",two-tone,3,2,2,-0.6980278206831115
3,"[12, 8, 8]",two-tone,4,3,2,0.8370785493358641
4,"[12, 8, 8]",two-tone,8,6,4,1.9241076850094885
5,"[12, 8, 8]",two-tone,15,10,7,3.621664532732449
