,flop,board_type,0b,1b,2b,profit
0,"[12, 8, 6]",two-tone,1,1,1,0.7306920442671987
1,"[12, 8, 6]",two-tone,2,2,2,1.6370774779661017
2,"[12, 8, 6]",two-tone,3,2,2,1.9401467659022933
3,"[12, 8, 6]",two-tone,4,3,2,2.9285297248255238
4,"[12, 8, 6]",two-tone,8,6,4,3.772949016949152
5,"[12, 8, 6]",two-tone,10,7,5,3.892783826021933
6,"[12, 8, 6]",two-tone,15,10,7,5.121829673080756
