,flop,board_type,0b,1b,2b,profit
0,"[12, 7, 6]",two-tone,1,1,1,0.4366721418743764
1,"[12, 7, 6]",two-tone,8,6,4,3.3551305455633096
2,"[12, 7, 6]",two-tone,10,7,5,3.4509200040877355
3,"[12, 7, 6]",two-tone,15,10,7,3.8640389002991022
4,"[12, 7, 6]",two-tone,16,11,8,3.869732639581256
