,flop,board_type,0b,1b,2b,profit
0,"[12, 7, 2]",two-tone,1,1,1,-0.5981786132827325
1,"[12, 7, 2]",two-tone,2,2,2,-0.5841237706831119
2,"[12, 7, 2]",two-tone,8,6,4,1.613852659677419
3,"[12, 7, 2]",two-tone,10,7,5,1.7183021185958252
4,"[12, 7, 2]",two-tone,15,10,7,3.102009867457305
5,"[12, 7, 2]",two-tone,16,11,8,3.30563273946869
