,flop,board_type,0b,1b,2b,profit
0,"[12, 6, 3]",two-tone,1,1,1,-0.7486076107210622
1,"[12, 6, 3]",two-tone,8,6,4,1.257443811385199
2,"[12, 6, 3]",two-tone,10,7,5,1.3647509406072103
3,"[12, 6, 3]",two-tone,15,10,7,1.9614091664136617
4,"[12, 6, 3]",two-tone,16,11,8,2.147742957779886
