,flop,board_type,0b,1b,2b,profit
0,"[12, 6, 2]",two-tone,1,1,1,-0.7854123647058822
1,"[12, 6, 2]",two-tone,2,2,2,-0.7731346350094872
2,"[12, 6, 2]",two-tone,3,2,2,-0.7695938912713471
3,"[12, 6, 2]",two-tone,4,3,2,-0.439257607305503
4,"[12, 6, 2]",two-tone,8,6,4,1.2316663076850092
5,"[12, 6, 2]",two-tone,10,7,5,1.3576178322580637
6,"[12, 6, 2]",two-tone,15,10,7,1.9401918195445913
7,"[12, 6, 2]",two-tone,16,11,8,2.1393774055977226
