,flop,board_type,0b,1b,2b,profit
0,"[12, 5, 5]",two-tone,1,1,1,-2.6627515117647054
1,"[12, 5, 5]",two-tone,8,6,4,-0.7521147047963783
2,"[12, 5, 5]",two-tone,10,7,5,-0.5606837193665142
3,"[12, 5, 5]",two-tone,15,10,7,-0.5602163468778272
4,"[12, 5, 5]",two-tone,16,11,8,-0.36612321556561045
