,flop,board_type,0b,1b,2b,profit
0,"[12, 5, 2]",two-tone,1,1,1,-1.7597925886877823
1,"[12, 5, 2]",two-tone,2,2,2,-1.7576690592760171
2,"[12, 5, 2]",two-tone,8,6,4,0.17283334126696892
3,"[12, 5, 2]",two-tone,10,7,5,0.2895970589140269
4,"[12, 5, 2]",two-tone,15,10,7,0.8418227377375571
5,"[12, 5, 2]",two-tone,16,11,8,1.0445067422624439
