,flop,board_type,0b,1b,2b,profit
0,"[12, 5, 2]",two-tone,1,1,1,-1.7628936999095013
1,"[12, 5, 2]",two-tone,8,6,4,0.17357337321267008
2,"[12, 5, 2]",two-tone,10,7,5,0.28950810624434387
3,"[12, 5, 2]",two-tone,15,10,7,0.8474863110407245
4,"[12, 5, 2]",two-tone,16,11,8,1.0413229079638022
