,flop,board_type,0b,1b,2b,profit
0,"[12, 4, 4]",two-tone,1,1,1,-2.670833119638009
1,"[12, 4, 4]",two-tone,8,6,4,-0.7556551768325779
2,"[12, 4, 4]",two-tone,15,10,7,-0.5759145475113125
3,"[12, 4, 4]",two-tone,16,11,8,-0.3763635346606329
