,flop,board_type,0b,1b,2b,profit
0,"[12, 3, 3]",two-tone,1,1,1,-2.6580510544796363
1,"[12, 3, 3]",two-tone,2,2,2,-2.6564699277828048
2,"[12, 3, 3]",two-tone,8,6,4,-0.7599452461538454
3,"[12, 3, 3]",two-tone,15,10,7,-0.574799116832579
4,"[12, 3, 3]",two-tone,16,11,8,-0.36087387321266884
