,flop,board_type,0b,1b,2b,profit
0,"[12, 3, 2]",two-tone,1,1,1,-1.7644281055203621
1,"[12, 3, 2]",two-tone,2,2,2,-1.750205427692307
2,"[12, 3, 2]",two-tone,8,6,4,0.17592236642534087
3,"[12, 3, 2]",two-tone,10,7,5,0.2909279444343895
4,"[12, 3, 2]",two-tone,15,10,7,0.8516724168325791
5,"[12, 3, 2]",two-tone,16,11,8,1.0530648512217204
