,flop,board_type,0b,1b,2b,profit
0,"[12, 2, 2]",two-tone,1,1,1,-2.6770031590045242
1,"[12, 2, 2]",two-tone,2,2,2,-2.665536299638009
2,"[12, 2, 2]",two-tone,3,2,2,-2.6649596212669673
3,"[12, 2, 2]",two-tone,4,3,2,-2.3567448555656103
4,"[12, 2, 2]",two-tone,8,6,4,-0.7581057057013556
5,"[12, 2, 2]",two-tone,10,7,5,-0.7566329288687763
6,"[12, 2, 2]",two-tone,15,10,7,-0.57083911276018
7,"[12, 2, 2]",two-tone,16,11,8,-0.37178242488687707
