,flop,board_type,0b,1b,2b,profit
0,"[11, 11, 10]",two-tone,1,1,1,1.1624871938756567
1,"[11, 11, 10]",two-tone,8,6,4,2.176328730683575
2,"[11, 11, 10]",two-tone,15,10,7,6.590839323105475
