,flop,board_type,0b,1b,2b,profit
0,"[11, 11, 8]",two-tone,1,1,1,0.9151108897119351
1,"[11, 11, 8]",two-tone,2,2,2,1.9500554485596715
2,"[11, 11, 8]",two-tone,8,6,4,2.344435899588477
3,"[11, 11, 8]",two-tone,10,7,5,2.3448965596707816
4,"[11, 11, 8]",two-tone,15,10,7,4.36338778436214
