,flop,board_type,0b,1b,2b,profit
0,"[11, 11, 7]",two-tone,1,1,1,0.5487742119341568
1,"[11, 11, 7]",two-tone,8,6,4,1.7811292633744853
2,"[11, 11, 7]",two-tone,10,7,5,1.7858149917695467
3,"[11, 11, 7]",two-tone,15,10,7,2.788988993827161
