,flop,board_type,0b,1b,2b,profit
0,"[11, 11, 6]",two-tone,1,1,1,0.12190261152263338
1,"[11, 11, 6]",two-tone,8,6,4,1.2012861530864196
2,"[11, 11, 6]",two-tone,16,11,8,1.2016505308641978
