,flop,board_type,0b,1b,2b,profit
0,"[11, 11, 5]",two-tone,1,1,1,-1.2694056811447805
1,"[11, 11, 5]",two-tone,8,6,4,-0.24739178047138033
2,"[11, 11, 5]",two-tone,15,10,7,-0.24286032929292833
