,flop,board_type,0b,1b,2b,profit
0,"[11, 11, 4]",two-tone,1,1,1,-1.270313248821548
1,"[11, 11, 4]",two-tone,8,6,4,-0.24526526531986415
