,flop,board_type,0b,1b,2b,profit
0,"[11, 11, 4]",two-tone,1,1,1,-1.273506922222222
1,"[11, 11, 4]",two-tone,2,2,2,-1.268364927272727
2,"[11, 11, 4]",two-tone,8,6,4,-0.2516775104377098
3,"[11, 11, 4]",two-tone,15,10,7,-0.24850233400673316
