,flop,board_type,0b,1b,2b,profit
0,"[11, 11, 3]",two-tone,1,1,1,-1.261849897643097
1,"[11, 11, 3]",two-tone,8,6,4,-0.250240827609427
2,"[11, 11, 3]",two-tone,15,10,7,-0.24912045050504972
