,flop,board_type,0b,1b,2b,profit
0,"[11, 11, 3]",two-tone,1,1,1,-1.266674271717171
1,"[11, 11, 3]",two-tone,8,6,4,-0.2590461912457913
2,"[11, 11, 3]",two-tone,10,7,5,-0.25004149494949424
3,"[11, 11, 3]",two-tone,15,10,7,-0.2473005824915817
