,flop,board_type,0b,1b,2b,profit
0,"[11, 10, 8]",two-tone,1,1,1,3.1461953574996038
1,"[11, 10, 8]",two-tone,2,2,2,6.291068605826859
2,"[11, 10, 8]",two-tone,3,2,2,6.8046283468209925
3,"[11, 10, 8]",two-tone,4,3,2,8.429602682257809
4,"[11, 10, 8]",two-tone,8,6,4,8.695687458611463
5,"[11, 10, 8]",two-tone,15,10,7,9.756324086677502
