,flop,board_type,0b,1b,2b,profit
0,"[11, 10, 4]",two-tone,1,1,1,-0.04169723016042837
1,"[11, 10, 4]",two-tone,2,2,2,1.007424005989305
2,"[11, 10, 4]",two-tone,8,6,4,2.0954347550802135
3,"[11, 10, 4]",two-tone,10,7,5,2.0998887127272727
4,"[11, 10, 4]",two-tone,15,10,7,6.272404492834225
