,flop,board_type,0b,1b,2b,profit
0,"[11, 9, 9]",two-tone,1,1,1,-0.5446067548076927
1,"[11, 9, 9]",two-tone,8,6,4,0.14317297939560447
2,"[11, 9, 9]",two-tone,15,10,7,3.081243225274725
