,flop,board_type,0b,1b,2b,profit
0,"[11, 9, 9]",two-tone,1,1,1,-0.5493520831043965
1,"[11, 9, 9]",two-tone,2,2,2,-0.5477026064560446
2,"[11, 9, 9]",two-tone,8,6,4,0.13461593269230798
3,"[11, 9, 9]",two-tone,10,7,5,0.1434419285714279
4,"[11, 9, 9]",two-tone,15,10,7,3.080736645604395
