,flop,board_type,0b,1b,2b,profit
0,"[11, 9, 4]",two-tone,1,1,1,0.5431883333333332
1,"[11, 9, 4]",two-tone,8,6,4,2.014456
2,"[11, 9, 4]",two-tone,10,7,5,2.08387573076923
3,"[11, 9, 4]",two-tone,15,10,7,5.1419684102564105
