,flop,board_type,0b,1b,2b,profit
0,"[11, 8, 8]",two-tone,1,1,1,-1.299370703183024
1,"[11, 8, 8]",two-tone,2,2,2,-0.3344429298408491
2,"[11, 8, 8]",two-tone,8,6,4,0.09489717984084867
3,"[11, 8, 8]",two-tone,15,10,7,1.968428388196286
