,flop,board_type,0b,1b,2b,profit
0,"[11, 7, 4]",two-tone,1,1,1,0.19710343129973462
1,"[11, 7, 4]",two-tone,2,2,2,0.20301611034482714
2,"[11, 7, 4]",two-tone,3,2,2,0.4618981030503988
3,"[11, 7, 4]",two-tone,4,3,2,1.4523693302387266
4,"[11, 7, 4]",two-tone,8,6,4,2.330353043103448
5,"[11, 7, 4]",two-tone,10,7,5,2.4030962742705566
6,"[11, 7, 4]",two-tone,15,10,7,3.6412182539787796
