,flop,board_type,0b,1b,2b,profit
0,"[11, 6, 6]",two-tone,1,1,1,-1.8936780281167098
1,"[11, 6, 6]",two-tone,8,6,4,-0.8803000960212193
