,flop,board_type,0b,1b,2b,profit
0,"[10, 10, 4]",two-tone,1,1,1,0.3189712985658413
1,"[10, 10, 4]",two-tone,8,6,4,1.3371055661016946
2,"[10, 10, 4]",two-tone,10,7,5,1.583962827640156
3,"[10, 10, 4]",two-tone,15,10,7,2.3816206409387224
4,"[10, 10, 4]",two-tone,16,11,8,2.3836287681877453
