,flop,board_type,0b,1b,2b,profit
0,"[10, 10, 3]",two-tone,1,1,1,0.32197806623207237
1,"[10, 10, 3]",two-tone,2,2,2,0.3254473121251631
2,"[10, 10, 3]",two-tone,8,6,4,1.3451692881355921
3,"[10, 10, 3]",two-tone,10,7,5,1.598334680052151
4,"[10, 10, 3]",two-tone,15,10,7,2.3815774550195576
