,flop,board_type,0b,1b,2b,profit
0,"[10, 10, 2]",two-tone,1,1,1,0.31182062425032564
1,"[10, 10, 2]",two-tone,2,2,2,0.3200472119947846
2,"[10, 10, 2]",two-tone,8,6,4,1.3461080949152535
3,"[10, 10, 2]",two-tone,10,7,5,1.5883447144719685
4,"[10, 10, 2]",two-tone,15,10,7,2.377663757496741
5,"[10, 10, 2]",two-tone,16,11,8,2.386280001564538
