,flop,board_type,0b,1b,2b,profit
0,"[10, 9, 9]",two-tone,1,1,1,1.639045688965517
1,"[10, 9, 9]",two-tone,2,2,2,2.6627202426332275
2,"[10, 9, 9]",two-tone,3,2,2,2.9287860505329153
3,"[10, 9, 9]",two-tone,4,3,2,3.7063059719749214
4,"[10, 9, 9]",two-tone,8,6,4,4.375430933918495
5,"[10, 9, 9]",two-tone,10,7,5,4.37692619937304
6,"[10, 9, 9]",two-tone,15,10,7,7.394594093730406
