,flop,board_type,0b,1b,2b,profit
0,"[10, 9, 9]",two-tone,1,1,1,1.6474569377429464
1,"[10, 9, 9]",two-tone,2,2,2,2.6657957267711594
2,"[10, 9, 9]",two-tone,3,2,2,2.9262748092163013
3,"[10, 9, 9]",two-tone,4,3,2,3.7012098860815033
4,"[10, 9, 9]",two-tone,8,6,4,4.372155528087774
5,"[10, 9, 9]",two-tone,10,7,5,4.378054920877743
6,"[10, 9, 9]",two-tone,15,10,7,7.3924181410658285
7,"[10, 9, 9]",two-tone,16,11,8,7.394381682068964
