,flop,board_type,0b,1b,2b,profit
0,"[10, 9, 8]",two-tone,1,1,1,5.3715335747438
1,"[10, 9, 8]",two-tone,2,2,2,8.472005689388428
2,"[10, 9, 8]",two-tone,3,2,2,9.171252252892561
3,"[10, 9, 8]",two-tone,4,3,2,11.611917259107436
4,"[10, 9, 8]",two-tone,15,10,7,11.618696460363635
