,flop,board_type,0b,1b,2b,profit
0,"[10, 9, 7]",two-tone,1,1,1,4.98695587127889
1,"[10, 9, 7]",two-tone,2,2,2,8.989959625217367
2,"[10, 9, 7]",two-tone,3,2,2,9.649025055391261
3,"[10, 9, 7]",two-tone,4,3,2,12.04962146227988
4,"[10, 9, 7]",two-tone,8,6,4,12.04975067885208
