,flop,board_type,0b,1b,2b,profit
0,"[10, 9, 4]",two-tone,1,1,1,2.2967971234482754
1,"[10, 9, 4]",two-tone,2,2,2,3.3160562450783697
2,"[10, 9, 4]",two-tone,3,2,2,3.829378142006269
3,"[10, 9, 4]",two-tone,4,3,2,5.3750898175548585
4,"[10, 9, 4]",two-tone,8,6,4,5.917517084263322
5,"[10, 9, 4]",two-tone,15,10,7,8.828098988087772
6,"[10, 9, 4]",two-tone,16,11,8,8.82817422689655
