,flop,board_type,0b,1b,2b,profit
0,"[10, 9, 2]",two-tone,1,1,1,2.300268381755485
1,"[10, 9, 2]",two-tone,2,2,2,3.3115008908463954
2,"[10, 9, 2]",two-tone,3,2,2,3.827252543510972
3,"[10, 9, 2]",two-tone,4,3,2,5.372449037931035
4,"[10, 9, 2]",two-tone,8,6,4,5.918471390532915
5,"[10, 9, 2]",two-tone,15,10,7,8.826270709216299
6,"[10, 9, 2]",two-tone,16,11,8,8.827144931974921
