,flop,board_type,0b,1b,2b,profit
0,"[10, 8, 8]",two-tone,1,1,1,0.7663197726348225
1,"[10, 8, 8]",two-tone,8,6,4,2.2766082402773495
2,"[10, 8, 8]",two-tone,10,7,5,2.6947806566409858
3,"[10, 8, 8]",two-tone,15,10,7,5.132851264961479
