,flop,board_type,0b,1b,2b,profit
0,"[10, 8, 6]",two-tone,1,1,1,4.05910915151515
1,"[10, 8, 6]",two-tone,8,6,4,7.213714218181818
2,"[10, 8, 6]",two-tone,10,7,5,8.078114787878787
3,"[10, 8, 6]",two-tone,15,10,7,9.134359866666665
