,flop,board_type,0b,1b,2b,profit
0,"[10, 7, 7]",two-tone,1,1,1,0.5493350814791991
1,"[10, 7, 7]",two-tone,2,2,2,0.5522744529121728
2,"[10, 7, 7]",two-tone,8,6,4,1.8662080166101682
3,"[10, 7, 7]",two-tone,10,7,5,2.29369530329738
4,"[10, 7, 7]",two-tone,15,10,7,3.751548831556241
5,"[10, 7, 7]",two-tone,16,11,8,3.7564064593836677
