,flop,board_type,0b,1b,2b,profit
0,"[10, 7, 2]",two-tone,1,1,1,1.4191833964560858
1,"[10, 7, 2]",two-tone,2,2,2,1.4279938826502303
2,"[10, 7, 2]",two-tone,3,2,2,1.430954153497688
3,"[10, 7, 2]",two-tone,4,3,2,1.689900561294298
4,"[10, 7, 2]",two-tone,8,6,4,2.6025165032357473
5,"[10, 7, 2]",two-tone,10,7,5,3.108788285885978
6,"[10, 7, 2]",two-tone,15,10,7,5.540038799414484
