,flop,board_type,0b,1b,2b,profit
0,"[10, 7, 2]",two-tone,1,1,1,1.4321238702003078
1,"[10, 7, 2]",two-tone,8,6,4,2.613679561818182
2,"[10, 7, 2]",two-tone,10,7,5,3.099735404776579
3,"[10, 7, 2]",two-tone,15,10,7,5.532841197750384
4,"[10, 7, 2]",two-tone,16,11,8,5.534843658397534
