,flop,board_type,0b,1b,2b,profit
0,"[10, 6, 4]",two-tone,1,1,1,1.1774133996918335
1,"[10, 6, 4]",two-tone,8,6,4,2.201586363790447
2,"[10, 6, 4]",two-tone,10,7,5,2.7124756365177194
3,"[10, 6, 4]",two-tone,15,10,7,4.217525684129431
