,flop,board_type,0b,1b,2b,profit
0,"[10, 6, 3]",two-tone,1,1,1,1.1460976172573187
1,"[10, 6, 3]",two-tone,2,2,2,1.1554704489984586
2,"[10, 6, 3]",two-tone,8,6,4,2.1790822719568577
3,"[10, 6, 3]",two-tone,10,7,5,2.674237132357473
4,"[10, 6, 3]",two-tone,15,10,7,4.192434691063175
