,flop,board_type,0b,1b,2b,profit
0,"[10, 6, 2]",two-tone,1,1,1,1.1386637164869033
1,"[10, 6, 2]",two-tone,2,2,2,1.1396971613251163
2,"[10, 6, 2]",two-tone,8,6,4,2.157640417719569
3,"[10, 6, 2]",two-tone,10,7,5,2.6642665383667175
4,"[10, 6, 2]",two-tone,15,10,7,4.173428232819722
5,"[10, 6, 2]",two-tone,16,11,8,4.185037165485362
