,flop,board_type,0b,1b,2b,profit
0,"[10, 6, 2]",two-tone,1,1,1,1.1346715852080123
1,"[10, 6, 2]",two-tone,2,2,2,1.1478128459167958
2,"[10, 6, 2]",two-tone,8,6,4,2.160755630200309
3,"[10, 6, 2]",two-tone,10,7,5,2.6586664801232662
4,"[10, 6, 2]",two-tone,15,10,7,4.178844529738059
