,flop,board_type,0b,1b,2b,profit
0,"[10, 5, 2]",two-tone,1,1,1,-0.12291468964809393
1,"[10, 5, 2]",two-tone,8,6,4,0.8547089941348971
2,"[10, 5, 2]",two-tone,10,7,5,1.3205088509090905
3,"[10, 5, 2]",two-tone,15,10,7,2.778829369325513
