,flop,board_type,0b,1b,2b,profit
0,"[10, 3, 2]",two-tone,1,1,1,-0.1296404690029327
1,"[10, 3, 2]",two-tone,8,6,4,0.8548228743401753
2,"[10, 3, 2]",two-tone,10,7,5,1.334978070234604
3,"[10, 3, 2]",two-tone,15,10,7,2.76936681548387
4,"[10, 3, 2]",two-tone,16,11,8,2.7754444012023454
