,flop,board_type,0b,1b,2b,profit
0,"[9, 9, 8]",two-tone,1,1,1,3.084596437142858
1,"[9, 9, 8]",two-tone,2,2,2,3.999858881904762
2,"[9, 9, 8]",two-tone,3,2,2,4.288450243809524
3,"[9, 9, 8]",two-tone,4,3,2,4.939446881904761
4,"[9, 9, 8]",two-tone,8,6,4,5.537588777142856
5,"[9, 9, 8]",two-tone,10,7,5,5.945708379047618
6,"[9, 9, 8]",two-tone,15,10,7,8.188529794285714
