,flop,board_type,0b,1b,2b,profit
0,"[9, 9, 3]",two-tone,1,1,1,1.3381226145124718
1,"[9, 9, 3]",two-tone,2,2,2,1.3390726748299326
2,"[9, 9, 3]",two-tone,8,6,4,2.355361219047619
3,"[9, 9, 3]",two-tone,10,7,5,2.651167514285713
4,"[9, 9, 3]",two-tone,15,10,7,3.6486756226757366
5,"[9, 9, 3]",two-tone,16,11,8,3.6498123482993194
