,flop,board_type,0b,1b,2b,profit
0,"[9, 9, 2]",two-tone,1,1,1,1.3402368965986393
1,"[9, 9, 2]",two-tone,2,2,2,1.3477993446712024
2,"[9, 9, 2]",two-tone,8,6,4,2.3614556952380945
3,"[9, 9, 2]",two-tone,10,7,5,2.6411734625850336
4,"[9, 9, 2]",two-tone,15,10,7,3.65050786031746
5,"[9, 9, 2]",two-tone,16,11,8,3.6541575405895683
