,flop,board_type,0b,1b,2b,profit
0,"[9, 8, 8]",two-tone,1,1,1,2.544181161826698
1,"[9, 8, 8]",two-tone,2,2,2,3.4206388629976576
2,"[9, 8, 8]",two-tone,3,2,2,3.688584107025761
3,"[9, 8, 8]",two-tone,4,3,2,4.33144665526932
4,"[9, 8, 8]",two-tone,8,6,4,4.89197691733021
5,"[9, 8, 8]",two-tone,10,7,5,5.28817794145199
6,"[9, 8, 8]",two-tone,15,10,7,7.455425889929741
7,"[9, 8, 8]",two-tone,16,11,8,7.455691440515222
