,flop,board_type,0b,1b,2b,profit
0,"[9, 8, 6]",two-tone,1,1,1,5.018592025665859
1,"[9, 8, 6]",two-tone,2,2,2,5.948748692493947
2,"[9, 8, 6]",two-tone,3,2,2,6.240953878934625
3,"[9, 8, 6]",two-tone,4,3,2,6.903944120581112
4,"[9, 8, 6]",two-tone,8,6,4,7.014407820338983
5,"[9, 8, 6]",two-tone,10,7,5,7.430057957384987
6,"[9, 8, 6]",two-tone,15,10,7,7.876499503631961
