,flop,board_type,0b,1b,2b,profit
0,"[9, 8, 4]",two-tone,1,1,1,2.4228972470725996
1,"[9, 8, 4]",two-tone,2,2,2,3.3020545768149883
2,"[9, 8, 4]",two-tone,3,2,2,3.575927994379391
3,"[9, 8, 4]",two-tone,4,3,2,4.210927937704918
4,"[9, 8, 4]",two-tone,8,6,4,4.212032442857142
5,"[9, 8, 4]",two-tone,10,7,5,4.505784901873535
6,"[9, 8, 4]",two-tone,15,10,7,5.139401347072599
7,"[9, 8, 4]",two-tone,16,11,8,5.140771496252927
