,flop,board_type,0b,1b,2b,profit
0,"[9, 8, 3]",two-tone,1,1,1,2.422138639812647
1,"[9, 8, 3]",two-tone,2,2,2,3.313886918032787
2,"[9, 8, 3]",two-tone,3,2,2,3.574773906791569
3,"[9, 8, 3]",two-tone,4,3,2,4.229724477517564
4,"[9, 8, 3]",two-tone,10,7,5,4.506282586182669
5,"[9, 8, 3]",two-tone,15,10,7,5.146070151288055
