,flop,board_type,0b,1b,2b,profit
0,"[9, 7, 2]",two-tone,1,1,1,2.3371301213114757
1,"[9, 7, 2]",two-tone,8,6,4,3.347239660421546
2,"[9, 7, 2]",two-tone,10,7,5,3.638898888992975
3,"[9, 7, 2]",two-tone,15,10,7,4.672588059953162
4,"[9, 7, 2]",two-tone,16,11,8,4.674703770023418
