,flop,board_type,0b,1b,2b,profit
0,"[9, 5, 3]",two-tone,1,1,1,1.1050111812500008
1,"[9, 5, 3]",two-tone,8,6,4,2.0766927089285723
2,"[9, 5, 3]",two-tone,10,7,5,2.355143052678572
3,"[9, 5, 3]",two-tone,15,10,7,3.3367473388392854
4,"[9, 5, 3]",two-tone,16,11,8,3.3404338520089283
