,flop,board_type,0b,1b,2b,profit
0,"[9, 4, 4]",two-tone,1,1,1,0.841799719642857
1,"[9, 4, 4]",two-tone,2,2,2,0.8527251183035724
2,"[9, 4, 4]",two-tone,8,6,4,1.8253167290178576
3,"[9, 4, 4]",two-tone,10,7,5,2.1006661709821435
4,"[9, 4, 4]",two-tone,15,10,7,3.080713640401786
5,"[9, 4, 4]",two-tone,16,11,8,3.085301656919643
