,flop,board_type,0b,1b,2b,profit
0,"[9, 4, 2]",two-tone,1,1,1,1.0292330613839271
1,"[9, 4, 2]",two-tone,2,2,2,1.0377530939732138
2,"[9, 4, 2]",two-tone,3,2,2,1.045155387946428
3,"[9, 4, 2]",two-tone,4,3,2,1.3192232078124995
4,"[9, 4, 2]",two-tone,8,6,4,2.027482535044642
5,"[9, 4, 2]",two-tone,10,7,5,2.3033172404017845
6,"[9, 4, 2]",two-tone,15,10,7,3.293814752232141
