,flop,board_type,0b,1b,2b,profit
0,"[8, 8, 7]",two-tone,1,1,1,4.223073255299539
1,"[8, 8, 7]",two-tone,2,2,2,5.1056560368663595
2,"[8, 8, 7]",two-tone,3,2,2,5.382093603686636
3,"[8, 8, 7]",two-tone,4,3,2,6.012159660829493
4,"[8, 8, 7]",two-tone,8,6,4,6.473963784331797
5,"[8, 8, 7]",two-tone,10,7,5,6.894863114285715
6,"[8, 8, 7]",two-tone,15,10,7,7.96240508202765
7,"[8, 8, 7]",two-tone,16,11,8,8.1542003281106
