,flop,board_type,0b,1b,2b,profit
0,"[8, 8, 4]",two-tone,1,1,1,2.6569613116483524
1,"[8, 8, 4]",two-tone,2,2,2,2.658148615384616
2,"[8, 8, 4]",two-tone,3,2,2,2.6601241643956053
3,"[8, 8, 4]",two-tone,4,3,2,2.9444059894505488
4,"[8, 8, 4]",two-tone,8,6,4,3.7568445863736266
5,"[8, 8, 4]",two-tone,10,7,5,4.2372630021978015
6,"[8, 8, 4]",two-tone,15,10,7,5.212299707252745
7,"[8, 8, 4]",two-tone,16,11,8,5.392422179340658
