,flop,board_type,0b,1b,2b,profit
0,"[8, 8, 2]",two-tone,1,1,1,2.645546061538462
1,"[8, 8, 2]",two-tone,8,6,4,3.73032082021978
2,"[8, 8, 2]",two-tone,10,7,5,4.010058596923076
3,"[8, 8, 2]",two-tone,15,10,7,5.19305831120879
4,"[8, 8, 2]",two-tone,16,11,8,5.37003854241758
