,flop,board_type,0b,1b,2b,profit
0,"[8, 7, 7]",two-tone,1,1,1,4.219236481105991
1,"[8, 7, 7]",two-tone,2,2,2,5.106171190783409
2,"[8, 7, 7]",two-tone,3,2,2,5.387511247926267
3,"[8, 7, 7]",two-tone,4,3,2,6.013396744700461
4,"[8, 7, 7]",two-tone,8,6,4,6.473920390783411
5,"[8, 7, 7]",two-tone,10,7,5,6.898448948387097
6,"[8, 7, 7]",two-tone,15,10,7,7.956081496774194
7,"[8, 7, 7]",two-tone,16,11,8,8.148920044239631
