,flop,board_type,0b,1b,2b,profit
0,"[8, 7, 4]",two-tone,1,1,1,4.2211260004608295
1,"[8, 7, 4]",two-tone,2,2,2,5.099883591705068
2,"[8, 7, 4]",two-tone,3,2,2,5.378682017972349
3,"[8, 7, 4]",two-tone,4,3,2,6.009237994930875
4,"[8, 7, 4]",two-tone,8,6,4,6.123147285253456
5,"[8, 7, 4]",two-tone,10,7,5,6.232147492165899
6,"[8, 7, 4]",two-tone,15,10,7,6.8382609322580645
7,"[8, 7, 4]",two-tone,16,11,8,7.029620728110599
