,flop,board_type,0b,1b,2b,profit
0,"[8, 7, 2]",two-tone,1,1,1,4.079251284331797
1,"[8, 7, 2]",two-tone,2,2,2,4.963074459447004
2,"[8, 7, 2]",two-tone,3,2,2,5.2348470884792615
3,"[8, 7, 2]",two-tone,4,3,2,5.874348414285714
4,"[8, 7, 2]",two-tone,8,6,4,5.981003705990783
5,"[8, 7, 2]",two-tone,10,7,5,6.090933249308756
6,"[8, 7, 2]",two-tone,15,10,7,6.7064476179723505
7,"[8, 7, 2]",two-tone,16,11,8,6.897817237788018
