,flop,board_type,0b,1b,2b,profit
0,"[8, 7, 2]",two-tone,1,1,1,4.080026545622118
1,"[8, 7, 2]",two-tone,2,2,2,4.961655842396312
2,"[8, 7, 2]",two-tone,3,2,2,5.246587407373271
3,"[8, 7, 2]",two-tone,4,3,2,5.874420850691243
4,"[8, 7, 2]",two-tone,8,6,4,5.985585560368664
5,"[8, 7, 2]",two-tone,10,7,5,6.093807397695851
6,"[8, 7, 2]",two-tone,15,10,7,6.705896819354838
7,"[8, 7, 2]",two-tone,16,11,8,6.895592784331797
