,flop,board_type,0b,1b,2b,profit
0,"[8, 6, 4]",two-tone,1,1,1,4.137737084331797
1,"[8, 6, 4]",two-tone,8,6,4,5.258622532718893
2,"[8, 6, 4]",two-tone,10,7,5,5.778190254838709
3,"[8, 6, 4]",two-tone,15,10,7,6.802283241474654
4,"[8, 6, 4]",two-tone,16,11,8,6.990828787096774
