,flop,board_type,0b,1b,2b,profit
0,"[8, 6, 2]",two-tone,1,1,1,3.995771772350231
1,"[8, 6, 2]",two-tone,2,2,2,3.9974499364055305
2,"[8, 6, 2]",two-tone,3,2,2,4.27337126359447
3,"[8, 6, 2]",two-tone,4,3,2,4.905073509677418
4,"[8, 6, 2]",two-tone,8,6,4,5.122402058986174
5,"[8, 6, 2]",two-tone,10,7,5,5.42452689032258
6,"[8, 6, 2]",two-tone,15,10,7,6.67499120921659
7,"[8, 6, 2]",two-tone,16,11,8,6.863348803686636
