,flop,board_type,0b,1b,2b,profit
0,"[8, 5, 2]",two-tone,1,1,1,2.757389832967033
1,"[8, 5, 2]",two-tone,8,6,4,3.8519196509890112
2,"[8, 5, 2]",two-tone,10,7,5,4.1376409828571425
3,"[8, 5, 2]",two-tone,15,10,7,5.313399467252745
4,"[8, 5, 2]",two-tone,16,11,8,5.501801613186812
