,flop,board_type,0b,1b,2b,profit
0,"[8, 4, 2]",two-tone,1,1,1,2.7375733758241756
1,"[8, 4, 2]",two-tone,2,2,2,2.7432433767032967
2,"[8, 4, 2]",two-tone,8,6,4,3.824021921758242
3,"[8, 4, 2]",two-tone,10,7,5,4.112239711648352
4,"[8, 4, 2]",two-tone,15,10,7,5.297849466373625
5,"[8, 4, 2]",two-tone,16,11,8,5.4795571147252735
