,flop,board_type,0b,1b,2b,profit
0,"[7, 7, 6]",two-tone,1,1,1,5.874286204608294
1,"[7, 7, 6]",two-tone,8,6,4,7.116133349308756
2,"[7, 7, 6]",two-tone,10,7,5,7.743486101382487
3,"[7, 7, 6]",two-tone,15,10,7,7.940053832258063
4,"[7, 7, 6]",two-tone,16,11,8,8.328280394470045
