,flop,board_type,0b,1b,2b,profit
0,"[7, 7, 4]",two-tone,1,1,1,4.445096301978022
1,"[7, 7, 4]",two-tone,8,6,4,4.762721723956044
2,"[7, 7, 4]",two-tone,10,7,5,5.451658734065933
3,"[7, 7, 4]",two-tone,15,10,7,6.4368143296703275
4,"[7, 7, 4]",two-tone,16,11,8,6.803663882637362
