,flop,board_type,0b,1b,2b,profit
0,"[7, 6, 3]",two-tone,1,1,1,5.884548516129032
1,"[7, 6, 3]",two-tone,8,6,4,7.027065674654377
2,"[7, 6, 3]",two-tone,10,7,5,7.135491564976958
3,"[7, 6, 3]",two-tone,15,10,7,7.967476523502302
4,"[7, 6, 3]",two-tone,16,11,8,8.353542444239629
