,flop,board_type,0b,1b,2b,profit
0,"[7, 5, 4]",two-tone,1,1,1,4.770823975384614
1,"[7, 5, 4]",two-tone,8,6,4,5.085367188131868
2,"[7, 5, 4]",two-tone,10,7,5,5.7721071718681305
3,"[7, 5, 4]",two-tone,15,10,7,6.751529026813184
4,"[7, 5, 4]",two-tone,16,11,8,7.11207953274725
