,flop,board_type,0b,1b,2b,profit
0,"[7, 3, 3]",two-tone,1,1,1,4.456300313846154
1,"[7, 3, 3]",two-tone,8,6,4,4.7726991292307686
2,"[7, 3, 3]",two-tone,10,7,5,5.260787055824174
3,"[7, 3, 3]",two-tone,15,10,7,6.44011454197802
4,"[7, 3, 3]",two-tone,16,11,8,6.802562383736262
