,flop,board_type,0b,1b,2b,profit
0,"[7, 3, 2]",two-tone,1,1,1,4.48515322945055
1,"[7, 3, 2]",two-tone,2,2,2,4.4900756742857135
2,"[7, 3, 2]",two-tone,3,2,2,4.491045626373626
3,"[7, 3, 2]",two-tone,4,3,2,4.4956476685714275
4,"[7, 3, 2]",two-tone,8,6,4,4.804469141978021
5,"[7, 3, 2]",two-tone,10,7,5,5.091804956043955
6,"[7, 3, 2]",two-tone,15,10,7,6.48040310241758
7,"[7, 3, 2]",two-tone,16,11,8,6.8475883331868115
