,flop,board_type,0b,1b,2b,profit
0,"[6, 6, 5]",two-tone,1,1,1,6.24453219164835
1,"[6, 6, 5]",two-tone,8,6,4,6.558246996043955
2,"[6, 6, 5]",two-tone,10,7,5,7.2661302716483505
3,"[6, 6, 5]",two-tone,15,10,7,7.654525448791207
4,"[6, 6, 5]",two-tone,16,11,8,8.21563739076923
