,flop,board_type,0b,1b,2b,profit
0,"[6, 6, 4]",two-tone,1,1,1,6.243573422417581
1,"[6, 6, 4]",two-tone,8,6,4,6.555463809230769
2,"[6, 6, 4]",two-tone,10,7,5,7.065618152087911
3,"[6, 6, 4]",two-tone,15,10,7,7.654671702857142
4,"[6, 6, 4]",two-tone,16,11,8,8.21357266285714
