,flop,board_type,0b,1b,2b,profit
0,"[6, 5, 2]",two-tone,1,1,1,6.255280629450548
1,"[6, 5, 2]",two-tone,2,2,2,6.257796947692306
2,"[6, 5, 2]",two-tone,3,2,2,6.258857139340658
3,"[6, 5, 2]",two-tone,4,3,2,6.258895690549449
4,"[6, 5, 2]",two-tone,8,6,4,6.5806027551648345
5,"[6, 5, 2]",two-tone,10,7,5,6.684708223296702
6,"[6, 5, 2]",two-tone,15,10,7,7.676216617142856
7,"[6, 5, 2]",two-tone,16,11,8,8.236582723516483
