,flop,board_type,0b,1b,2b,profit
0,"[6, 4, 2]",two-tone,1,1,1,6.260424242637361
1,"[6, 4, 2]",two-tone,8,6,4,6.57901417142857
2,"[6, 4, 2]",two-tone,10,7,5,6.680550104615383
3,"[6, 4, 2]",two-tone,15,10,7,7.677545765274724
4,"[6, 4, 2]",two-tone,16,11,8,8.239255317802197
