,flop,board_type,0b,1b,2b,profit
0,"[6, 3, 2]",two-tone,1,1,1,6.266361195604394
1,"[6, 3, 2]",two-tone,8,6,4,6.5760602101098895
2,"[6, 3, 2]",two-tone,10,7,5,6.681807461978021
3,"[6, 3, 2]",two-tone,15,10,7,7.671792615384614
4,"[6, 3, 2]",two-tone,16,11,8,8.239422618021976
