,flop,board_type,0b,1b,2b,profit
0,"[5, 5, 4]",two-tone,1,1,1,6.667379626890756
1,"[5, 5, 4]",two-tone,2,2,2,6.669417768067226
2,"[5, 5, 4]",two-tone,8,6,4,6.974390791596638
3,"[5, 5, 4]",two-tone,10,7,5,7.454642678991597
4,"[5, 5, 4]",two-tone,15,10,7,8.019969317647059
5,"[5, 5, 4]",two-tone,16,11,8,8.550733966386554
