,flop,board_type,0b,1b,2b,profit
0,"[5, 4, 4]",two-tone,1,1,1,6.666862315966386
1,"[5, 4, 4]",two-tone,2,2,2,6.668044275630251
2,"[5, 4, 4]",two-tone,8,6,4,6.974144685714285
3,"[5, 4, 4]",two-tone,10,7,5,7.45679105210084
4,"[5, 4, 4]",two-tone,15,10,7,8.02125668739496
5,"[5, 4, 4]",two-tone,16,11,8,8.550825677310925
