,flop,board_type,0b,1b,2b,profit
0,"[5, 3, 3]",two-tone,1,1,1,6.662641825210083
1,"[5, 3, 3]",two-tone,2,2,2,6.665741986554622
2,"[5, 3, 3]",two-tone,3,2,2,6.666165031932772
3,"[5, 3, 3]",two-tone,4,3,2,6.667959973109243
4,"[5, 3, 3]",two-tone,8,6,4,6.975846702521008
5,"[5, 3, 3]",two-tone,10,7,5,7.262362231932773
6,"[5, 3, 3]",two-tone,15,10,7,8.016511860504203
7,"[5, 3, 3]",two-tone,16,11,8,8.54900225210084
