,flop,board_type,0b,1b,2b,profit
0,"[4, 3, 3]",two-tone,1,1,1,6.667019872268907
1,"[4, 3, 3]",two-tone,2,2,2,6.671824477310924
2,"[4, 3, 3]",two-tone,8,6,4,6.973459663865546
3,"[4, 3, 3]",two-tone,10,7,5,7.263514685714285
4,"[4, 3, 3]",two-tone,15,10,7,8.020847468907563
5,"[4, 3, 3]",two-tone,16,11,8,8.55345719327731
