,flop,board_type,0b,1b,2b,profit
0,"[4, 3, 2]",two-tone,1,1,1,7.038489798319327
1,"[4, 3, 2]",two-tone,8,6,4,7.3450264579831925
2,"[4, 3, 2]",two-tone,10,7,5,7.451110978151261
3,"[4, 3, 2]",two-tone,15,10,7,8.396984944537815
4,"[4, 3, 2]",two-tone,16,11,8,8.932184161344537
