,flop,board_type,0b,1b,2b,profit
0,"[4, 3, 2]",two-tone,1,1,1,7.041100557983193
1,"[4, 3, 2]",two-tone,8,6,4,7.34261106302521
2,"[4, 3, 2]",two-tone,10,7,5,7.4480446655462185
3,"[4, 3, 2]",two-tone,15,10,7,8.396073774789915
4,"[4, 3, 2]",two-tone,16,11,8,8.927120964705882
