,flop,board_type,0b,1b,2b,profit
0,"[3, 3, 2]",two-tone,1,1,1,6.670035475630251
1,"[3, 3, 2]",two-tone,2,2,2,6.670087142857143
2,"[3, 3, 2]",two-tone,8,6,4,6.975721589915966
3,"[3, 3, 2]",two-tone,10,7,5,7.072651287394958
4,"[3, 3, 2]",two-tone,15,10,7,8.0216279697479
5,"[3, 3, 2]",two-tone,16,11,8,8.547355862184874
