,flop,board_type,0b,1b,2b,profit
0,"[14, 13, 8]",monotone,1,1,1,1.3921183955709946
1,"[14, 13, 8]",monotone,2,2,2,1.5089505477095098
2,"[14, 13, 8]",monotone,3,2,2,1.7110152875054276
3,"[14, 13, 8]",monotone,4,3,2,1.8830323249457233
4,"[14, 13, 8]",monotone,8,6,4,1.9847198161854105
5,"[14, 13, 8]",monotone,10,7,5,1.9869404013894922
6,"[14, 13, 8]",monotone,15,10,7,2.145973876899696
7,"[14, 13, 8]",monotone,16,11,8,2.513400111593574
