,flop,board_type,0b,1b,2b,profit
0,"[14, 13, 6]",monotone,1,1,1,1.182743232602339
1,"[14, 13, 6]",monotone,2,2,2,1.303990239486975
2,"[14, 13, 6]",monotone,3,2,2,1.5054589768607127
3,"[14, 13, 6]",monotone,4,3,2,1.6895922459330148
4,"[14, 13, 6]",monotone,8,6,4,1.789067164699628
5,"[14, 13, 6]",monotone,10,7,5,1.7938059583864967
6,"[14, 13, 6]",monotone,15,10,7,1.9105061727804364
7,"[14, 13, 6]",monotone,16,11,8,2.465594907376395
