,flop,board_type,0b,1b,2b,profit
0,"[14, 13, 5]",monotone,1,1,1,1.1125181476503248
1,"[14, 13, 5]",monotone,2,2,2,1.2331103700566934
2,"[14, 13, 5]",monotone,3,2,2,1.431662318462734
3,"[14, 13, 5]",monotone,4,3,2,1.5507189853392298
4,"[14, 13, 5]",monotone,8,6,4,1.5591944451071464
5,"[14, 13, 5]",monotone,10,7,5,1.5632514112984215
6,"[14, 13, 5]",monotone,15,10,7,1.6543528920031199
7,"[14, 13, 5]",monotone,16,11,8,2.3393102020702337
