,flop,board_type,0b,1b,2b,profit
0,"[14, 12, 7]",monotone,1,1,1,1.1242694485823959
1,"[14, 12, 7]",monotone,2,2,2,1.2485352642292495
2,"[14, 12, 7]",monotone,3,2,2,1.4520487769914867
3,"[14, 12, 7]",monotone,4,3,2,1.6355964673761016
4,"[14, 12, 7]",monotone,8,6,4,1.7347545285649135
5,"[14, 12, 7]",monotone,10,7,5,1.7367670245439344
6,"[14, 12, 7]",monotone,15,10,7,2.012006563879599
7,"[14, 12, 7]",monotone,16,11,8,2.465441366676802
