,flop,board_type,0b,1b,2b,profit
0,"[14, 11, 6]",monotone,1,1,1,1.0941016578676837
1,"[14, 11, 6]",monotone,8,6,4,1.6479660205769557
2,"[14, 11, 6]",monotone,10,7,5,1.651848724749642
3,"[14, 11, 6]",monotone,15,10,7,1.8722931415083737
4,"[14, 11, 6]",monotone,16,11,8,2.327574938907881
