,flop,board_type,0b,1b,2b,profit
0,"[14, 10, 8]",monotone,1,1,1,0.9985641408450705
1,"[14, 10, 8]",monotone,2,2,2,1.2562827563380279
2,"[14, 10, 8]",monotone,3,2,2,1.444088174647887
3,"[14, 10, 8]",monotone,4,3,2,1.548303186619718
4,"[14, 10, 8]",monotone,15,10,7,1.7723694295774648
5,"[14, 10, 8]",monotone,16,11,8,2.136483092253521
