,flop,board_type,0b,1b,2b,profit
0,"[14, 9, 8]",monotone,1,1,1,1.3886958295381306
1,"[14, 9, 8]",monotone,2,2,2,1.5881324336197635
2,"[14, 9, 8]",monotone,3,2,2,1.8637440514500534
3,"[14, 9, 8]",monotone,4,3,2,2.0084944526315787
4,"[14, 9, 8]",monotone,15,10,7,2.2787091140708915
5,"[14, 9, 8]",monotone,16,11,8,2.4911594700322235
