,flop,board_type,0b,1b,2b,profit
0,"[14, 9, 6]",monotone,1,1,1,1.203832422753854
1,"[14, 9, 6]",monotone,2,2,2,1.2629834522062733
2,"[14, 9, 6]",monotone,3,2,2,1.3726344578415735
3,"[14, 9, 6]",monotone,4,3,2,1.510432136523126
4,"[14, 9, 6]",monotone,8,6,4,1.6486057569377992
5,"[14, 9, 6]",monotone,15,10,7,1.9276411687400319
6,"[14, 9, 6]",monotone,16,11,8,2.3302816310473156
