,flop,board_type,0b,1b,2b,profit
0,"[14, 9, 5]",monotone,1,1,1,1.1300109016248678
1,"[14, 9, 5]",monotone,2,2,2,1.1363221441540092
2,"[14, 9, 5]",monotone,3,2,2,1.2888621519604382
3,"[14, 9, 5]",monotone,4,3,2,1.5076563436948076
4,"[14, 9, 5]",monotone,8,6,4,1.582772419639703
5,"[14, 9, 5]",monotone,15,10,7,1.8346592696220414
6,"[14, 9, 5]",monotone,16,11,8,2.293575388413988
