,flop,board_type,0b,1b,2b,profit
0,"[14, 9, 4]",monotone,1,1,1,1.2887035577974872
1,"[14, 9, 4]",monotone,2,2,2,1.289070211456024
2,"[14, 9, 4]",monotone,8,6,4,1.6402399334072437
3,"[14, 9, 4]",monotone,15,10,7,1.9082191216999265
4,"[14, 9, 4]",monotone,16,11,8,2.585689221212122
