,flop,board_type,0b,1b,2b,profit
0,"[14, 8, 7]",monotone,1,1,1,1.32421131396967
1,"[14, 8, 7]",monotone,2,2,2,1.450959185013381
2,"[14, 8, 7]",monotone,3,2,2,1.651212348902765
3,"[14, 8, 7]",monotone,4,3,2,1.7468198743978587
4,"[14, 8, 7]",monotone,15,10,7,2.0425630297234614
5,"[14, 8, 7]",monotone,16,11,8,2.385065001605709
