,flop,board_type,0b,1b,2b,profit
0,"[14, 7, 4]",monotone,1,1,1,1.2312126071781206
1,"[14, 7, 4]",monotone,2,2,2,1.285865638212883
2,"[14, 7, 4]",monotone,3,2,2,1.3376039945859481
3,"[14, 7, 4]",monotone,4,3,2,1.4075048142926168
4,"[14, 7, 4]",monotone,8,6,4,1.4191291591593216
5,"[14, 7, 4]",monotone,15,10,7,1.735684444144331
6,"[14, 7, 4]",monotone,16,11,8,2.5341650382615013
