,flop,board_type,0b,1b,2b,profit
0,"[14, 6, 5]",monotone,1,1,1,1.0305713031578947
1,"[14, 6, 5]",monotone,2,2,2,1.0903300536842102
2,"[14, 6, 5]",monotone,3,2,2,1.1858513018947365
3,"[14, 6, 5]",monotone,4,3,2,1.2275275390526315
4,"[14, 6, 5]",monotone,8,6,4,1.2309854388421053
5,"[14, 6, 5]",monotone,15,10,7,1.5365905987368418
6,"[14, 6, 5]",monotone,16,11,8,2.315046707263158
