,flop,board_type,0b,1b,2b,profit
0,"[14, 6, 2]",monotone,1,1,1,1.0403293198039545
1,"[14, 6, 2]",monotone,2,2,2,1.041823698939429
2,"[14, 6, 2]",monotone,3,2,2,1.0935778819870023
3,"[14, 6, 2]",monotone,4,3,2,1.2312396892799273
4,"[14, 6, 2]",monotone,8,6,4,1.2501789097580724
5,"[14, 6, 2]",monotone,10,7,5,1.2557116950756289
6,"[14, 6, 2]",monotone,15,10,7,1.5186536356696876
7,"[14, 6, 2]",monotone,16,11,8,2.47060031135189
