,flop,board_type,0b,1b,2b,profit
0,"[14, 5, 4]",monotone,1,1,1,1.2914172028709925
1,"[14, 5, 4]",monotone,2,2,2,1.3407924765495334
2,"[14, 5, 4]",monotone,3,2,2,1.493222519482518
3,"[14, 5, 4]",monotone,4,3,2,1.5257354747798941
4,"[14, 5, 4]",monotone,10,7,5,1.5260402934303523
5,"[14, 5, 4]",monotone,15,10,7,1.7735705450268744
6,"[14, 5, 4]",monotone,16,11,8,2.7468648323239435
