,flop,board_type,0b,1b,2b,profit
0,"[14, 5, 3]",monotone,1,1,1,1.204423285332479
1,"[14, 5, 3]",monotone,2,2,2,1.2080124713951967
2,"[14, 5, 3]",monotone,3,2,2,1.2826344704660446
3,"[14, 5, 3]",monotone,4,3,2,1.3026973675624445
4,"[14, 5, 3]",monotone,15,10,7,1.5498919310932227
5,"[14, 5, 3]",monotone,16,11,8,2.6608527496762657
