,flop,board_type,0b,1b,2b,profit
0,"[14, 4, 2]",monotone,1,1,1,1.2221709383116883
1,"[14, 4, 2]",monotone,2,2,2,1.2239748149350647
2,"[14, 4, 2]",monotone,3,2,2,1.3343065941558443
3,"[14, 4, 2]",monotone,8,6,4,1.3369746266233764
4,"[14, 4, 2]",monotone,10,7,5,1.3371820941558439
5,"[14, 4, 2]",monotone,15,10,7,1.623508961038961
6,"[14, 4, 2]",monotone,16,11,8,2.920722314935065
