,flop,board_type,0b,1b,2b,profit
0,"[13, 12, 9]",monotone,1,1,1,2.148021826801418
1,"[13, 12, 9]",monotone,8,6,4,2.3470742620042384
2,"[13, 12, 9]",monotone,10,7,5,2.347376460167368
3,"[13, 12, 9]",monotone,15,10,7,2.4827874768258003
4,"[13, 12, 9]",monotone,16,11,8,2.6961183115930245
