,flop,board_type,0b,1b,2b,profit
0,"[13, 12, 8]",monotone,1,1,1,0.8765573397435895
1,"[13, 12, 8]",monotone,2,2,2,1.0159351298076922
2,"[13, 12, 8]",monotone,3,2,2,1.1021006330128202
3,"[13, 12, 8]",monotone,4,3,2,1.2039725096153844
4,"[13, 12, 8]",monotone,8,6,4,1.3042438509615382
5,"[13, 12, 8]",monotone,10,7,5,1.3047768221153841
6,"[13, 12, 8]",monotone,15,10,7,1.486863576923077
7,"[13, 12, 8]",monotone,16,11,8,1.696667317307692
