,flop,board_type,0b,1b,2b,profit
0,"[13, 12, 4]",monotone,1,1,1,0.7261274008746356
1,"[13, 12, 4]",monotone,2,2,2,0.8427113644314869
2,"[13, 12, 4]",monotone,3,2,2,0.9314689944606415
3,"[13, 12, 4]",monotone,4,3,2,1.0211561927113704
4,"[13, 12, 4]",monotone,8,6,4,1.0304716078717204
5,"[13, 12, 4]",monotone,10,7,5,1.0348336766763853
6,"[13, 12, 4]",monotone,15,10,7,1.1022549373177841
7,"[13, 12, 4]",monotone,16,11,8,1.653172091836735
