,flop,board_type,0b,1b,2b,profit
0,"[13, 11, 4]",monotone,1,1,1,0.8499628716658756
1,"[13, 11, 4]",monotone,2,2,2,0.9640288219269103
2,"[13, 11, 4]",monotone,3,2,2,1.0584468539155196
3,"[13, 11, 4]",monotone,4,3,2,1.1450683286188892
4,"[13, 11, 4]",monotone,8,6,4,1.155551918462268
5,"[13, 11, 4]",monotone,15,10,7,1.220773149976269
6,"[13, 11, 4]",monotone,16,11,8,1.7687847346938774
