,flop,board_type,0b,1b,2b,profit
0,"[13, 11, 3]",monotone,1,1,1,0.7820830872053602
1,"[13, 11, 3]",monotone,2,2,2,0.8956378998344501
2,"[13, 11, 3]",monotone,3,2,2,0.9899552280015766
3,"[13, 11, 3]",monotone,4,3,2,1.0815284387859678
4,"[13, 11, 3]",monotone,8,6,4,1.0940265829089475
5,"[13, 11, 3]",monotone,15,10,7,1.1248488629720141
6,"[13, 11, 3]",monotone,16,11,8,1.7548795028458812
