,flop,board_type,0b,1b,2b,profit
0,"[13, 10, 8]",monotone,1,1,1,0.7780806904761906
1,"[13, 10, 8]",monotone,2,2,2,1.053994199404762
2,"[13, 10, 8]",monotone,3,2,2,1.1367722565476188
3,"[13, 10, 8]",monotone,4,3,2,1.1988130696428572
4,"[13, 10, 8]",monotone,8,6,4,1.2006440071428572
5,"[13, 10, 8]",monotone,15,10,7,1.3591526714285715
6,"[13, 10, 8]",monotone,16,11,8,1.5468405142857145
