,flop,board_type,0b,1b,2b,profit
0,"[13, 10, 5]",monotone,1,1,1,0.38431072225048907
1,"[13, 10, 5]",monotone,2,2,2,0.5357924269471624
2,"[13, 10, 5]",monotone,3,2,2,0.6046828445205479
3,"[13, 10, 5]",monotone,4,3,2,0.7215836749706459
4,"[13, 10, 5]",monotone,8,6,4,0.8318182112328765
5,"[13, 10, 5]",monotone,15,10,7,0.9206914059491191
6,"[13, 10, 5]",monotone,16,11,8,1.184694086692759
