,flop,board_type,0b,1b,2b,profit
0,"[13, 10, 2]",monotone,1,1,1,0.5199451371097236
1,"[13, 10, 2]",monotone,2,2,2,0.6465745962533453
2,"[13, 10, 2]",monotone,3,2,2,0.7199120829616414
3,"[13, 10, 2]",monotone,4,3,2,0.7533921862622656
4,"[13, 10, 2]",monotone,8,6,4,0.8254503292595898
5,"[13, 10, 2]",monotone,10,7,5,0.8260511647636043
6,"[13, 10, 2]",monotone,16,11,8,1.4019516244424617
