,flop,board_type,0b,1b,2b,profit
0,"[13, 9, 6]",monotone,1,1,1,0.8210728917302684
1,"[13, 9, 6]",monotone,2,2,2,0.8888657235162069
2,"[13, 9, 6]",monotone,3,2,2,1.206363569902128
3,"[13, 9, 6]",monotone,4,3,2,1.5014319777318845
4,"[13, 9, 6]",monotone,8,6,4,1.5906704066804354
5,"[13, 9, 6]",monotone,10,7,5,1.5933850069857236
6,"[13, 9, 6]",monotone,15,10,7,1.6866476029092214
7,"[13, 9, 6]",monotone,16,11,8,1.7849574282481817
