,flop,board_type,0b,1b,2b,profit
0,"[13, 8, 7]",monotone,1,1,1,1.016977429991865
1,"[13, 8, 7]",monotone,2,2,2,1.1538777318991233
2,"[13, 8, 7]",monotone,3,2,2,1.3334680744825096
3,"[13, 8, 7]",monotone,4,3,2,1.4734847784506917
4,"[13, 8, 7]",monotone,8,6,4,1.621072996474736
5,"[13, 8, 7]",monotone,15,10,7,1.7287177083973608
6,"[13, 8, 7]",monotone,16,11,8,1.8558272902467685
