,flop,board_type,0b,1b,2b,profit
0,"[13, 8, 2]",monotone,1,1,1,0.8342867982894738
1,"[13, 8, 2]",monotone,8,6,4,1.1833362228618418
2,"[13, 8, 2]",monotone,10,7,5,1.1833904504276314
3,"[13, 8, 2]",monotone,15,10,7,1.1848353094407895
4,"[13, 8, 2]",monotone,16,11,8,1.6791108197039473
