,flop,board_type,0b,1b,2b,profit
0,"[13, 5, 2]",monotone,1,1,1,0.6885463628896102
1,"[13, 5, 2]",monotone,8,6,4,0.8931146361363639
2,"[13, 5, 2]",monotone,10,7,5,0.897426771948052
3,"[13, 5, 2]",monotone,16,11,8,1.6466808266233768
