,flop,board_type,0b,1b,2b,profit
0,"[13, 4, 2]",monotone,1,1,1,0.837712333383346
1,"[13, 4, 2]",monotone,2,2,2,0.8399164673668416
2,"[13, 4, 2]",monotone,3,2,2,0.8924538834208553
3,"[13, 4, 2]",monotone,4,3,2,0.9079949051762942
4,"[13, 4, 2]",monotone,8,6,4,1.0178314387846958
5,"[13, 4, 2]",monotone,16,11,8,1.9650995020255064
