,flop,board_type,0b,1b,2b,profit
0,"[13, 3, 2]",monotone,1,1,1,0.8348600515067672
1,"[13, 3, 2]",monotone,2,2,2,0.8868682184102294
2,"[13, 3, 2]",monotone,3,2,2,0.9431346712330815
3,"[13, 3, 2]",monotone,4,3,2,0.9511122626187094
4,"[13, 3, 2]",monotone,8,6,4,1.0653505655873776
5,"[13, 3, 2]",monotone,10,7,5,1.0708809265235921
6,"[13, 3, 2]",monotone,16,11,8,2.02410311834293
