,flop,board_type,0b,1b,2b,profit
0,"[12, 9, 8]",monotone,1,1,1,1.8411253737579039
1,"[12, 9, 8]",monotone,2,2,2,1.9057731502258353
2,"[12, 9, 8]",monotone,3,2,2,2.098923479765131
3,"[12, 9, 8]",monotone,4,3,2,2.3615767227642275
4,"[12, 9, 8]",monotone,15,10,7,2.473834749728997
5,"[12, 9, 8]",monotone,16,11,8,2.595617081571816
