,flop,board_type,0b,1b,2b,profit
0,"[12, 6, 5]",monotone,1,1,1,0.7063817769475359
1,"[12, 6, 5]",monotone,2,2,2,0.7724118020667727
2,"[12, 6, 5]",monotone,3,2,2,0.8610277172760997
3,"[12, 6, 5]",monotone,4,3,2,0.9950659647058823
4,"[12, 6, 5]",monotone,8,6,4,1.2362977927927932
5,"[12, 6, 5]",monotone,15,10,7,1.4774309279809221
6,"[12, 6, 5]",monotone,16,11,8,1.8533651213036564
