,flop,board_type,0b,1b,2b,profit
0,"[12, 6, 2]",monotone,1,1,1,0.6738427935922331
1,"[12, 6, 2]",monotone,2,2,2,0.6767750669902914
2,"[12, 6, 2]",monotone,3,2,2,0.7258416328155342
3,"[12, 6, 2]",monotone,4,3,2,0.9412171700970873
4,"[12, 6, 2]",monotone,8,6,4,1.1742946388349513
5,"[12, 6, 2]",monotone,15,10,7,1.3615564520388346
6,"[12, 6, 2]",monotone,16,11,8,1.8238993009708737
