,flop,board_type,0b,1b,2b,profit
0,"[10, 8, 4]",monotone,1,1,1,0.6674847737704914
1,"[10, 8, 4]",monotone,2,2,2,0.8711945508196719
2,"[10, 8, 4]",monotone,3,2,2,1.0451752786885247
3,"[10, 8, 4]",monotone,4,3,2,1.2772883999999998
4,"[10, 8, 4]",monotone,10,7,5,1.3519307016393438
5,"[10, 8, 4]",monotone,15,10,7,1.5423498360655732
6,"[10, 8, 4]",monotone,16,11,8,1.6598901245901638
