,flop,board_type,0b,1b,2b,profit
0,"[10, 7, 5]",monotone,1,1,1,0.3583188041728762
1,"[10, 7, 5]",monotone,2,2,2,0.520340554396423
2,"[10, 7, 5]",monotone,3,2,2,0.5689886420268251
3,"[10, 7, 5]",monotone,4,3,2,0.7477279391952308
4,"[10, 7, 5]",monotone,8,6,4,0.889003495678092
5,"[10, 7, 5]",monotone,10,7,5,0.9562279767511173
6,"[10, 7, 5]",monotone,15,10,7,1.2199762861400893
7,"[10, 7, 5]",monotone,16,11,8,1.4237259064083454
