,flop,board_type,0b,1b,2b,profit
0,"[10, 6, 5]",monotone,1,1,1,0.2872803440285202
1,"[10, 6, 5]",monotone,2,2,2,0.36687238591800353
2,"[10, 6, 5]",monotone,3,2,2,0.42042625668449174
3,"[10, 6, 5]",monotone,4,3,2,0.6224442254901956
4,"[10, 6, 5]",monotone,8,6,4,0.8236477780748661
5,"[10, 6, 5]",monotone,10,7,5,0.8885197923351158
6,"[10, 6, 5]",monotone,15,10,7,1.1581024028520492
7,"[10, 6, 5]",monotone,16,11,8,1.3845570258467021
