,flop,board_type,0b,1b,2b,profit
0,"[9, 8, 4]",monotone,1,1,1,0.9605264821452368
1,"[9, 8, 4]",monotone,2,2,2,1.1939333580612925
2,"[9, 8, 4]",monotone,3,2,2,1.4050934954363756
3,"[9, 8, 4]",monotone,4,3,2,1.675117614556962
4,"[9, 8, 4]",monotone,10,7,5,1.7844656214856762
5,"[9, 8, 4]",monotone,15,10,7,2.0140613824450364
6,"[9, 8, 4]",monotone,16,11,8,2.0848028858427714
