,flop,board_type,0b,1b,2b,profit
0,"[9, 8, 2]",monotone,1,1,1,0.8345739475344511
1,"[9, 8, 2]",monotone,2,2,2,1.0656456225801096
2,"[9, 8, 2]",monotone,3,2,2,1.2748860283579613
3,"[9, 8, 2]",monotone,4,3,2,1.5448561524821516
4,"[9, 8, 2]",monotone,10,7,5,1.6573814271957494
5,"[9, 8, 2]",monotone,15,10,7,1.851280771575627
6,"[9, 8, 2]",monotone,16,11,8,1.9744623686534952
