,flop,board_type,0b,1b,2b,profit
0,"[9, 7, 6]",monotone,1,1,1,1.182596497304582
1,"[9, 7, 6]",monotone,2,2,2,1.513859455256064
2,"[9, 7, 6]",monotone,3,2,2,1.6890450730458215
3,"[9, 7, 6]",monotone,4,3,2,2.11875260161725
4,"[9, 7, 6]",monotone,8,6,4,2.1198263153638806
5,"[9, 7, 6]",monotone,10,7,5,2.1765507159029647
6,"[9, 7, 6]",monotone,15,10,7,2.3955874188679243
7,"[9, 7, 6]",monotone,16,11,8,2.3962210851752017
