,flop,board_type,0b,1b,2b,profit
0,"[7, 6, 4]",monotone,1,1,1,1.0421159257927424
1,"[7, 6, 4]",monotone,2,2,2,1.230629902059496
2,"[7, 6, 4]",monotone,3,2,2,1.3182785391304346
3,"[7, 6, 4]",monotone,4,3,2,1.6733084254985287
4,"[7, 6, 4]",monotone,8,6,4,1.6742035238966981
5,"[7, 6, 4]",monotone,10,7,5,1.747011662111801
6,"[7, 6, 4]",monotone,15,10,7,2.030457388983328
7,"[7, 6, 4]",monotone,16,11,8,2.3281531997057856
