,flop,board_type,0b,1b,2b,profit
0,"[7, 4, 3]",monotone,1,1,1,1.1401764528977398
1,"[7, 4, 3]",monotone,8,6,4,1.393403039158648
2,"[7, 4, 3]",monotone,10,7,5,1.45547287983889
3,"[7, 4, 3]",monotone,15,10,7,1.701347287536361
4,"[7, 4, 3]",monotone,16,11,8,2.257482681584247
