,flop,board_type,0b,1b,2b,profit
0,"[6, 5, 4]",monotone,1,1,1,1.1227075636304373
1,"[6, 5, 4]",monotone,2,2,2,1.3973592745641186
2,"[6, 5, 4]",monotone,3,2,2,1.4566814143718425
3,"[6, 5, 4]",monotone,4,3,2,1.9970849444353913
4,"[6, 5, 4]",monotone,8,6,4,2.000040918689913
5,"[6, 5, 4]",monotone,15,10,7,2.0313509248818633
6,"[6, 5, 4]",monotone,16,11,8,2.4720679041877127
