,flop,board_type,0b,1b,2b,profit
0,"[6, 4, 2]",monotone,1,1,1,0.8916360107406575
1,"[6, 4, 2]",monotone,2,2,2,0.9790502439024388
2,"[6, 4, 2]",monotone,3,2,2,1.0004064175430742
3,"[6, 4, 2]",monotone,4,3,2,1.0786514942940248
4,"[6, 4, 2]",monotone,8,6,4,1.0804811761020356
5,"[6, 4, 2]",monotone,10,7,5,1.1342608601476836
6,"[6, 4, 2]",monotone,15,10,7,1.4443789773998654
7,"[6, 4, 2]",monotone,16,11,8,2.039148508391139
