,flop,board_type,0b,1b,2b,profit
0,"[14, 13, 12]",monotone,1,1,1,8.369341379507546
1,"[14, 13, 12]",monotone,8,6,4,11.001262161854257
2,"[14, 13, 12]",monotone,15,10,7,11.367039152646303
