,flop,board_type,0b,1b,2b,profit
0,"[14, 13, 11]",monotone,1,1,1,6.022023343870361
1,"[14, 13, 11]",monotone,3,2,2,6.33910914262065
2,"[14, 13, 11]",monotone,4,3,2,8.577380747558921
3,"[14, 13, 11]",monotone,8,6,4,8.577887236447811
4,"[14, 13, 11]",monotone,15,10,7,8.957976738140665
