,flop,board_type,0b,1b,2b,profit
0,"[14, 13, 4]",monotone,1,1,1,-0.2520786296803661
1,"[14, 13, 4]",monotone,2,2,2,1.0451061020547932
2,"[14, 13, 4]",monotone,3,2,2,1.56450788675799
3,"[14, 13, 4]",monotone,4,3,2,3.7290004276255697
4,"[14, 13, 4]",monotone,15,10,7,4.369985192237442
5,"[14, 13, 4]",monotone,16,11,8,4.645489270831602
