,flop,board_type,0b,1b,2b,profit
0,"[14, 12, 4]",monotone,1,1,1,1.9077015818181824
1,"[14, 12, 4]",monotone,2,2,2,3.185375310714286
2,"[14, 12, 4]",monotone,3,2,2,3.810790647402597
3,"[14, 12, 4]",monotone,4,3,2,5.812484899188311
4,"[14, 12, 4]",monotone,10,7,5,5.814753173376623
5,"[14, 12, 4]",monotone,15,10,7,6.736165020292207
6,"[14, 12, 4]",monotone,16,11,8,7.07706177259445
