,flop,board_type,0b,1b,2b,profit
0,"[14, 11, 9]",monotone,1,1,1,0.4104064648061492
1,"[14, 11, 9]",monotone,2,2,2,3.029090516945188
2,"[14, 11, 9]",monotone,3,2,2,3.3408663412433155
3,"[14, 11, 9]",monotone,4,3,2,4.368156699532085
4,"[14, 11, 9]",monotone,15,10,7,5.167135396991978
5,"[14, 11, 9]",monotone,16,11,8,5.175031203175132
