,flop,board_type,0b,1b,2b,profit
0,"[14, 11, 5]",monotone,1,1,1,-0.09620892408459669
1,"[14, 11, 5]",monotone,2,2,2,1.1340147811553027
2,"[14, 11, 5]",monotone,3,2,2,1.732358742992424
3,"[14, 11, 5]",monotone,4,3,2,3.6772266927714647
4,"[14, 11, 5]",monotone,8,6,4,5.032044296117423
5,"[14, 11, 5]",monotone,10,7,5,5.034917721022726
6,"[14, 11, 5]",monotone,15,10,7,5.95144843822314
7,"[14, 11, 5]",monotone,16,11,8,5.958839804889807
