,flop,board_type,0b,1b,2b,profit
0,"[14, 10, 7]",monotone,1,1,1,0.4380334851048948
1,"[14, 10, 7]",monotone,8,6,4,4.564247561818181
2,"[14, 10, 7]",monotone,10,7,5,4.564839277202797
3,"[14, 10, 7]",monotone,15,10,7,5.332104066844064
4,"[14, 10, 7]",monotone,16,11,8,5.3369242418440646
