,flop,board_type,0b,1b,2b,profit
0,"[14, 10, 6]",monotone,1,1,1,0.3667356235664334
1,"[14, 10, 6]",monotone,2,2,2,0.3698970743356642
2,"[14, 10, 6]",monotone,3,2,2,1.2718433161538454
3,"[14, 10, 6]",monotone,4,3,2,4.508019789930069
4,"[14, 10, 6]",monotone,8,6,4,4.5087679920279715
5,"[14, 10, 6]",monotone,10,7,5,4.510277774440559
6,"[14, 10, 6]",monotone,15,10,7,5.2779301071256
