,flop,board_type,0b,1b,2b,profit
0,"[14, 10, 5]",monotone,1,1,1,0.014342497426470313
1,"[14, 10, 5]",monotone,2,2,2,0.019036528643047834
2,"[14, 10, 5]",monotone,3,2,2,0.8741016303475924
3,"[14, 10, 5]",monotone,4,3,2,3.966038364772727
4,"[14, 10, 5]",monotone,10,7,5,3.9690765000668438
5,"[14, 10, 5]",monotone,15,10,7,4.957994360247672
