,flop,board_type,0b,1b,2b,profit
0,"[14, 9, 7]",monotone,1,1,1,-0.10067980652173913
1,"[14, 9, 7]",monotone,2,2,2,-0.09642894891304454
2,"[14, 9, 7]",monotone,3,2,2,0.27585534528985467
3,"[14, 9, 7]",monotone,4,3,2,1.1281564717391293
4,"[14, 9, 7]",monotone,8,6,4,1.1357520891304342
5,"[14, 9, 7]",monotone,15,10,7,2.790229610869564
6,"[14, 9, 7]",monotone,16,11,8,4.479961340022641
