,flop,board_type,0b,1b,2b,profit
0,"[14, 9, 4]",monotone,1,1,1,-0.5143215645833334
1,"[14, 9, 4]",monotone,2,2,2,-0.511869736458334
2,"[14, 9, 4]",monotone,8,6,4,0.7120710312499989
3,"[14, 9, 4]",monotone,10,7,5,0.723831160069444
4,"[14, 9, 4]",monotone,15,10,7,2.5937580239583324
5,"[14, 9, 4]",monotone,16,11,8,4.215513835134414
