,flop,board_type,0b,1b,2b,profit
0,"[14, 6, 3]",monotone,1,1,1,-3.197919950342465
1,"[14, 6, 3]",monotone,2,2,2,-3.1893539941780826
2,"[14, 6, 3]",monotone,10,7,5,-3.1877252972602736
3,"[14, 6, 3]",monotone,15,10,7,-2.1454668486301376
4,"[14, 6, 3]",monotone,16,11,8,0.4295993305227571
