,flop,board_type,0b,1b,2b,profit
0,"[13, 12, 6]",monotone,1,1,1,0.3342303071847055
1,"[13, 12, 6]",monotone,2,2,2,1.5799264785846436
2,"[13, 12, 6]",monotone,3,2,2,2.4449500199506624
3,"[13, 12, 6]",monotone,4,3,2,4.1983900423527585
4,"[13, 12, 6]",monotone,15,10,7,4.88522160083256
