,flop,board_type,0b,1b,2b,profit
0,"[13, 10, 8]",monotone,1,1,1,0.4622004186013764
1,"[13, 10, 8]",monotone,2,2,2,1.6885165221057563
2,"[13, 10, 8]",monotone,15,10,7,2.301414533667083
