,flop,board_type,0b,1b,2b,profit
0,"[13, 9, 6]",monotone,1,1,1,-0.6969500263071899
1,"[13, 9, 6]",monotone,8,6,4,2.6910230760620903
2,"[13, 9, 6]",monotone,15,10,7,3.5799680179738544
