,flop,board_type,0b,1b,2b,profit
0,"[13, 8, 7]",monotone,1,1,1,-1.7871076195809843
1,"[13, 8, 7]",monotone,2,2,2,-0.7679918018533454
2,"[13, 8, 7]",monotone,3,2,2,-0.3439033771958111
3,"[13, 8, 7]",monotone,4,3,2,0.3121510332393216
4,"[13, 8, 7]",monotone,8,6,4,1.5032802892425448
5,"[13, 8, 7]",monotone,10,7,5,1.5074765424254615
6,"[13, 8, 7]",monotone,15,10,7,2.177634999556807
7,"[13, 8, 7]",monotone,16,11,8,2.80226910987107
