,flop,board_type,0b,1b,2b,profit
0,"[13, 8, 6]",monotone,1,1,1,-1.9983005367445619
1,"[13, 8, 6]",monotone,8,6,4,0.2315908184528599
2,"[13, 8, 6]",monotone,10,7,5,0.2400011763497174
3,"[13, 8, 6]",monotone,15,10,7,0.8847043043110385
4,"[13, 8, 6]",monotone,16,11,8,2.0709796149879125
