,flop,board_type,0b,1b,2b,profit
0,"[13, 7, 6]",monotone,1,1,1,-2.786966946817083
1,"[13, 7, 6]",monotone,2,2,2,-2.7856513344480263
2,"[13, 7, 6]",monotone,3,2,2,-2.373332061200644
3,"[13, 7, 6]",monotone,4,3,2,-1.6962571040290102
4,"[13, 7, 6]",monotone,8,6,4,-0.5559649520950849
5,"[13, 7, 6]",monotone,10,7,5,-0.540690046212732
6,"[13, 7, 6]",monotone,15,10,7,-0.1009817376309432
7,"[13, 7, 6]",monotone,16,11,8,1.1200172009669616
