,flop,board_type,0b,1b,2b,profit
0,"[13, 5, 2]",monotone,1,1,1,-4.536091675837676
1,"[13, 5, 2]",monotone,2,2,2,-4.529179874720774
2,"[13, 5, 2]",monotone,8,6,4,-3.453005314668653
3,"[13, 5, 2]",monotone,15,10,7,-3.0476411899106486
4,"[13, 5, 2]",monotone,16,11,8,-1.3059192558451227
