,flop,board_type,0b,1b,2b,profit
0,"[12, 11, 5]",monotone,1,1,1,1.6520916358028164
1,"[12, 11, 5]",monotone,2,2,2,3.850069507830985
2,"[12, 11, 5]",monotone,3,2,2,4.26812966925352
3,"[12, 11, 5]",monotone,4,3,2,4.97617002969014
4,"[12, 11, 5]",monotone,15,10,7,5.92661685369014
5,"[12, 11, 5]",monotone,16,11,8,5.928448813323943
