,flop,board_type,0b,1b,2b,profit
0,"[12, 9, 7]",monotone,1,1,1,1.4446866338235282
1,"[12, 9, 7]",monotone,2,2,2,2.436279977450979
2,"[12, 9, 7]",monotone,3,2,2,3.4373463549019596
3,"[12, 9, 7]",monotone,4,3,2,4.591361718137254
4,"[12, 9, 7]",monotone,8,6,4,4.593737335784312
5,"[12, 9, 7]",monotone,10,7,5,4.595124944607842
6,"[12, 9, 7]",monotone,15,10,7,5.565060193137253
