,flop,board_type,0b,1b,2b,profit
0,"[12, 7, 5]",monotone,1,1,1,-0.9012199270833333
1,"[12, 7, 5]",monotone,2,2,2,-0.896208688194445
2,"[12, 7, 5]",monotone,8,6,4,1.2486170499999998
3,"[12, 7, 5]",monotone,15,10,7,2.5520233386574063
4,"[12, 7, 5]",monotone,16,11,8,3.776913486111111
