,flop,board_type,0b,1b,2b,profit
0,"[12, 6, 4]",monotone,1,1,1,-1.6472171560185185
1,"[12, 6, 4]",monotone,2,2,2,-1.6401794219907406
2,"[12, 6, 4]",monotone,8,6,4,0.5195363238425916
3,"[12, 6, 4]",monotone,15,10,7,1.6196498895833324
4,"[12, 6, 4]",monotone,16,11,8,2.873521460416665
