,flop,board_type,0b,1b,2b,profit
0,"[11, 9, 6]",monotone,1,1,1,-0.20180171345852949
1,"[11, 9, 6]",monotone,2,2,2,0.8740619765258211
2,"[11, 9, 6]",monotone,3,2,2,1.78095006541471
3,"[11, 9, 6]",monotone,4,3,2,3.2585107636932698
4,"[11, 9, 6]",monotone,8,6,4,3.259967174021909
5,"[11, 9, 6]",monotone,10,7,5,3.262565529420969
6,"[11, 9, 6]",monotone,15,10,7,4.104820009076681
7,"[11, 9, 6]",monotone,16,11,8,4.109411344287949
