,flop,board_type,0b,1b,2b,profit
0,"[11, 9, 2]",monotone,1,1,1,-0.31718198611111137
1,"[11, 9, 2]",monotone,2,2,2,0.7162878999999998
2,"[11, 9, 2]",monotone,3,2,2,1.5997240944444444
3,"[11, 9, 2]",monotone,4,3,2,3.015929269444444
4,"[11, 9, 2]",monotone,8,6,4,3.028195555555555
5,"[11, 9, 2]",monotone,15,10,7,3.9950014999999994
6,"[11, 9, 2]",monotone,16,11,8,3.996055388888888
