,flop,board_type,0b,1b,2b,profit
0,"[11, 8, 4]",monotone,1,1,1,-1.5434021551851853
1,"[11, 8, 4]",monotone,2,2,2,-0.5448354662962966
2,"[11, 8, 4]",monotone,3,2,2,-0.15558910777777823
3,"[11, 8, 4]",monotone,4,3,2,1.0483463414814809
4,"[11, 8, 4]",monotone,8,6,4,1.745149156666666
5,"[11, 8, 4]",monotone,15,10,7,3.140050705185185
6,"[11, 8, 4]",monotone,16,11,8,3.8442772825925915
