,flop,board_type,0b,1b,2b,profit
0,"[11, 5, 2]",monotone,1,1,1,-4.2359824457264965
1,"[11, 5, 2]",monotone,8,6,4,-0.7967136978632474
2,"[11, 5, 2]",monotone,15,10,7,0.32362043376068494
3,"[11, 5, 2]",monotone,16,11,8,0.99611891980057
