,flop,board_type,0b,1b,2b,profit
0,"[10, 8, 7]",monotone,1,1,1,1.0475792987117547
1,"[10, 8, 7]",monotone,2,2,2,1.051465788244765
2,"[10, 8, 7]",monotone,3,2,2,1.8447669545088563
3,"[10, 8, 7]",monotone,4,3,2,4.462894484098228
4,"[10, 8, 7]",monotone,10,7,5,4.900829684111647
5,"[10, 8, 7]",monotone,15,10,7,5.851489799785291
6,"[10, 8, 7]",monotone,16,11,8,5.86008617035695
