,flop,board_type,0b,1b,2b,profit
0,"[10, 8, 5]",monotone,1,1,1,-1.046771469092333
1,"[10, 8, 5]",monotone,2,2,2,-1.044659154147106
2,"[10, 8, 5]",monotone,3,2,2,-0.7221971478873241
3,"[10, 8, 5]",monotone,4,3,2,0.20559743779342687
4,"[10, 8, 5]",monotone,8,6,4,0.20716740453834026
5,"[10, 8, 5]",monotone,10,7,5,1.0745604021909219
6,"[10, 8, 5]",monotone,15,10,7,3.1865353122065714
7,"[10, 8, 5]",monotone,16,11,8,3.1881947679968694
