,flop,board_type,0b,1b,2b,profit
0,"[10, 8, 3]",monotone,1,1,1,-1.0438326326291083
1,"[10, 8, 3]",monotone,2,2,2,-1.032171465962442
2,"[10, 8, 3]",monotone,3,2,2,-0.7193406639280138
3,"[10, 8, 3]",monotone,4,3,2,0.19932146478873092
4,"[10, 8, 3]",monotone,8,6,4,0.20857165297339497
5,"[10, 8, 3]",monotone,10,7,5,1.0787900551643186
6,"[10, 8, 3]",monotone,15,10,7,3.1909340273865405
