,flop,board_type,0b,1b,2b,profit
0,"[10, 7, 5]",monotone,1,1,1,-2.0830669624413156
1,"[10, 7, 5]",monotone,8,6,4,-0.7614976185446021
2,"[10, 7, 5]",monotone,10,7,5,0.11774114045383355
3,"[10, 7, 5]",monotone,15,10,7,2.102717748435054
