,flop,board_type,0b,1b,2b,profit
0,"[10, 6, 5]",monotone,1,1,1,-3.0788994526604077
1,"[10, 6, 5]",monotone,2,2,2,-3.073485220657277
2,"[10, 6, 5]",monotone,3,2,2,-3.0699997656494533
3,"[10, 6, 5]",monotone,4,3,2,-2.6663748865414734
4,"[10, 6, 5]",monotone,8,6,4,-1.745963016823163
5,"[10, 6, 5]",monotone,10,7,5,-0.8335878192488271
6,"[10, 6, 5]",monotone,15,10,7,1.015551539906102
7,"[10, 6, 5]",monotone,16,11,8,1.0191696795774643
