,flop,board_type,0b,1b,2b,profit
0,"[10, 5, 3]",monotone,1,1,1,-4.04511475
1,"[10, 5, 3]",monotone,2,2,2,-4.028955305555558
2,"[10, 5, 3]",monotone,3,2,2,-4.026192958333333
3,"[10, 5, 3]",monotone,4,3,2,-3.644784902777777
4,"[10, 5, 3]",monotone,8,6,4,-2.7522786944444455
5,"[10, 5, 3]",monotone,10,7,5,-1.851536458333334
6,"[10, 5, 3]",monotone,15,10,7,-0.08273743055555682
7,"[10, 5, 3]",monotone,16,11,8,-0.055778458333334946
