,flop,board_type,0b,1b,2b,profit
0,"[10, 3, 2]",monotone,1,1,1,-4.051447416666667
1,"[10, 3, 2]",monotone,2,2,2,-4.051109805555557
2,"[10, 3, 2]",monotone,8,6,4,-2.7845927222222233
3,"[10, 3, 2]",monotone,10,7,5,-1.8815991250000008
4,"[10, 3, 2]",monotone,15,10,7,-0.09188218055555675
5,"[10, 3, 2]",monotone,16,11,8,-0.08970170833333446
