,flop,board_type,0b,1b,2b,profit
0,"[9, 7, 3]",monotone,1,1,1,-1.8573289396551738
1,"[9, 7, 3]",monotone,8,6,4,-0.7577338202298853
2,"[9, 7, 3]",monotone,10,7,5,0.3508134151724134
3,"[9, 7, 3]",monotone,15,10,7,3.194026615172413
4,"[9, 7, 3]",monotone,16,11,8,3.202302558275861
