,flop,board_type,0b,1b,2b,profit
0,"[9, 6, 3]",monotone,1,1,1,-1.9806966106896555
1,"[9, 6, 3]",monotone,8,6,4,-0.808591549310345
2,"[9, 6, 3]",monotone,10,7,5,-0.08963471241379395
3,"[9, 6, 3]",monotone,15,10,7,2.338468874367816
4,"[9, 6, 3]",monotone,16,11,8,3.158538902988506
