,flop,board_type,0b,1b,2b,profit
0,"[8, 7, 3]",monotone,1,1,1,-0.4227874770871147
1,"[8, 7, 3]",monotone,2,2,2,0.5991715349364788
2,"[8, 7, 3]",monotone,3,2,2,0.9000575326678759
3,"[8, 7, 3]",monotone,4,3,2,1.70477258076225
4,"[8, 7, 3]",monotone,8,6,4,1.7064546034482753
5,"[8, 7, 3]",monotone,10,7,5,2.391922487522685
6,"[8, 7, 3]",monotone,15,10,7,4.363276108212341
7,"[8, 7, 3]",monotone,16,11,8,4.747945164473684
