,flop,board_type,0b,1b,2b,profit
0,"[7, 3, 2]",monotone,1,1,1,-0.028767439764294966
1,"[7, 3, 2]",monotone,8,6,4,-0.02328575491051943
2,"[7, 3, 2]",monotone,10,7,5,0.2953907957223918
3,"[7, 3, 2]",monotone,15,10,7,1.7410015567437795
4,"[7, 3, 2]",monotone,16,11,8,3.594994552815363
