,flop,board_type,0b,1b,2b,profit
0,"[6, 5, 3]",monotone,1,1,1,1.5924891043212575
1,"[6, 5, 3]",monotone,8,6,4,1.5925239240506324
2,"[6, 5, 3]",monotone,15,10,7,2.2308683701440413
3,"[6, 5, 3]",monotone,16,11,8,4.356202230903535
