,flop,board_type,0b,1b,2b,profit
0,"[14, 11, 5]",two-tone,1,1,1,7.473100490771019
1,"[14, 11, 5]",two-tone,2,2,2,7.4982317649316546
