,flop,board_type,0b,1b,2b,profit
0,"[14, 8, 2]",two-tone,1,1,1,2.947444684337955
1,"[14, 8, 2]",two-tone,2,2,2,2.9489708910046204
2,"[14, 8, 2]",two-tone,3,2,2,2.9623463843379545
