,flop,board_type,0b,1b,2b,profit
0,"[13, 13, 6]",two-tone,1,1,1,3.506479991296035
1,"[13, 13, 6]",two-tone,2,2,2,3.5091109234143776
2,"[13, 13, 6]",two-tone,3,2,2,3.5157359650948514
