,flop,board_type,0b,1b,2b,profit
0,"[13, 5, 3]",two-tone,1,1,1,4.0490019072921815
1,"[13, 5, 3]",two-tone,2,2,2,4.054518587509134
