,flop,board_type,0b,1b,2b,profit
0,"[13, 3, 2]",two-tone,1,1,1,4.892145604741492
1,"[13, 3, 2]",two-tone,2,2,2,4.8931106152789745
