,flop,board_type,0b,1b,2b,profit
0,"[13, 2, 2]",two-tone,1,1,1,3.760904790270423
1,"[13, 2, 2]",two-tone,2,2,2,3.7652954981204934
