,flop,board_type,0b,1b,2b,profit
0,"[12, 7, 5]",two-tone,1,1,1,3.4724794335653137
1,"[12, 7, 5]",two-tone,2,2,2,3.48010378738113
