,flop,board_type,0b,1b,2b,profit
0,"[12, 4, 2]",two-tone,1,1,1,4.360697714626357
1,"[12, 4, 2]",two-tone,2,2,2,4.370574537195316
