,flop,board_type,0b,1b,2b,profit
0,"[11, 11, 5]",two-tone,1,1,1,2.3918215683591204
1,"[11, 11, 5]",two-tone,2,2,2,2.394400767547466
