,flop,board_type,0b,1b,2b,profit
0,"[11, 7, 7]",two-tone,1,1,1,3.4808624585694523
1,"[11, 7, 7]",two-tone,2,2,2,3.4894100682185765
