,flop,board_type,0b,1b,2b,profit
0,"[11, 4, 3]",two-tone,1,1,1,4.804208440312471
1,"[11, 4, 3]",two-tone,2,2,2,4.806416613250523
