,flop,board_type,0b,1b,2b,profit
0,"[10, 6, 5]",two-tone,1,1,1,2.145014297964801
1,"[10, 6, 5]",two-tone,2,2,2,2.1485717650759097
