,flop,board_type,0b,1b,2b,profit
0,"[10, 5, 3]",two-tone,1,1,1,1.4554812053562125
1,"[10, 5, 3]",two-tone,2,2,2,1.4599242409476119
