,flop,board_type,0b,1b,2b,profit
0,"[10, 4, 3]",two-tone,1,1,1,2.3151788909247992
1,"[10, 4, 3]",two-tone,2,2,2,2.352259292903966
