,flop,board_type,0b,1b,2b,profit
0,"[9, 4, 4]",two-tone,1,1,1,2.3410397193249377
1,"[9, 4, 4]",two-tone,2,2,2,2.3498451865604024
