,flop,board_type,0b,1b,2b,profit
0,"[9, 4, 3]",two-tone,1,1,1,2.6564094740525457
1,"[9, 4, 3]",two-tone,2,2,2,2.658225987470913
