,flop,board_type,0b,1b,2b,profit
0,"[8, 8, 6]",two-tone,1,1,1,0.8240155253914869
1,"[8, 8, 6]",two-tone,2,2,2,0.8259095604563764
