,flop,board_type,0b,1b,2b,profit
0,"[8, 6, 6]",two-tone,1,1,1,1.6690436542589882
1,"[8, 6, 6]",two-tone,2,2,2,1.693932526746794
