,flop,board_type,0b,1b,2b,profit
0,"[8, 5, 3]",two-tone,1,1,1,1.678743234412535
1,"[8, 5, 3]",two-tone,2,2,2,1.6813887822813882
