,flop,board_type,0b,1b,2b,profit
0,"[8, 4, 3]",two-tone,1,1,1,2.511111625303489
1,"[8, 4, 3]",two-tone,2,2,2,2.5163276637109835
