,flop,board_type,0b,1b,2b,profit
0,"[8, 3, 2]",two-tone,1,1,1,2.271827661575924
1,"[8, 3, 2]",two-tone,2,2,2,2.2854295270313756
