,flop,board_type,0b,1b,2b,profit
0,"[14, 13, 6]",two-tone,1,1,1,0.8811987255558212
1,"[14, 13, 6]",two-tone,2,2,2,1.2600733182524502
2,"[14, 13, 6]",two-tone,3,2,2,1.3564658110207983
3,"[14, 13, 6]",two-tone,4,3,2,1.6565171312455174
4,"[14, 13, 6]",two-tone,8,6,4,1.984260302175472
5,"[14, 13, 6]",two-tone,10,7,5,1.985272442146784
6,"[14, 13, 6]",two-tone,15,10,7,3.426257369113076
