,flop,board_type,0b,1b,2b,profit
0,"[14, 12, 9]",two-tone,1,1,1,1.6983898769841268
1,"[14, 12, 9]",two-tone,2,2,2,2.548898220017636
2,"[14, 12, 9]",two-tone,8,6,4,2.8743278791887117
3,"[14, 12, 9]",two-tone,15,10,7,4.0897735806878295
4,"[14, 12, 9]",two-tone,16,11,8,4.090482309964726
