,flop,board_type,0b,1b,2b,profit
0,"[14, 12, 8]",two-tone,1,1,1,1.792065756277056
1,"[14, 12, 8]",two-tone,2,2,2,3.4035962255411247
2,"[14, 12, 8]",two-tone,8,6,4,3.610043072207791
3,"[14, 12, 8]",two-tone,15,10,7,4.387266667272726
4,"[14, 12, 8]",two-tone,16,11,8,4.387292703290043
