,flop,board_type,0b,1b,2b,profit
0,"[14, 11, 9]",two-tone,1,1,1,1.0646742632034634
1,"[14, 11, 9]",two-tone,2,2,2,1.0669024097402597
2,"[14, 11, 9]",two-tone,3,2,2,1.0683885292207795
3,"[14, 11, 9]",two-tone,8,6,4,1.3730898227272725
4,"[14, 11, 9]",two-tone,10,7,5,1.3753134136363634
5,"[14, 11, 9]",two-tone,15,10,7,2.5776506885281383
