,flop,board_type,0b,1b,2b,profit
0,"[14, 10, 10]",two-tone,1,1,1,1.8065624999169438
1,"[14, 10, 10]",two-tone,2,2,2,1.8067383950996678
2,"[14, 10, 10]",two-tone,3,2,2,1.992355979817276
3,"[14, 10, 10]",two-tone,4,3,2,2.6474591427740863
4,"[14, 10, 10]",two-tone,8,6,4,2.943504987790698
5,"[14, 10, 10]",two-tone,10,7,5,2.943787452740864
6,"[14, 10, 10]",two-tone,15,10,7,4.210497605564784
