,flop,board_type,0b,1b,2b,profit
0,"[14, 9, 7]",two-tone,1,1,1,2.1184871263736267
1,"[14, 9, 7]",two-tone,2,2,2,2.1204642252747257
2,"[14, 9, 7]",two-tone,3,2,2,2.250128432692308
3,"[14, 9, 7]",two-tone,4,3,2,2.559769009615385
4,"[14, 9, 7]",two-tone,8,6,4,2.765841362637363
5,"[14, 9, 7]",two-tone,10,7,5,2.9683112545787553
6,"[14, 9, 7]",two-tone,15,10,7,3.4424707023809527
7,"[14, 9, 7]",two-tone,16,11,8,3.505713887820513
