,flop,board_type,0b,1b,2b,profit
0,"[14, 7, 6]",two-tone,1,1,1,1.6289835028901738
1,"[14, 7, 6]",two-tone,2,2,2,1.6306475805394989
2,"[14, 7, 6]",two-tone,3,2,2,1.6319543410404624
3,"[14, 7, 6]",two-tone,8,6,4,1.7215638486833655
4,"[14, 7, 6]",two-tone,10,7,5,1.7561375135838149
5,"[14, 7, 6]",two-tone,15,10,7,2.090353784264612
6,"[14, 7, 6]",two-tone,16,11,8,2.231342292678228
