,flop,board_type,0b,1b,2b,profit
0,"[14, 7, 2]",two-tone,1,1,1,1.8223229967984937
1,"[14, 7, 2]",two-tone,8,6,4,1.9083989517890771
2,"[14, 7, 2]",two-tone,10,7,5,1.9410107885122416
3,"[14, 7, 2]",two-tone,15,10,7,2.2534199767733845
4,"[14, 7, 2]",two-tone,16,11,8,2.3929386314500944
