,flop,board_type,0b,1b,2b,profit
0,"[14, 6, 3]",two-tone,1,1,1,1.3705834375000001
1,"[14, 6, 3]",two-tone,2,2,2,1.3761643813202245
2,"[14, 6, 3]",two-tone,8,6,4,1.4555397416081468
3,"[14, 6, 3]",two-tone,10,7,5,1.4894412404318824
4,"[14, 6, 3]",two-tone,15,10,7,1.7774276837956462
5,"[14, 6, 3]",two-tone,16,11,8,1.9074346416257026
