,flop,board_type,0b,1b,2b,profit
0,"[14, 4, 2]",two-tone,1,1,1,1.4374407705645165
1,"[14, 4, 2]",two-tone,2,2,2,1.440368050806452
2,"[14, 4, 2]",two-tone,8,6,4,1.5222660448924739
3,"[14, 4, 2]",two-tone,10,7,5,1.5514276994959681
4,"[14, 4, 2]",two-tone,15,10,7,1.8359101191308251
5,"[14, 4, 2]",two-tone,16,11,8,1.960314065860215
