,flop,board_type,0b,1b,2b,profit
0,"[14, 2, 2]",two-tone,1,1,1,1.4666160358606561
1,"[14, 2, 2]",two-tone,2,2,2,1.4670556782786888
2,"[14, 2, 2]",two-tone,3,2,2,1.4671275778688526
3,"[14, 2, 2]",two-tone,8,6,4,1.5529915966530057
4,"[14, 2, 2]",two-tone,10,7,5,1.58434618476776
5,"[14, 2, 2]",two-tone,15,10,7,1.8606716658697637
6,"[14, 2, 2]",two-tone,16,11,8,1.991681251878416
