,flop,board_type,0b,1b,2b,profit
0,"[13, 13, 2]",two-tone,1,1,1,0.5123176625993857
1,"[13, 13, 2]",two-tone,8,6,4,0.8533303899991227
2,"[13, 13, 2]",two-tone,10,7,5,0.8542976266888989
3,"[13, 13, 2]",two-tone,15,10,7,0.9127018449021496
4,"[13, 13, 2]",two-tone,16,11,8,0.9927206675068008
