,flop,board_type,0b,1b,2b,profit
0,"[13, 12, 3]",two-tone,1,1,1,1.4956942792553192
1,"[13, 12, 3]",two-tone,2,2,2,1.76862459787234
2,"[13, 12, 3]",two-tone,3,2,2,1.8698813627659572
3,"[13, 12, 3]",two-tone,4,3,2,2.0236678984042555
4,"[13, 12, 3]",two-tone,8,6,4,2.414234255851063
5,"[13, 12, 3]",two-tone,10,7,5,2.4160197228723392
6,"[13, 12, 3]",two-tone,15,10,7,3.3684364547872336
