,flop,board_type,0b,1b,2b,profit
0,"[13, 11, 8]",two-tone,1,1,1,1.3634152026741995
1,"[13, 11, 8]",two-tone,8,6,4,1.9727714963841807
2,"[13, 11, 8]",two-tone,10,7,5,1.9728639961581922
3,"[13, 11, 8]",two-tone,15,10,7,2.821014076836158
4,"[13, 11, 8]",two-tone,16,11,8,2.821875193898305
