,flop,board_type,0b,1b,2b,profit
0,"[13, 11, 3]",two-tone,1,1,1,1.2633161848214283
1,"[13, 11, 3]",two-tone,8,6,4,1.9085091133928573
2,"[13, 11, 3]",two-tone,15,10,7,2.889288749107142
3,"[13, 11, 3]",two-tone,16,11,8,2.8894132008928564
