,flop,board_type,0b,1b,2b,profit
0,"[13, 10, 8]",two-tone,1,1,1,1.5856098563759689
1,"[13, 10, 8]",two-tone,2,2,2,1.8978592875775193
2,"[13, 10, 8]",two-tone,3,2,2,1.899534969689922
3,"[13, 10, 8]",two-tone,8,6,4,2.139760113410853
4,"[13, 10, 8]",two-tone,15,10,7,2.7413684689922477
5,"[13, 10, 8]",two-tone,16,11,8,2.741944428449612
