,flop,board_type,0b,1b,2b,profit
0,"[13, 10, 3]",two-tone,1,1,1,1.4707858967861345
1,"[13, 10, 3]",two-tone,2,2,2,1.747507262350176
2,"[13, 10, 3]",two-tone,8,6,4,2.062690615810811
3,"[13, 10, 3]",two-tone,10,7,5,2.0655861737896593
4,"[13, 10, 3]",two-tone,15,10,7,2.8421433837132786
