,flop,board_type,0b,1b,2b,profit
0,"[13, 9, 8]",two-tone,1,1,1,1.3078423742085663
1,"[13, 9, 8]",two-tone,2,2,2,1.6435637392923648
2,"[13, 9, 8]",two-tone,3,2,2,1.795698642476722
3,"[13, 9, 8]",two-tone,4,3,2,1.9846841948975786
4,"[13, 9, 8]",two-tone,8,6,4,2.170619341539416
5,"[13, 9, 8]",two-tone,10,7,5,2.2332108845561764
6,"[13, 9, 8]",two-tone,15,10,7,2.6341230266170075
