,flop,board_type,0b,1b,2b,profit
0,"[13, 8, 7]",two-tone,1,1,1,1.493925735714286
1,"[13, 8, 7]",two-tone,2,2,2,1.4961775928571432
2,"[13, 8, 7]",two-tone,3,2,2,1.6543605000000006
3,"[13, 8, 7]",two-tone,4,3,2,1.8458671547619048
4,"[13, 8, 7]",two-tone,8,6,4,2.2415768404761907
5,"[13, 8, 7]",two-tone,10,7,5,2.306506996825397
6,"[13, 8, 7]",two-tone,15,10,7,2.3729746015873023
7,"[13, 8, 7]",two-tone,16,11,8,2.374416544444445
