,flop,board_type,0b,1b,2b,profit
0,"[13, 8, 4]",two-tone,1,1,1,1.3282572992981292
1,"[13, 8, 4]",two-tone,2,2,2,1.3293043043950539
2,"[13, 8, 4]",two-tone,8,6,4,1.8099651866644382
3,"[13, 8, 4]",two-tone,10,7,5,1.8496490408311055
4,"[13, 8, 4]",two-tone,15,10,7,2.2789404524286994
5,"[13, 8, 4]",two-tone,16,11,8,2.380720458389038
