,flop,board_type,0b,1b,2b,profit
0,"[13, 7, 4]",two-tone,1,1,1,1.3320252387199205
1,"[13, 7, 4]",two-tone,2,2,2,1.3331875601604284
2,"[13, 7, 4]",two-tone,3,2,2,1.3375065342580221
3,"[13, 7, 4]",two-tone,8,6,4,1.7069386981673356
4,"[13, 7, 4]",two-tone,10,7,5,1.7517873968638598
5,"[13, 7, 4]",two-tone,15,10,7,1.9205377069964353
6,"[13, 7, 4]",two-tone,16,11,8,2.021905972426471
