,flop,board_type,0b,1b,2b,profit
0,"[13, 6, 5]",two-tone,1,1,1,0.9501934909062002
1,"[13, 6, 5]",two-tone,8,6,4,1.3011165501271864
2,"[13, 6, 5]",two-tone,10,7,5,1.3447476130153686
3,"[13, 6, 5]",two-tone,15,10,7,1.5093542200953896
4,"[13, 6, 5]",two-tone,16,11,8,1.6004029620349765
