,flop,board_type,0b,1b,2b,profit
0,"[12, 12, 9]",two-tone,1,1,1,1.8153867742134626
1,"[12, 12, 9]",two-tone,2,2,2,2.1765379824509226
2,"[12, 12, 9]",two-tone,3,2,2,2.2844665418719767
3,"[12, 12, 9]",two-tone,4,3,2,2.5429907844780177
4,"[12, 12, 9]",two-tone,8,6,4,2.7429742616591657
5,"[12, 12, 9]",two-tone,10,7,5,2.7430100751686446
6,"[12, 12, 9]",two-tone,15,10,7,3.453093486564602
7,"[12, 12, 9]",two-tone,16,11,8,3.4532372601326706
