,flop,board_type,0b,1b,2b,profit
0,"[12, 12, 6]",two-tone,1,1,1,1.2572274555918017
1,"[12, 12, 6]",two-tone,8,6,4,1.954854019668247
