,flop,board_type,0b,1b,2b,profit
0,"[12, 12, 5]",two-tone,1,1,1,1.2867878104340236
1,"[12, 12, 5]",two-tone,8,6,4,1.9763135670990566
