,flop,board_type,0b,1b,2b,profit
0,"[12, 11, 10]",two-tone,1,1,1,3.128858539549129
1,"[12, 11, 10]",two-tone,2,2,2,4.049606287487091
2,"[12, 11, 10]",two-tone,3,2,2,4.152921839989979
3,"[12, 11, 10]",two-tone,4,3,2,4.97790146480992
4,"[12, 11, 10]",two-tone,8,6,4,5.0298118897666
5,"[12, 11, 10]",two-tone,10,7,5,5.030294434893189
6,"[12, 11, 10]",two-tone,15,10,7,5.483135866723403
7,"[12, 11, 10]",two-tone,16,11,8,5.483425950998528
