,flop,board_type,0b,1b,2b,profit
0,"[12, 11, 3]",two-tone,1,1,1,1.567758164285714
1,"[12, 11, 3]",two-tone,8,6,4,2.2316586666666662
2,"[12, 11, 3]",two-tone,10,7,5,2.2321560761904755
3,"[12, 11, 3]",two-tone,15,10,7,3.3160499571428566
