,flop,board_type,0b,1b,2b,profit
0,"[12, 9, 4]",two-tone,1,1,1,1.7824075925724638
1,"[12, 9, 4]",two-tone,2,2,2,2.1075509764492746
2,"[12, 9, 4]",two-tone,3,2,2,2.2589460373188404
3,"[12, 9, 4]",two-tone,4,3,2,2.448094579528985
4,"[12, 9, 4]",two-tone,8,6,4,2.6908214583333327
5,"[12, 9, 4]",two-tone,10,7,5,2.739241434178744
6,"[12, 9, 4]",two-tone,15,10,7,3.4876296497584534
7,"[12, 9, 4]",two-tone,16,11,8,3.4893346468599025
