,flop,board_type,0b,1b,2b,profit
0,"[12, 7, 5]",two-tone,1,1,1,1.8491937902173916
1,"[12, 7, 5]",two-tone,2,2,2,1.8494911016304352
2,"[12, 7, 5]",two-tone,3,2,2,1.850845736956522
3,"[12, 7, 5]",two-tone,4,3,2,2.0009017177536235
4,"[12, 7, 5]",two-tone,8,6,4,2.5852168721014497
5,"[12, 7, 5]",two-tone,10,7,5,2.6290776945652183
6,"[12, 7, 5]",two-tone,15,10,7,2.7609390260869575
