,flop,board_type,0b,1b,2b,profit
0,"[12, 7, 4]",two-tone,1,1,1,1.9600085636363644
1,"[12, 7, 4]",two-tone,8,6,4,2.67306273939394
2,"[12, 7, 4]",two-tone,10,7,5,2.7178198616161624
3,"[12, 7, 4]",two-tone,15,10,7,2.845419103030304
