,flop,board_type,0b,1b,2b,profit
0,"[12, 6, 5]",two-tone,1,1,1,1.4790926671283784
1,"[12, 6, 5]",two-tone,2,2,2,1.4807322998141894
2,"[12, 6, 5]",two-tone,8,6,4,2.164813158665541
3,"[12, 6, 5]",two-tone,10,7,5,2.2029007478828833
4,"[12, 6, 5]",two-tone,15,10,7,2.326211512972974
5,"[12, 6, 5]",two-tone,16,11,8,2.328763112567568
