,flop,board_type,0b,1b,2b,profit
0,"[12, 5, 5]",two-tone,1,1,1,1.2502364089506175
1,"[12, 5, 5]",two-tone,8,6,4,1.8725708126102294
2,"[12, 5, 5]",two-tone,15,10,7,1.8742147852733684
3,"[12, 5, 5]",two-tone,16,11,8,1.8746220326278658
