,flop,board_type,0b,1b,2b,profit
0,"[12, 4, 3]",two-tone,1,1,1,1.7190738484375
1,"[12, 4, 3]",two-tone,8,6,4,2.3498391804687504
2,"[12, 4, 3]",two-tone,10,7,5,2.3873653562500006
3,"[12, 4, 3]",two-tone,15,10,7,2.5023705197916675
4,"[12, 4, 3]",two-tone,16,11,8,2.5030048791666677
