,flop,board_type,0b,1b,2b,profit
0,"[12, 3, 2]",two-tone,1,1,1,1.7401722695312503
1,"[12, 3, 2]",two-tone,2,2,2,1.742259957812501
2,"[12, 3, 2]",two-tone,8,6,4,2.3678609890625006
3,"[12, 3, 2]",two-tone,10,7,5,2.4076286796875004
4,"[12, 3, 2]",two-tone,15,10,7,2.5182845916666676
