,flop,board_type,0b,1b,2b,profit
0,"[11, 11, 5]",two-tone,1,1,1,0.8589319116912835
1,"[11, 11, 5]",two-tone,10,7,5,0.8594448500104017
