,flop,board_type,0b,1b,2b,profit
0,"[11, 10, 8]",two-tone,1,1,1,2.2239769055555554
1,"[11, 10, 8]",two-tone,2,2,2,2.896593685525321
2,"[11, 10, 8]",two-tone,3,2,2,3.0989164297808003
3,"[11, 10, 8]",two-tone,4,3,2,3.618170885185185
4,"[11, 10, 8]",two-tone,10,7,5,3.618496176530611
5,"[11, 10, 8]",two-tone,15,10,7,3.618957419085411
