,flop,board_type,0b,1b,2b,profit
0,"[11, 10, 4]",two-tone,1,1,1,1.6390818957386364
1,"[11, 10, 4]",two-tone,2,2,2,1.6393045613636363
2,"[11, 10, 4]",two-tone,3,2,2,1.6406902801136363
3,"[11, 10, 4]",two-tone,4,3,2,1.6432351519886366
4,"[11, 10, 4]",two-tone,8,6,4,1.9857198454545457
5,"[11, 10, 4]",two-tone,15,10,7,2.8369767897727267
6,"[11, 10, 4]",two-tone,16,11,8,2.8371131678977264
