,flop,board_type,0b,1b,2b,profit
0,"[11, 9, 7]",two-tone,1,1,1,1.9942487927461139
1,"[11, 9, 7]",two-tone,8,6,4,3.03367014731512
2,"[11, 9, 7]",two-tone,15,10,7,3.0349111000353273
3,"[11, 9, 7]",two-tone,16,11,8,3.0372166053344323
