,flop,board_type,0b,1b,2b,profit
0,"[11, 9, 5]",two-tone,1,1,1,1.2732707586838377
1,"[11, 9, 5]",two-tone,2,2,2,1.8749261708412093
2,"[11, 9, 5]",two-tone,8,6,4,1.9827729021739129
3,"[11, 9, 5]",two-tone,10,7,5,2.0274122319825136
4,"[11, 9, 5]",two-tone,15,10,7,2.4459580463728727
5,"[11, 9, 5]",two-tone,16,11,8,2.4464500135869556
