,flop,board_type,0b,1b,2b,profit
0,"[11, 8, 2]",two-tone,1,1,1,1.6790734203203657
1,"[11, 8, 2]",two-tone,8,6,4,1.785061258947368
2,"[11, 8, 2]",two-tone,10,7,5,1.8224969061784897
3,"[11, 8, 2]",two-tone,15,10,7,2.204676062002288
4,"[11, 8, 2]",two-tone,16,11,8,2.208970632677345
