,flop,board_type,0b,1b,2b,profit
0,"[11, 7, 7]",two-tone,1,1,1,1.187448563205365
1,"[11, 7, 7]",two-tone,2,2,2,1.1901596599907491
