,flop,board_type,0b,1b,2b,profit
0,"[11, 7, 5]",two-tone,1,1,1,1.5427389582015814
1,"[11, 7, 5]",two-tone,2,2,2,1.5464229783596837
2,"[11, 7, 5]",two-tone,3,2,2,1.5476171992094863
3,"[11, 7, 5]",two-tone,4,3,2,1.5489589880434782
4,"[11, 7, 5]",two-tone,10,7,5,1.58822863013834
5,"[11, 7, 5]",two-tone,15,10,7,1.7070775859683789
6,"[11, 7, 5]",two-tone,16,11,8,1.7089225827075094
