,flop,board_type,0b,1b,2b,profit
0,"[11, 6, 6]",two-tone,1,1,1,1.007825508431794
1,"[11, 6, 6]",two-tone,2,2,2,1.008561548603652
2,"[11, 6, 6]",two-tone,16,11,8,1.0091306887432867
