,flop,board_type,0b,1b,2b,profit
0,"[10, 9, 3]",two-tone,1,1,1,1.5777382927272725
1,"[10, 9, 3]",two-tone,2,2,2,1.8899168744736838
2,"[10, 9, 3]",two-tone,3,2,2,2.057485057272727
3,"[10, 9, 3]",two-tone,4,3,2,2.220174324210526
4,"[10, 9, 3]",two-tone,8,6,4,2.4798414203349277
5,"[10, 9, 3]",two-tone,15,10,7,3.0530675573205732
