,flop,board_type,0b,1b,2b,profit
0,"[10, 7, 7]",two-tone,1,1,1,1.7247721689671582
1,"[10, 7, 7]",two-tone,8,6,4,2.1531052097215615
2,"[10, 7, 7]",two-tone,10,7,5,2.315640065623512
3,"[10, 7, 7]",two-tone,15,10,7,2.439412208650643
