,flop,board_type,0b,1b,2b,profit
0,"[10, 7, 3]",two-tone,1,1,1,1.8261323648728214
1,"[10, 7, 3]",two-tone,8,6,4,2.1800131063942523
2,"[10, 7, 3]",two-tone,10,7,5,2.3481942594795093
3,"[10, 7, 3]",two-tone,15,10,7,2.513764495289684
