,flop,board_type,0b,1b,2b,profit
0,"[10, 6, 6]",two-tone,1,1,1,1.4911766993936724
1,"[10, 6, 6]",two-tone,8,6,4,1.8805612285745785
2,"[10, 6, 6]",two-tone,10,7,5,2.026755860985559
3,"[10, 6, 6]",two-tone,15,10,7,2.1390924727813916
4,"[10, 6, 6]",two-tone,16,11,8,2.13967361620549
