,flop,board_type,0b,1b,2b,profit
0,"[10, 3, 2]",two-tone,1,1,1,1.7132884030947773
1,"[10, 3, 2]",two-tone,8,6,4,2.014984660928434
2,"[10, 3, 2]",two-tone,10,7,5,2.170179930754353
3,"[10, 3, 2]",two-tone,15,10,7,2.3097112441005807
4,"[10, 3, 2]",two-tone,16,11,8,2.312119206189556
