,flop,board_type,0b,1b,2b,profit
0,"[9, 8, 3]",two-tone,1,1,1,1.794199180163043
1,"[9, 8, 3]",two-tone,2,2,2,2.1122641338088766
2,"[9, 8, 3]",two-tone,3,2,2,2.251969868897192
3,"[9, 8, 3]",two-tone,4,3,2,2.4401232383661675
4,"[9, 8, 3]",two-tone,10,7,5,2.586548048845108
5,"[9, 8, 3]",two-tone,15,10,7,2.7739600287703796
