,flop,board_type,0b,1b,2b,profit
0,"[9, 7, 5]",two-tone,1,1,1,1.7981980878260868
1,"[9, 7, 5]",two-tone,8,6,4,2.22375575173913
2,"[9, 7, 5]",two-tone,10,7,5,2.4387191852173906
3,"[9, 7, 5]",two-tone,15,10,7,2.7576283347826083
4,"[9, 7, 5]",two-tone,16,11,8,2.7585882665217385
