,flop,board_type,0b,1b,2b,profit
0,"[9, 7, 4]",two-tone,1,1,1,1.7861071588315214
1,"[9, 7, 4]",two-tone,8,6,4,2.1845221793817933
2,"[9, 7, 4]",two-tone,10,7,5,2.3384533711277173
3,"[9, 7, 4]",two-tone,15,10,7,2.68492628097826
4,"[9, 7, 4]",two-tone,16,11,8,2.6852796230978258
