,flop,board_type,0b,1b,2b,profit
0,"[9, 7, 3]",two-tone,1,1,1,1.7880049411345107
1,"[9, 7, 3]",two-tone,8,6,4,2.183258913213315
2,"[9, 7, 3]",two-tone,10,7,5,2.337428574592391
3,"[9, 7, 3]",two-tone,15,10,7,2.6843430702445645
