,flop,board_type,0b,1b,2b,profit
0,"[9, 6, 3]",two-tone,1,1,1,1.4434015287829118
1,"[9, 6, 3]",two-tone,8,6,4,1.8312211451253035
2,"[9, 6, 3]",two-tone,10,7,5,1.97346722024955
3,"[9, 6, 3]",two-tone,15,10,7,2.2942089996616257
4,"[9, 6, 3]",two-tone,16,11,8,2.2953854024743574
