,flop,board_type,0b,1b,2b,profit
0,"[9, 3, 3]",two-tone,1,1,1,1.586470589702683
1,"[9, 3, 3]",two-tone,8,6,4,1.9551579436651818
2,"[9, 3, 3]",two-tone,10,7,5,2.087538918243033
3,"[9, 3, 3]",two-tone,15,10,7,2.3944952250284883
