,flop,board_type,0b,1b,2b,profit
0,"[8, 8, 2]",two-tone,1,1,1,2.055087611135759
1,"[8, 8, 2]",two-tone,2,2,2,2.057647374578527
2,"[8, 8, 2]",two-tone,3,2,2,2.057889083451642
3,"[8, 8, 2]",two-tone,4,3,2,2.0602044970718723
4,"[8, 8, 2]",two-tone,8,6,4,2.160064246805679
5,"[8, 8, 2]",two-tone,10,7,5,2.299315368056788
6,"[8, 8, 2]",two-tone,15,10,7,2.6499224796805683
7,"[8, 8, 2]",two-tone,16,11,8,2.732036595563443
