,flop,board_type,0b,1b,2b,profit
0,"[8, 7, 3]",two-tone,1,1,1,2.4421661449275356
1,"[8, 7, 3]",two-tone,2,2,2,2.443215740942028
2,"[8, 7, 3]",two-tone,3,2,2,2.5874864927536225
3,"[8, 7, 3]",two-tone,4,3,2,2.7637750181159415
4,"[8, 7, 3]",two-tone,8,6,4,2.819954623188405
5,"[8, 7, 3]",two-tone,10,7,5,2.8739034999999995
6,"[8, 7, 3]",two-tone,15,10,7,3.07522756521739
7,"[8, 7, 3]",two-tone,16,11,8,3.167092637681159
