,flop,board_type,0b,1b,2b,profit
0,"[8, 7, 2]",two-tone,1,1,1,2.4419148695652164
1,"[8, 7, 2]",two-tone,2,2,2,2.4426112789855066
2,"[8, 7, 2]",two-tone,3,2,2,2.589422572463768
3,"[8, 7, 2]",two-tone,4,3,2,2.762467971014492
4,"[8, 7, 2]",two-tone,8,6,4,2.820428507246376
5,"[8, 7, 2]",two-tone,10,7,5,2.870937166666666
6,"[8, 7, 2]",two-tone,15,10,7,3.075411670289854
7,"[8, 7, 2]",two-tone,16,11,8,3.165939739130434
