,flop,board_type,0b,1b,2b,profit
0,"[8, 6, 6]",two-tone,1,1,1,2.131260286394558
1,"[8, 6, 6]",two-tone,8,6,4,2.2771049346938774
2,"[8, 6, 6]",two-tone,10,7,5,2.5464634877551022
3,"[8, 6, 6]",two-tone,15,10,7,2.742051754421769
4,"[8, 6, 6]",two-tone,16,11,8,2.8206077918367347
