,flop,board_type,0b,1b,2b,profit
0,"[8, 6, 5]",two-tone,1,1,1,2.050507521589143
1,"[8, 6, 5]",two-tone,2,2,2,2.0537884114368588
2,"[8, 6, 5]",two-tone,8,6,4,2.161206714233917
3,"[8, 6, 5]",two-tone,10,7,5,2.4232275151455505
4,"[8, 6, 5]",two-tone,15,10,7,2.6898427661452393
5,"[8, 6, 5]",two-tone,16,11,8,2.7711766358748564
