,flop,board_type,0b,1b,2b,profit
0,"[7, 6, 4]",two-tone,1,1,1,2.6069044968367336
1,"[7, 6, 4]",two-tone,8,6,4,2.7072270992857135
2,"[7, 6, 4]",two-tone,10,7,5,2.817711009795918
3,"[7, 6, 4]",two-tone,15,10,7,3.019061578775509
4,"[7, 6, 4]",two-tone,16,11,8,3.1833317436734685
