,flop,board_type,0b,1b,2b,profit
0,"[7, 5, 3]",two-tone,1,1,1,2.6641715984770022
1,"[7, 5, 3]",two-tone,2,2,2,2.664520735262463
2,"[7, 5, 3]",two-tone,3,2,2,2.6675759263884657
3,"[7, 5, 3]",two-tone,8,6,4,2.7641209447253527
4,"[7, 5, 3]",two-tone,10,7,5,2.8096391109351195
5,"[7, 5, 3]",two-tone,15,10,7,3.0754000631130056
6,"[7, 5, 3]",two-tone,16,11,8,3.2338088895928516
