,flop,board_type,0b,1b,2b,profit
0,"[7, 4, 4]",two-tone,1,1,1,2.7240918313469393
1,"[7, 4, 4]",two-tone,2,2,2,2.7255294010612245
2,"[7, 4, 4]",two-tone,3,2,2,2.7270486702040824
3,"[7, 4, 4]",two-tone,8,6,4,2.8281647618775514
4,"[7, 4, 4]",two-tone,10,7,5,2.931558629714286
5,"[7, 4, 4]",two-tone,15,10,7,3.1216666968163267
6,"[7, 4, 4]",two-tone,16,11,8,3.2814898429387753
