,flop,board_type,0b,1b,2b,profit
0,"[6, 6, 5]",two-tone,1,1,1,2.7773364909482767
1,"[6, 6, 5]",two-tone,8,6,4,2.867936795566503
2,"[6, 6, 5]",two-tone,10,7,5,3.0330562232758624
3,"[6, 6, 5]",two-tone,15,10,7,3.163292910098523
4,"[6, 6, 5]",two-tone,16,11,8,3.3063223862068973
