,flop,board_type,0b,1b,2b,profit
0,"[6, 5, 2]",two-tone,1,1,1,2.818421785984848
1,"[6, 5, 2]",two-tone,8,6,4,2.9136920170454546
2,"[6, 5, 2]",two-tone,10,7,5,2.952995178030302
3,"[6, 5, 2]",two-tone,15,10,7,3.2021175
4,"[6, 5, 2]",two-tone,16,11,8,3.3470159696969692
