,flop,board_type,0b,1b,2b,profit
0,"[6, 4, 4]",two-tone,1,1,1,2.8683873095771153
1,"[6, 4, 4]",two-tone,8,6,4,2.9620035409203984
2,"[6, 4, 4]",two-tone,10,7,5,3.059781246268656
3,"[6, 4, 4]",two-tone,15,10,7,3.2414836169154233
4,"[6, 4, 4]",two-tone,16,11,8,3.3840123373134334
