,flop,board_type,0b,1b,2b,profit
0,"[6, 3, 3]",two-tone,1,1,1,2.8829628598258714
1,"[6, 3, 3]",two-tone,2,2,2,2.884035699004976
2,"[6, 3, 3]",two-tone,8,6,4,2.9736284266169157
3,"[6, 3, 3]",two-tone,10,7,5,3.0098352442786074
4,"[6, 3, 3]",two-tone,15,10,7,3.2520619960199006
5,"[6, 3, 3]",two-tone,16,11,8,3.393918343283582
