,flop,board_type,0b,1b,2b,profit
0,"[4, 2, 2]",two-tone,1,1,1,2.9103224975609763
1,"[4, 2, 2]",two-tone,8,6,4,2.995086250000001
2,"[4, 2, 2]",two-tone,10,7,5,3.0332781146341468
3,"[4, 2, 2]",two-tone,15,10,7,3.2824070097560982
4,"[4, 2, 2]",two-tone,16,11,8,3.4159078097560975
