,flop,board_type,0b,1b,2b,profit
0,"[14, 14, 14]",rainbow,1,1,1,-2.9167683749869764
1,"[14, 14, 14]",rainbow,8,6,4,-1.1593923405469657
