,flop,board_type,0b,1b,2b,profit
0,"[14, 14, 7]",rainbow,1,1,1,-1.050172511783951
1,"[14, 14, 7]",rainbow,2,2,2,-1.025435927456792
