,flop,board_type,0b,1b,2b,profit
0,"[14, 14, 6]",rainbow,1,1,1,-0.8221628201611813
1,"[14, 14, 6]",rainbow,8,6,4,-0.12216112137004698
2,"[14, 14, 6]",rainbow,10,7,5,0.33378472458190644
