,flop,board_type,0b,1b,2b,profit
0,"[14, 13, 13]",rainbow,1,1,1,-2.265697559546144
1,"[14, 13, 13]",rainbow,8,6,4,-2.1358873140568555
2,"[14, 13, 13]",rainbow,15,10,7,-1.9183035081713866
3,"[14, 13, 13]",rainbow,16,11,8,-1.4596846655025104
