,flop,board_type,0b,1b,2b,profit
0,"[14, 10, 2]",rainbow,1,1,1,-0.6756980702479372
1,"[14, 10, 2]",rainbow,2,2,2,-0.6681883574380187
