,flop,board_type,0b,1b,2b,profit
0,"[14, 9, 7]",rainbow,1,1,1,0.8451606271200001
1,"[14, 9, 7]",rainbow,8,6,4,1.0407536357953244
