,flop,board_type,0b,1b,2b,profit
0,"[14, 8, 6]",rainbow,1,1,1,1.0090786263199991
1,"[14, 8, 6]",rainbow,2,2,2,1.0193630534399993
