,flop,board_type,0b,1b,2b,profit
0,"[14, 6, 6]",rainbow,1,1,1,-1.8898790260754086
1,"[14, 6, 6]",rainbow,8,6,4,-1.3907069818056468
2,"[14, 6, 6]",rainbow,10,7,5,-1.2172900192138156
