,flop,board_type,0b,1b,2b,profit
0,"[14, 6, 4]",rainbow,1,1,1,-1.058588447261066
1,"[14, 6, 4]",rainbow,8,6,4,-0.5796971672140501
2,"[14, 6, 4]",rainbow,10,7,5,-0.36006736453993876
