,flop,board_type,0b,1b,2b,profit
0,"[14, 6, 3]",rainbow,1,1,1,-0.8946103502298663
1,"[14, 6, 3]",rainbow,8,6,4,-0.526068157808569
2,"[14, 6, 3]",rainbow,10,7,5,-0.38792493380934523
