,flop,board_type,0b,1b,2b,profit
0,"[14, 4, 3]",rainbow,1,1,1,-1.6169007794689623
1,"[14, 4, 3]",rainbow,8,6,4,-1.4860210373457245
