,flop,board_type,0b,1b,2b,profit
0,"[13, 13, 13]",rainbow,1,1,1,-0.4184158101806036
1,"[13, 13, 13]",rainbow,2,2,2,-0.4178261040326575
2,"[13, 13, 13]",rainbow,8,6,4,1.428832081673677
