,flop,board_type,0b,1b,2b,profit
0,"[13, 11, 7]",rainbow,1,1,1,-0.396762420113379
1,"[13, 11, 7]",rainbow,2,2,2,-0.011726492811792638
