,flop,board_type,0b,1b,2b,profit
0,"[13, 10, 6]",rainbow,1,1,1,0.28957781805813854
1,"[13, 10, 6]",rainbow,10,7,5,0.5783379597674414
