,flop,board_type,0b,1b,2b,profit
0,"[13, 10, 4]",rainbow,1,1,1,-0.21846630226753197
1,"[13, 10, 4]",rainbow,2,2,2,-0.12479126096385507
2,"[13, 10, 4]",rainbow,3,2,2,-0.11601257783132568
3,"[13, 10, 4]",rainbow,10,7,5,0.2322188446987952
