,flop,board_type,0b,1b,2b,profit
0,"[13, 9, 7]",rainbow,1,1,1,1.0229295698753373
1,"[13, 9, 7]",rainbow,8,6,4,1.4255744259403793
