,flop,board_type,0b,1b,2b,profit
0,"[13, 9, 6]",rainbow,1,1,1,0.8396887402584625
1,"[13, 9, 6]",rainbow,10,7,5,1.0089113688314535
