,flop,board_type,0b,1b,2b,profit
0,"[13, 9, 2]",rainbow,1,1,1,0.6402113140276808
1,"[13, 9, 2]",rainbow,8,6,4,0.9367444917404839
2,"[13, 9, 2]",rainbow,10,7,5,1.2148722611314886
