,flop,board_type,0b,1b,2b,profit
0,"[13, 8, 5]",rainbow,1,1,1,-0.4493617396203374
1,"[13, 8, 5]",rainbow,2,2,2,-0.44059847606736563
2,"[13, 8, 5]",rainbow,8,6,4,-0.1338734367700258
3,"[13, 8, 5]",rainbow,10,7,5,0.302342302886306
