,flop,board_type,0b,1b,2b,profit
0,"[13, 6, 6]",rainbow,1,1,1,-2.241039855174705
1,"[13, 6, 6]",rainbow,8,6,4,-1.1318580820212958
