,flop,board_type,0b,1b,2b,profit
0,"[13, 6, 5]",rainbow,1,1,1,-1.7444122084470937
1,"[13, 6, 5]",rainbow,8,6,4,-1.2507479907296182
2,"[13, 6, 5]",rainbow,10,7,5,-0.6964200149170886
