,flop,board_type,0b,1b,2b,profit
0,"[13, 5, 3]",rainbow,1,1,1,-1.7860429494314156
1,"[13, 5, 3]",rainbow,2,2,2,-1.7800844012437813
2,"[13, 5, 3]",rainbow,8,6,4,-0.8491089822672346
3,"[13, 5, 3]",rainbow,10,7,5,-0.213541063825609
