,flop,board_type,0b,1b,2b,profit
0,"[13, 3, 2]",rainbow,1,1,1,-1.2331671875969612
1,"[13, 3, 2]",rainbow,8,6,4,-0.2691788700549439
2,"[13, 3, 2]",rainbow,10,7,5,0.32089379480042
