,flop,board_type,0b,1b,2b,profit
0,"[12, 12, 4]",rainbow,1,1,1,1.1854518160752003
1,"[12, 12, 4]",rainbow,2,2,2,1.1901156342311197
