,flop,board_type,0b,1b,2b,profit
0,"[12, 9, 9]",rainbow,1,1,1,2.1798004205882338
1,"[12, 9, 9]",rainbow,8,6,4,2.2259739992647067
2,"[12, 9, 9]",rainbow,15,10,7,2.6570963380663746
3,"[12, 9, 9]",rainbow,16,11,8,2.6575986453944744
