,flop,board_type,0b,1b,2b,profit
0,"[12, 7, 2]",rainbow,1,1,1,-0.19433652148841007
1,"[12, 7, 2]",rainbow,2,2,2,-0.19095612254661054
