,flop,board_type,0b,1b,2b,profit
0,"[12, 6, 2]",rainbow,1,1,1,0.297816118208956
1,"[12, 6, 2]",rainbow,2,2,2,0.30183852769189706
2,"[12, 6, 2]",rainbow,3,2,2,0.3050680581316645
