,flop,board_type,0b,1b,2b,profit
0,"[12, 5, 4]",rainbow,1,1,1,-1.4901128450868555
1,"[12, 5, 4]",rainbow,2,2,2,-1.4746678147601777
