,flop,board_type,0b,1b,2b,profit
0,"[12, 3, 2]",rainbow,1,1,1,-0.11467378429006131
1,"[12, 3, 2]",rainbow,2,2,2,-0.09754301767748468
2,"[12, 3, 2]",rainbow,10,7,5,0.00910245196501016
