,flop,board_type,0b,1b,2b,profit
0,"[11, 11, 6]",rainbow,1,1,1,-0.05564139743737384
1,"[11, 11, 6]",rainbow,2,2,2,-0.04040593404117443
