,flop,board_type,0b,1b,2b,profit
0,"[11, 9, 4]",rainbow,1,1,1,-0.024546141086665973
1,"[11, 9, 4]",rainbow,2,2,2,-0.01037282570385789
2,"[11, 9, 4]",rainbow,10,7,5,0.3356512131647562
