,flop,board_type,0b,1b,2b,profit
0,"[11, 8, 8]",rainbow,1,1,1,0.34540950996557596
1,"[11, 8, 8]",rainbow,2,2,2,0.3716599942512899
2,"[11, 8, 8]",rainbow,3,2,2,0.4338784910757316
3,"[11, 8, 8]",rainbow,4,3,2,0.572237322267895
4,"[11, 8, 8]",rainbow,8,6,4,1.6958276359994806
