,flop,board_type,0b,1b,2b,profit
0,"[11, 8, 6]",rainbow,1,1,1,0.3256760329980406
1,"[11, 8, 6]",rainbow,8,6,4,0.5001217065675609
2,"[11, 8, 6]",rainbow,10,7,5,0.6479100799204265
