,flop,board_type,0b,1b,2b,profit
0,"[11, 5, 2]",rainbow,1,1,1,-2.8465844729452616
1,"[11, 5, 2]",rainbow,10,7,5,-2.4428935082352927
