,flop,board_type,0b,1b,2b,profit
0,"[11, 3, 3]",rainbow,1,1,1,-1.9240686165869574
1,"[11, 3, 3]",rainbow,8,6,4,-1.6363640591304347
2,"[11, 3, 3]",rainbow,10,7,5,-0.7587485644927544
