,flop,board_type,0b,1b,2b,profit
0,"[11, 3, 2]",rainbow,1,1,1,-1.8328617408043486
1,"[11, 3, 2]",rainbow,8,6,4,-1.775300470082126
2,"[11, 3, 2]",rainbow,10,7,5,-1.0839988955072464
