,flop,board_type,0b,1b,2b,profit
0,"[10, 10, 10]",rainbow,1,1,1,3.6810055154914956
1,"[10, 10, 10]",rainbow,2,2,2,3.6859200423915186
2,"[10, 10, 10]",rainbow,3,2,2,3.690651402354915
