,flop,board_type,0b,1b,2b,profit
0,"[10, 10, 5]",rainbow,1,1,1,2.1375383621339843
1,"[10, 10, 5]",rainbow,2,2,2,2.1404915712353674
