,flop,board_type,0b,1b,2b,profit
0,"[10, 8, 4]",rainbow,1,1,1,1.5130797522117885
1,"[10, 8, 4]",rainbow,2,2,2,2.3854758547626487
