,flop,board_type,0b,1b,2b,profit
0,"[10, 6, 2]",rainbow,1,1,1,0.0931461097487094
1,"[10, 6, 2]",rainbow,2,2,2,0.0977758080722882
