,flop,board_type,0b,1b,2b,profit
0,"[10, 5, 5]",rainbow,1,1,1,-2.2781266313447928
1,"[10, 5, 5]",rainbow,2,2,2,-2.26876370585187
2,"[10, 5, 5]",rainbow,10,7,5,-1.9830666294464105
