,flop,board_type,0b,1b,2b,profit
0,"[9, 9, 3]",rainbow,1,1,1,0.5451309402295916
1,"[9, 9, 3]",rainbow,2,2,2,0.5451608071266223
2,"[9, 9, 3]",rainbow,3,2,2,0.5539100886224492
