,flop,board_type,0b,1b,2b,profit
0,"[9, 8, 8]",rainbow,1,1,1,1.5767806391078734
1,"[9, 8, 8]",rainbow,8,6,4,2.0378898411835706
