,flop,board_type,0b,1b,2b,profit
0,"[9, 4, 2]",rainbow,1,1,1,-0.31589465948180484
1,"[9, 4, 2]",rainbow,2,2,2,-0.3133299298740828
