,flop,board_type,0b,1b,2b,profit
0,"[8, 3, 3]",rainbow,1,1,1,-0.639754326103856
1,"[8, 3, 3]",rainbow,2,2,2,-0.6347914923716973
2,"[8, 3, 3]",rainbow,10,7,5,-0.06708856345581604
