,flop,board_type,0b,1b,2b,profit
0,"[7, 4, 3]",rainbow,1,1,1,-3.082750640816327
1,"[7, 4, 3]",rainbow,2,2,2,-3.0726765281632655
