,flop,board_type,0b,1b,2b,profit
0,"[6, 6, 6]",rainbow,1,1,1,-3.2687635244863174
1,"[6, 6, 6]",rainbow,2,2,2,-3.2664928286179693
2,"[6, 6, 6]",rainbow,3,2,2,-3.2617120571193707
3,"[6, 6, 6]",rainbow,8,6,4,-2.9532359445843563
