,flop,board_type,0b,1b,2b,profit
0,"[5, 5, 3]",rainbow,1,1,1,-2.9565453710297254
1,"[5, 5, 3]",rainbow,2,2,2,-2.9550467364412603
2,"[5, 5, 3]",rainbow,8,6,4,-2.879935911701173
3,"[5, 5, 3]",rainbow,10,7,5,-2.771902218262616
