,flop,board_type,0b,1b,2b,profit
0,"[5, 4, 3]",rainbow,1,1,1,-4.209203081241858
1,"[5, 4, 3]",rainbow,2,2,2,-4.203633471428571
