,flop,board_type,0b,1b,2b,profit
0,"[5, 2, 2]",rainbow,1,1,1,-2.946930259633163
1,"[5, 2, 2]",rainbow,2,2,2,-2.9407345090388857
2,"[5, 2, 2]",rainbow,8,6,4,-2.6761987916324297
3,"[5, 2, 2]",rainbow,10,7,5,-2.2975752588159613
