,flop,board_type,0b,1b,2b,profit
0,"[14, 14, 13]",rainbow,1,1,1,-1.1074285324465243
1,"[14, 14, 13]",rainbow,2,2,2,-0.2256722710695187
2,"[14, 14, 13]",rainbow,3,2,2,0.10808792509358245
3,"[14, 14, 13]",rainbow,4,3,2,1.6284256199064169
4,"[14, 14, 13]",rainbow,8,6,4,2.6590510290909095
5,"[14, 14, 13]",rainbow,10,7,5,4.366394561176472
6,"[14, 14, 13]",rainbow,15,10,7,5.697941200374332
7,"[14, 14, 13]",rainbow,16,11,8,5.785435221564173
