,flop,board_type,0b,1b,2b,profit
0,"[14, 14, 9]",rainbow,1,1,1,-0.947612825789514
1,"[14, 14, 9]",rainbow,2,2,2,-0.9457563888585212
2,"[14, 14, 9]",rainbow,3,2,2,-0.9418251757865677
3,"[14, 14, 9]",rainbow,4,3,2,-0.6493255195439209
4,"[14, 14, 9]",rainbow,8,6,4,2.01714404431963
5,"[14, 14, 9]",rainbow,10,7,5,4.244226524911452
6,"[14, 14, 9]",rainbow,15,10,7,5.478012957223124
7,"[14, 14, 9]",rainbow,16,11,8,5.755872196428825
