,flop,board_type,0b,1b,2b,profit
0,"[14, 14, 8]",rainbow,1,1,1,-0.6350879582591591
1,"[14, 14, 8]",rainbow,8,6,4,1.404319736210229
2,"[14, 14, 8]",rainbow,10,7,5,3.9812322950295056
3,"[14, 14, 8]",rainbow,15,10,7,4.946062315812638
4,"[14, 14, 8]",rainbow,16,11,8,5.259883516487337
