,flop,board_type,0b,1b,2b,profit
0,"[14, 14, 6]",rainbow,1,1,1,-0.9449857444049248
1,"[14, 14, 6]",rainbow,2,2,2,-0.9425715551436387
2,"[14, 14, 6]",rainbow,3,2,2,-0.9387109736251711
3,"[14, 14, 6]",rainbow,4,3,2,-0.6011257757045136
4,"[14, 14, 6]",rainbow,8,6,4,1.2687178038782487
5,"[14, 14, 6]",rainbow,10,7,5,1.5599352567647051
6,"[14, 14, 6]",rainbow,15,10,7,5.47233612633379
7,"[14, 14, 6]",rainbow,16,11,8,5.895387702708618
