,flop,board_type,0b,1b,2b,profit
0,"[14, 14, 5]",rainbow,1,1,1,-1.1738898031874143
1,"[14, 14, 5]",rainbow,2,2,2,-1.168372586908344
2,"[14, 14, 5]",rainbow,8,6,4,0.3158906305335165
3,"[14, 14, 5]",rainbow,10,7,5,0.6066652496032834
4,"[14, 14, 5]",rainbow,15,10,7,4.770391921586867
5,"[14, 14, 5]",rainbow,16,11,8,5.258333378714091
