,flop,board_type,0b,1b,2b,profit
0,"[14, 13, 13]",rainbow,1,1,1,-2.1376414499999994
1,"[14, 13, 13]",rainbow,2,2,2,-1.2663803568888894
2,"[14, 13, 13]",rainbow,3,2,2,-1.004173558666667
3,"[14, 13, 13]",rainbow,4,3,2,0.5671306506666665
4,"[14, 13, 13]",rainbow,8,6,4,1.5864806506666664
5,"[14, 13, 13]",rainbow,10,7,5,3.363387101333334
6,"[14, 13, 13]",rainbow,15,10,7,4.374154088000001
7,"[14, 13, 13]",rainbow,16,11,8,4.432782438000001
