,flop,board_type,0b,1b,2b,profit
0,"[14, 13, 6]",rainbow,1,1,1,-1.874849225754716
1,"[14, 13, 6]",rainbow,2,2,2,-1.0532519250000005
2,"[14, 13, 6]",rainbow,3,2,2,-0.5709091728930825
3,"[14, 13, 6]",rainbow,4,3,2,1.1634519098322849
4,"[14, 13, 6]",rainbow,8,6,4,2.6232959215041918
5,"[14, 13, 6]",rainbow,10,7,5,2.623816548736897
6,"[14, 13, 6]",rainbow,15,10,7,4.6354291962421375
7,"[14, 13, 6]",rainbow,16,11,8,4.702405282625786
