,flop,board_type,0b,1b,2b,profit
0,"[14, 13, 5]",rainbow,1,1,1,-1.8651287026886787
1,"[14, 13, 5]",rainbow,2,2,2,-1.0567418497431866
2,"[14, 13, 5]",rainbow,3,2,2,-0.5634437433962262
3,"[14, 13, 5]",rainbow,4,3,2,0.6928133407704398
4,"[14, 13, 5]",rainbow,8,6,4,1.9549943366981133
5,"[14, 13, 5]",rainbow,15,10,7,4.450472585141509
6,"[14, 13, 5]",rainbow,16,11,8,4.5400824278773575
