,flop,board_type,0b,1b,2b,profit
0,"[14, 12, 10]",rainbow,1,1,1,7.60590514050471
1,"[14, 12, 10]",rainbow,8,6,4,8.722976252716677
2,"[14, 12, 10]",rainbow,10,7,5,9.371992902847602
3,"[14, 12, 10]",rainbow,15,10,7,9.851359848952603
4,"[14, 12, 10]",rainbow,16,11,8,9.863106069671378
