,flop,board_type,0b,1b,2b,profit
0,"[14, 12, 9]",rainbow,1,1,1,-1.2007868845035181
1,"[14, 12, 9]",rainbow,2,2,2,0.7011674868844684
2,"[14, 12, 9]",rainbow,3,2,2,1.0431110838879862
3,"[14, 12, 9]",rainbow,4,3,2,1.7004661179788951
4,"[14, 12, 9]",rainbow,8,6,4,2.9210435318790573
5,"[14, 12, 9]",rainbow,10,7,5,2.9258756530438292
6,"[14, 12, 9]",rainbow,15,10,7,4.696863913697238
