,flop,board_type,0b,1b,2b,profit
0,"[14, 12, 4]",rainbow,1,1,1,-1.0898215034751768
1,"[14, 12, 4]",rainbow,2,2,2,-0.36173054411938543
2,"[14, 12, 4]",rainbow,3,2,2,0.15716656964538944
3,"[14, 12, 4]",rainbow,4,3,2,1.255510915585106
4,"[14, 12, 4]",rainbow,8,6,4,2.7138691589893615
5,"[14, 12, 4]",rainbow,15,10,7,5.512337938191489
6,"[14, 12, 4]",rainbow,16,11,8,5.629515987606382
