,flop,board_type,0b,1b,2b,profit
0,"[14, 11, 11]",rainbow,1,1,1,-1.6127546581608514
1,"[14, 11, 11]",rainbow,8,6,4,1.9829810299231216
2,"[14, 11, 11]",rainbow,10,7,5,2.9696832451803665
3,"[14, 11, 11]",rainbow,15,10,7,4.312588452542874
4,"[14, 11, 11]",rainbow,16,11,8,4.380896746481372
