,flop,board_type,0b,1b,2b,profit
0,"[14, 11, 7]",rainbow,1,1,1,-1.5797517841083035
1,"[14, 11, 7]",rainbow,2,2,2,-0.7672287422483773
2,"[14, 11, 7]",rainbow,3,2,2,0.7272028747854825
3,"[14, 11, 7]",rainbow,4,3,2,2.9813331613926257
4,"[14, 11, 7]",rainbow,8,6,4,2.9829695129928107
5,"[14, 11, 7]",rainbow,15,10,7,4.571593499472401
6,"[14, 11, 7]",rainbow,16,11,8,4.575995141790351
