,flop,board_type,0b,1b,2b,profit
0,"[14, 10, 8]",rainbow,1,1,1,-0.5845738700025158
1,"[14, 10, 8]",rainbow,2,2,2,0.3458212035453858
2,"[14, 10, 8]",rainbow,3,2,2,0.9562097918657273
3,"[14, 10, 8]",rainbow,4,3,2,2.147180479758612
4,"[14, 10, 8]",rainbow,8,6,4,2.151130720517978
5,"[14, 10, 8]",rainbow,15,10,7,3.771324793908725
6,"[14, 10, 8]",rainbow,16,11,8,3.7761654559026905
