,flop,board_type,0b,1b,2b,profit
0,"[14, 10, 2]",rainbow,1,1,1,-1.4578547027720385
1,"[14, 10, 2]",rainbow,2,2,2,-1.4458765630681827
2,"[14, 10, 2]",rainbow,3,2,2,-0.6797517239382467
3,"[14, 10, 2]",rainbow,4,3,2,1.002355000969926
4,"[14, 10, 2]",rainbow,8,6,4,2.5858829605429285
5,"[14, 10, 2]",rainbow,10,7,5,2.5895214382747938
6,"[14, 10, 2]",rainbow,15,10,7,4.549544356272955
7,"[14, 10, 2]",rainbow,16,11,8,4.604276970029843
