,flop,board_type,0b,1b,2b,profit
0,"[14, 9, 8]",rainbow,1,1,1,-0.2504920454712818
1,"[14, 9, 8]",rainbow,2,2,2,0.6466517566273933
2,"[14, 9, 8]",rainbow,3,2,2,1.3245330342415318
3,"[14, 9, 8]",rainbow,4,3,2,2.5499375872606778
4,"[14, 9, 8]",rainbow,8,6,4,3.384672259204713
5,"[14, 9, 8]",rainbow,10,7,5,4.757778223858615
6,"[14, 9, 8]",rainbow,15,10,7,5.953204807437407
7,"[14, 9, 8]",rainbow,16,11,8,6.096996186855671
