,flop,board_type,0b,1b,2b,profit
0,"[14, 8, 8]",rainbow,1,1,1,-0.43928946368092714
1,"[14, 8, 8]",rainbow,2,2,2,-0.43562577116755874
2,"[14, 8, 8]",rainbow,3,2,2,-0.4315917323975037
3,"[14, 8, 8]",rainbow,4,3,2,0.017528389928698762
4,"[14, 8, 8]",rainbow,8,6,4,2.0863464146613184
5,"[14, 8, 8]",rainbow,10,7,5,4.059990731840462
6,"[14, 8, 8]",rainbow,15,10,7,5.07498854294786
7,"[14, 8, 8]",rainbow,16,11,8,5.34500700980392
