,flop,board_type,0b,1b,2b,profit
0,"[14, 8, 3]",rainbow,1,1,1,-0.758439697842503
1,"[14, 8, 3]",rainbow,2,2,2,-0.7583546900431495
2,"[14, 8, 3]",rainbow,8,6,4,1.1679895573139163
3,"[14, 8, 3]",rainbow,10,7,5,1.9586430362783176
4,"[14, 8, 3]",rainbow,15,10,7,5.1867003692556635
5,"[14, 8, 3]",rainbow,16,11,8,5.457210967874865
