,flop,board_type,0b,1b,2b,profit
0,"[14, 7, 2]",rainbow,1,1,1,-0.3644609821428565
1,"[14, 7, 2]",rainbow,8,6,4,1.844506514130435
2,"[14, 7, 2]",rainbow,10,7,5,2.55515606878882
3,"[14, 7, 2]",rainbow,15,10,7,5.656935136413045
4,"[14, 7, 2]",rainbow,16,11,8,5.948817151319876
