,flop,board_type,0b,1b,2b,profit
0,"[14, 6, 3]",rainbow,1,1,1,-0.5930408703225802
1,"[14, 6, 3]",rainbow,8,6,4,2.0392021183410143
2,"[14, 6, 3]",rainbow,10,7,5,2.7961607870046086
3,"[14, 6, 3]",rainbow,15,10,7,6.000066186298003
4,"[14, 6, 3]",rainbow,16,11,8,6.352366504823349
