,flop,board_type,0b,1b,2b,profit
0,"[14, 5, 3]",rainbow,1,1,1,-0.629331319447004
1,"[14, 5, 3]",rainbow,8,6,4,1.45627427281106
2,"[14, 5, 3]",rainbow,10,7,5,2.2057914059907837
3,"[14, 5, 3]",rainbow,15,10,7,5.5129249012903205
4,"[14, 5, 3]",rainbow,16,11,8,5.969609028725037
