,flop,board_type,0b,1b,2b,profit
0,"[14, 4, 2]",rainbow,1,1,1,-1.1797846571428579
1,"[14, 4, 2]",rainbow,8,6,4,0.9340652334821433
2,"[14, 4, 2]",rainbow,10,7,5,1.6573534732142852
3,"[14, 4, 2]",rainbow,15,10,7,4.868534563839287
4,"[14, 4, 2]",rainbow,16,11,8,5.308737047916667
