,flop,board_type,0b,1b,2b,profit
0,"[13, 13, 10]",rainbow,1,1,1,-3.9270457930341562
1,"[13, 13, 10]",rainbow,2,2,2,-3.1202660556941764
2,"[13, 13, 10]",rainbow,3,2,2,-3.1113903750679723
3,"[13, 13, 10]",rainbow,8,6,4,-1.6611873533568873
4,"[13, 13, 10]",rainbow,10,7,5,-1.1955964364365022
5,"[13, 13, 10]",rainbow,15,10,7,0.31917022423459285
6,"[13, 13, 10]",rainbow,16,11,8,0.37850582777274244
