,flop,board_type,0b,1b,2b,profit
0,"[13, 13, 7]",rainbow,1,1,1,-3.723429687917934
1,"[13, 13, 7]",rainbow,8,6,4,-1.0673843724620058
2,"[13, 13, 7]",rainbow,10,7,5,0.14289753557750728
3,"[13, 13, 7]",rainbow,15,10,7,0.6722934636018238
4,"[13, 13, 7]",rainbow,16,11,8,0.8295479109118533
