,flop,board_type,0b,1b,2b,profit
0,"[13, 11, 11]",rainbow,1,1,1,-3.061870038960053
1,"[13, 11, 11]",rainbow,2,2,2,-2.313858958174121
2,"[13, 11, 11]",rainbow,3,2,2,-1.9838190999565788
3,"[13, 11, 11]",rainbow,4,3,2,-1.4206627957772473
4,"[13, 11, 11]",rainbow,8,6,4,-0.48569225411419925
5,"[13, 11, 11]",rainbow,10,7,5,0.3655864588688664
6,"[13, 11, 11]",rainbow,15,10,7,1.9501078110833694
7,"[13, 11, 11]",rainbow,16,11,8,2.0655151248046026
