,flop,board_type,0b,1b,2b,profit
0,"[13, 11, 7]",rainbow,1,1,1,-2.2704626963270518
1,"[13, 11, 7]",rainbow,2,2,2,0.34966529836048066
2,"[13, 11, 7]",rainbow,3,2,2,1.0754982857180873
3,"[13, 11, 7]",rainbow,4,3,2,2.0381606453955063
4,"[13, 11, 7]",rainbow,8,6,4,2.815915023123601
5,"[13, 11, 7]",rainbow,10,7,5,3.5289065893111884
6,"[13, 11, 7]",rainbow,15,10,7,4.907787865719152
