,flop,board_type,0b,1b,2b,profit
0,"[13, 11, 2]",rainbow,1,1,1,-3.0387961186893953
1,"[13, 11, 2]",rainbow,2,2,2,-2.3517451063488823
2,"[13, 11, 2]",rainbow,3,2,2,-1.7698808845360823
3,"[13, 11, 2]",rainbow,4,3,2,-0.8446310482392569
4,"[13, 11, 2]",rainbow,8,6,4,0.17624338046340782
5,"[13, 11, 2]",rainbow,10,7,5,0.9776687229355918
6,"[13, 11, 2]",rainbow,15,10,7,4.2303570767786045
7,"[13, 11, 2]",rainbow,16,11,8,4.354932816004899
