,flop,board_type,0b,1b,2b,profit
0,"[13, 10, 7]",rainbow,1,1,1,-1.4703873884335747
1,"[13, 10, 7]",rainbow,2,2,2,0.19052861245869113
2,"[13, 10, 7]",rainbow,3,2,2,0.1969962491407795
3,"[13, 10, 7]",rainbow,8,6,4,0.9170456424983475
4,"[13, 10, 7]",rainbow,10,7,5,1.6929672459517515
5,"[13, 10, 7]",rainbow,15,10,7,3.2741618870786513
