,flop,board_type,0b,1b,2b,profit
0,"[13, 9, 4]",rainbow,1,1,1,-3.031089902755418
1,"[13, 9, 4]",rainbow,8,6,4,0.4258600137151698
2,"[13, 9, 4]",rainbow,10,7,5,1.1395464808668725
3,"[13, 9, 4]",rainbow,15,10,7,3.247706084860681
