,flop,board_type,0b,1b,2b,profit
0,"[13, 8, 5]",rainbow,1,1,1,-1.6843947538966357
1,"[13, 8, 5]",rainbow,8,6,4,0.8525219508818709
2,"[13, 8, 5]",rainbow,10,7,5,1.5075839776456113
3,"[13, 8, 5]",rainbow,15,10,7,3.545132090853158
4,"[13, 8, 5]",rainbow,16,11,8,3.668959731337161
