,flop,board_type,0b,1b,2b,profit
0,"[13, 7, 5]",rainbow,1,1,1,-1.5190430159574468
1,"[13, 7, 5]",rainbow,8,6,4,1.219711613475177
2,"[13, 7, 5]",rainbow,10,7,5,2.104663705673759
3,"[13, 7, 5]",rainbow,15,10,7,4.398131469858157
4,"[13, 7, 5]",rainbow,16,11,8,4.59846160638298
