,flop,board_type,0b,1b,2b,profit
0,"[13, 5, 2]",rainbow,1,1,1,-2.5731247232993204
1,"[13, 5, 2]",rainbow,2,2,2,-2.5613491209183676
2,"[13, 5, 2]",rainbow,8,6,4,0.18985186241496566
3,"[13, 5, 2]",rainbow,10,7,5,1.0580822778911556
4,"[13, 5, 2]",rainbow,15,10,7,3.6246156508503407
5,"[13, 5, 2]",rainbow,16,11,8,3.970371079931973
