,flop,board_type,0b,1b,2b,profit
0,"[13, 4, 3]",rainbow,1,1,1,-3.06464967079208
1,"[13, 4, 3]",rainbow,2,2,2,-3.0621754026402637
2,"[13, 4, 3]",rainbow,3,2,2,-3.0617904744224425
3,"[13, 4, 3]",rainbow,4,3,2,-3.0546502986798676
4,"[13, 4, 3]",rainbow,8,6,4,-0.30852974504950487
5,"[13, 4, 3]",rainbow,10,7,5,0.5498746509900991
6,"[13, 4, 3]",rainbow,15,10,7,3.0353737986798683
7,"[13, 4, 3]",rainbow,16,11,8,3.3771181014851477
