,flop,board_type,0b,1b,2b,profit
0,"[13, 2, 2]",rainbow,1,1,1,-3.459768409075907
1,"[13, 2, 2]",rainbow,8,6,4,-0.7340657925742571
2,"[13, 2, 2]",rainbow,10,7,5,-0.723120520957095
3,"[13, 2, 2]",rainbow,15,10,7,0.7428790392739268
4,"[13, 2, 2]",rainbow,16,11,8,1.0615303110561054
