,flop,board_type,0b,1b,2b,profit
0,"[12, 12, 9]",rainbow,1,1,1,-1.522925009123774
1,"[12, 12, 9]",rainbow,2,2,2,-0.5920990018198538
2,"[12, 12, 9]",rainbow,3,2,2,-0.14591075811274568
3,"[12, 12, 9]",rainbow,4,3,2,1.3296761448774501
4,"[12, 12, 9]",rainbow,8,6,4,2.4421414165625004
5,"[12, 12, 9]",rainbow,10,7,5,2.4437655084375
6,"[12, 12, 9]",rainbow,15,10,7,3.4927651639338233
