,flop,board_type,0b,1b,2b,profit
0,"[12, 12, 8]",rainbow,1,1,1,-1.209418395613083
1,"[12, 12, 8]",rainbow,8,6,4,1.8712681770974524
2,"[12, 12, 8]",rainbow,10,7,5,2.3814758419456488
3,"[12, 12, 8]",rainbow,15,10,7,3.229890359751966
4,"[12, 12, 8]",rainbow,16,11,8,3.396750890349689
