,flop,board_type,0b,1b,2b,profit
0,"[12, 12, 7]",rainbow,1,1,1,-1.3345948811733321
1,"[12, 12, 7]",rainbow,8,6,4,1.9571915330495573
2,"[12, 12, 7]",rainbow,10,7,5,2.9366274819458646
3,"[12, 12, 7]",rainbow,15,10,7,3.4267592471835338
4,"[12, 12, 7]",rainbow,16,11,8,3.634599303411706
