,flop,board_type,0b,1b,2b,profit
0,"[12, 12, 4]",rainbow,1,1,1,-2.7795441493827164
1,"[12, 12, 4]",rainbow,2,2,2,-2.7745207141975303
2,"[12, 12, 4]",rainbow,3,2,2,-2.771988305643739
3,"[12, 12, 4]",rainbow,4,3,2,-2.564869810052911
4,"[12, 12, 4]",rainbow,8,6,4,-0.1802285942901225
5,"[12, 12, 4]",rainbow,10,7,5,0.06225722328042327
6,"[12, 12, 4]",rainbow,15,10,7,1.9826856955026457
7,"[12, 12, 4]",rainbow,16,11,8,2.2881907834215167
