,flop,board_type,0b,1b,2b,profit
0,"[12, 12, 2]",rainbow,1,1,1,-2.7803014062610227
1,"[12, 12, 2]",rainbow,8,6,4,-0.18448303635361452
2,"[12, 12, 2]",rainbow,10,7,5,0.05975298888888858
3,"[12, 12, 2]",rainbow,15,10,7,1.9786629724647264
4,"[12, 12, 2]",rainbow,16,11,8,2.2859875998236325
