,flop,board_type,0b,1b,2b,profit
0,"[12, 9, 9]",rainbow,1,1,1,-2.483485037413912
1,"[12, 9, 9]",rainbow,2,2,2,-1.5678055106921487
2,"[12, 9, 9]",rainbow,3,2,2,-1.0271718863636365
3,"[12, 9, 9]",rainbow,4,3,2,0.36754311108815463
4,"[12, 9, 9]",rainbow,8,6,4,1.5135862661157036
5,"[12, 9, 9]",rainbow,10,7,5,1.5139666819214888
6,"[12, 9, 9]",rainbow,15,10,7,2.5878112508781
