,flop,board_type,0b,1b,2b,profit
0,"[12, 9, 8]",rainbow,1,1,1,1.8169320495082188
1,"[12, 9, 8]",rainbow,2,2,2,1.8207118031973621
2,"[12, 9, 8]",rainbow,3,2,2,2.553389417888334
3,"[12, 9, 8]",rainbow,4,3,2,4.780403970060147
4,"[12, 9, 8]",rainbow,8,6,4,4.781989767199734
5,"[12, 9, 8]",rainbow,15,10,7,5.501645545143597
