,flop,board_type,0b,1b,2b,profit
0,"[12, 9, 4]",rainbow,1,1,1,-2.4547860124434386
1,"[12, 9, 4]",rainbow,2,2,2,-1.6409871087588885
2,"[12, 9, 4]",rainbow,3,2,2,-1.0324469906270197
3,"[12, 9, 4]",rainbow,4,3,2,0.12310211409178962
4,"[12, 9, 4]",rainbow,8,6,4,1.1730333914027147
5,"[12, 9, 4]",rainbow,10,7,5,1.7970343852617974
6,"[12, 9, 4]",rainbow,15,10,7,3.9079984227537166
