,flop,board_type,0b,1b,2b,profit
0,"[12, 8, 5]",rainbow,1,1,1,-1.0271808690180113
1,"[12, 8, 5]",rainbow,8,6,4,1.6420046214837047
2,"[12, 8, 5]",rainbow,10,7,5,2.5598489396869635
3,"[12, 8, 5]",rainbow,15,10,7,4.504008421419381
4,"[12, 8, 5]",rainbow,16,11,8,4.639097984605488
