,flop,board_type,0b,1b,2b,profit
0,"[12, 8, 2]",rainbow,1,1,1,-1.7138929865021775
1,"[12, 8, 2]",rainbow,2,2,2,-1.7088210920174178
2,"[12, 8, 2]",rainbow,3,2,2,-1.0369347264980304
3,"[12, 8, 2]",rainbow,4,3,2,0.35859102689197453
4,"[12, 8, 2]",rainbow,8,6,4,0.8776056577234082
5,"[12, 8, 2]",rainbow,10,7,5,1.8080676371552964
6,"[12, 8, 2]",rainbow,15,10,7,3.984230182148039
7,"[12, 8, 2]",rainbow,16,11,8,4.1082112374455715
