,flop,board_type,0b,1b,2b,profit
0,"[12, 7, 5]",rainbow,1,1,1,-0.9102315699999999
1,"[12, 7, 5]",rainbow,2,2,2,-0.9044325737037036
2,"[12, 7, 5]",rainbow,3,2,2,-0.5556578680864195
3,"[12, 7, 5]",rainbow,4,3,2,0.25929884228395106
4,"[12, 7, 5]",rainbow,8,6,4,2.0187935887962967
5,"[12, 7, 5]",rainbow,10,7,5,3.483934982623458
6,"[12, 7, 5]",rainbow,15,10,7,5.423404598117285
7,"[12, 7, 5]",rainbow,16,11,8,5.610015720864197
