,flop,board_type,0b,1b,2b,profit
0,"[12, 6, 6]",rainbow,1,1,1,-2.4294880053782513
1,"[12, 6, 6]",rainbow,2,2,2,-2.42043682570922
2,"[12, 6, 6]",rainbow,8,6,4,1.1298553870271861
3,"[12, 6, 6]",rainbow,10,7,5,2.2328777730791964
4,"[12, 6, 6]",rainbow,15,10,7,2.5619333882978728
5,"[12, 6, 6]",rainbow,16,11,8,2.7962474037825062
