,flop,board_type,0b,1b,2b,profit
0,"[12, 5, 2]",rainbow,1,1,1,-1.993604513002365
1,"[12, 5, 2]",rainbow,8,6,4,0.7409119490248226
2,"[12, 5, 2]",rainbow,10,7,5,1.8025762598995276
3,"[12, 5, 2]",rainbow,15,10,7,4.565117406471632
4,"[12, 5, 2]",rainbow,16,11,8,4.882509912086289
