,flop,board_type,0b,1b,2b,profit
0,"[12, 4, 2]",rainbow,1,1,1,-2.618049972365407
1,"[12, 4, 2]",rainbow,8,6,4,0.10535371411798444
2,"[12, 4, 2]",rainbow,10,7,5,1.16319609725086
3,"[12, 4, 2]",rainbow,15,10,7,3.848133824026347
4,"[12, 4, 2]",rainbow,16,11,8,4.161483300973654
