,flop,board_type,0b,1b,2b,profit
0,"[12, 3, 3]",rainbow,1,1,1,-3.17217780120275
1,"[12, 3, 3]",rainbow,2,2,2,-3.1620678139748
2,"[12, 3, 3]",rainbow,8,6,4,-0.44848276938717013
3,"[12, 3, 3]",rainbow,10,7,5,-0.12960477299541784
4,"[12, 3, 3]",rainbow,15,10,7,1.3404173399484534
5,"[12, 3, 3]",rainbow,16,11,8,1.6414363020045821
