,flop,board_type,0b,1b,2b,profit
0,"[11, 11, 4]",rainbow,1,1,1,-3.0536194166322312
1,"[11, 11, 4]",rainbow,2,2,2,-3.0449016700413223
2,"[11, 11, 4]",rainbow,8,6,4,-0.6706235170306964
3,"[11, 11, 4]",rainbow,10,7,5,0.30877427812376923
4,"[11, 11, 4]",rainbow,15,10,7,0.6876503757231403
5,"[11, 11, 4]",rainbow,16,11,8,0.9260513635207595
