,flop,board_type,0b,1b,2b,profit
0,"[11, 11, 2]",rainbow,1,1,1,-3.058654855349764
1,"[11, 11, 2]",rainbow,2,2,2,-3.058205535598681
2,"[11, 11, 2]",rainbow,3,2,2,-3.055566069121408
3,"[11, 11, 2]",rainbow,4,3,2,-2.7339657797692833
4,"[11, 11, 2]",rainbow,8,6,4,-0.6694989378148364
5,"[11, 11, 2]",rainbow,10,7,5,-0.32422223743358813
6,"[11, 11, 2]",rainbow,15,10,7,0.6806554652031687
7,"[11, 11, 2]",rainbow,16,11,8,0.9253767511191455
