,flop,board_type,0b,1b,2b,profit
0,"[11, 10, 10]",rainbow,1,1,1,-0.6275364498538967
1,"[11, 10, 10]",rainbow,2,2,2,0.2275041723863631
2,"[11, 10, 10]",rainbow,3,2,2,0.7790729972077928
3,"[11, 10, 10]",rainbow,4,3,2,1.2766142015909092
4,"[11, 10, 10]",rainbow,8,6,4,1.278417158733766
5,"[11, 10, 10]",rainbow,15,10,7,3.110380055162337
6,"[11, 10, 10]",rainbow,16,11,8,3.1139438489123377
