,flop,board_type,0b,1b,2b,profit
0,"[11, 10, 8]",rainbow,1,1,1,1.6119819313238652
1,"[11, 10, 8]",rainbow,2,2,2,4.315469424979047
2,"[11, 10, 8]",rainbow,3,2,2,4.7265021450658375
3,"[11, 10, 8]",rainbow,4,3,2,5.443030622267537
4,"[11, 10, 8]",rainbow,15,10,7,6.303891738454685
