,flop,board_type,0b,1b,2b,profit
0,"[11, 8, 6]",rainbow,1,1,1,-0.512226812637363
1,"[11, 8, 6]",rainbow,2,2,2,0.18696441483516413
2,"[11, 8, 6]",rainbow,3,2,2,0.6020092604395602
3,"[11, 8, 6]",rainbow,4,3,2,1.4744498082417588
4,"[11, 8, 6]",rainbow,8,6,4,2.3543171703296704
5,"[11, 8, 6]",rainbow,10,7,5,3.4173527192307684
6,"[11, 8, 6]",rainbow,15,10,7,4.912313907142857
7,"[11, 8, 6]",rainbow,16,11,8,5.007708386813187
