,flop,board_type,0b,1b,2b,profit
0,"[11, 8, 5]",rainbow,1,1,1,-0.5076047983516481
1,"[11, 8, 5]",rainbow,2,2,2,0.18275728021977944
2,"[11, 8, 5]",rainbow,3,2,2,0.5995352906593401
3,"[11, 8, 5]",rainbow,4,3,2,1.4846416340659334
4,"[11, 8, 5]",rainbow,8,6,4,1.8727123395604395
5,"[11, 8, 5]",rainbow,10,7,5,3.150559988461537
6,"[11, 8, 5]",rainbow,15,10,7,4.904253464285713
7,"[11, 8, 5]",rainbow,16,11,8,5.017799859340659
