,flop,board_type,0b,1b,2b,profit
0,"[11, 7, 7]",rainbow,1,1,1,-1.1568221165626464
1,"[11, 7, 7]",rainbow,8,6,4,1.6013501583232415
2,"[11, 7, 7]",rainbow,10,7,5,1.8622369118863524
3,"[11, 7, 7]",rainbow,15,10,7,2.6255583496599906
4,"[11, 7, 7]",rainbow,16,11,8,2.7197524623008844
