,flop,board_type,0b,1b,2b,profit
0,"[11, 6, 2]",rainbow,1,1,1,-1.2641413612991514
1,"[11, 6, 2]",rainbow,8,6,4,2.4415477790894995
2,"[11, 6, 2]",rainbow,10,7,5,3.950153261217041
3,"[11, 6, 2]",rainbow,15,10,7,5.76199420355807
4,"[11, 6, 2]",rainbow,16,11,8,5.929615927032206
