,flop,board_type,0b,1b,2b,profit
0,"[11, 5, 2]",rainbow,1,1,1,-1.3102183987044977
1,"[11, 5, 2]",rainbow,8,6,4,1.9358015016056938
2,"[11, 5, 2]",rainbow,10,7,5,3.4078552329440743
3,"[11, 5, 2]",rainbow,15,10,7,5.269657794453061
4,"[11, 5, 2]",rainbow,16,11,8,5.519992162549038
