,flop,board_type,0b,1b,2b,profit
0,"[10, 9, 7]",rainbow,1,1,1,0.9210840272629304
1,"[10, 9, 7]",rainbow,2,2,2,4.4418498552801715
2,"[10, 9, 7]",rainbow,3,2,2,5.108806381477489
3,"[10, 9, 7]",rainbow,4,3,2,6.38391295802203
4,"[10, 9, 7]",rainbow,10,7,5,6.388224993043581
5,"[10, 9, 7]",rainbow,15,10,7,6.7292325696360145
