,flop,board_type,0b,1b,2b,profit
0,"[10, 8, 7]",rainbow,1,1,1,1.4277315782005553
1,"[10, 8, 7]",rainbow,2,2,2,2.1366874245474956
2,"[10, 8, 7]",rainbow,3,2,2,3.3603809987613946
3,"[10, 8, 7]",rainbow,4,3,2,4.996856389169638
4,"[10, 8, 7]",rainbow,8,6,4,5.397927490031708
5,"[10, 8, 7]",rainbow,10,7,5,5.823493612805521
6,"[10, 8, 7]",rainbow,15,10,7,6.2805189223972775
