,flop,board_type,0b,1b,2b,profit
0,"[10, 8, 5]",rainbow,1,1,1,0.43460926724137827
1,"[10, 8, 5]",rainbow,8,6,4,1.3231199386288994
2,"[10, 8, 5]",rainbow,10,7,5,2.6237114990763546
3,"[10, 8, 5]",rainbow,15,10,7,4.520505604885056
4,"[10, 8, 5]",rainbow,16,11,8,4.525857952586206
