,flop,board_type,0b,1b,2b,profit
0,"[10, 5, 3]",rainbow,1,1,1,-0.5049110722410873
1,"[10, 5, 3]",rainbow,2,2,2,-0.5029185468590832
2,"[10, 5, 3]",rainbow,3,2,2,-0.5023674824278431
3,"[10, 5, 3]",rainbow,4,3,2,-0.06936502990945015
4,"[10, 5, 3]",rainbow,8,6,4,1.7304913964346351
5,"[10, 5, 3]",rainbow,10,7,5,3.5645355662705147
6,"[10, 5, 3]",rainbow,15,10,7,5.080127371816639
7,"[10, 5, 3]",rainbow,16,11,8,5.158818701697793
