,flop,board_type,0b,1b,2b,profit
0,"[10, 5, 2]",rainbow,1,1,1,-0.5142971461799658
1,"[10, 5, 2]",rainbow,2,2,2,-0.5123566155348037
2,"[10, 5, 2]",rainbow,8,6,4,1.7271728377475943
3,"[10, 5, 2]",rainbow,10,7,5,3.2535379146576124
4,"[10, 5, 2]",rainbow,15,10,7,5.059568745840407
5,"[10, 5, 2]",rainbow,16,11,8,5.149073155065082
