,flop,board_type,0b,1b,2b,profit
0,"[10, 4, 3]",rainbow,1,1,1,-1.0123458721217105
1,"[10, 4, 3]",rainbow,8,6,4,1.1919763667763152
2,"[10, 4, 3]",rainbow,10,7,5,3.0275776666666667
3,"[10, 4, 3]",rainbow,15,10,7,4.4831296225328945
4,"[10, 4, 3]",rainbow,16,11,8,4.547364087171053
