,flop,board_type,0b,1b,2b,profit
0,"[10, 2, 2]",rainbow,1,1,1,-1.5113699991776315
1,"[10, 2, 2]",rainbow,8,6,4,0.6827258464364028
2,"[10, 2, 2]",rainbow,10,7,5,1.1271303797697363
3,"[10, 2, 2]",rainbow,15,10,7,1.806814233388158
4,"[10, 2, 2]",rainbow,16,11,8,1.8817117886787285
