,flop,board_type,0b,1b,2b,profit
0,"[9, 9, 3]",rainbow,1,1,1,-2.245021239407089
1,"[9, 9, 3]",rainbow,2,2,2,-2.2376901326917293
2,"[9, 9, 3]",rainbow,3,2,2,-2.2366453162792688
3,"[9, 9, 3]",rainbow,4,3,2,-1.863503233993556
4,"[9, 9, 3]",rainbow,8,6,4,0.18903259345864698
5,"[9, 9, 3]",rainbow,10,7,5,0.9407305022513428
6,"[9, 9, 3]",rainbow,15,10,7,2.7923113487518805
7,"[9, 9, 3]",rainbow,16,11,8,2.924699162586466
