,flop,board_type,0b,1b,2b,profit
0,"[9, 8, 6]",rainbow,1,1,1,1.0242538823275855
1,"[9, 8, 6]",rainbow,2,2,2,2.599999224449234
2,"[9, 8, 6]",rainbow,3,2,2,3.5727017570881214
3,"[9, 8, 6]",rainbow,4,3,2,5.347356022964557
4,"[9, 8, 6]",rainbow,8,6,4,5.6772269109913776
5,"[9, 8, 6]",rainbow,10,7,5,6.124546712954979
6,"[9, 8, 6]",rainbow,15,10,7,6.246835182590995
7,"[9, 8, 6]",rainbow,16,11,8,6.25150507078544
