,flop,board_type,0b,1b,2b,profit
0,"[9, 7, 2]",rainbow,1,1,1,-0.7564470227323629
1,"[9, 7, 2]",rainbow,2,2,2,-0.754021604367301
2,"[9, 7, 2]",rainbow,3,2,2,-0.4012869624300123
3,"[9, 7, 2]",rainbow,4,3,2,0.061150848152295545
4,"[9, 7, 2]",rainbow,8,6,4,0.7782791179171329
5,"[9, 7, 2]",rainbow,10,7,5,1.6440598928331465
6,"[9, 7, 2]",rainbow,15,10,7,3.444562198152295
