,flop,board_type,0b,1b,2b,profit
0,"[9, 6, 2]",rainbow,1,1,1,-0.9337717479224388
1,"[9, 6, 2]",rainbow,2,2,2,-0.22649620011080263
2,"[9, 6, 2]",rainbow,3,2,2,-0.21923598734072103
3,"[9, 6, 2]",rainbow,4,3,2,0.19746422783933504
4,"[9, 6, 2]",rainbow,8,6,4,1.3587054560941823
5,"[9, 6, 2]",rainbow,10,7,5,2.145764365263158
6,"[9, 6, 2]",rainbow,15,10,7,3.8737745678670352
7,"[9, 6, 2]",rainbow,16,11,8,3.9881329471745137
