,flop,board_type,0b,1b,2b,profit
0,"[9, 5, 4]",rainbow,1,1,1,-1.0000034575069252
1,"[9, 5, 4]",rainbow,8,6,4,1.3662639985318557
2,"[9, 5, 4]",rainbow,10,7,5,2.1721318033795
3,"[9, 5, 4]",rainbow,15,10,7,3.8968710829916886
4,"[9, 5, 4]",rainbow,16,11,8,4.012897637534625
