,flop,board_type,0b,1b,2b,profit
0,"[9, 4, 4]",rainbow,1,1,1,-1.8315213896348017
1,"[9, 4, 4]",rainbow,8,6,4,0.575594142991408
2,"[9, 4, 4]",rainbow,10,7,5,1.3737829222610098
3,"[9, 4, 4]",rainbow,15,10,7,3.0277663809076265
4,"[9, 4, 4]",rainbow,16,11,8,3.1468180836466164
