,flop,board_type,0b,1b,2b,profit
0,"[8, 8, 8]",rainbow,1,1,1,0.2558042721881997
1,"[8, 8, 8]",rainbow,8,6,4,2.550163168578825
2,"[8, 8, 8]",rainbow,10,7,5,4.366953525261749
3,"[8, 8, 8]",rainbow,15,10,7,5.2758393285221254
4,"[8, 8, 8]",rainbow,16,11,8,5.507396894561463
