,flop,board_type,0b,1b,2b,profit
0,"[8, 6, 6]",rainbow,1,1,1,0.20241970246208774
1,"[8, 6, 6]",rainbow,2,2,2,0.21276138927743093
2,"[8, 6, 6]",rainbow,3,2,2,0.5325469066101691
3,"[8, 6, 6]",rainbow,4,3,2,0.9716713469669944
4,"[8, 6, 6]",rainbow,8,6,4,2.5603815179661016
5,"[8, 6, 6]",rainbow,10,7,5,4.277837682105264
6,"[8, 6, 6]",rainbow,15,10,7,4.776019026859946
7,"[8, 6, 6]",rainbow,16,11,8,4.989134224451384
