,flop,board_type,0b,1b,2b,profit
0,"[8, 6, 3]",rainbow,1,1,1,0.19725320564674398
1,"[8, 6, 3]",rainbow,8,6,4,1.945190225254237
2,"[8, 6, 3]",rainbow,10,7,5,2.6435227033095448
3,"[8, 6, 3]",rainbow,15,10,7,4.521466031115075
4,"[8, 6, 3]",rainbow,16,11,8,4.755489533621764
