,flop,board_type,0b,1b,2b,profit
0,"[8, 5, 4]",rainbow,1,1,1,0.8740659480932191
1,"[8, 5, 4]",rainbow,2,2,2,0.87507306470692
2,"[8, 5, 4]",rainbow,3,2,2,0.8813799544491521
3,"[8, 5, 4]",rainbow,4,3,2,1.2899371194385585
4,"[8, 5, 4]",rainbow,8,6,4,2.664869090218926
5,"[8, 5, 4]",rainbow,10,7,5,3.6801663000529654
6,"[8, 5, 4]",rainbow,15,10,7,5.222311301465394
7,"[8, 5, 4]",rainbow,16,11,8,5.440430207891946
