,flop,board_type,0b,1b,2b,profit
0,"[8, 5, 3]",rainbow,1,1,1,0.21680248042818961
1,"[8, 5, 3]",rainbow,2,2,2,0.21986014986619073
2,"[8, 5, 3]",rainbow,8,6,4,2.034297387305977
3,"[8, 5, 3]",rainbow,10,7,5,2.7372320748795715
4,"[8, 5, 3]",rainbow,15,10,7,4.622349962444246
5,"[8, 5, 3]",rainbow,16,11,8,4.845488726726137
