,flop,board_type,0b,1b,2b,profit
0,"[8, 5, 2]",rainbow,1,1,1,0.21478338184656565
1,"[8, 5, 2]",rainbow,2,2,2,0.22564715153434367
2,"[8, 5, 2]",rainbow,8,6,4,2.0363344812221227
3,"[8, 5, 2]",rainbow,10,7,5,2.7295715519714534
4,"[8, 5, 2]",rainbow,15,10,7,4.614347501445137
5,"[8, 5, 2]",rainbow,16,11,8,4.840651583380909
