,flop,board_type,0b,1b,2b,profit
0,"[6, 6, 2]",rainbow,1,1,1,0.9202304004950493
1,"[6, 6, 2]",rainbow,2,2,2,0.9284020812871286
2,"[6, 6, 2]",rainbow,3,2,2,0.93269907079208
3,"[6, 6, 2]",rainbow,4,3,2,1.332413155346535
4,"[6, 6, 2]",rainbow,8,6,4,3.227001302178218
5,"[6, 6, 2]",rainbow,10,7,5,4.130859817227723
6,"[6, 6, 2]",rainbow,15,10,7,5.9137242990099015
7,"[6, 6, 2]",rainbow,16,11,8,6.242018657326733
