,flop,board_type,0b,1b,2b,profit
0,"[6, 3, 3]",rainbow,1,1,1,0.9474570702970303
1,"[6, 3, 3]",rainbow,2,2,2,0.9552383534653476
2,"[6, 3, 3]",rainbow,8,6,4,3.251942745742575
3,"[6, 3, 3]",rainbow,10,7,5,4.414637174950496
4,"[6, 3, 3]",rainbow,15,10,7,5.938278576039605
5,"[6, 3, 3]",rainbow,16,11,8,6.261100546435644
