,flop,board_type,0b,1b,2b,profit
0,"[6, 3, 2]",rainbow,1,1,1,1.0074896032673255
1,"[6, 3, 2]",rainbow,8,6,4,3.3131556263366337
2,"[6, 3, 2]",rainbow,10,7,5,4.218772135940593
3,"[6, 3, 2]",rainbow,15,10,7,6.002537245346534
4,"[6, 3, 2]",rainbow,16,11,8,6.3309737715841585
