,flop,board_type,0b,1b,2b,profit
0,"[5, 5, 5]",rainbow,1,1,1,2.0569343445544552
1,"[5, 5, 5]",rainbow,8,6,4,3.8282747733663367
2,"[5, 5, 5]",rainbow,10,7,5,5.9875965336138615
3,"[5, 5, 5]",rainbow,15,10,7,6.716975674455446
4,"[5, 5, 5]",rainbow,16,11,8,7.109473249702969
