,flop,board_type,0b,1b,2b,profit
0,"[5, 5, 2]",rainbow,1,1,1,1.923039110891089
1,"[5, 5, 2]",rainbow,2,2,2,1.9232617336633662
2,"[5, 5, 2]",rainbow,8,6,4,3.7687931813861386
3,"[5, 5, 2]",rainbow,10,7,5,4.909076417524753
4,"[5, 5, 2]",rainbow,15,10,7,6.683633804009901
5,"[5, 5, 2]",rainbow,16,11,8,7.079060194851484
