,flop,board_type,0b,1b,2b,profit
0,"[5, 4, 2]",rainbow,1,1,1,2.4254606455445535
1,"[5, 4, 2]",rainbow,2,2,2,2.432819586534653
2,"[5, 4, 2]",rainbow,3,2,2,2.759891270693069
3,"[5, 4, 2]",rainbow,4,3,2,3.1116353534653456
4,"[5, 4, 2]",rainbow,8,6,4,4.651066482574256
5,"[5, 4, 2]",rainbow,10,7,5,5.464273460841583
6,"[5, 4, 2]",rainbow,15,10,7,7.159501305049504
7,"[5, 4, 2]",rainbow,16,11,8,7.558608813069305
