,flop,board_type,0b,1b,2b,profit
0,"[14, 13, 6]",monotone,1,1,1,1.29536516642128
1,"[14, 13, 6]",monotone,2,2,2,1.4493802384467995
2,"[14, 13, 6]",monotone,3,2,2,1.5241102628403116
3,"[14, 13, 6]",monotone,4,3,2,1.65754130361254
4,"[14, 13, 6]",monotone,8,6,4,1.693310150790685
5,"[14, 13, 6]",monotone,15,10,7,1.7772054991572217
6,"[14, 13, 6]",monotone,16,11,8,2.0084485792564086
