,flop,board_type,0b,1b,2b,profit
0,"[14, 12, 4]",monotone,1,1,1,1.1627797273521092
1,"[14, 12, 4]",monotone,2,2,2,1.314513659412697
2,"[14, 12, 4]",monotone,3,2,2,1.3805926945495124
3,"[14, 12, 4]",monotone,4,3,2,1.5184762797229603
4,"[14, 12, 4]",monotone,8,6,4,1.5514670589858925
5,"[14, 12, 4]",monotone,15,10,7,1.6339757847491994
6,"[14, 12, 4]",monotone,16,11,8,2.029484360611327
