,flop,board_type,0b,1b,2b,profit
0,"[14, 10, 2]",monotone,1,1,1,1.2304593500370369
1,"[14, 10, 2]",monotone,8,6,4,1.685092133308642
2,"[14, 10, 2]",monotone,10,7,5,1.685658615111111
3,"[14, 10, 2]",monotone,15,10,7,1.723371133123457
4,"[14, 10, 2]",monotone,16,11,8,2.0339514354444446
