,flop,board_type,0b,1b,2b,profit
0,"[14, 8, 4]",monotone,1,1,1,1.1107478482453064
1,"[14, 8, 4]",monotone,8,6,4,1.3827783898654897
2,"[14, 8, 4]",monotone,10,7,5,1.3838493992047298
3,"[14, 8, 4]",monotone,15,10,7,1.5769127206594842
4,"[14, 8, 4]",monotone,16,11,8,1.9563036646160714
