,flop,board_type,0b,1b,2b,profit
0,"[14, 4, 3]",monotone,1,1,1,1.138181406215971
1,"[14, 4, 3]",monotone,2,2,2,1.2254217911675744
2,"[14, 4, 3]",monotone,3,2,2,1.2989335459316391
3,"[14, 4, 3]",monotone,4,3,2,1.358389689144737
4,"[14, 4, 3]",monotone,8,6,4,1.3588657629310346
5,"[14, 4, 3]",monotone,15,10,7,1.469047879351936
6,"[14, 4, 3]",monotone,16,11,8,2.0175480407478825
