,flop,board_type,0b,1b,2b,profit
0,"[13, 10, 4]",monotone,1,1,1,0.9426402953780777
1,"[13, 10, 4]",monotone,2,2,2,1.0879779510500385
2,"[13, 10, 4]",monotone,3,2,2,1.1639348955024555
3,"[13, 10, 4]",monotone,4,3,2,1.2894264711777652
4,"[13, 10, 4]",monotone,8,6,4,1.4034481128013778
5,"[13, 10, 4]",monotone,10,7,5,1.4067193580853743
6,"[13, 10, 4]",monotone,15,10,7,1.4532432619275422
7,"[13, 10, 4]",monotone,16,11,8,1.5855375144709147
