,flop,board_type,0b,1b,2b,profit
0,"[13, 8, 2]",monotone,1,1,1,0.7779252078709601
1,"[13, 8, 2]",monotone,8,6,4,1.1021435869262024
2,"[13, 8, 2]",monotone,10,7,5,1.1037539926626647
3,"[13, 8, 2]",monotone,16,11,8,1.3561063053786915
