,flop,board_type,0b,1b,2b,profit
0,"[13, 6, 3]",monotone,1,1,1,0.8306816397225203
1,"[13, 6, 3]",monotone,2,2,2,0.831177520247572
2,"[13, 6, 3]",monotone,8,6,4,1.0766620984962918
3,"[13, 6, 3]",monotone,10,7,5,1.079608166480371
4,"[13, 6, 3]",monotone,15,10,7,1.1006747779405766
5,"[13, 6, 3]",monotone,16,11,8,1.401416233629896
