,flop,board_type,0b,1b,2b,profit
0,"[12, 11, 10]",monotone,1,1,1,2.422648972462623
1,"[12, 11, 10]",monotone,2,2,2,2.4829447395136492
2,"[12, 11, 10]",monotone,3,2,2,2.530996382674818
3,"[12, 11, 10]",monotone,4,3,2,2.636537853453782
4,"[12, 11, 10]",monotone,15,10,7,2.735650547181846
5,"[12, 11, 10]",monotone,16,11,8,2.8100903827875072
