,flop,board_type,0b,1b,2b,profit
0,"[12, 10, 3]",monotone,1,1,1,0.9637936733320579
1,"[12, 10, 3]",monotone,2,2,2,1.1732651383626738
2,"[12, 10, 3]",monotone,3,2,2,1.2532270848163034
3,"[12, 10, 3]",monotone,4,3,2,1.3137439423794492
4,"[12, 10, 3]",monotone,15,10,7,1.3358587230434367
5,"[12, 10, 3]",monotone,16,11,8,1.5393240259998089
