,flop,board_type,0b,1b,2b,profit
0,"[12, 9, 8]",monotone,1,1,1,1.461707499599446
1,"[12, 9, 8]",monotone,2,2,2,1.5530748690580742
2,"[12, 9, 8]",monotone,3,2,2,1.665707706993842
3,"[12, 9, 8]",monotone,4,3,2,1.9429480767040228
4,"[12, 9, 8]",monotone,15,10,7,2.025841434865608
