,flop,board_type,0b,1b,2b,profit
0,"[12, 9, 5]",monotone,1,1,1,0.9702266436696239
1,"[12, 9, 5]",monotone,2,2,2,1.0363480722179472
2,"[12, 9, 5]",monotone,3,2,2,1.2578747147617177
3,"[12, 9, 5]",monotone,4,3,2,1.4390068659009185
4,"[12, 9, 5]",monotone,8,6,4,1.4394935084572502
5,"[12, 9, 5]",monotone,15,10,7,1.5085059148951871
