,flop,board_type,0b,1b,2b,profit
0,"[12, 9, 2]",monotone,1,1,1,0.8708086187796609
1,"[12, 9, 2]",monotone,2,2,2,0.9335303487118645
2,"[12, 9, 2]",monotone,3,2,2,1.0390988578898304
3,"[12, 9, 2]",monotone,4,3,2,1.152379284101695
4,"[12, 9, 2]",monotone,8,6,4,1.2444959447966106
5,"[12, 9, 2]",monotone,16,11,8,1.3769265971101696
