,flop,board_type,0b,1b,2b,profit
0,"[12, 8, 5]",monotone,1,1,1,0.9064209661663928
1,"[12, 8, 5]",monotone,2,2,2,0.981434639639989
2,"[12, 8, 5]",monotone,3,2,2,1.1034696055722657
3,"[12, 8, 5]",monotone,4,3,2,1.284452902547366
4,"[12, 8, 5]",monotone,8,6,4,1.3669123851018634
5,"[12, 8, 5]",monotone,15,10,7,1.5269818451145776
6,"[12, 8, 5]",monotone,16,11,8,1.591431032614965
