,flop,board_type,0b,1b,2b,profit
0,"[12, 8, 2]",monotone,1,1,1,0.8150080789623433
1,"[12, 8, 2]",monotone,2,2,2,0.8165283583096232
2,"[12, 8, 2]",monotone,3,2,2,0.9318684017740586
3,"[12, 8, 2]",monotone,4,3,2,1.1022987121673637
4,"[12, 8, 2]",monotone,8,6,4,1.2780073470125521
5,"[12, 8, 2]",monotone,15,10,7,1.3585481113807534
6,"[12, 8, 2]",monotone,16,11,8,1.4929617525020922
