,flop,board_type,0b,1b,2b,profit
0,"[12, 7, 4]",monotone,1,1,1,0.8344698743062393
1,"[12, 7, 4]",monotone,2,2,2,0.9134007560946348
2,"[12, 7, 4]",monotone,8,6,4,1.2428624009029656
3,"[12, 7, 4]",monotone,15,10,7,1.3719707867154813
4,"[12, 7, 4]",monotone,16,11,8,1.544686401832082
