,flop,board_type,0b,1b,2b,profit
0,"[12, 6, 5]",monotone,1,1,1,0.9500234262027887
1,"[12, 6, 5]",monotone,2,2,2,1.021694657453751
2,"[12, 6, 5]",monotone,3,2,2,1.0712004271462436
3,"[12, 6, 5]",monotone,4,3,2,1.182450750914212
4,"[12, 6, 5]",monotone,8,6,4,1.348445153487549
5,"[12, 6, 5]",monotone,10,7,5,1.3501415955505283
6,"[12, 6, 5]",monotone,15,10,7,1.4961031859867027
7,"[12, 6, 5]",monotone,16,11,8,1.6695821826099673
