,flop,board_type,0b,1b,2b,profit
0,"[12, 6, 2]",monotone,1,1,1,0.8501889247012977
1,"[12, 6, 2]",monotone,2,2,2,0.853190572028458
2,"[12, 6, 2]",monotone,8,6,4,1.172894019228736
3,"[12, 6, 2]",monotone,15,10,7,1.2472059288929507
4,"[12, 6, 2]",monotone,16,11,8,1.4731380489630375
