,flop,board_type,0b,1b,2b,profit
0,"[12, 3, 2]",monotone,1,1,1,0.9076122795366282
1,"[12, 3, 2]",monotone,8,6,4,1.2125177251369594
2,"[12, 3, 2]",monotone,15,10,7,1.2780196205903636
3,"[12, 3, 2]",monotone,16,11,8,1.6304303545576706
