,flop,board_type,0b,1b,2b,profit
0,"[11, 10, 4]",monotone,1,1,1,1.014232060076347
1,"[11, 10, 4]",monotone,2,2,2,1.1459152562734085
2,"[11, 10, 4]",monotone,3,2,2,1.2367739543215213
3,"[11, 10, 4]",monotone,4,3,2,1.3695868275689043
4,"[11, 10, 4]",monotone,8,6,4,1.3952215388288678
5,"[11, 10, 4]",monotone,10,7,5,1.3987876286228753
6,"[11, 10, 4]",monotone,15,10,7,1.443401879957745
7,"[11, 10, 4]",monotone,16,11,8,1.5147064671444348
