,flop,board_type,0b,1b,2b,profit
0,"[11, 9, 2]",monotone,1,1,1,0.8775570659745763
1,"[11, 9, 2]",monotone,2,2,2,0.9402818041271186
2,"[11, 9, 2]",monotone,3,2,2,1.02041463311017
3,"[11, 9, 2]",monotone,4,3,2,1.0861903016186445
4,"[11, 9, 2]",monotone,10,7,5,1.0872857728389838
5,"[11, 9, 2]",monotone,16,11,8,1.2227702050677967
