,flop,board_type,0b,1b,2b,profit
0,"[11, 8, 3]",monotone,1,1,1,0.8375950829994196
1,"[11, 8, 3]",monotone,2,2,2,0.900980956599884
2,"[11, 8, 3]",monotone,3,2,2,0.976268504026815
3,"[11, 8, 3]",monotone,4,3,2,1.0443994247625448
4,"[11, 8, 3]",monotone,8,6,4,1.135949033023089
5,"[11, 8, 3]",monotone,15,10,7,1.241644375329078
6,"[11, 8, 3]",monotone,16,11,8,1.3739048241731056
