,flop,board_type,0b,1b,2b,profit
0,"[11, 5, 4]",monotone,1,1,1,0.9420271489402174
1,"[11, 5, 4]",monotone,2,2,2,1.020037781628925
2,"[11, 5, 4]",monotone,3,2,2,1.071839789657307
3,"[11, 5, 4]",monotone,4,3,2,1.1445334069308577
4,"[11, 5, 4]",monotone,8,6,4,1.2604356654891304
5,"[11, 5, 4]",monotone,10,7,5,1.26046503709994
6,"[11, 5, 4]",monotone,15,10,7,1.3808845977385262
7,"[11, 5, 4]",monotone,16,11,8,1.5547912745561598
