,flop,board_type,0b,1b,2b,profit
0,"[10, 9, 6]",monotone,1,1,1,1.3484184733809925
1,"[10, 9, 6]",monotone,2,2,2,1.5349391357064763
2,"[10, 9, 6]",monotone,3,2,2,1.5990044875777967
3,"[10, 9, 6]",monotone,4,3,2,1.7178610987216152
4,"[10, 9, 6]",monotone,8,6,4,1.7207022276387725
5,"[10, 9, 6]",monotone,15,10,7,1.7930211970591534
