,flop,board_type,0b,1b,2b,profit
0,"[10, 7, 3]",monotone,1,1,1,0.9106782804918894
1,"[10, 7, 3]",monotone,2,2,2,0.9744550987381326
2,"[10, 7, 3]",monotone,3,2,2,1.0701664185168576
3,"[10, 7, 3]",monotone,4,3,2,1.2274006859639681
4,"[10, 7, 3]",monotone,8,6,4,1.3045293864573524
5,"[10, 7, 3]",monotone,10,7,5,1.3893051497570457
6,"[10, 7, 3]",monotone,15,10,7,1.5306171470060552
7,"[10, 7, 3]",monotone,16,11,8,1.6130880650026165
