,flop,board_type,0b,1b,2b,profit
0,"[10, 7, 2]",monotone,1,1,1,0.8852153560218982
1,"[10, 7, 2]",monotone,2,2,2,0.9505806728586326
2,"[10, 7, 2]",monotone,3,2,2,0.991544830288247
3,"[10, 7, 2]",monotone,4,3,2,1.1124569676448686
4,"[10, 7, 2]",monotone,8,6,4,1.2860212612654554
5,"[10, 7, 2]",monotone,10,7,5,1.369616308520781
6,"[10, 7, 2]",monotone,15,10,7,1.4853597464844333
7,"[10, 7, 2]",monotone,16,11,8,1.567867162676896
