,flop,board_type,0b,1b,2b,profit
0,"[10, 4, 3]",monotone,1,1,1,1.0229941678362575
1,"[10, 4, 3]",monotone,2,2,2,1.0988862753486281
2,"[10, 4, 3]",monotone,3,2,2,1.1496166092667566
3,"[10, 4, 3]",monotone,4,3,2,1.3093947514170043
4,"[10, 4, 3]",monotone,8,6,4,1.5078079614934776
5,"[10, 4, 3]",monotone,10,7,5,1.58100924682861
6,"[10, 4, 3]",monotone,15,10,7,1.715256450089969
7,"[10, 4, 3]",monotone,16,11,8,1.8599604042735045
