,flop,board_type,0b,1b,2b,profit
0,"[9, 8, 5]",monotone,1,1,1,1.2879188920580933
1,"[9, 8, 5]",monotone,2,2,2,1.3527033401225568
2,"[9, 8, 5]",monotone,3,2,2,1.4818274763848396
3,"[9, 8, 5]",monotone,4,3,2,1.5894514894503833
4,"[9, 8, 5]",monotone,10,7,5,1.726175065389807
5,"[9, 8, 5]",monotone,15,10,7,1.8971325341850231
6,"[9, 8, 5]",monotone,16,11,8,1.898580066585682
