,flop,board_type,0b,1b,2b,profit
0,"[9, 6, 3]",monotone,1,1,1,1.1479456827777859
1,"[9, 6, 3]",monotone,2,2,2,1.2091808392261911
2,"[9, 6, 3]",monotone,8,6,4,1.2850065752678792
3,"[9, 6, 3]",monotone,10,7,5,1.4427742945093776
4,"[9, 6, 3]",monotone,15,10,7,1.662812409184418
5,"[9, 6, 3]",monotone,16,11,8,1.6759050589662525
