,flop,board_type,0b,1b,2b,profit
0,"[9, 5, 4]",monotone,1,1,1,1.203833948478286
1,"[9, 5, 4]",monotone,2,2,2,1.267798632273738
2,"[9, 5, 4]",monotone,3,2,2,1.3269448681323381
3,"[9, 5, 4]",monotone,4,3,2,1.4030550662223582
4,"[9, 5, 4]",monotone,8,6,4,1.4204854271450762
5,"[9, 5, 4]",monotone,10,7,5,1.570096512641771
6,"[9, 5, 4]",monotone,15,10,7,1.814767079316511
7,"[9, 5, 4]",monotone,16,11,8,1.834225460895646
