,flop,board_type,0b,1b,2b,profit
0,"[9, 4, 3]",monotone,1,1,1,1.1929656913809086
1,"[9, 4, 3]",monotone,2,2,2,1.2606990905931417
2,"[9, 4, 3]",monotone,3,2,2,1.3216233701729996
3,"[9, 4, 3]",monotone,4,3,2,1.3958967037766445
4,"[9, 4, 3]",monotone,8,6,4,1.4980822441303676
5,"[9, 4, 3]",monotone,10,7,5,1.6499165299660183
6,"[9, 4, 3]",monotone,15,10,7,1.8574119267840594
7,"[9, 4, 3]",monotone,16,11,8,1.8755069406858205
