,flop,board_type,0b,1b,2b,profit
0,"[8, 7, 5]",monotone,1,1,1,1.0555335723724382
1,"[8, 7, 5]",monotone,2,2,2,1.185118941756184
2,"[8, 7, 5]",monotone,3,2,2,1.3342545743151946
3,"[8, 7, 5]",monotone,4,3,2,1.4368122097696112
4,"[8, 7, 5]",monotone,8,6,4,1.436836192972438
5,"[8, 7, 5]",monotone,10,7,5,1.5395300071519438
6,"[8, 7, 5]",monotone,15,10,7,1.7373743635731453
7,"[8, 7, 5]",monotone,16,11,8,1.835854358606361
