,flop,board_type,0b,1b,2b,profit
0,"[8, 7, 3]",monotone,1,1,1,0.9481151643557142
1,"[8, 7, 3]",monotone,2,2,2,1.0678511219685713
2,"[8, 7, 3]",monotone,3,2,2,1.1605914974671432
3,"[8, 7, 3]",monotone,4,3,2,1.1968112143285714
4,"[8, 7, 3]",monotone,8,6,4,1.197911855738572
5,"[8, 7, 3]",monotone,10,7,5,1.4024192327214284
6,"[8, 7, 3]",monotone,15,10,7,1.598775933402857
7,"[8, 7, 3]",monotone,16,11,8,1.7077313093985715
