,flop,board_type,0b,1b,2b,profit
0,"[8, 5, 4]",monotone,1,1,1,1.1704966921387792
1,"[8, 5, 4]",monotone,8,6,4,1.251540882740448
2,"[8, 5, 4]",monotone,10,7,5,1.353480581906017
3,"[8, 5, 4]",monotone,15,10,7,1.6167612845849804
4,"[8, 5, 4]",monotone,16,11,8,1.8695166091348265
