,flop,board_type,0b,1b,2b,profit
0,"[6, 4, 3]",monotone,1,1,1,1.1948787284097677
1,"[6, 4, 3]",monotone,8,6,4,1.3100579268910066
2,"[6, 4, 3]",monotone,10,7,5,1.3702398017421087
3,"[6, 4, 3]",monotone,15,10,7,1.5438978799508638
4,"[6, 4, 3]",monotone,16,11,8,1.9472977016081003
