,flop,board_type,0b,1b,2b,profit
0,"[14, 14, 7]",two-tone,1,1,1,1.8039534028990944
1,"[14, 14, 7]",two-tone,8,6,4,1.8625012536331262
