,flop,board_type,0b,1b,2b,profit
0,"[14, 14, 6]",two-tone,1,1,1,1.84271239882019
1,"[14, 14, 6]",two-tone,2,2,2,1.8534582525885444
2,"[14, 14, 6]",two-tone,10,7,5,1.9119510560934911
