,flop,board_type,0b,1b,2b,profit
0,"[14, 14, 5]",two-tone,1,1,1,2.2831389518580205
1,"[14, 14, 5]",two-tone,10,7,5,2.354102781448611
