,flop,board_type,0b,1b,2b,profit
0,"[14, 11, 11]",two-tone,1,1,1,2.1176500675918173
1,"[14, 11, 11]",two-tone,2,2,2,2.513574179102115
