,flop,board_type,0b,1b,2b,profit
0,"[14, 11, 3]",two-tone,1,1,1,3.2020539260956022
1,"[14, 11, 3]",two-tone,2,2,2,3.3711392612268085
