,flop,board_type,0b,1b,2b,profit
0,"[14, 10, 5]",two-tone,1,1,1,2.7817231950378645
1,"[14, 10, 5]",two-tone,2,2,2,2.7953318334481567
