,flop,board_type,0b,1b,2b,profit
0,"[14, 10, 4]",two-tone,1,1,1,2.2484399055179725
1,"[14, 10, 4]",two-tone,2,2,2,2.252295087468375
