,flop,board_type,0b,1b,2b,profit
0,"[14, 8, 8]",two-tone,1,1,1,2.0567221820512804
1,"[14, 8, 8]",two-tone,2,2,2,2.0630874110948936
