,flop,board_type,0b,1b,2b,profit
0,"[14, 7, 5]",two-tone,1,1,1,2.8668881393816332
1,"[14, 7, 5]",two-tone,2,2,2,2.869182601311654
