,flop,board_type,0b,1b,2b,profit
0,"[14, 5, 3]",two-tone,1,1,1,3.165606972758194
1,"[14, 5, 3]",two-tone,2,2,2,3.1740793520680644
