,flop,board_type,0b,1b,2b,profit
0,"[14, 4, 3]",two-tone,1,1,1,2.953180253485472
1,"[14, 4, 3]",two-tone,2,2,2,2.9585012266361717
