,flop,board_type,0b,1b,2b,profit
0,"[13, 7, 3]",two-tone,1,1,1,2.8993854708119677
1,"[13, 7, 3]",two-tone,2,2,2,2.902096555084464
