,flop,board_type,0b,1b,2b,profit
0,"[13, 6, 3]",two-tone,1,1,1,2.1892507941718997
1,"[13, 6, 3]",two-tone,2,2,2,2.1950220584047204
2,"[13, 6, 3]",two-tone,3,2,2,2.201469618830191
