,flop,board_type,0b,1b,2b,profit
0,"[12, 12, 7]",two-tone,1,1,1,0.9777506650081013
1,"[12, 12, 7]",two-tone,2,2,2,0.9800756516796627
2,"[12, 12, 7]",two-tone,3,2,2,0.9817135980808309
