,flop,board_type,0b,1b,2b,profit
0,"[12, 6, 6]",two-tone,1,1,1,1.5119649538267452
1,"[12, 6, 6]",two-tone,2,2,2,1.5265338474799952
