,flop,board_type,0b,1b,2b,profit
0,"[11, 9, 7]",two-tone,1,1,1,2.181467283481073
1,"[11, 9, 7]",two-tone,8,6,4,2.223331500504059
