,flop,board_type,0b,1b,2b,profit
0,"[11, 5, 2]",two-tone,1,1,1,2.2382730408989557
1,"[11, 5, 2]",two-tone,2,2,2,2.260741177961893
