,flop,board_type,0b,1b,2b,profit
0,"[11, 3, 3]",two-tone,1,1,1,1.8920447062631118
1,"[11, 3, 3]",two-tone,2,2,2,1.899075631950315
