,flop,board_type,0b,1b,2b,profit
0,"[10, 3, 2]",two-tone,1,1,1,3.516742776395706
1,"[10, 3, 2]",two-tone,2,2,2,3.527338838991279
