,flop,board_type,0b,1b,2b,profit
0,"[9, 7, 7]",two-tone,1,1,1,2.4153681980713215
1,"[9, 7, 7]",two-tone,8,6,4,2.533883123458037
