,flop,board_type,0b,1b,2b,profit
0,"[8, 4, 3]",two-tone,1,1,1,3.355388160975874
1,"[8, 4, 3]",two-tone,2,2,2,3.3721570586755045
