,flop,board_type,0b,1b,2b,profit
0,"[14, 14, 5]",rainbow,1,1,1,-5.745418133313566
1,"[14, 14, 5]",rainbow,2,2,2,-5.744127098830808
