,flop,board_type,0b,1b,2b,profit
0,"[14, 13, 11]",rainbow,1,1,1,-10.658983267500002
1,"[14, 13, 11]",rainbow,2,2,2,-10.641256516250001
