,flop,board_type,0b,1b,2b,profit
0,"[14, 12, 12]",rainbow,1,1,1,-6.277720927079136
1,"[14, 12, 12]",rainbow,15,10,7,-5.7239626127150185
