,flop,board_type,0b,1b,2b,profit
0,"[14, 6, 2]",rainbow,1,1,1,-10.025067357728432
1,"[14, 6, 2]",rainbow,2,2,2,-10.023242803507653
2,"[14, 6, 2]",rainbow,3,2,2,-10.021360347582329
3,"[14, 6, 2]",rainbow,8,6,4,-9.209772924368043
