,flop,board_type,0b,1b,2b,profit
0,"[13, 13, 5]",rainbow,1,1,1,-2.746499293943904
1,"[13, 13, 5]",rainbow,2,2,2,-2.7462605883026705
2,"[13, 13, 5]",rainbow,3,2,2,-2.7364217477588397
