,flop,board_type,0b,1b,2b,profit
0,"[13, 12, 11]",rainbow,1,1,1,2.2748976198014503
1,"[13, 12, 11]",rainbow,2,2,2,6.357165437674979
2,"[13, 12, 11]",rainbow,8,6,4,9.355900341683517
3,"[13, 12, 11]",rainbow,10,7,5,9.35591761663296
