,flop,board_type,0b,1b,2b,profit
0,"[13, 12, 6]",rainbow,1,1,1,-3.248502081432097
1,"[13, 12, 6]",rainbow,2,2,2,-3.1375528268332076
2,"[13, 12, 6]",rainbow,3,2,2,-2.9970247953396676
