,flop,board_type,0b,1b,2b,profit
0,"[13, 9, 2]",rainbow,1,1,1,-4.091956367441014
1,"[13, 9, 2]",rainbow,2,2,2,-4.086504959628513
