,flop,board_type,0b,1b,2b,profit
0,"[13, 7, 7]",rainbow,1,1,1,-5.699837700084191
1,"[13, 7, 7]",rainbow,8,6,4,-4.981307839167748
