,flop,board_type,0b,1b,2b,profit
0,"[13, 5, 5]",rainbow,1,1,1,-7.888652495630699
1,"[13, 5, 5]",rainbow,8,6,4,-7.033770738259877
