,flop,board_type,0b,1b,2b,profit
0,"[13, 4, 4]",rainbow,1,1,1,-7.903351985334346
1,"[13, 4, 4]",rainbow,2,2,2,-7.890972903761399
2,"[13, 4, 4]",rainbow,8,6,4,-7.049473825987841
