,flop,board_type,0b,1b,2b,profit
0,"[13, 3, 3]",rainbow,1,1,1,-7.902280371428572
1,"[13, 3, 3]",rainbow,2,2,2,-7.886498056800911
2,"[13, 3, 3]",rainbow,8,6,4,-7.046175027583584
