,flop,board_type,0b,1b,2b,profit
0,"[12, 12, 7]",rainbow,1,1,1,4.143753539118938
1,"[12, 12, 7]",rainbow,2,2,2,4.14378000684828
2,"[12, 12, 7]",rainbow,3,2,2,4.149616840224988
