,flop,board_type,0b,1b,2b,profit
0,"[12, 10, 5]",rainbow,1,1,1,-0.14250845281295765
1,"[12, 10, 5]",rainbow,15,10,7,0.2620064404512865
