,flop,board_type,0b,1b,2b,profit
0,"[12, 8, 3]",rainbow,1,1,1,-2.39559165412088
1,"[12, 8, 3]",rainbow,2,2,2,-2.3912105695054953
