,flop,board_type,0b,1b,2b,profit
0,"[12, 5, 3]",rainbow,1,1,1,-5.215003464621587
1,"[12, 5, 3]",rainbow,2,2,2,-5.212815602161693
