,flop,board_type,0b,1b,2b,profit
0,"[11, 11, 5]",rainbow,1,1,1,5.561170566088007
1,"[11, 11, 5]",rainbow,2,2,2,5.566383133052293
