,flop,board_type,0b,1b,2b,profit
0,"[11, 9, 6]",rainbow,1,1,1,-0.9907759480911422
1,"[11, 9, 6]",rainbow,2,2,2,-0.9861096004395971
