,flop,board_type,0b,1b,2b,profit
0,"[10, 8, 3]",rainbow,1,1,1,-2.5870491218791436
1,"[10, 8, 3]",rainbow,2,2,2,-2.582675569697325
