,flop,board_type,0b,1b,2b,profit
0,"[10, 6, 6]",rainbow,1,1,1,-5.014829446723037
1,"[10, 6, 6]",rainbow,2,2,2,-5.013737835671822
2,"[10, 6, 6]",rainbow,3,2,2,-5.008188414243253
