,flop,board_type,0b,1b,2b,profit
0,"[10, 5, 5]",rainbow,1,1,1,-6.535007072722461
1,"[10, 5, 5]",rainbow,2,2,2,-6.5328437446302186
2,"[10, 5, 5]",rainbow,3,2,2,-6.530654657732944
