,flop,board_type,0b,1b,2b,profit
0,"[10, 4, 3]",rainbow,1,1,1,-6.296242163836478
1,"[10, 4, 3]",rainbow,2,2,2,-6.294182808490566
