,flop,board_type,0b,1b,2b,profit
0,"[9, 8, 7]",rainbow,1,1,1,8.680085394824733
1,"[9, 8, 7]",rainbow,2,2,2,8.688652801074735
