,flop,board_type,0b,1b,2b,profit
0,"[9, 7, 6]",rainbow,1,1,1,-1.5412265040372697
1,"[9, 7, 6]",rainbow,2,2,2,-1.5286499040372674
