,flop,board_type,0b,1b,2b,profit
0,"[9, 6, 4]",rainbow,1,1,1,-5.034532654655646
1,"[9, 6, 4]",rainbow,2,2,2,-5.031508919655648
