,flop,board_type,0b,1b,2b,profit
0,"[9, 6, 3]",rainbow,1,1,1,-5.045295023746558
1,"[9, 6, 3]",rainbow,2,2,2,-5.03254469268595
2,"[9, 6, 3]",rainbow,3,2,2,-5.031029981928374
