,flop,board_type,0b,1b,2b,profit
0,"[8, 8, 5]",rainbow,1,1,1,-6.2106649916467624
1,"[8, 8, 5]",rainbow,2,2,2,-6.20577055997734
