,flop,board_type,0b,1b,2b,profit
0,"[8, 5, 5]",rainbow,1,1,1,-6.392694330810912
1,"[8, 5, 5]",rainbow,2,2,2,-6.3918658447503045
2,"[8, 5, 5]",rainbow,3,2,2,-6.388529784750306
