,flop,board_type,0b,1b,2b,profit
0,"[7, 6, 2]",rainbow,1,1,1,-6.143471478059536
1,"[7, 6, 2]",rainbow,2,2,2,-6.140914313166974
