,flop,board_type,0b,1b,2b,profit
0,"[4, 3, 3]",rainbow,1,1,1,-10.175755372185026
1,"[4, 3, 3]",rainbow,2,2,2,-10.174915075698365
2,"[4, 3, 3]",rainbow,3,2,2,-10.171744999901358
3,"[4, 3, 3]",rainbow,4,3,2,-10.166817508489517
