,flop,board_type,0b,1b,2b,profit
0,"[3, 3, 2]",rainbow,1,1,1,-10.196700042647453
1,"[3, 3, 2]",rainbow,2,2,2,-10.188980976256527
2,"[3, 3, 2]",rainbow,3,2,2,-10.188596448726086
3,"[3, 3, 2]",rainbow,4,3,2,-10.188349442231525
