,flop,board_type,0b,1b,2b,profit
0,"[14, 14, 6]",two-tone,1,1,1,0.7936073181503032
1,"[14, 14, 6]",two-tone,2,2,2,0.794371842949115
2,"[14, 14, 6]",two-tone,8,6,4,1.4380921463167016
3,"[14, 14, 6]",two-tone,10,7,5,1.563285682208741
4,"[14, 14, 6]",two-tone,15,10,7,2.862483674705955
5,"[14, 14, 6]",two-tone,16,11,8,3.551850632957782
