,flop,board_type,0b,1b,2b,profit
0,"[14, 14, 5]",two-tone,1,1,1,0.8047218773757265
1,"[14, 14, 5]",two-tone,2,2,2,0.8072797749882235
2,"[14, 14, 5]",two-tone,3,2,2,0.8430706283428122
3,"[14, 14, 5]",two-tone,4,3,2,0.9718235799578077
4,"[14, 14, 5]",two-tone,8,6,4,1.556957265066805
5,"[14, 14, 5]",two-tone,10,7,5,1.6754298411084791
6,"[14, 14, 5]",two-tone,15,10,7,2.9784850648578907
7,"[14, 14, 5]",two-tone,16,11,8,3.6453383697455477
