,flop,board_type,0b,1b,2b,profit
0,"[14, 12, 2]",two-tone,1,1,1,0.9718907295394545
1,"[14, 12, 2]",two-tone,2,2,2,1.0681021498973307
2,"[14, 12, 2]",two-tone,3,2,2,1.1746832148430626
3,"[14, 12, 2]",two-tone,4,3,2,1.34229425538281
4,"[14, 12, 2]",two-tone,8,6,4,1.7912596224308204
5,"[14, 12, 2]",two-tone,10,7,5,1.9194947432580425
6,"[14, 12, 2]",two-tone,15,10,7,2.67293021879339
7,"[14, 12, 2]",two-tone,16,11,8,3.2130317835728954
