,flop,board_type,0b,1b,2b,profit
0,"[14, 11, 3]",two-tone,1,1,1,0.8968208421487571
1,"[14, 11, 3]",two-tone,8,6,4,1.7133049025861327
2,"[14, 11, 3]",two-tone,10,7,5,1.8418737490324035
3,"[14, 11, 3]",two-tone,15,10,7,2.56722385656371
4,"[14, 11, 3]",two-tone,16,11,8,3.092866137683589
