,flop,board_type,0b,1b,2b,profit
0,"[14, 11, 2]",two-tone,1,1,1,0.9724399789500704
1,"[14, 11, 2]",two-tone,2,2,2,0.9725071547558909
2,"[14, 11, 2]",two-tone,3,2,2,1.068496931065248
3,"[14, 11, 2]",two-tone,4,3,2,1.2446672288563703
4,"[14, 11, 2]",two-tone,8,6,4,1.7814058878083956
5,"[14, 11, 2]",two-tone,10,7,5,1.9039516070788385
6,"[14, 11, 2]",two-tone,15,10,7,2.6285133208983797
7,"[14, 11, 2]",two-tone,16,11,8,3.1484074579531014
