,flop,board_type,0b,1b,2b,profit
0,"[14, 10, 9]",two-tone,1,1,1,0.9859945703896171
1,"[14, 10, 9]",two-tone,2,2,2,1.3686907690499817
2,"[14, 10, 9]",two-tone,3,2,2,1.5784032462422313
3,"[14, 10, 9]",two-tone,4,3,2,1.9339712595497986
4,"[14, 10, 9]",two-tone,8,6,4,2.179010607750561
5,"[14, 10, 9]",two-tone,10,7,5,2.3845871132031125
6,"[14, 10, 9]",two-tone,15,10,7,2.7473920838512558
7,"[14, 10, 9]",two-tone,16,11,8,3.096920196936857
