,flop,board_type,0b,1b,2b,profit
0,"[14, 10, 8]",two-tone,1,1,1,0.9908882676311029
1,"[14, 10, 8]",two-tone,2,2,2,1.3415777980418495
2,"[14, 10, 8]",two-tone,3,2,2,1.565451070999742
3,"[14, 10, 8]",two-tone,4,3,2,1.8996036058382848
4,"[14, 10, 8]",two-tone,8,6,4,2.1597623230534744
5,"[14, 10, 8]",two-tone,10,7,5,2.3581207584422628
6,"[14, 10, 8]",two-tone,15,10,7,2.7005495021725645
7,"[14, 10, 8]",two-tone,16,11,8,3.0612510325626454
