,flop,board_type,0b,1b,2b,profit
0,"[14, 10, 5]",two-tone,1,1,1,0.8399024735165196
1,"[14, 10, 5]",two-tone,2,2,2,0.8421507962427671
2,"[14, 10, 5]",two-tone,3,2,2,0.9621258829647072
3,"[14, 10, 5]",two-tone,4,3,2,1.2867064246775044
4,"[14, 10, 5]",two-tone,8,6,4,1.8977373956265815
5,"[14, 10, 5]",two-tone,10,7,5,2.019059581699772
6,"[14, 10, 5]",two-tone,15,10,7,2.6497446961300506
7,"[14, 10, 5]",two-tone,16,11,8,3.1074746233198907
