,flop,board_type,0b,1b,2b,profit
0,"[14, 8, 8]",two-tone,1,1,1,1.2447437843076612
1,"[14, 8, 8]",two-tone,2,2,2,1.2452115078689854
2,"[14, 8, 8]",two-tone,8,6,4,2.1264589207929827
3,"[14, 8, 8]",two-tone,10,7,5,2.7145645426608533
4,"[14, 8, 8]",two-tone,15,10,7,3.1439028040713892
5,"[14, 8, 8]",two-tone,16,11,8,3.684811755589921
