,flop,board_type,0b,1b,2b,profit
0,"[14, 8, 3]",two-tone,1,1,1,0.8664788782035929
1,"[14, 8, 3]",two-tone,2,2,2,0.8719263529341315
2,"[14, 8, 3]",two-tone,3,2,2,0.8966578657485026
3,"[14, 8, 3]",two-tone,4,3,2,1.061997673413174
4,"[14, 8, 3]",two-tone,8,6,4,1.7042434222754492
5,"[14, 8, 3]",two-tone,10,7,5,1.8568206601197603
6,"[14, 8, 3]",two-tone,15,10,7,2.5923600464670655
7,"[14, 8, 3]",two-tone,16,11,8,3.091951120718563
