,flop,board_type,0b,1b,2b,profit
0,"[14, 7, 6]",two-tone,1,1,1,0.8598769493094547
1,"[14, 7, 6]",two-tone,2,2,2,1.0105850301057895
2,"[14, 7, 6]",two-tone,3,2,2,1.1810440948404834
3,"[14, 7, 6]",two-tone,4,3,2,1.394459533421075
4,"[14, 7, 6]",two-tone,8,6,4,1.7251821352594754
5,"[14, 7, 6]",two-tone,10,7,5,1.8793718506147443
6,"[14, 7, 6]",two-tone,15,10,7,2.579366062114952
7,"[14, 7, 6]",two-tone,16,11,8,3.047092207313619
