,flop,board_type,0b,1b,2b,profit
0,"[14, 7, 2]",two-tone,1,1,1,1.002741683338451
1,"[14, 7, 2]",two-tone,8,6,4,1.7005200759664487
2,"[14, 7, 2]",two-tone,10,7,5,1.847146843974239
3,"[14, 7, 2]",two-tone,15,10,7,2.5956215631706963
4,"[14, 7, 2]",two-tone,16,11,8,3.108893843897473
