,flop,board_type,0b,1b,2b,profit
0,"[14, 3, 2]",two-tone,1,1,1,1.043890225133969
1,"[14, 3, 2]",two-tone,2,2,2,1.0484820630179845
2,"[14, 3, 2]",two-tone,3,2,2,1.2672883995961526
3,"[14, 3, 2]",two-tone,4,3,2,1.6524227140048597
4,"[14, 3, 2]",two-tone,8,6,4,2.1159055155270545
5,"[14, 3, 2]",two-tone,10,7,5,2.22438216823361
6,"[14, 3, 2]",two-tone,15,10,7,3.1649116133070017
7,"[14, 3, 2]",two-tone,16,11,8,3.7039446204808453
