,flop,board_type,0b,1b,2b,profit
0,"[13, 13, 10]",two-tone,1,1,1,1.0279803471314772
1,"[13, 13, 10]",two-tone,2,2,2,1.1216301038691807
2,"[13, 13, 10]",two-tone,3,2,2,1.2165557336325061
3,"[13, 13, 10]",two-tone,4,3,2,1.3363850714765142
4,"[13, 13, 10]",two-tone,8,6,4,1.9075628113160161
5,"[13, 13, 10]",two-tone,10,7,5,2.1570087628900625
6,"[13, 13, 10]",two-tone,15,10,7,2.3385000933959432
7,"[13, 13, 10]",two-tone,16,11,8,2.7906209242249043
