,flop,board_type,0b,1b,2b,profit
0,"[13, 13, 3]",two-tone,1,1,1,0.9695524837996474
1,"[13, 13, 3]",two-tone,8,6,4,1.712063224318069
2,"[13, 13, 3]",two-tone,15,10,7,2.3383217941276206
3,"[13, 13, 3]",two-tone,16,11,8,2.9344472311727534
