,flop,board_type,0b,1b,2b,profit
0,"[13, 13, 2]",two-tone,1,1,1,1.012853857424916
1,"[13, 13, 2]",two-tone,2,2,2,1.0154905414774777
2,"[13, 13, 2]",two-tone,8,6,4,1.7311567776150052
3,"[13, 13, 2]",two-tone,15,10,7,2.3442223918011833
4,"[13, 13, 2]",two-tone,16,11,8,2.9320163083785515
