,flop,board_type,0b,1b,2b,profit
0,"[13, 12, 12]",two-tone,1,1,1,1.2536811812955786
1,"[13, 12, 12]",two-tone,2,2,2,1.348910938735957
2,"[13, 12, 12]",two-tone,3,2,2,1.4358748022468957
3,"[13, 12, 12]",two-tone,4,3,2,1.5627076311510413
4,"[13, 12, 12]",two-tone,8,6,4,2.004716535428027
5,"[13, 12, 12]",two-tone,10,7,5,2.291743718119703
6,"[13, 12, 12]",two-tone,15,10,7,2.4673553009329217
7,"[13, 12, 12]",two-tone,16,11,8,2.888670754467512
