,flop,board_type,0b,1b,2b,profit
0,"[13, 11, 6]",two-tone,1,1,1,1.1538660058386392
1,"[13, 11, 6]",two-tone,2,2,2,1.2467371566593954
2,"[13, 11, 6]",two-tone,3,2,2,1.407512351568328
3,"[13, 11, 6]",two-tone,4,3,2,1.6198718791304945
4,"[13, 11, 6]",two-tone,8,6,4,2.036400988459817
5,"[13, 11, 6]",two-tone,10,7,5,2.408024209408757
6,"[13, 11, 6]",two-tone,15,10,7,2.889814333479837
7,"[13, 11, 6]",two-tone,16,11,8,3.2325968206432982
