,flop,board_type,0b,1b,2b,profit
0,"[13, 11, 3]",two-tone,1,1,1,1.1885570405558727
1,"[13, 11, 3]",two-tone,2,2,2,1.2695727335669156
2,"[13, 11, 3]",two-tone,3,2,2,1.4148485319426016
3,"[13, 11, 3]",two-tone,4,3,2,1.569289077997756
4,"[13, 11, 3]",two-tone,8,6,4,2.03071839067929
5,"[13, 11, 3]",two-tone,10,7,5,2.2259810560226754
6,"[13, 11, 3]",two-tone,15,10,7,2.8604222296643895
7,"[13, 11, 3]",two-tone,16,11,8,3.2572329019742927
