,flop,board_type,0b,1b,2b,profit
0,"[13, 10, 9]",two-tone,1,1,1,1.681535308501663
1,"[13, 10, 9]",two-tone,2,2,2,2.1256905594052826
2,"[13, 10, 9]",two-tone,3,2,2,2.305760002878867
3,"[13, 10, 9]",two-tone,4,3,2,2.8343075970459455
4,"[13, 10, 9]",two-tone,8,6,4,2.9559017668966074
5,"[13, 10, 9]",two-tone,10,7,5,3.1544667532263393
6,"[13, 10, 9]",two-tone,15,10,7,3.723825019357869
7,"[13, 10, 9]",two-tone,16,11,8,3.8003973593271594
