,flop,board_type,0b,1b,2b,profit
0,"[13, 10, 8]",two-tone,1,1,1,1.3286736603943003
1,"[13, 10, 8]",two-tone,2,2,2,1.6156942552045712
2,"[13, 10, 8]",two-tone,3,2,2,1.8342731742591403
3,"[13, 10, 8]",two-tone,4,3,2,1.9944162888759707
4,"[13, 10, 8]",two-tone,8,6,4,2.2906084400435365
5,"[13, 10, 8]",two-tone,10,7,5,2.5452630497551083
6,"[13, 10, 8]",two-tone,15,10,7,3.015929076292485
7,"[13, 10, 8]",two-tone,16,11,8,3.253880654455054
