,flop,board_type,0b,1b,2b,profit
0,"[13, 10, 4]",two-tone,1,1,1,1.1548857838645417
1,"[13, 10, 4]",two-tone,2,2,2,1.239292794322709
2,"[13, 10, 4]",two-tone,3,2,2,1.3495196397268068
3,"[13, 10, 4]",two-tone,4,3,2,1.53579152404667
4,"[13, 10, 4]",two-tone,8,6,4,2.104474242909315
5,"[13, 10, 4]",two-tone,10,7,5,2.3082286962625687
6,"[13, 10, 4]",two-tone,15,10,7,2.9242225871988228
7,"[13, 10, 4]",two-tone,16,11,8,3.2533042689480167
