,flop,board_type,0b,1b,2b,profit
0,"[13, 8, 6]",two-tone,1,1,1,1.1248462242802981
1,"[13, 8, 6]",two-tone,2,2,2,1.2246564840235834
2,"[13, 8, 6]",two-tone,3,2,2,1.3948049707139178
3,"[13, 8, 6]",two-tone,4,3,2,1.5230948740200487
4,"[13, 8, 6]",two-tone,8,6,4,1.9806262677756719
5,"[13, 8, 6]",two-tone,10,7,5,2.3579573398743734
6,"[13, 8, 6]",two-tone,15,10,7,2.8355287958247657
7,"[13, 8, 6]",two-tone,16,11,8,3.156861847489076
