,flop,board_type,0b,1b,2b,profit
0,"[13, 8, 4]",two-tone,1,1,1,1.1178432712553084
1,"[13, 8, 4]",two-tone,8,6,4,2.1026969387179877
2,"[13, 8, 4]",two-tone,10,7,5,2.3065922649170068
3,"[13, 8, 4]",two-tone,15,10,7,2.9291186849906476
4,"[13, 8, 4]",two-tone,16,11,8,3.2572876752290987
