,flop,board_type,0b,1b,2b,profit
0,"[13, 5, 3]",two-tone,1,1,1,1.1179234302816636
1,"[13, 5, 3]",two-tone,2,2,2,1.1399580949264052
2,"[13, 5, 3]",two-tone,3,2,2,1.342652283192337
3,"[13, 5, 3]",two-tone,4,3,2,1.5096787131191605
4,"[13, 5, 3]",two-tone,8,6,4,2.164958289424109
5,"[13, 5, 3]",two-tone,10,7,5,2.289645804128625
6,"[13, 5, 3]",two-tone,15,10,7,2.9209000922704393
7,"[13, 5, 3]",two-tone,16,11,8,3.393569063855871
