,flop,board_type,0b,1b,2b,profit
0,"[12, 12, 9]",two-tone,1,1,1,1.0356826355188367
1,"[12, 12, 9]",two-tone,2,2,2,1.131237247217328
2,"[12, 12, 9]",two-tone,3,2,2,1.3280257608688688
3,"[12, 12, 9]",two-tone,4,3,2,1.5513420351820095
4,"[12, 12, 9]",two-tone,8,6,4,2.0625293727293674
5,"[12, 12, 9]",two-tone,10,7,5,2.333821034215359
6,"[12, 12, 9]",two-tone,15,10,7,2.5136062677353017
7,"[12, 12, 9]",two-tone,16,11,8,2.9647617339578285
