,flop,board_type,0b,1b,2b,profit
0,"[12, 12, 8]",two-tone,1,1,1,0.9201275594916991
1,"[12, 12, 8]",two-tone,2,2,2,0.9213284704751323
2,"[12, 12, 8]",two-tone,3,2,2,1.0685699848779826
3,"[12, 12, 8]",two-tone,4,3,2,1.3527299608464798
4,"[12, 12, 8]",two-tone,8,6,4,1.9692992081604954
5,"[12, 12, 8]",two-tone,10,7,5,2.2535000317360696
6,"[12, 12, 8]",two-tone,15,10,7,2.45182897748097
7,"[12, 12, 8]",two-tone,16,11,8,2.9115908943568085
