,flop,board_type,0b,1b,2b,profit
0,"[12, 12, 6]",two-tone,1,1,1,0.8494848070574228
1,"[12, 12, 6]",two-tone,2,2,2,0.8517574358768947
2,"[12, 12, 6]",two-tone,3,2,2,0.8523662138179798
3,"[12, 12, 6]",two-tone,4,3,2,0.9673180761583748
4,"[12, 12, 6]",two-tone,8,6,4,1.704339964368538
5,"[12, 12, 6]",two-tone,10,7,5,2.1181858159768057
6,"[12, 12, 6]",two-tone,15,10,7,2.345035559318301
7,"[12, 12, 6]",two-tone,16,11,8,2.91955696428342
