,flop,board_type,0b,1b,2b,profit
0,"[12, 12, 2]",two-tone,1,1,1,1.0054380567365664
1,"[12, 12, 2]",two-tone,2,2,2,1.0081739114541461
2,"[12, 12, 2]",two-tone,8,6,4,1.6871721965689315
3,"[12, 12, 2]",two-tone,10,7,5,1.8489879228301225
4,"[12, 12, 2]",two-tone,15,10,7,2.4772635694241862
5,"[12, 12, 2]",two-tone,16,11,8,3.113313324997343
