,flop,board_type,0b,1b,2b,profit
0,"[12, 10, 3]",two-tone,1,1,1,1.224641877210216
1,"[12, 10, 3]",two-tone,2,2,2,1.3953118697384093
2,"[12, 10, 3]",two-tone,3,2,2,1.5757265450551485
3,"[12, 10, 3]",two-tone,4,3,2,1.7222831447024427
4,"[12, 10, 3]",two-tone,8,6,4,2.0205491159058218
5,"[12, 10, 3]",two-tone,10,7,5,2.3670398151772036
6,"[12, 10, 3]",two-tone,15,10,7,2.9988772035409865
7,"[12, 10, 3]",two-tone,16,11,8,3.3763116496836467
