,flop,board_type,0b,1b,2b,profit
0,"[12, 9, 7]",two-tone,1,1,1,1.3554165490024292
1,"[12, 9, 7]",two-tone,2,2,2,1.5433757041327933
2,"[12, 9, 7]",two-tone,3,2,2,1.8232652972906882
3,"[12, 9, 7]",two-tone,4,3,2,2.0264590385408905
4,"[12, 9, 7]",two-tone,8,6,4,2.2710091098526317
5,"[12, 9, 7]",two-tone,10,7,5,2.594937608705263
6,"[12, 9, 7]",two-tone,15,10,7,3.0576538871919023
7,"[12, 9, 7]",two-tone,16,11,8,3.300760958316599
