,flop,board_type,0b,1b,2b,profit
0,"[12, 7, 2]",two-tone,1,1,1,1.303457145513865
1,"[12, 7, 2]",two-tone,8,6,4,1.9921095058982004
2,"[12, 7, 2]",two-tone,10,7,5,2.33881448273812
3,"[12, 7, 2]",two-tone,15,10,7,2.989324478712371
4,"[12, 7, 2]",two-tone,16,11,8,3.360727803282417
