,flop,board_type,0b,1b,2b,profit
0,"[12, 6, 5]",two-tone,1,1,1,1.0027682941589267
1,"[12, 6, 5]",two-tone,2,2,2,1.150735734344685
2,"[12, 6, 5]",two-tone,3,2,2,1.347709302002064
3,"[12, 6, 5]",two-tone,4,3,2,1.5273072794220848
4,"[12, 6, 5]",two-tone,8,6,4,1.9643217411971108
5,"[12, 6, 5]",two-tone,10,7,5,2.456624319869281
6,"[12, 6, 5]",two-tone,15,10,7,3.038019055782593
7,"[12, 6, 5]",two-tone,16,11,8,3.3833222740970066
