,flop,board_type,0b,1b,2b,profit
0,"[12, 6, 4]",two-tone,1,1,1,0.9755298964573342
1,"[12, 6, 4]",two-tone,2,2,2,1.0028160087322415
2,"[12, 6, 4]",two-tone,3,2,2,1.1281398582481226
3,"[12, 6, 4]",two-tone,4,3,2,1.2648682429191926
4,"[12, 6, 4]",two-tone,8,6,4,1.7650200140258803
5,"[12, 6, 4]",two-tone,10,7,5,2.136151068953036
6,"[12, 6, 4]",two-tone,15,10,7,2.898872184711791
7,"[12, 6, 4]",two-tone,16,11,8,3.3163159726042895
