,flop,board_type,0b,1b,2b,profit
0,"[12, 3, 2]",two-tone,1,1,1,1.2075897455301259
1,"[12, 3, 2]",two-tone,8,6,4,2.0927001281500432
2,"[12, 3, 2]",two-tone,10,7,5,2.380325498607049
3,"[12, 3, 2]",two-tone,15,10,7,3.051898424145949
4,"[12, 3, 2]",two-tone,16,11,8,3.5872919824700196
