,flop,board_type,0b,1b,2b,profit
0,"[11, 11, 7]",two-tone,1,1,1,1.0357557010453577
1,"[11, 11, 7]",two-tone,2,2,2,1.137926916988383
2,"[11, 11, 7]",two-tone,3,2,2,1.3038791903255944
3,"[11, 11, 7]",two-tone,4,3,2,1.5242118130625626
4,"[11, 11, 7]",two-tone,8,6,4,2.0150843581151836
5,"[11, 11, 7]",two-tone,10,7,5,2.2630332990075277
6,"[11, 11, 7]",two-tone,15,10,7,2.458830809085621
7,"[11, 11, 7]",two-tone,16,11,8,2.860169546773142
