,flop,board_type,0b,1b,2b,profit
0,"[11, 10, 6]",two-tone,1,1,1,1.1884335868858706
1,"[11, 10, 6]",two-tone,2,2,2,1.3808482744205424
2,"[11, 10, 6]",two-tone,3,2,2,1.6469480963798047
3,"[11, 10, 6]",two-tone,4,3,2,1.8312386802442824
4,"[11, 10, 6]",two-tone,8,6,4,2.06946817157891
5,"[11, 10, 6]",two-tone,10,7,5,2.4438130153783884
6,"[11, 10, 6]",two-tone,15,10,7,2.9508389196128615
7,"[11, 10, 6]",two-tone,16,11,8,3.2549677538505493
