,flop,board_type,0b,1b,2b,profit
0,"[11, 10, 5]",two-tone,1,1,1,1.149308260997171
1,"[11, 10, 5]",two-tone,2,2,2,1.3450421977722775
2,"[11, 10, 5]",two-tone,3,2,2,1.608037911916549
3,"[11, 10, 5]",two-tone,4,3,2,1.8701964918670435
4,"[11, 10, 5]",two-tone,8,6,4,2.093453110195662
5,"[11, 10, 5]",two-tone,10,7,5,2.4866066274988214
6,"[11, 10, 5]",two-tone,15,10,7,3.04255980747289
7,"[11, 10, 5]",two-tone,16,11,8,3.3210391258486562
