,flop,board_type,0b,1b,2b,profit
0,"[11, 9, 9]",two-tone,1,1,1,1.2398125183870183
1,"[11, 9, 9]",two-tone,2,2,2,1.579418551568357
2,"[11, 9, 9]",two-tone,3,2,2,1.799659169888844
3,"[11, 9, 9]",two-tone,4,3,2,2.079669277488033
4,"[11, 9, 9]",two-tone,8,6,4,2.3796047781841794
5,"[11, 9, 9]",two-tone,10,7,5,2.6354453417411765
6,"[11, 9, 9]",two-tone,15,10,7,2.823524458586613
7,"[11, 9, 9]",two-tone,16,11,8,3.1967936350182553
