,flop,board_type,0b,1b,2b,profit
0,"[11, 4, 4]",two-tone,1,1,1,1.1116760288210186
1,"[11, 4, 4]",two-tone,2,2,2,1.1137655414384235
2,"[11, 4, 4]",two-tone,8,6,4,1.9291178312687474
3,"[11, 4, 4]",two-tone,10,7,5,2.263581385379311
4,"[11, 4, 4]",two-tone,15,10,7,2.649324170622879
5,"[11, 4, 4]",two-tone,16,11,8,3.2245840406699506
