,flop,board_type,0b,1b,2b,profit
0,"[10, 10, 9]",two-tone,1,1,1,1.2086377864456077
1,"[10, 10, 9]",two-tone,2,2,2,1.530613723071084
2,"[10, 10, 9]",two-tone,3,2,2,1.7612223438199865
3,"[10, 10, 9]",two-tone,4,3,2,2.0115286293258356
4,"[10, 10, 9]",two-tone,8,6,4,2.307150910793605
5,"[10, 10, 9]",two-tone,10,7,5,2.566446216471356
6,"[10, 10, 9]",two-tone,15,10,7,2.726915642241719
7,"[10, 10, 9]",two-tone,16,11,8,3.106635627544305
