,flop,board_type,0b,1b,2b,profit
0,"[10, 10, 5]",two-tone,1,1,1,1.0125341465332907
1,"[10, 10, 5]",two-tone,8,6,4,1.852537827464769
2,"[10, 10, 5]",two-tone,10,7,5,2.283244684470374
3,"[10, 10, 5]",two-tone,15,10,7,2.6167952487296784
4,"[10, 10, 5]",two-tone,16,11,8,3.1048181297727306
