,flop,board_type,0b,1b,2b,profit
0,"[10, 9, 7]",two-tone,1,1,1,1.805181550798538
1,"[10, 9, 7]",two-tone,2,2,2,2.451428657101019
2,"[10, 9, 7]",two-tone,3,2,2,2.700804313344543
3,"[10, 9, 7]",two-tone,4,3,2,3.036979679655171
4,"[10, 9, 7]",two-tone,8,6,4,3.105303715013396
5,"[10, 9, 7]",two-tone,10,7,5,3.2780897337686508
6,"[10, 9, 7]",two-tone,15,10,7,3.658106918767813
7,"[10, 9, 7]",two-tone,16,11,8,3.7765543715039125
