,flop,board_type,0b,1b,2b,profit
0,"[10, 8, 7]",two-tone,1,1,1,1.7686978085846663
1,"[10, 8, 7]",two-tone,2,2,2,2.268124740449102
2,"[10, 8, 7]",two-tone,3,2,2,2.5560751999239173
3,"[10, 8, 7]",two-tone,4,3,2,2.9624151437746153
4,"[10, 8, 7]",two-tone,8,6,4,3.033969702340202
5,"[10, 8, 7]",two-tone,10,7,5,3.2129804676224545
6,"[10, 8, 7]",two-tone,15,10,7,3.5996679383191688
7,"[10, 8, 7]",two-tone,16,11,8,3.7223887537280693
