,flop,board_type,0b,1b,2b,profit
0,"[10, 7, 4]",two-tone,1,1,1,1.1821659542436362
1,"[10, 7, 4]",two-tone,2,2,2,1.3878595732573464
2,"[10, 7, 4]",two-tone,3,2,2,1.5844299637389314
3,"[10, 7, 4]",two-tone,4,3,2,1.7947090012068525
4,"[10, 7, 4]",two-tone,8,6,4,2.029099647837144
5,"[10, 7, 4]",two-tone,10,7,5,2.426547357538205
6,"[10, 7, 4]",two-tone,15,10,7,3.065124099655515
7,"[10, 7, 4]",two-tone,16,11,8,3.3450468980001387
