,flop,board_type,0b,1b,2b,profit
0,"[10, 7, 3]",two-tone,1,1,1,1.233166848434682
1,"[10, 7, 3]",two-tone,2,2,2,1.3358901966705201
2,"[10, 7, 3]",two-tone,3,2,2,1.5565374415537576
3,"[10, 7, 3]",two-tone,4,3,2,1.7968137648046245
4,"[10, 7, 3]",two-tone,8,6,4,2.014295127528323
5,"[10, 7, 3]",two-tone,10,7,5,2.4089123216138724
6,"[10, 7, 3]",two-tone,15,10,7,3.029152885364162
7,"[10, 7, 3]",two-tone,16,11,8,3.3402872162774564
