,flop,board_type,0b,1b,2b,profit
0,"[10, 6, 6]",two-tone,1,1,1,1.2085355475590625
1,"[10, 6, 6]",two-tone,2,2,2,1.238587300027686
2,"[10, 6, 6]",two-tone,3,2,2,1.4214206590254705
3,"[10, 6, 6]",two-tone,4,3,2,1.7069611548172756
4,"[10, 6, 6]",two-tone,8,6,4,2.2206636150793653
5,"[10, 6, 6]",two-tone,10,7,5,2.604674562975268
6,"[10, 6, 6]",two-tone,15,10,7,2.80665615878553
7,"[10, 6, 6]",two-tone,16,11,8,3.266849923994094
