,flop,board_type,0b,1b,2b,profit
0,"[10, 5, 5]",two-tone,1,1,1,1.1506671154573271
1,"[10, 5, 5]",two-tone,8,6,4,2.020674734870226
2,"[10, 5, 5]",two-tone,10,7,5,2.4330384340201743
3,"[10, 5, 5]",two-tone,15,10,7,2.743320261171937
4,"[10, 5, 5]",two-tone,16,11,8,3.2526675241346483
