,flop,board_type,0b,1b,2b,profit
0,"[9, 9, 6]",two-tone,1,1,1,0.9369824720164417
1,"[9, 9, 6]",two-tone,2,2,2,1.0468491306968186
2,"[9, 9, 6]",two-tone,3,2,2,1.174190713424129
3,"[9, 9, 6]",two-tone,4,3,2,1.3946079413459664
4,"[9, 9, 6]",two-tone,8,6,4,1.8607805910031112
5,"[9, 9, 6]",two-tone,10,7,5,2.383528479087249
6,"[9, 9, 6]",two-tone,15,10,7,2.646943982533436
7,"[9, 9, 6]",two-tone,16,11,8,3.0643587515513744
