,flop,board_type,0b,1b,2b,profit
0,"[9, 8, 5]",two-tone,1,1,1,1.4732563566964723
1,"[9, 8, 5]",two-tone,2,2,2,1.8613409074169653
2,"[9, 8, 5]",two-tone,3,2,2,2.221928983602327
3,"[9, 8, 5]",two-tone,4,3,2,2.7151576293818955
4,"[9, 8, 5]",two-tone,8,6,4,2.8036962002873596
5,"[9, 8, 5]",two-tone,10,7,5,2.937462569241982
6,"[9, 8, 5]",two-tone,15,10,7,3.158334256298213
7,"[9, 8, 5]",two-tone,16,11,8,3.2370388121800326
