,flop,board_type,0b,1b,2b,profit
0,"[9, 6, 4]",two-tone,1,1,1,0.9085049031067606
1,"[9, 6, 4]",two-tone,2,2,2,1.0331883635852384
2,"[9, 6, 4]",two-tone,3,2,2,1.2226048064749515
3,"[9, 6, 4]",two-tone,4,3,2,1.4578198209022375
4,"[9, 6, 4]",two-tone,8,6,4,1.7768035630897376
5,"[9, 6, 4]",two-tone,10,7,5,2.066473194376216
6,"[9, 6, 4]",two-tone,15,10,7,2.5228038323504376
7,"[9, 6, 4]",two-tone,16,11,8,2.8514689224343384
