,flop,board_type,0b,1b,2b,profit
0,"[9, 6, 2]",two-tone,1,1,1,1.0014180198278793
1,"[9, 6, 2]",two-tone,2,2,2,1.1058954427128278
2,"[9, 6, 2]",two-tone,3,2,2,1.2800189208169315
3,"[9, 6, 2]",two-tone,4,3,2,1.499466888104935
4,"[9, 6, 2]",two-tone,8,6,4,1.8177441847947473
5,"[9, 6, 2]",two-tone,10,7,5,2.0489083422043235
6,"[9, 6, 2]",two-tone,15,10,7,2.525479413302707
7,"[9, 6, 2]",two-tone,16,11,8,2.8952897784735816
