,flop,board_type,0b,1b,2b,profit
0,"[9, 4, 3]",two-tone,1,1,1,1.0526410686971992
1,"[9, 4, 3]",two-tone,2,2,2,1.1855136340706982
2,"[9, 4, 3]",two-tone,3,2,2,1.2576820255446866
3,"[9, 4, 3]",two-tone,4,3,2,1.4464514471320586
4,"[9, 4, 3]",two-tone,8,6,4,1.9486966144953317
5,"[9, 4, 3]",two-tone,10,7,5,2.210011540084482
6,"[9, 4, 3]",two-tone,15,10,7,2.7189903088483773
7,"[9, 4, 3]",two-tone,16,11,8,3.094121231302801
