,flop,board_type,0b,1b,2b,profit
0,"[9, 4, 2]",two-tone,1,1,1,1.0892762946230619
1,"[9, 4, 2]",two-tone,2,2,2,1.1175557642944771
2,"[9, 4, 2]",two-tone,3,2,2,1.1945001045281227
3,"[9, 4, 2]",two-tone,4,3,2,1.3768852290763602
4,"[9, 4, 2]",two-tone,8,6,4,1.9062913267874313
5,"[9, 4, 2]",two-tone,10,7,5,2.1580810397020307
6,"[9, 4, 2]",two-tone,15,10,7,2.667946377497541
7,"[9, 4, 2]",two-tone,16,11,8,3.080344116128605
