,flop,board_type,0b,1b,2b,profit
0,"[9, 3, 2]",two-tone,1,1,1,1.1261455896887622
1,"[9, 3, 2]",two-tone,2,2,2,1.128381218354505
2,"[9, 3, 2]",two-tone,3,2,2,1.1923974644817115
3,"[9, 3, 2]",two-tone,4,3,2,1.3629317174305167
4,"[9, 3, 2]",two-tone,8,6,4,1.9081816381399392
5,"[9, 3, 2]",two-tone,10,7,5,2.156615309857349
6,"[9, 3, 2]",two-tone,15,10,7,2.6781870125615255
7,"[9, 3, 2]",two-tone,16,11,8,3.1060991712561528
