,flop,board_type,0b,1b,2b,profit
0,"[8, 8, 7]",two-tone,1,1,1,1.220425882643021
1,"[8, 8, 7]",two-tone,2,2,2,1.449963478333055
2,"[8, 8, 7]",two-tone,3,2,2,1.584737347161179
3,"[8, 8, 7]",two-tone,4,3,2,1.7183277163638122
4,"[8, 8, 7]",two-tone,8,6,4,2.060518381063913
5,"[8, 8, 7]",two-tone,10,7,5,2.470108838502238
6,"[8, 8, 7]",two-tone,15,10,7,2.7121947026531537
7,"[8, 8, 7]",two-tone,16,11,8,2.995274099294952
