,flop,board_type,0b,1b,2b,profit
0,"[8, 8, 4]",two-tone,1,1,1,1.1643672257508537
1,"[8, 8, 4]",two-tone,2,2,2,1.1946247676717778
2,"[8, 8, 4]",two-tone,3,2,2,1.3083671065520912
3,"[8, 8, 4]",two-tone,4,3,2,1.556262234968152
4,"[8, 8, 4]",two-tone,8,6,4,2.035698542291247
5,"[8, 8, 4]",two-tone,10,7,5,2.4077478333661797
6,"[8, 8, 4]",two-tone,15,10,7,2.877278392119979
7,"[8, 8, 4]",two-tone,16,11,8,3.2992737715340734
