,flop,board_type,0b,1b,2b,profit
0,"[8, 6, 5]",two-tone,1,1,1,1.2663013167395158
1,"[8, 6, 5]",two-tone,2,2,2,1.8755312838362572
2,"[8, 6, 5]",two-tone,3,2,2,2.1944559213689305
3,"[8, 6, 5]",two-tone,4,3,2,2.494613990052858
4,"[8, 6, 5]",two-tone,8,6,4,2.6354468865045595
5,"[8, 6, 5]",two-tone,10,7,5,2.820295892367565
6,"[8, 6, 5]",two-tone,15,10,7,3.0253067932417514
7,"[8, 6, 5]",two-tone,16,11,8,3.1424419900906133
