,flop,board_type,0b,1b,2b,profit
0,"[8, 4, 4]",two-tone,1,1,1,1.1513068573497656
1,"[8, 4, 4]",two-tone,2,2,2,1.181228791754826
2,"[8, 4, 4]",two-tone,3,2,2,1.3109762671087366
3,"[8, 4, 4]",two-tone,4,3,2,1.5654956092747303
4,"[8, 4, 4]",two-tone,8,6,4,2.0682811949438324
5,"[8, 4, 4]",two-tone,10,7,5,2.4373951771490896
6,"[8, 4, 4]",two-tone,15,10,7,2.8725838786432556
7,"[8, 4, 4]",two-tone,16,11,8,3.3270674055971217
