,flop,board_type,0b,1b,2b,profit
0,"[8, 3, 3]",two-tone,1,1,1,1.216345455560868
1,"[8, 3, 3]",two-tone,2,2,2,1.2177144087965586
2,"[8, 3, 3]",two-tone,8,6,4,2.0035513716371858
3,"[8, 3, 3]",two-tone,10,7,5,2.317379755139293
4,"[8, 3, 3]",two-tone,15,10,7,2.801353467882133
5,"[8, 3, 3]",two-tone,16,11,8,3.3065157550958317
