,flop,board_type,0b,1b,2b,profit
0,"[7, 7, 5]",two-tone,1,1,1,1.3882034563023835
1,"[7, 7, 5]",two-tone,2,2,2,1.4987671756808496
2,"[7, 7, 5]",two-tone,3,2,2,1.6170179717042144
3,"[7, 7, 5]",two-tone,4,3,2,1.7063394529938571
4,"[7, 7, 5]",two-tone,8,6,4,2.0773833232515866
5,"[7, 7, 5]",two-tone,10,7,5,2.618535579063803
6,"[7, 7, 5]",two-tone,15,10,7,3.009234791661368
7,"[7, 7, 5]",two-tone,16,11,8,3.319361469442493
