,flop,board_type,0b,1b,2b,profit
0,"[7, 2, 2]",two-tone,1,1,1,1.4578563383726255
1,"[7, 2, 2]",two-tone,2,2,2,1.4605343579566263
2,"[7, 2, 2]",two-tone,3,2,2,1.461870007842184
3,"[7, 2, 2]",two-tone,4,3,2,1.5485554109950794
4,"[7, 2, 2]",two-tone,8,6,4,2.1246456073271918
5,"[7, 2, 2]",two-tone,10,7,5,2.3863667935425728
6,"[7, 2, 2]",two-tone,15,10,7,2.8582304944867247
7,"[7, 2, 2]",two-tone,16,11,8,3.349506002263104
