,flop,board_type,0b,1b,2b,profit
0,"[6, 6, 5]",two-tone,1,1,1,1.0074144316153952
1,"[6, 6, 5]",two-tone,2,2,2,1.1508236386475312
2,"[6, 6, 5]",two-tone,3,2,2,1.3305868497947342
3,"[6, 6, 5]",two-tone,4,3,2,1.466920321276109
4,"[6, 6, 5]",two-tone,8,6,4,1.947447081248448
5,"[6, 6, 5]",two-tone,10,7,5,2.6846679262628874
6,"[6, 6, 5]",two-tone,15,10,7,3.1861362759266205
7,"[6, 6, 5]",two-tone,16,11,8,3.464547164802307
