,flop,board_type,0b,1b,2b,profit
0,"[6, 6, 4]",two-tone,1,1,1,1.0556447556129778
1,"[6, 6, 4]",two-tone,2,2,2,1.1917420447065836
2,"[6, 6, 4]",two-tone,3,2,2,1.305391442376089
3,"[6, 6, 4]",two-tone,4,3,2,1.3971101885941635
4,"[6, 6, 4]",two-tone,8,6,4,1.8950518945550288
5,"[6, 6, 4]",two-tone,10,7,5,2.4632949854425465
6,"[6, 6, 4]",two-tone,15,10,7,3.062450217020189
7,"[6, 6, 4]",two-tone,16,11,8,3.4452425512491036
