,flop,board_type,0b,1b,2b,profit
0,"[6, 5, 3]",two-tone,1,1,1,1.2563135940442764
1,"[6, 5, 3]",two-tone,2,2,2,1.5949269060800964
2,"[6, 5, 3]",two-tone,3,2,2,1.992149529369958
3,"[6, 5, 3]",two-tone,4,3,2,2.2932863674354147
4,"[6, 5, 3]",two-tone,8,6,4,2.61721961735546
5,"[6, 5, 3]",two-tone,10,7,5,2.9176539171671223
6,"[6, 5, 3]",two-tone,15,10,7,3.3456571533349915
7,"[6, 5, 3]",two-tone,16,11,8,3.5559093359511027
