,flop,board_type,0b,1b,2b,profit
0,"[5, 5, 2]",two-tone,1,1,1,1.0964038604409074
1,"[5, 5, 2]",two-tone,2,2,2,1.1183409350938212
2,"[5, 5, 2]",two-tone,3,2,2,1.1310600596154434
3,"[5, 5, 2]",two-tone,4,3,2,1.2150258884064824
4,"[5, 5, 2]",two-tone,8,6,4,1.829551951206103
5,"[5, 5, 2]",two-tone,10,7,5,2.0997723127574623
6,"[5, 5, 2]",two-tone,15,10,7,2.674157295524333
7,"[5, 5, 2]",two-tone,16,11,8,3.322906952540461
