,flop,board_type,0b,1b,2b,profit
0,"[5, 4, 3]",two-tone,1,1,1,1.3544910397359766
1,"[5, 4, 3]",two-tone,2,2,2,1.6830003664597502
2,"[5, 4, 3]",two-tone,3,2,2,2.016791661349883
3,"[5, 4, 3]",two-tone,4,3,2,2.4613568057805137
4,"[5, 4, 3]",two-tone,8,6,4,2.7420576414080724
5,"[5, 4, 3]",two-tone,10,7,5,2.9239765204953114
6,"[5, 4, 3]",two-tone,15,10,7,3.3768061731662558
7,"[5, 4, 3]",two-tone,16,11,8,3.709178534817217
