,flop,board_type,0b,1b,2b,profit
0,"[4, 4, 3]",two-tone,1,1,1,1.0604791467967711
1,"[4, 4, 3]",two-tone,2,2,2,1.1744880823147408
2,"[4, 4, 3]",two-tone,3,2,2,1.2525981030146214
3,"[4, 4, 3]",two-tone,4,3,2,1.2989514584336672
4,"[4, 4, 3]",two-tone,8,6,4,1.876847216974841
5,"[4, 4, 3]",two-tone,10,7,5,2.3289628295136158
6,"[4, 4, 3]",two-tone,15,10,7,2.914032583087746
7,"[4, 4, 3]",two-tone,16,11,8,3.46203763760995
