,flop,board_type,0b,1b,2b,profit
0,"[4, 3, 3]",two-tone,1,1,1,1.0973957158110372
1,"[4, 3, 3]",two-tone,2,2,2,1.2209794500403501
2,"[4, 3, 3]",two-tone,3,2,2,1.302576485685021
3,"[4, 3, 3]",two-tone,4,3,2,1.3474534493761252
4,"[4, 3, 3]",two-tone,8,6,4,1.934860137413868
5,"[4, 3, 3]",two-tone,10,7,5,2.3862598576013405
6,"[4, 3, 3]",two-tone,15,10,7,2.977980790856043
7,"[4, 3, 3]",two-tone,16,11,8,3.534586425093633
