,flop,board_type,0b,1b,2b,profit
0,"[14, 13, 13]",rainbow,1,1,1,0.5473362542214282
1,"[14, 13, 13]",rainbow,2,2,2,0.7233335875395503
2,"[14, 13, 13]",rainbow,3,2,2,0.992756238512815
3,"[14, 13, 13]",rainbow,8,6,4,1.3366067776290838
