,flop,board_type,0b,1b,2b,profit
0,"[14, 12, 4]",rainbow,1,1,1,0.4517294178505694
1,"[14, 12, 4]",rainbow,2,2,2,0.5327458771038898
