,flop,board_type,0b,1b,2b,profit
0,"[14, 11, 5]",rainbow,1,1,1,0.30197501625490175
1,"[14, 11, 5]",rainbow,2,2,2,0.41204861295695816
