,flop,board_type,0b,1b,2b,profit
0,"[14, 9, 9]",rainbow,1,1,1,0.2583815103836319
1,"[14, 9, 9]",rainbow,8,6,4,0.5425924531207633
