,flop,board_type,0b,1b,2b,profit
0,"[14, 9, 7]",rainbow,1,1,1,0.3619625272479315
1,"[14, 9, 7]",rainbow,8,6,4,0.38688763456469966
