,flop,board_type,0b,1b,2b,profit
0,"[14, 9, 3]",rainbow,1,1,1,0.28815499359927893
1,"[14, 9, 3]",rainbow,2,2,2,0.2887936759364433
