,flop,board_type,0b,1b,2b,profit
0,"[14, 8, 2]",rainbow,1,1,1,0.4634592376451354
1,"[14, 8, 2]",rainbow,2,2,2,0.46406849157547025
