,flop,board_type,0b,1b,2b,profit
0,"[14, 7, 7]",rainbow,1,1,1,0.36274954263618686
1,"[14, 7, 7]",rainbow,8,6,4,0.5508756535528501
