,flop,board_type,0b,1b,2b,profit
0,"[14, 7, 5]",rainbow,1,1,1,0.39465976215573556
1,"[14, 7, 5]",rainbow,8,6,4,0.40477521571467234
2,"[14, 7, 5]",rainbow,10,7,5,0.43184976139621367
