,flop,board_type,0b,1b,2b,profit
0,"[14, 3, 3]",rainbow,1,1,1,0.36093612507051603
1,"[14, 3, 3]",rainbow,8,6,4,0.523680474866264
2,"[14, 3, 3]",rainbow,10,7,5,0.5829480655446841
