,flop,board_type,0b,1b,2b,profit
0,"[13, 13, 10]",rainbow,1,1,1,1.006027314997445
1,"[13, 13, 10]",rainbow,2,2,2,1.0955297461894504
