,flop,board_type,0b,1b,2b,profit
0,"[13, 12, 12]",rainbow,1,1,1,0.7517408333368366
1,"[13, 12, 12]",rainbow,2,2,2,0.8875572152095437
2,"[13, 12, 12]",rainbow,3,2,2,0.933177393512559
3,"[13, 12, 12]",rainbow,4,3,2,0.9368686068720543
4,"[13, 12, 12]",rainbow,8,6,4,1.1523804233012274
