,flop,board_type,0b,1b,2b,profit
0,"[13, 12, 4]",rainbow,1,1,1,0.7766702933284637
1,"[13, 12, 4]",rainbow,2,2,2,0.8622374621912353
