,flop,board_type,0b,1b,2b,profit
0,"[13, 11, 11]",rainbow,1,1,1,0.7850652587499999
1,"[13, 11, 11]",rainbow,8,6,4,0.9832115464817243
