,flop,board_type,0b,1b,2b,profit
0,"[13, 11, 5]",rainbow,1,1,1,0.73988504921855
1,"[13, 11, 5]",rainbow,2,2,2,0.8256205265789412
