,flop,board_type,0b,1b,2b,profit
0,"[13, 10, 10]",rainbow,1,1,1,1.0067779505677656
1,"[13, 10, 10]",rainbow,2,2,2,1.1233912237764636
