,flop,board_type,0b,1b,2b,profit
0,"[13, 7, 2]",rainbow,1,1,1,0.6799341076168925
1,"[13, 7, 2]",rainbow,2,2,2,0.6805222739969833
2,"[13, 7, 2]",rainbow,3,2,2,0.6817147973906484
