,flop,board_type,0b,1b,2b,profit
0,"[12, 9, 3]",rainbow,1,1,1,0.7471363695939772
1,"[12, 9, 3]",rainbow,2,2,2,0.8375477790982913
