,flop,board_type,0b,1b,2b,profit
0,"[12, 8, 3]",rainbow,1,1,1,0.9875921239774815
1,"[12, 8, 3]",rainbow,2,2,2,0.988155698299632
