,flop,board_type,0b,1b,2b,profit
0,"[12, 5, 5]",rainbow,1,1,1,0.5750478531220967
1,"[12, 5, 5]",rainbow,2,2,2,0.5776654346742597
2,"[12, 5, 5]",rainbow,3,2,2,0.5779949650672482
3,"[12, 5, 5]",rainbow,8,6,4,0.7124825954215395
4,"[12, 5, 5]",rainbow,10,7,5,0.8103975724865838
