,flop,board_type,0b,1b,2b,profit
0,"[12, 5, 2]",rainbow,1,1,1,0.5930134344747809
1,"[12, 5, 2]",rainbow,2,2,2,0.5971022056540062
