,flop,board_type,0b,1b,2b,profit
0,"[11, 6, 6]",rainbow,1,1,1,0.698085554809748
1,"[11, 6, 6]",rainbow,2,2,2,0.7029271821789883
2,"[11, 6, 6]",rainbow,8,6,4,0.7425235617755477
3,"[11, 6, 6]",rainbow,10,7,5,0.7489340664753785
