,flop,board_type,0b,1b,2b,profit
0,"[10, 10, 2]",rainbow,1,1,1,1.324547166180755
1,"[10, 10, 2]",rainbow,2,2,2,1.3269690262592844
