,flop,board_type,0b,1b,2b,profit
0,"[9, 9, 6]",rainbow,1,1,1,0.4703131484175168
1,"[9, 9, 6]",rainbow,8,6,4,0.48893750774583
