,flop,board_type,0b,1b,2b,profit
0,"[9, 9, 4]",rainbow,1,1,1,0.3531271288754711
1,"[9, 9, 4]",rainbow,2,2,2,0.3552212934155532
2,"[9, 9, 4]",rainbow,3,2,2,0.35731388847721834
3,"[9, 9, 4]",rainbow,4,3,2,0.36189540814815724
4,"[9, 9, 4]",rainbow,10,7,5,0.39612034345261715
