,flop,board_type,0b,1b,2b,profit
0,"[9, 7, 4]",rainbow,1,1,1,0.3822900265998426
1,"[9, 7, 4]",rainbow,8,6,4,0.4050781495538519
