,flop,board_type,0b,1b,2b,profit
0,"[9, 6, 6]",rainbow,1,1,1,0.32641213686163534
1,"[9, 6, 6]",rainbow,8,6,4,0.5559470224894026
2,"[9, 6, 6]",rainbow,10,7,5,0.6047470858278998
