,flop,board_type,0b,1b,2b,profit
0,"[8, 7, 2]",rainbow,1,1,1,0.46510758243328515
1,"[8, 7, 2]",rainbow,8,6,4,0.4778684515535559
