,flop,board_type,0b,1b,2b,profit
0,"[8, 6, 4]",rainbow,1,1,1,0.5402170667995195
1,"[8, 6, 4]",rainbow,8,6,4,0.5518176274887264
