,flop,board_type,0b,1b,2b,profit
0,"[8, 3, 3]",rainbow,1,1,1,0.2894604579661765
1,"[8, 3, 3]",rainbow,8,6,4,0.3244482239049371
2,"[8, 3, 3]",rainbow,10,7,5,0.44144435606948706
