,flop,board_type,0b,1b,2b,profit
0,"[6, 6, 6]",rainbow,1,1,1,0.27568680076455104
1,"[6, 6, 6]",rainbow,8,6,4,0.28235743877786207
