,flop,board_type,0b,1b,2b,profit
0,"[6, 5, 3]",rainbow,1,1,1,0.2791950305142754
1,"[6, 5, 3]",rainbow,2,2,2,0.28852710170924784
2,"[6, 5, 3]",rainbow,8,6,4,0.2913789114493498
