,flop,board_type,0b,1b,2b,profit
0,"[6, 4, 4]",rainbow,1,1,1,0.21931138312867884
1,"[6, 4, 4]",rainbow,8,6,4,0.3765307005644463
