,flop,board_type,0b,1b,2b,profit
0,"[5, 4, 4]",rainbow,1,1,1,0.12267666822356132
1,"[5, 4, 4]",rainbow,8,6,4,0.1268790370942861
