,flop,board_type,0b,1b,2b,profit
0,"[5, 4, 2]",rainbow,1,1,1,0.26368674747456444
1,"[5, 4, 2]",rainbow,2,2,2,0.270552991582471
