,flop,board_type,0b,1b,2b,profit
0,"[4, 3, 3]",rainbow,1,1,1,0.04406493988805042
1,"[4, 3, 3]",rainbow,8,6,4,0.092920788656782
