,flop,board_type,0b,1b,2b,profit
0,"[3, 2, 2]",rainbow,1,1,1,-0.03945269753509914
1,"[3, 2, 2]",rainbow,8,6,4,0.013194608986799444
2,"[3, 2, 2]",rainbow,10,7,5,0.05047298241349718
