,flop,board_type,0b,1b,2b,profit
0,"[8, 5, 3]",two-tone,0,0,0,-0.7329231652083337
1,"[8, 5, 3]",two-tone,1,1,1,-0.3592014794791667
