,flop,board_type,0b,1b,2b,profit
0,"[6, 5, 4]",two-tone,0,0,0,-1.3623927686864232
1,"[6, 5, 4]",two-tone,1,1,1,-0.7816521258134664
