,flop,board_type,0b,1b,2b,profit
0,"[8, 5, 2]",two-tone,0,0,0,-0.7103355704166673
1,"[8, 5, 2]",two-tone,1,1,1,-0.3411054591666673
