,flop,board_type,0b,1b,2b,profit
0,"[10, 5, 3]",two-tone,0,0,0,0.31357934314516084
1,"[10, 5, 3]",two-tone,1,1,1,0.7980401737903221
