,flop,board_type,0b,1b,2b,profit
0,"[5, 2, 2]",two-tone,0,0,0,-0.5601154563820023
1,"[5, 2, 2]",two-tone,1,1,1,-0.12317212929292931
