,flop,board_type,0b,1b,2b,profit
0,"[7, 6, 2]",two-tone,0,0,0,-0.3781510012059092
1,"[7, 6, 2]",two-tone,1,1,1,0.23090723696110874
