,flop,board_type,0b,1b,2b,profit
0,"[9, 7, 2]",two-tone,0,0,0,-0.37980875308254974
1,"[9, 7, 2]",two-tone,1,1,1,0.01339665977011456
2,"[9, 7, 2]",two-tone,1,1,2,0.036339689626072647
