,flop,board_type,0b,1b,2b,profit
0,"[10, 10, 3]",two-tone,0,0,0,0.5107879582091974
1,"[10, 10, 3]",two-tone,1,1,1,0.7661596290599784
2,"[10, 10, 3]",two-tone,1,0,0,0.8372896085795896
