,flop,board_type,0b,1b,2b,profit
0,"[11, 7, 6]",two-tone,0,0,0,0.7580690723684207
1,"[11, 7, 6]",two-tone,1,1,1,1.3944844421052625
