,flop,board_type,0b,1b,2b,profit
0,"[9, 5, 4]",two-tone,0,0,0,-0.03206205174180365
1,"[9, 5, 4]",two-tone,1,1,1,0.5674926776639339
