,flop,board_type,0b,1b,2b,profit
0,"[5, 3, 2]",two-tone,0,0,0,-0.7453513793365654
1,"[5, 3, 2]",two-tone,1,1,1,-0.28246721704935684
