,flop,board_type,0b,1b,2b,profit
0,"[14, 13, 3]",two-tone,0,0,0,0.9009575744488071
1,"[14, 13, 3]",two-tone,1,1,1,1.638354202959831
2,"[14, 13, 3]",two-tone,2,2,2,1.7866304439746294
3,"[14, 13, 3]",two-tone,3,2,2,1.9097345937783141
4,"[14, 13, 3]",two-tone,8,6,4,2.015927404409543
