,flop,board_type,0b,1b,2b,profit
0,"[12, 8, 2]",two-tone,0,0,0,0.23210825437486787
1,"[12, 8, 2]",two-tone,1,1,1,0.7727618433480914
2,"[12, 8, 2]",two-tone,1,0,0,0.7763830340501787
3,"[12, 8, 2]",two-tone,1,0,1,0.7856911286105834
