,flop,board_type,0b,1b,2b,profit
0,"[13, 13, 11]",two-tone,0,0,0,1.0535477188186693
1,"[13, 13, 11]",two-tone,1,1,1,1.8833772044459791
2,"[13, 13, 11]",two-tone,2,2,2,2.0064718993191253
3,"[13, 13, 11]",two-tone,3,2,2,2.1300051976455103
4,"[13, 13, 11]",two-tone,7,5,4,2.1695626329735545
5,"[13, 13, 11]",two-tone,8,6,4,2.417350899044473
6,"[13, 13, 11]",two-tone,10,7,5,2.4459234512526433
7,"[13, 13, 11]",two-tone,10,6,4,2.4663388169971148
