,flop,board_type,0b,1b,2b,profit
0,"[14, 3, 2]",two-tone,0,0,0,0.17437704139610427
1,"[14, 3, 2]",two-tone,1,1,1,0.7579333639101864
