,flop,board_type,0b,1b,2b,profit
0,"[13, 12, 2]",two-tone,0,0,0,0.5840803297748545
1,"[13, 12, 2]",two-tone,1,1,1,1.3770307094358711
2,"[13, 12, 2]",two-tone,2,2,2,1.3959591882620788
