,flop,board_type,0b,1b,2b,profit
0,"[13, 6, 3]",two-tone,0,0,0,0.3846462853420195
1,"[13, 6, 3]",two-tone,1,1,1,0.9762431244299672
