,flop,board_type,0b,1b,2b,profit
0,"[14, 4, 3]",two-tone,0,0,0,-0.020210071428572
1,"[14, 4, 3]",two-tone,1,1,1,0.49780383569446507
