,flop,board_type,0b,1b,2b,profit
0,"[14, 11, 7]",two-tone,0,0,0,1.192725289256198
1,"[14, 11, 7]",two-tone,1,1,1,1.8224373719008256
2,"[14, 11, 7]",two-tone,2,2,2,1.9895041611570239
