,flop,board_type,0b,1b,2b,profit
0,"[13, 10, 9]",two-tone,0,0,0,1.6917011265156146
1,"[13, 10, 9]",two-tone,1,1,1,2.1834400923282855
