,flop,board_type,0b,1b,2b,profit
0,"[13, 2, 2]",two-tone,0,0,0,0.3705938919070807
1,"[13, 2, 2]",two-tone,1,1,1,1.1004762893405773
