,flop,board_type,0b,1b,2b,profit
0,"[12, 9, 9]",two-tone,0,0,0,0.4722828660860655
1,"[12, 9, 9]",two-tone,1,1,1,1.115955527663934
2,"[12, 9, 9]",two-tone,2,2,2,1.2181217468387642
3,"[12, 9, 9]",two-tone,3,2,2,1.448852235042917
