,flop,board_type,0b,1b,2b,profit
0,"[13, 13, 2]",two-tone,0,0,0,0.628048766617925
1,"[13, 13, 2]",two-tone,1,1,1,1.0472210051678736
2,"[13, 13, 2]",two-tone,1,0,0,1.1171173741424751
