,flop,board_type,0b,1b,2b,profit
0,"[12, 8, 8]",two-tone,0,0,0,0.14881702065367838
1,"[12, 8, 8]",two-tone,1,1,1,0.6593085745768124
2,"[12, 8, 8]",two-tone,3,2,2,0.7580538083062969
3,"[12, 8, 8]",two-tone,4,3,2,0.8690152961780045
