,flop,board_type,0b,1b,2b,profit
0,"[14, 14, 6]",rainbow,1,1,1,0.9199408763554446
1,"[14, 14, 6]",rainbow,2,2,2,0.9211903258242893
2,"[14, 14, 6]",rainbow,3,2,2,0.9231183914120002
3,"[14, 14, 6]",rainbow,4,3,2,0.986943392587496
4,"[14, 14, 6]",rainbow,8,6,4,1.3364728766140872
5,"[14, 14, 6]",rainbow,10,7,5,1.3987645430775946
6,"[14, 14, 6]",rainbow,15,10,7,1.9759855187951718
7,"[14, 14, 6]",rainbow,16,11,8,2.132652770551203
