,flop,board_type,0b,1b,2b,profit
0,"[14, 14, 5]",rainbow,1,1,1,0.8829894909788748
1,"[14, 14, 5]",rainbow,2,2,2,0.8847188308843712
2,"[14, 14, 5]",rainbow,8,6,4,1.3639252687347547
3,"[14, 14, 5]",rainbow,10,7,5,1.4242648439268968
4,"[14, 14, 5]",rainbow,15,10,7,1.9922356834472859
5,"[14, 14, 5]",rainbow,16,11,8,2.163023312834416
