,flop,board_type,0b,1b,2b,profit
0,"[14, 12, 5]",rainbow,1,1,1,1.0646875111730016
1,"[14, 12, 5]",rainbow,2,2,2,1.29551376051252
2,"[14, 12, 5]",rainbow,3,2,2,1.376238128990481
3,"[14, 12, 5]",rainbow,4,3,2,1.5320119314789271
4,"[14, 12, 5]",rainbow,8,6,4,1.8746505841863834
5,"[14, 12, 5]",rainbow,10,7,5,1.9308084697135615
6,"[14, 12, 5]",rainbow,15,10,7,2.17717236880734
7,"[14, 12, 5]",rainbow,16,11,8,2.2194971749603374
