,flop,board_type,0b,1b,2b,profit
0,"[14, 12, 4]",rainbow,1,1,1,1.0671824572727118
1,"[14, 12, 4]",rainbow,2,2,2,1.29269612312155
2,"[14, 12, 4]",rainbow,3,2,2,1.3717436943493153
3,"[14, 12, 4]",rainbow,4,3,2,1.5260664568339806
4,"[14, 12, 4]",rainbow,8,6,4,1.959411826799223
5,"[14, 12, 4]",rainbow,10,7,5,2.011898044827234
6,"[14, 12, 4]",rainbow,15,10,7,2.235243456983064
7,"[14, 12, 4]",rainbow,16,11,8,2.285013905885811
