,flop,board_type,0b,1b,2b,profit
0,"[14, 11, 3]",rainbow,1,1,1,1.0860716886829285
1,"[14, 11, 3]",rainbow,2,2,2,1.0872858128286733
2,"[14, 11, 3]",rainbow,3,2,2,1.1588693453378822
3,"[14, 11, 3]",rainbow,4,3,2,1.219213028244301
4,"[14, 11, 3]",rainbow,8,6,4,1.7576630380378873
5,"[14, 11, 3]",rainbow,10,7,5,1.812043706537828
6,"[14, 11, 3]",rainbow,15,10,7,1.9961825064546515
7,"[14, 11, 3]",rainbow,16,11,8,2.046187618253807
