,flop,board_type,0b,1b,2b,profit
0,"[14, 10, 6]",rainbow,1,1,1,1.1266211197808615
1,"[14, 10, 6]",rainbow,2,2,2,1.1274196113258315
2,"[14, 10, 6]",rainbow,3,2,2,1.483329508461799
3,"[14, 10, 6]",rainbow,4,3,2,1.8595854062010324
4,"[14, 10, 6]",rainbow,8,6,4,1.9457448273804894
5,"[14, 10, 6]",rainbow,10,7,5,1.9955726761680344
6,"[14, 10, 6]",rainbow,15,10,7,2.212445574566376
7,"[14, 10, 6]",rainbow,16,11,8,2.221654959320586
