,flop,board_type,0b,1b,2b,profit
0,"[14, 10, 4]",rainbow,1,1,1,1.1014403612985073
1,"[14, 10, 4]",rainbow,2,2,2,1.1025018970257046
2,"[14, 10, 4]",rainbow,3,2,2,1.3137541889461026
3,"[14, 10, 4]",rainbow,4,3,2,1.695289377761194
4,"[14, 10, 4]",rainbow,8,6,4,2.0818410952238806
5,"[14, 10, 4]",rainbow,10,7,5,2.1284590742089553
6,"[14, 10, 4]",rainbow,15,10,7,2.29693610808126
7,"[14, 10, 4]",rainbow,16,11,8,2.3263586814228856
