,flop,board_type,0b,1b,2b,profit
0,"[14, 8, 2]",rainbow,1,1,1,0.9053381124928803
1,"[14, 8, 2]",rainbow,8,6,4,1.4504053914071897
2,"[14, 8, 2]",rainbow,10,7,5,1.5536282393519403
3,"[14, 8, 2]",rainbow,15,10,7,1.852735599020632
4,"[14, 8, 2]",rainbow,16,11,8,2.0078419820106324
