,flop,board_type,0b,1b,2b,profit
0,"[14, 7, 2]",rainbow,1,1,1,0.8781444803493452
1,"[14, 7, 2]",rainbow,8,6,4,1.427837952139738
2,"[14, 7, 2]",rainbow,10,7,5,1.535252020262009
3,"[14, 7, 2]",rainbow,15,10,7,1.8366119341484723
4,"[14, 7, 2]",rainbow,16,11,8,1.996288005240175
