,flop,board_type,0b,1b,2b,profit
0,"[14, 6, 2]",rainbow,1,1,1,0.993623237158745
1,"[14, 6, 2]",rainbow,8,6,4,1.496850679918948
2,"[14, 6, 2]",rainbow,10,7,5,1.5883300950645602
3,"[14, 6, 2]",rainbow,15,10,7,1.8975902618084575
4,"[14, 6, 2]",rainbow,16,11,8,2.0513679979893817
