,flop,board_type,0b,1b,2b,profit
0,"[14, 5, 5]",rainbow,1,1,1,0.92831169419601
1,"[14, 5, 5]",rainbow,8,6,4,1.4807849616879718
2,"[14, 5, 5]",rainbow,10,7,5,1.56612203726291
3,"[14, 5, 5]",rainbow,15,10,7,2.007493004166475
4,"[14, 5, 5]",rainbow,16,11,8,2.1483430977302445
