,flop,board_type,0b,1b,2b,profit
0,"[14, 2, 2]",rainbow,1,1,1,1.0583988691363335
1,"[14, 2, 2]",rainbow,8,6,4,1.6584591541159461
2,"[14, 2, 2]",rainbow,10,7,5,1.7469128502861595
3,"[14, 2, 2]",rainbow,15,10,7,2.0885292561583513
4,"[14, 2, 2]",rainbow,16,11,8,2.2578071229031056
