,flop,board_type,0b,1b,2b,profit
0,"[13, 12, 6]",rainbow,1,1,1,0.6925443070401468
1,"[13, 12, 6]",rainbow,2,2,2,0.749577689177957
2,"[13, 12, 6]",rainbow,3,2,2,0.8539807273917382
3,"[13, 12, 6]",rainbow,4,3,2,0.9946303852963179
4,"[13, 12, 6]",rainbow,8,6,4,1.0920847783226666
5,"[13, 12, 6]",rainbow,10,7,5,1.114153208087441
6,"[13, 12, 6]",rainbow,15,10,7,1.3088314764358742
7,"[13, 12, 6]",rainbow,16,11,8,1.3178268016374368
