,flop,board_type,0b,1b,2b,profit
0,"[13, 12, 5]",rainbow,1,1,1,0.6761798189552832
1,"[13, 12, 5]",rainbow,2,2,2,0.7393844283570767
2,"[13, 12, 5]",rainbow,3,2,2,0.8353500558303655
3,"[13, 12, 5]",rainbow,4,3,2,0.9744663232588048
4,"[13, 12, 5]",rainbow,8,6,4,1.1498268162181773
5,"[13, 12, 5]",rainbow,10,7,5,1.1499435437607177
6,"[13, 12, 5]",rainbow,15,10,7,1.3352547755078485
7,"[13, 12, 5]",rainbow,16,11,8,1.3556789368157238
