,flop,board_type,0b,1b,2b,profit
0,"[13, 12, 2]",rainbow,1,1,1,0.745514702809316
1,"[13, 12, 2]",rainbow,2,2,2,0.7995427319213976
2,"[13, 12, 2]",rainbow,3,2,2,0.8856137893474043
3,"[13, 12, 2]",rainbow,4,3,2,0.9436193321834064
4,"[13, 12, 2]",rainbow,8,6,4,1.243832798556526
5,"[13, 12, 2]",rainbow,10,7,5,1.2463516044420184
6,"[13, 12, 2]",rainbow,15,10,7,1.3339510152911211
7,"[13, 12, 2]",rainbow,16,11,8,1.3707676604196992
