,flop,board_type,0b,1b,2b,profit
0,"[13, 11, 11]",rainbow,1,1,1,0.7483138591429266
1,"[13, 11, 11]",rainbow,2,2,2,0.8135008382726356
2,"[13, 11, 11]",rainbow,3,2,2,0.8801659135622109
3,"[13, 11, 11]",rainbow,4,3,2,0.9752312276427006
4,"[13, 11, 11]",rainbow,8,6,4,1.2188628522209468
5,"[13, 11, 11]",rainbow,10,7,5,1.3222616316567533
6,"[13, 11, 11]",rainbow,15,10,7,1.6368257748095587
7,"[13, 11, 11]",rainbow,16,11,8,1.6657917914014404
