,flop,board_type,0b,1b,2b,profit
0,"[13, 11, 9]",rainbow,1,1,1,1.2460419373323801
1,"[13, 11, 9]",rainbow,8,6,4,1.4206040813355298
2,"[13, 11, 9]",rainbow,10,7,5,1.474021777959658
3,"[13, 11, 9]",rainbow,15,10,7,1.689968098154802
4,"[13, 11, 9]",rainbow,16,11,8,1.7005443038784402
