,flop,board_type,0b,1b,2b,profit
0,"[13, 11, 3]",rainbow,1,1,1,0.7144121332437783
1,"[13, 11, 3]",rainbow,2,2,2,0.7702643353111152
2,"[13, 11, 3]",rainbow,3,2,2,0.8577798731668319
3,"[13, 11, 3]",rainbow,4,3,2,0.9175350172050781
4,"[13, 11, 3]",rainbow,8,6,4,1.213678115178325
5,"[13, 11, 3]",rainbow,15,10,7,1.34489645478726
6,"[13, 11, 3]",rainbow,16,11,8,1.3852413021866528
