,flop,board_type,0b,1b,2b,profit
0,"[13, 11, 2]",rainbow,1,1,1,0.749322487520621
1,"[13, 11, 2]",rainbow,2,2,2,0.803103998973799
2,"[13, 11, 2]",rainbow,3,2,2,0.8878967479742844
3,"[13, 11, 2]",rainbow,4,3,2,0.9482289086026207
4,"[13, 11, 2]",rainbow,8,6,4,1.241201645684134
5,"[13, 11, 2]",rainbow,10,7,5,1.2416083463197478
6,"[13, 11, 2]",rainbow,15,10,7,1.329327532171276
7,"[13, 11, 2]",rainbow,16,11,8,1.3692333921082
