,flop,board_type,0b,1b,2b,profit
0,"[13, 10, 5]",rainbow,1,1,1,0.6342069104359613
1,"[13, 10, 5]",rainbow,2,2,2,0.8668794634709092
2,"[13, 10, 5]",rainbow,3,2,2,0.9566639272806481
3,"[13, 10, 5]",rainbow,4,3,2,1.0929669102907484
4,"[13, 10, 5]",rainbow,8,6,4,1.2923576856303853
5,"[13, 10, 5]",rainbow,15,10,7,1.4545048420729936
6,"[13, 10, 5]",rainbow,16,11,8,1.4636192937332604
