,flop,board_type,0b,1b,2b,profit
0,"[13, 9, 9]",rainbow,1,1,1,0.5722661991886835
1,"[13, 9, 9]",rainbow,2,2,2,0.5737828360408386
2,"[13, 9, 9]",rainbow,3,2,2,0.7477702053822775
3,"[13, 9, 9]",rainbow,4,3,2,0.9657137139490297
4,"[13, 9, 9]",rainbow,8,6,4,1.2153975452864154
5,"[13, 9, 9]",rainbow,10,7,5,1.2415538820068581
6,"[13, 9, 9]",rainbow,15,10,7,1.5009697573610785
7,"[13, 9, 9]",rainbow,16,11,8,1.5186264856838902
