,flop,board_type,0b,1b,2b,profit
0,"[13, 9, 7]",rainbow,1,1,1,0.44673580517046196
1,"[13, 9, 7]",rainbow,2,2,2,0.5183713380381747
2,"[13, 9, 7]",rainbow,3,2,2,0.7666262831300226
3,"[13, 9, 7]",rainbow,4,3,2,0.9588585959672791
4,"[13, 9, 7]",rainbow,15,10,7,1.2061709189126482
5,"[13, 9, 7]",rainbow,16,11,8,1.2069206368207042
