,flop,board_type,0b,1b,2b,profit
0,"[13, 8, 7]",rainbow,1,1,1,0.3531503160542227
1,"[13, 8, 7]",rainbow,2,2,2,0.4970688418587442
2,"[13, 8, 7]",rainbow,3,2,2,0.5919058922397509
3,"[13, 8, 7]",rainbow,4,3,2,0.655510248677499
4,"[13, 8, 7]",rainbow,8,6,4,1.0397884140295364
5,"[13, 8, 7]",rainbow,10,7,5,1.088721489467221
6,"[13, 8, 7]",rainbow,15,10,7,1.3357079031976198
7,"[13, 8, 7]",rainbow,16,11,8,1.3555148618458344
