,flop,board_type,0b,1b,2b,profit
0,"[13, 8, 6]",rainbow,1,1,1,0.448683395282358
1,"[13, 8, 6]",rainbow,8,6,4,0.9905193145530697
2,"[13, 8, 6]",rainbow,10,7,5,1.087065340862877
3,"[13, 8, 6]",rainbow,15,10,7,1.266917039083252
4,"[13, 8, 6]",rainbow,16,11,8,1.300246207099818
