,flop,board_type,0b,1b,2b,profit
0,"[13, 7, 3]",rainbow,1,1,1,0.4644313110588526
1,"[13, 7, 3]",rainbow,8,6,4,1.1515149724979388
2,"[13, 7, 3]",rainbow,10,7,5,1.1520123468390193
3,"[13, 7, 3]",rainbow,15,10,7,1.3125174501618673
4,"[13, 7, 3]",rainbow,16,11,8,1.3518014193018357
