,flop,board_type,0b,1b,2b,profit
0,"[13, 6, 4]",rainbow,1,1,1,0.5443513428779339
1,"[13, 6, 4]",rainbow,8,6,4,1.1922985078042574
2,"[13, 6, 4]",rainbow,15,10,7,1.4070995129889035
3,"[13, 6, 4]",rainbow,16,11,8,1.4576256681098783
