,flop,board_type,0b,1b,2b,profit
0,"[13, 5, 3]",rainbow,1,1,1,0.6303172207149285
1,"[13, 5, 3]",rainbow,8,6,4,1.3213104395563555
2,"[13, 5, 3]",rainbow,10,7,5,1.321386247164269
3,"[13, 5, 3]",rainbow,15,10,7,1.5145938206804561
4,"[13, 5, 3]",rainbow,16,11,8,1.5689229739583337
