,flop,board_type,0b,1b,2b,profit
0,"[12, 12, 10]",rainbow,1,1,1,0.6665709021820692
1,"[12, 12, 10]",rainbow,2,2,2,0.9825262614991572
2,"[12, 12, 10]",rainbow,3,2,2,1.0547176408746357
3,"[12, 12, 10]",rainbow,4,3,2,1.1361853666136397
4,"[12, 12, 10]",rainbow,8,6,4,1.3167097328277393
5,"[12, 12, 10]",rainbow,10,7,5,1.4094021434119537
6,"[12, 12, 10]",rainbow,15,10,7,1.6813607698993103
7,"[12, 12, 10]",rainbow,16,11,8,1.7034494159794633
