,flop,board_type,0b,1b,2b,profit
0,"[12, 12, 8]",rainbow,1,1,1,0.4599810387842894
1,"[12, 12, 8]",rainbow,2,2,2,0.46291274916855796
2,"[12, 12, 8]",rainbow,3,2,2,0.557877286314983
3,"[12, 12, 8]",rainbow,4,3,2,0.7911390856519986
4,"[12, 12, 8]",rainbow,8,6,4,1.1969203404526225
5,"[12, 12, 8]",rainbow,10,7,5,1.2979922117307174
6,"[12, 12, 8]",rainbow,15,10,7,1.515711983370498
7,"[12, 12, 8]",rainbow,16,11,8,1.5430878940117498
