,flop,board_type,0b,1b,2b,profit
0,"[12, 11, 3]",rainbow,1,1,1,0.7598272405820241
1,"[12, 11, 3]",rainbow,2,2,2,0.8818099115801992
2,"[12, 11, 3]",rainbow,3,2,2,0.9775454916655804
3,"[12, 11, 3]",rainbow,4,3,2,1.0370457082219906
4,"[12, 11, 3]",rainbow,8,6,4,1.2719421644561038
5,"[12, 11, 3]",rainbow,15,10,7,1.3836863779003452
6,"[12, 11, 3]",rainbow,16,11,8,1.4141410353988788
