,flop,board_type,0b,1b,2b,profit
0,"[12, 10, 4]",rainbow,1,1,1,0.6778738569360415
1,"[12, 10, 4]",rainbow,2,2,2,0.9772730962714878
2,"[12, 10, 4]",rainbow,3,2,2,1.0683384399308558
3,"[12, 10, 4]",rainbow,4,3,2,1.209887956431864
4,"[12, 10, 4]",rainbow,8,6,4,1.3800568374963986
5,"[12, 10, 4]",rainbow,15,10,7,1.5154583892682225
6,"[12, 10, 4]",rainbow,16,11,8,1.5338407690218958
