,flop,board_type,0b,1b,2b,profit
0,"[12, 8, 6]",rainbow,1,1,1,0.5000258640412567
1,"[12, 8, 6]",rainbow,2,2,2,0.5644596263166121
2,"[12, 8, 6]",rainbow,3,2,2,0.6590473015721208
3,"[12, 8, 6]",rainbow,4,3,2,0.8580271826035322
4,"[12, 8, 6]",rainbow,8,6,4,1.085019149235818
5,"[12, 8, 6]",rainbow,10,7,5,1.1363173276933893
6,"[12, 8, 6]",rainbow,15,10,7,1.3331260266447884
7,"[12, 8, 6]",rainbow,16,11,8,1.3503200413127052
