,flop,board_type,0b,1b,2b,profit
0,"[12, 8, 3]",rainbow,1,1,1,0.5524378140869807
1,"[12, 8, 3]",rainbow,2,2,2,0.5542322409660081
2,"[12, 8, 3]",rainbow,3,2,2,0.6832232453394618
3,"[12, 8, 3]",rainbow,4,3,2,0.9042148541184374
4,"[12, 8, 3]",rainbow,8,6,4,1.2050664105732525
5,"[12, 8, 3]",rainbow,10,7,5,1.2934625181443362
6,"[12, 8, 3]",rainbow,15,10,7,1.4192631307668817
7,"[12, 8, 3]",rainbow,16,11,8,1.4453342280456893
