,flop,board_type,0b,1b,2b,profit
0,"[12, 7, 7]",rainbow,1,1,1,0.42013023744444433
1,"[12, 7, 7]",rainbow,2,2,2,0.4217150349444442
2,"[12, 7, 7]",rainbow,8,6,4,1.1546807207777778
3,"[12, 7, 7]",rainbow,10,7,5,1.2737790138888887
4,"[12, 7, 7]",rainbow,15,10,7,1.4437836038333332
5,"[12, 7, 7]",rainbow,16,11,8,1.4778601408333332
