,flop,board_type,0b,1b,2b,profit
0,"[12, 7, 4]",rainbow,1,1,1,0.47362470978648774
1,"[12, 7, 4]",rainbow,2,2,2,0.5548732004384076
2,"[12, 7, 4]",rainbow,8,6,4,1.105931791550271
3,"[12, 7, 4]",rainbow,10,7,5,1.1941992267997787
4,"[12, 7, 4]",rainbow,15,10,7,1.3946555168333132
5,"[12, 7, 4]",rainbow,16,11,8,1.4297565291179553
