,flop,board_type,0b,1b,2b,profit
0,"[12, 6, 4]",rainbow,1,1,1,0.5747116373221761
1,"[12, 6, 4]",rainbow,8,6,4,1.1595948071129716
2,"[12, 6, 4]",rainbow,10,7,5,1.2484672112552304
3,"[12, 6, 4]",rainbow,15,10,7,1.4648543436401675
4,"[12, 6, 4]",rainbow,16,11,8,1.5051966306276157
