,flop,board_type,0b,1b,2b,profit
0,"[12, 4, 3]",rainbow,1,1,1,0.6752331131396963
1,"[12, 4, 3]",rainbow,2,2,2,0.7526643557399725
2,"[12, 4, 3]",rainbow,3,2,2,0.8119078686952516
3,"[12, 4, 3]",rainbow,4,3,2,0.9515795466113419
4,"[12, 4, 3]",rainbow,8,6,4,1.3861554085753809
5,"[12, 4, 3]",rainbow,10,7,5,1.4581884414937762
6,"[12, 4, 3]",rainbow,15,10,7,1.6535123266021214
7,"[12, 4, 3]",rainbow,16,11,8,1.6997396044721076
