,flop,board_type,0b,1b,2b,profit
0,"[11, 11, 11]",rainbow,1,1,1,0.5759655051894125
1,"[11, 11, 11]",rainbow,8,6,4,1.031093968018348
2,"[11, 11, 11]",rainbow,10,7,5,1.2487133147270089
3,"[11, 11, 11]",rainbow,15,10,7,1.4652412166380637
4,"[11, 11, 11]",rainbow,16,11,8,1.5204070103969354
