,flop,board_type,0b,1b,2b,profit
0,"[11, 11, 4]",rainbow,1,1,1,0.4765476018269292
1,"[11, 11, 4]",rainbow,8,6,4,0.9340693525230738
2,"[11, 11, 4]",rainbow,10,7,5,1.0904193973220138
3,"[11, 11, 4]",rainbow,15,10,7,1.2673175535739363
4,"[11, 11, 4]",rainbow,16,11,8,1.3182079010150818
