,flop,board_type,0b,1b,2b,profit
0,"[11, 11, 2]",rainbow,1,1,1,0.5056342497019031
1,"[11, 11, 2]",rainbow,8,6,4,0.9089694027927877
2,"[11, 11, 2]",rainbow,10,7,5,0.9668177565593751
3,"[11, 11, 2]",rainbow,15,10,7,1.2071749774190865
4,"[11, 11, 2]",rainbow,16,11,8,1.2659601325221246
