,flop,board_type,0b,1b,2b,profit
0,"[11, 10, 7]",rainbow,1,1,1,0.7651341707422905
1,"[11, 10, 7]",rainbow,2,2,2,0.9211461027739037
2,"[11, 10, 7]",rainbow,3,2,2,0.9250519279094996
3,"[11, 10, 7]",rainbow,4,3,2,0.9276214478227184
4,"[11, 10, 7]",rainbow,8,6,4,1.0433200111885945
5,"[11, 10, 7]",rainbow,10,7,5,1.0454154225321557
6,"[11, 10, 7]",rainbow,15,10,7,1.2362031716101038
