,flop,board_type,0b,1b,2b,profit
0,"[11, 10, 6]",rainbow,1,1,1,0.7981867157327587
1,"[11, 10, 6]",rainbow,2,2,2,0.9374060612068964
2,"[11, 10, 6]",rainbow,3,2,2,1.0457431003771553
3,"[11, 10, 6]",rainbow,4,3,2,1.107702658836207
4,"[11, 10, 6]",rainbow,8,6,4,1.1083827265625
5,"[11, 10, 6]",rainbow,10,7,5,1.1087788698814658
6,"[11, 10, 6]",rainbow,15,10,7,1.3049250871228446
7,"[11, 10, 6]",rainbow,16,11,8,1.308114231788793
