,flop,board_type,0b,1b,2b,profit
0,"[11, 10, 4]",rainbow,1,1,1,0.7855986058388552
1,"[11, 10, 4]",rainbow,2,2,2,0.9205479624315761
2,"[11, 10, 4]",rainbow,3,2,2,1.0203994654278306
3,"[11, 10, 4]",rainbow,4,3,2,1.1675575988475944
4,"[11, 10, 4]",rainbow,8,6,4,1.2731310123979642
5,"[11, 10, 4]",rainbow,10,7,5,1.2950710815182944
6,"[11, 10, 4]",rainbow,15,10,7,1.385454096830884
7,"[11, 10, 4]",rainbow,16,11,8,1.3974487109838662
