,flop,board_type,0b,1b,2b,profit
0,"[11, 9, 9]",rainbow,1,1,1,0.6756507348169587
1,"[11, 9, 9]",rainbow,2,2,2,0.7392798409026908
2,"[11, 9, 9]",rainbow,3,2,2,0.8241513013376098
3,"[11, 9, 9]",rainbow,4,3,2,0.8992555070948061
4,"[11, 9, 9]",rainbow,8,6,4,1.0444581592615767
5,"[11, 9, 9]",rainbow,10,7,5,1.1019202327988107
6,"[11, 9, 9]",rainbow,15,10,7,1.3466254447981854
7,"[11, 9, 9]",rainbow,16,11,8,1.3649372354896745
