,flop,board_type,0b,1b,2b,profit
0,"[11, 9, 5]",rainbow,1,1,1,0.6650441754479076
1,"[11, 9, 5]",rainbow,2,2,2,0.810029719820994
2,"[11, 9, 5]",rainbow,3,2,2,0.9154951085279108
3,"[11, 9, 5]",rainbow,4,3,2,0.9832198041673863
4,"[11, 9, 5]",rainbow,15,10,7,1.1284840913558922
5,"[11, 9, 5]",rainbow,16,11,8,1.1288370583057232
