,flop,board_type,0b,1b,2b,profit
0,"[11, 9, 3]",rainbow,1,1,1,0.7024270101957815
1,"[11, 9, 3]",rainbow,2,2,2,0.7623486767413089
2,"[11, 9, 3]",rainbow,3,2,2,0.8535329699979894
3,"[11, 9, 3]",rainbow,4,3,2,0.918943109321261
4,"[11, 9, 3]",rainbow,8,6,4,1.0635221555618277
5,"[11, 9, 3]",rainbow,10,7,5,1.0652899164357295
6,"[11, 9, 3]",rainbow,15,10,7,1.1606499290926946
7,"[11, 9, 3]",rainbow,16,11,8,1.176243408663244
