,flop,board_type,0b,1b,2b,profit
0,"[10, 7, 6]",rainbow,1,1,1,0.5396477188338127
1,"[10, 7, 6]",rainbow,8,6,4,1.1395778994524814
2,"[10, 7, 6]",rainbow,10,7,5,1.2754052004974916
3,"[10, 7, 6]",rainbow,15,10,7,1.583342425549951
4,"[10, 7, 6]",rainbow,16,11,8,1.5874401399369105
