,flop,board_type,0b,1b,2b,profit
0,"[10, 7, 4]",rainbow,1,1,1,0.4814023148731992
1,"[10, 7, 4]",rainbow,2,2,2,0.6298947785609246
2,"[10, 7, 4]",rainbow,3,2,2,0.6781158304239199
3,"[10, 7, 4]",rainbow,4,3,2,0.8599743504659365
4,"[10, 7, 4]",rainbow,8,6,4,1.0388133388895557
5,"[10, 7, 4]",rainbow,10,7,5,1.2162302294282714
6,"[10, 7, 4]",rainbow,15,10,7,1.490633322929172
7,"[10, 7, 4]",rainbow,16,11,8,1.5106779764315725
