,flop,board_type,0b,1b,2b,profit
0,"[10, 6, 2]",rainbow,1,1,1,0.6587472842739265
1,"[10, 6, 2]",rainbow,8,6,4,1.2258771637810364
2,"[10, 6, 2]",rainbow,10,7,5,1.3847549253149638
3,"[10, 6, 2]",rainbow,15,10,7,1.56614115007736
4,"[10, 6, 2]",rainbow,16,11,8,1.5786056318315775
