,flop,board_type,0b,1b,2b,profit
0,"[10, 5, 3]",rainbow,1,1,1,0.6739995711455493
1,"[10, 5, 3]",rainbow,8,6,4,1.3144627794238506
2,"[10, 5, 3]",rainbow,10,7,5,1.495236636358634
3,"[10, 5, 3]",rainbow,15,10,7,1.7110307467200851
4,"[10, 5, 3]",rainbow,16,11,8,1.7382197209210184
