,flop,board_type,0b,1b,2b,profit
0,"[9, 9, 7]",rainbow,1,1,1,0.651567758232431
1,"[9, 9, 7]",rainbow,2,2,2,0.8733979370616475
2,"[9, 9, 7]",rainbow,3,2,2,0.9839428445385993
3,"[9, 9, 7]",rainbow,4,3,2,1.026938766757497
4,"[9, 9, 7]",rainbow,8,6,4,1.1452445143268637
5,"[9, 9, 7]",rainbow,10,7,5,1.3374652825017777
6,"[9, 9, 7]",rainbow,15,10,7,1.6572044088267466
7,"[9, 9, 7]",rainbow,16,11,8,1.6575597113367624
