,flop,board_type,0b,1b,2b,profit
0,"[9, 9, 4]",rainbow,1,1,1,0.7368964121402095
1,"[9, 9, 4]",rainbow,8,6,4,1.153475844909846
2,"[9, 9, 4]",rainbow,10,7,5,1.3489675949483062
3,"[9, 9, 4]",rainbow,15,10,7,1.6770111649415922
4,"[9, 9, 4]",rainbow,16,11,8,1.690907138459476
