,flop,board_type,0b,1b,2b,profit
0,"[9, 8, 5]",rainbow,1,1,1,0.8091084012755103
1,"[9, 8, 5]",rainbow,2,2,2,0.8721275723895907
2,"[9, 8, 5]",rainbow,3,2,2,1.0598069290370908
3,"[9, 8, 5]",rainbow,4,3,2,1.2101760710465936
4,"[9, 8, 5]",rainbow,8,6,4,1.2103217915006481
5,"[9, 8, 5]",rainbow,10,7,5,1.4096315624271143
6,"[9, 8, 5]",rainbow,15,10,7,1.7018524336518734
7,"[9, 8, 5]",rainbow,16,11,8,1.7037517044487638
