,flop,board_type,0b,1b,2b,profit
0,"[9, 8, 4]",rainbow,1,1,1,0.7604688966454599
1,"[9, 8, 4]",rainbow,2,2,2,0.879544342371313
2,"[9, 8, 4]",rainbow,3,2,2,1.1656854049971082
3,"[9, 8, 4]",rainbow,4,3,2,1.26122419373048
4,"[9, 8, 4]",rainbow,8,6,4,1.264789528235975
5,"[9, 8, 4]",rainbow,10,7,5,1.4770784815384617
6,"[9, 8, 4]",rainbow,15,10,7,1.668319434898785
