,flop,board_type,0b,1b,2b,profit
0,"[9, 8, 2]",rainbow,1,1,1,0.8494850112958338
1,"[9, 8, 2]",rainbow,2,2,2,0.9628693878054384
2,"[9, 8, 2]",rainbow,3,2,2,1.2401444958193357
3,"[9, 8, 2]",rainbow,4,3,2,1.3365952521204816
4,"[9, 8, 2]",rainbow,8,6,4,1.3378335137536967
5,"[9, 8, 2]",rainbow,10,7,5,1.5416728453240305
6,"[9, 8, 2]",rainbow,15,10,7,1.6220052220317571
7,"[9, 8, 2]",rainbow,16,11,8,1.6232094865678925
