,flop,board_type,0b,1b,2b,profit
0,"[9, 7, 5]",rainbow,1,1,1,0.7304012197986489
1,"[9, 7, 5]",rainbow,8,6,4,0.891501326816216
2,"[9, 7, 5]",rainbow,10,7,5,1.1572876632986486
3,"[9, 7, 5]",rainbow,15,10,7,1.576244458683784
4,"[9, 7, 5]",rainbow,16,11,8,1.5771257371662164
