,flop,board_type,0b,1b,2b,profit
0,"[9, 6, 3]",rainbow,1,1,1,0.9395571573654168
1,"[9, 6, 3]",rainbow,2,2,2,1.0015576911574944
2,"[9, 6, 3]",rainbow,3,2,2,1.0046877648331212
3,"[9, 6, 3]",rainbow,4,3,2,1.0732291010285977
4,"[9, 6, 3]",rainbow,8,6,4,1.1698118044563026
5,"[9, 6, 3]",rainbow,10,7,5,1.380409948381282
6,"[9, 6, 3]",rainbow,15,10,7,1.659040663119269
7,"[9, 6, 3]",rainbow,16,11,8,1.6650833403399092
