,flop,board_type,0b,1b,2b,profit
0,"[9, 5, 2]",rainbow,1,1,1,0.9806376418336165
1,"[9, 5, 2]",rainbow,8,6,4,1.314151819117148
2,"[9, 5, 2]",rainbow,10,7,5,1.5190013317763158
3,"[9, 5, 2]",rainbow,15,10,7,1.7480807743102715
4,"[9, 5, 2]",rainbow,16,11,8,1.7486687427525467
