,flop,board_type,0b,1b,2b,profit
0,"[9, 3, 3]",rainbow,1,1,1,1.0163165499945266
1,"[9, 3, 3]",rainbow,8,6,4,1.4186017662397374
2,"[9, 3, 3]",rainbow,10,7,5,1.626655157175698
3,"[9, 3, 3]",rainbow,15,10,7,1.8800943207662835
4,"[9, 3, 3]",rainbow,16,11,8,1.902285759299398
