,flop,board_type,0b,1b,2b,profit
0,"[8, 8, 4]",rainbow,1,1,1,0.5692597043564565
1,"[8, 8, 4]",rainbow,2,2,2,0.5699767942071214
2,"[8, 8, 4]",rainbow,3,2,2,0.6793757523023418
3,"[8, 8, 4]",rainbow,4,3,2,0.7917824018831988
4,"[8, 8, 4]",rainbow,8,6,4,1.0366835077403058
5,"[8, 8, 4]",rainbow,10,7,5,1.1837532970103997
6,"[8, 8, 4]",rainbow,15,10,7,1.503248874083323
7,"[8, 8, 4]",rainbow,16,11,8,1.6466499237289614
