,flop,board_type,0b,1b,2b,profit
0,"[8, 8, 3]",rainbow,1,1,1,0.6052027840767927
1,"[8, 8, 3]",rainbow,2,2,2,0.6092368144339354
2,"[8, 8, 3]",rainbow,8,6,4,1.065940397593168
3,"[8, 8, 3]",rainbow,10,7,5,1.1935760862507059
4,"[8, 8, 3]",rainbow,15,10,7,1.4977389822557878
5,"[8, 8, 3]",rainbow,16,11,8,1.6428599876341052
