,flop,board_type,0b,1b,2b,profit
0,"[8, 7, 4]",rainbow,1,1,1,0.6351196843434753
1,"[8, 7, 4]",rainbow,2,2,2,0.7015236435240026
2,"[8, 7, 4]",rainbow,3,2,2,0.7966903691467209
3,"[8, 7, 4]",rainbow,4,3,2,0.8558691615713319
4,"[8, 7, 4]",rainbow,8,6,4,0.9904742276240706
5,"[8, 7, 4]",rainbow,10,7,5,1.1320816717133197
6,"[8, 7, 4]",rainbow,15,10,7,1.5020668603272482
7,"[8, 7, 4]",rainbow,16,11,8,1.634494197876944
