,flop,board_type,0b,1b,2b,profit
0,"[8, 6, 3]",rainbow,1,1,1,0.7546558404706716
1,"[8, 6, 3]",rainbow,8,6,4,1.0747336038346291
2,"[8, 6, 3]",rainbow,10,7,5,1.2256389669314491
3,"[8, 6, 3]",rainbow,15,10,7,1.5258303272000004
4,"[8, 6, 3]",rainbow,16,11,8,1.6670593957653712
