,flop,board_type,0b,1b,2b,profit
0,"[8, 3, 3]",rainbow,1,1,1,0.8713061974036511
1,"[8, 3, 3]",rainbow,2,2,2,0.8719008533874237
2,"[8, 3, 3]",rainbow,3,2,2,0.872693857444219
3,"[8, 3, 3]",rainbow,4,3,2,0.9344380884922246
4,"[8, 3, 3]",rainbow,8,6,4,1.3496773261933743
5,"[8, 3, 3]",rainbow,10,7,5,1.473679967484787
6,"[8, 3, 3]",rainbow,15,10,7,1.7479642209871533
7,"[8, 3, 3]",rainbow,16,11,8,1.8913846637457743
