,flop,board_type,0b,1b,2b,profit
0,"[8, 3, 2]",rainbow,1,1,1,0.8891306887132114
1,"[8, 3, 2]",rainbow,2,2,2,0.8952053983816969
2,"[8, 3, 2]",rainbow,3,2,2,0.9540682094576723
3,"[8, 3, 2]",rainbow,4,3,2,1.0374971169890879
4,"[8, 3, 2]",rainbow,8,6,4,1.3918364872209827
5,"[8, 3, 2]",rainbow,10,7,5,1.508774340999091
6,"[8, 3, 2]",rainbow,15,10,7,1.7456205609064988
7,"[8, 3, 2]",rainbow,16,11,8,1.8858937565744878
