,flop,board_type,0b,1b,2b,profit
0,"[7, 5, 3]",rainbow,1,1,1,0.8532441771443362
1,"[7, 5, 3]",rainbow,8,6,4,1.2139504227965099
2,"[7, 5, 3]",rainbow,10,7,5,1.3445169780834074
3,"[7, 5, 3]",rainbow,15,10,7,1.690075026042591
4,"[7, 5, 3]",rainbow,16,11,8,1.849560824297545
