,flop,board_type,0b,1b,2b,profit
0,"[7, 4, 4]",rainbow,1,1,1,0.8053618928468947
1,"[7, 4, 4]",rainbow,2,2,2,0.8707438994773518
2,"[7, 4, 4]",rainbow,8,6,4,1.256787042734167
3,"[7, 4, 4]",rainbow,10,7,5,1.4127034600737853
4,"[7, 4, 4]",rainbow,15,10,7,1.7182941742706839
5,"[7, 4, 4]",rainbow,16,11,8,1.870668931109517
