,flop,board_type,0b,1b,2b,profit
0,"[7, 3, 3]",rainbow,1,1,1,0.854036195598073
1,"[7, 3, 3]",rainbow,2,2,2,0.8548361722287805
2,"[7, 3, 3]",rainbow,3,2,2,0.9107418866822716
3,"[7, 3, 3]",rainbow,4,3,2,0.9990022682054415
4,"[7, 3, 3]",rainbow,8,6,4,1.306775372371938
5,"[7, 3, 3]",rainbow,10,7,5,1.431404233496167
6,"[7, 3, 3]",rainbow,15,10,7,1.724861943215279
7,"[7, 3, 3]",rainbow,16,11,8,1.8784125372786482
