,flop,board_type,0b,1b,2b,profit
0,"[6, 6, 4]",rainbow,1,1,1,0.7597103006428746
1,"[6, 6, 4]",rainbow,2,2,2,0.7686006900171509
2,"[6, 6, 4]",rainbow,3,2,2,0.8140575426232567
3,"[6, 6, 4]",rainbow,4,3,2,0.8397275509389479
4,"[6, 6, 4]",rainbow,8,6,4,1.1784804279432464
5,"[6, 6, 4]",rainbow,10,7,5,1.3539749065219062
6,"[6, 6, 4]",rainbow,15,10,7,1.6617575794219697
7,"[6, 6, 4]",rainbow,16,11,8,1.8210945820588975
