,flop,board_type,0b,1b,2b,profit
0,"[6, 4, 2]",rainbow,1,1,1,0.9936571648784083
1,"[6, 4, 2]",rainbow,8,6,4,1.4166086715106851
2,"[6, 4, 2]",rainbow,10,7,5,1.533739855711128
3,"[6, 4, 2]",rainbow,15,10,7,1.8225766838909363
4,"[6, 4, 2]",rainbow,16,11,8,1.9792865533677233
