,flop,board_type,0b,1b,2b,profit
0,"[4, 2, 2]",rainbow,1,1,1,1.100850484781669
1,"[4, 2, 2]",rainbow,8,6,4,1.6259427356175244
2,"[4, 2, 2]",rainbow,10,7,5,1.7666902221213432
3,"[4, 2, 2]",rainbow,15,10,7,2.011654431049142
4,"[4, 2, 2]",rainbow,16,11,8,2.179163753840611
