,flop,board_type,0b,1b,2b,profit
0,"[3, 3, 2]",rainbow,1,1,1,1.1080934594105094
1,"[3, 3, 2]",rainbow,8,6,4,1.6169314394519336
2,"[3, 3, 2]",rainbow,10,7,5,1.7468411711572667
3,"[3, 3, 2]",rainbow,15,10,7,1.9960131935793222
4,"[3, 3, 2]",rainbow,16,11,8,2.1695376336983725
