,flop,board_type,0b,1b,2b,profit
0,"[14, 14, 10]",two-tone,1,1,1,1.4082607503930185
1,"[14, 14, 10]",two-tone,3,2,2,1.4534893114395298
2,"[14, 14, 10]",two-tone,4,3,2,1.63861143940241
3,"[14, 14, 10]",two-tone,8,6,4,2.0256216578449413
4,"[14, 14, 10]",two-tone,10,7,5,2.10414424072173
5,"[14, 14, 10]",two-tone,15,10,7,2.6709399794851474
6,"[14, 14, 10]",two-tone,16,11,8,2.7762551921975804
