,flop,board_type,0b,1b,2b,profit
0,"[14, 12, 11]",two-tone,1,1,1,2.0970008355965724
1,"[14, 12, 11]",two-tone,2,2,2,2.275342444693474
2,"[14, 12, 11]",two-tone,3,2,2,2.3289089078114698
3,"[14, 12, 11]",two-tone,4,3,2,2.51456671717205
4,"[14, 12, 11]",two-tone,8,6,4,2.6891253856954513
5,"[14, 12, 11]",two-tone,10,7,5,2.709687489123269
6,"[14, 12, 11]",two-tone,15,10,7,3.1661192887936718
7,"[14, 12, 11]",two-tone,16,11,8,3.1971654283454187
