,flop,board_type,0b,1b,2b,profit
0,"[14, 12, 9]",two-tone,1,1,1,0.8416577587301592
1,"[14, 12, 9]",two-tone,2,2,2,1.0054586206349205
2,"[14, 12, 9]",two-tone,3,2,2,1.0375464095238096
3,"[14, 12, 9]",two-tone,4,3,2,1.088219546031746
4,"[14, 12, 9]",two-tone,8,6,4,1.35023313015873
5,"[14, 12, 9]",two-tone,10,7,5,1.352512003174603
6,"[14, 12, 9]",two-tone,15,10,7,1.7138936634920632
7,"[14, 12, 9]",two-tone,16,11,8,1.7355940105820107
