,flop,board_type,0b,1b,2b,profit
0,"[14, 11, 3]",two-tone,1,1,1,1.211695960515785
1,"[14, 11, 3]",two-tone,2,2,2,1.2125128056914187
2,"[14, 11, 3]",two-tone,3,2,2,1.282829245709204
3,"[14, 11, 3]",two-tone,4,3,2,1.3582355745664743
4,"[14, 11, 3]",two-tone,8,6,4,1.5088229956425079
5,"[14, 11, 3]",two-tone,10,7,5,1.5220458052467762
6,"[14, 11, 3]",two-tone,15,10,7,1.611764278523789
7,"[14, 11, 3]",two-tone,16,11,8,1.7464710345931527
