,flop,board_type,0b,1b,2b,profit
0,"[14, 10, 4]",two-tone,1,1,1,0.7825805521235517
1,"[14, 10, 4]",two-tone,2,2,2,0.7838430938996137
2,"[14, 10, 4]",two-tone,3,2,2,0.8351032425019305
3,"[14, 10, 4]",two-tone,4,3,2,0.9781625874285714
4,"[14, 10, 4]",two-tone,8,6,4,1.157361149590733
5,"[14, 10, 4]",two-tone,10,7,5,1.1669281772046332
6,"[14, 10, 4]",two-tone,15,10,7,1.256083090779923
7,"[14, 10, 4]",two-tone,16,11,8,1.3564243123397681
