,flop,board_type,0b,1b,2b,profit
0,"[14, 10, 3]",two-tone,1,1,1,0.7821467379459458
1,"[14, 10, 3]",two-tone,8,6,4,1.1543814643397678
2,"[14, 10, 3]",two-tone,10,7,5,1.1682157317992279
3,"[14, 10, 3]",two-tone,15,10,7,1.2561284707027025
4,"[14, 10, 3]",two-tone,16,11,8,1.3549612250810807
