,flop,board_type,0b,1b,2b,profit
0,"[14, 9, 3]",two-tone,1,1,1,1.017970032123412
1,"[14, 9, 3]",two-tone,2,2,2,1.0200568958257712
2,"[14, 9, 3]",two-tone,8,6,4,1.2127182954627949
3,"[14, 9, 3]",two-tone,10,7,5,1.224489389110708
4,"[14, 9, 3]",two-tone,15,10,7,1.3375126010889293
5,"[14, 9, 3]",two-tone,16,11,8,1.4186710932849367
