,flop,board_type,0b,1b,2b,profit
0,"[14, 9, 2]",two-tone,1,1,1,1.0172311495462798
1,"[14, 9, 2]",two-tone,2,2,2,1.0194451301270417
2,"[14, 9, 2]",two-tone,3,2,2,1.0209756333938298
3,"[14, 9, 2]",two-tone,4,3,2,1.04465191615245
4,"[14, 9, 2]",two-tone,8,6,4,1.2133294490018152
5,"[14, 9, 2]",two-tone,10,7,5,1.2259152646098006
6,"[14, 9, 2]",two-tone,15,10,7,1.3356679749546285
7,"[14, 9, 2]",two-tone,16,11,8,1.4187770925589838
