,flop,board_type,0b,1b,2b,profit
0,"[14, 6, 5]",two-tone,1,1,1,1.7136996671219515
1,"[14, 6, 5]",two-tone,2,2,2,1.7809907251289199
2,"[14, 6, 5]",two-tone,3,2,2,1.8189721796794434
3,"[14, 6, 5]",two-tone,4,3,2,1.853022105087108
4,"[14, 6, 5]",two-tone,8,6,4,1.9262963333240422
5,"[14, 6, 5]",two-tone,10,7,5,1.9563154642508713
6,"[14, 6, 5]",two-tone,15,10,7,2.1064608810034837
7,"[14, 6, 5]",two-tone,16,11,8,2.270616045212544
