,flop,board_type,0b,1b,2b,profit
0,"[14, 4, 2]",two-tone,1,1,1,1.5811911657736906
1,"[14, 4, 2]",two-tone,8,6,4,1.7082063520191932
2,"[14, 4, 2]",two-tone,10,7,5,1.7376208265493807
3,"[14, 4, 2]",two-tone,15,10,7,1.9219416166333474
4,"[14, 4, 2]",two-tone,16,11,8,2.165635418472611
