,flop,board_type,0b,1b,2b,profit
0,"[14, 2, 2]",two-tone,1,1,1,1.613867066773291
1,"[14, 2, 2]",two-tone,8,6,4,1.7309217049180323
2,"[14, 2, 2]",two-tone,10,7,5,1.757642134346262
3,"[14, 2, 2]",two-tone,15,10,7,1.9416571859256304
4,"[14, 2, 2]",two-tone,16,11,8,2.1681279776089566
