,flop,board_type,0b,1b,2b,profit
0,"[13, 13, 6]",two-tone,1,1,1,1.6169506341463415
1,"[13, 13, 6]",two-tone,8,6,4,1.8570088780487806
2,"[13, 13, 6]",two-tone,15,10,7,1.900545112195122
3,"[13, 13, 6]",two-tone,16,11,8,2.0778528097560978
