,flop,board_type,0b,1b,2b,profit
0,"[13, 11, 11]",two-tone,1,1,1,0.8892852929545457
1,"[13, 11, 11]",two-tone,2,2,2,0.9549054421590906
2,"[13, 11, 11]",two-tone,3,2,2,1.0589313561363634
3,"[13, 11, 11]",two-tone,4,3,2,1.0907365498863637
4,"[13, 11, 11]",two-tone,8,6,4,1.4638153345454545
5,"[13, 11, 11]",two-tone,10,7,5,1.4793790209090907
6,"[13, 11, 11]",two-tone,15,10,7,1.884452524318182
7,"[13, 11, 11]",two-tone,16,11,8,1.9980628509090912
