,flop,board_type,0b,1b,2b,profit
0,"[13, 10, 4]",two-tone,1,1,1,0.7481297042191049
1,"[13, 10, 4]",two-tone,2,2,2,0.8039528548947803
2,"[13, 10, 4]",two-tone,3,2,2,0.9063751048947801
3,"[13, 10, 4]",two-tone,4,3,2,0.9301966612461317
4,"[13, 10, 4]",two-tone,8,6,4,1.0423125169218073
5,"[13, 10, 4]",two-tone,15,10,7,1.0508737807055912
6,"[13, 10, 4]",two-tone,16,11,8,1.1217413407055912
