,flop,board_type,0b,1b,2b,profit
0,"[13, 9, 7]",two-tone,1,1,1,0.7447995349603063
1,"[13, 9, 7]",two-tone,2,2,2,0.8101127778888565
2,"[13, 9, 7]",two-tone,3,2,2,0.8910436644516321
3,"[13, 9, 7]",two-tone,4,3,2,0.941045262687445
4,"[13, 9, 7]",two-tone,8,6,4,1.0217647484857395
5,"[13, 9, 7]",two-tone,10,7,5,1.021851015113202
6,"[13, 9, 7]",two-tone,15,10,7,1.1507914688620995
7,"[13, 9, 7]",two-tone,16,11,8,1.1532047179064977
