,flop,board_type,0b,1b,2b,profit
0,"[13, 9, 5]",two-tone,1,1,1,1.23448347048397
1,"[13, 9, 5]",two-tone,3,2,2,1.4519761606874466
2,"[13, 9, 5]",two-tone,4,3,2,1.511886020814114
3,"[13, 9, 5]",two-tone,15,10,7,1.5127020094948849
