,flop,board_type,0b,1b,2b,profit
0,"[13, 7, 4]",two-tone,1,1,1,1.2596490984160111
1,"[13, 7, 4]",two-tone,2,2,2,1.262517134414446
2,"[13, 7, 4]",two-tone,4,3,2,1.3121423737518663
3,"[13, 7, 4]",two-tone,8,6,4,1.4532744848774692
4,"[13, 7, 4]",two-tone,15,10,7,1.4705099094242282
5,"[13, 7, 4]",two-tone,16,11,8,1.6116189220758521
