,flop,board_type,0b,1b,2b,profit
0,"[13, 6, 4]",two-tone,1,1,1,1.5777890000000003
1,"[13, 6, 4]",two-tone,2,2,2,1.5800570000000003
2,"[13, 6, 4]",two-tone,3,2,2,1.627255585106383
3,"[13, 6, 4]",two-tone,8,6,4,1.7788874893617022
4,"[13, 6, 4]",two-tone,15,10,7,1.7809686436170216
5,"[13, 6, 4]",two-tone,16,11,8,1.9695970585106386
