,flop,board_type,0b,1b,2b,profit
0,"[13, 6, 3]",two-tone,1,1,1,1.571201
1,"[13, 6, 3]",two-tone,2,2,2,1.5714169999999998
2,"[13, 6, 3]",two-tone,8,6,4,1.7763493457446808
3,"[13, 6, 3]",two-tone,10,7,5,1.7778191223404258
4,"[13, 6, 3]",two-tone,16,11,8,1.9627152180851066
