,flop,board_type,0b,1b,2b,profit
0,"[13, 4, 2]",two-tone,1,1,1,1.55334790625
1,"[13, 4, 2]",two-tone,3,2,2,1.557608609375
2,"[13, 4, 2]",two-tone,8,6,4,1.7449582500000005
3,"[13, 4, 2]",two-tone,16,11,8,1.995095
