,flop,board_type,0b,1b,2b,profit
0,"[12, 12, 5]",two-tone,1,1,1,0.31200731103216395
1,"[12, 12, 5]",two-tone,2,2,2,0.31485877275315977
2,"[12, 12, 5]",two-tone,8,6,4,0.6437687371860935
3,"[12, 12, 5]",two-tone,10,7,5,0.7511056791913004
4,"[12, 12, 5]",two-tone,15,10,7,0.8254518296767372
5,"[12, 12, 5]",two-tone,16,11,8,0.9966803980446934
