,flop,board_type,0b,1b,2b,profit
0,"[12, 12, 4]",two-tone,1,1,1,0.16662881549371722
1,"[12, 12, 4]",two-tone,2,2,2,0.16706245382906593
2,"[12, 12, 4]",two-tone,8,6,4,0.402889578921079
3,"[12, 12, 4]",two-tone,10,7,5,0.42445906596692795
4,"[12, 12, 4]",two-tone,15,10,7,0.6067469764840427
5,"[12, 12, 4]",two-tone,16,11,8,0.7928943650297076
