,flop,board_type,0b,1b,2b,profit
0,"[12, 11, 6]",two-tone,1,1,1,0.12862830635718508
1,"[12, 11, 6]",two-tone,2,2,2,0.29742454751626257
2,"[12, 11, 6]",two-tone,3,2,2,0.3873851157007687
3,"[12, 11, 6]",two-tone,4,3,2,0.529925557332939
4,"[12, 11, 6]",two-tone,8,6,4,0.6297258271141338
5,"[12, 11, 6]",two-tone,15,10,7,0.7252234018036662
6,"[12, 11, 6]",two-tone,16,11,8,0.7261446861916024
