,flop,board_type,0b,1b,2b,profit
0,"[12, 10, 5]",two-tone,1,1,1,-0.04029449038461541
1,"[12, 10, 5]",two-tone,2,2,2,0.15376828983516455
2,"[12, 10, 5]",two-tone,3,2,2,0.22472989423076895
3,"[12, 10, 5]",two-tone,4,3,2,0.3934531043956043
4,"[12, 10, 5]",two-tone,8,6,4,0.4738597458791207
5,"[12, 10, 5]",two-tone,10,7,5,0.4947779601648351
6,"[12, 10, 5]",two-tone,15,10,7,0.4966809752747252
7,"[12, 10, 5]",two-tone,16,11,8,0.5214500590659338
