,flop,board_type,0b,1b,2b,profit
0,"[12, 9, 9]",two-tone,1,1,1,0.3302850027027029
1,"[12, 9, 9]",two-tone,2,2,2,0.4262409216216214
2,"[12, 9, 9]",two-tone,3,2,2,0.482619310810811
3,"[12, 9, 9]",two-tone,4,3,2,0.6102166756756757
4,"[12, 9, 9]",two-tone,8,6,4,0.8703659081081083
5,"[12, 9, 9]",two-tone,10,7,5,0.8919290216216218
6,"[12, 9, 9]",two-tone,15,10,7,1.2887140567567572
7,"[12, 9, 9]",two-tone,16,11,8,1.3116661909909912
