,flop,board_type,0b,1b,2b,profit
0,"[12, 8, 3]",two-tone,1,1,1,-0.010380282844341449
1,"[12, 8, 3]",two-tone,2,2,2,-0.008948638965168287
2,"[12, 8, 3]",two-tone,3,2,2,0.08566107804596046
3,"[12, 8, 3]",two-tone,4,3,2,0.2984259155947391
4,"[12, 8, 3]",two-tone,8,6,4,0.45815194507876855
5,"[12, 8, 3]",two-tone,10,7,5,0.47751889102471445
6,"[12, 8, 3]",two-tone,15,10,7,0.5562194493423903
7,"[12, 8, 3]",two-tone,16,11,8,0.6368893942766297
