,flop,board_type,0b,1b,2b,profit
0,"[12, 7, 7]",two-tone,1,1,1,0.32144241402483587
1,"[12, 7, 7]",two-tone,2,2,2,0.32400758188458767
2,"[12, 7, 7]",two-tone,8,6,4,0.701982163623083
3,"[12, 7, 7]",two-tone,10,7,5,0.7875507463842222
4,"[12, 7, 7]",two-tone,15,10,7,1.0105761200876553
5,"[12, 7, 7]",two-tone,16,11,8,1.1325461760409063
