,flop,board_type,0b,1b,2b,profit
0,"[12, 7, 3]",two-tone,1,1,1,0.07529599696487943
1,"[12, 7, 3]",two-tone,8,6,4,0.37033411750252976
2,"[12, 7, 3]",two-tone,10,7,5,0.3890892733053911
3,"[12, 7, 3]",two-tone,15,10,7,0.5037569161728571
4,"[12, 7, 3]",two-tone,16,11,8,0.6279682076889728
