,flop,board_type,0b,1b,2b,profit
0,"[12, 6, 4]",two-tone,1,1,1,0.4701624879787234
1,"[12, 6, 4]",two-tone,2,2,2,0.4706688241489363
2,"[12, 6, 4]",two-tone,3,2,2,0.5065931102127661
3,"[12, 6, 4]",two-tone,4,3,2,0.5854981993617021
4,"[12, 6, 4]",two-tone,8,6,4,0.7515525040425535
5,"[12, 6, 4]",two-tone,10,7,5,0.7706783003191491
6,"[12, 6, 4]",two-tone,15,10,7,0.8877184549999998
7,"[12, 6, 4]",two-tone,16,11,8,1.0223108976595745
