,flop,board_type,0b,1b,2b,profit
0,"[12, 6, 3]",two-tone,1,1,1,0.451470479893617
1,"[12, 6, 3]",two-tone,2,2,2,0.4516618869148936
2,"[12, 6, 3]",two-tone,8,6,4,0.7375783687234043
3,"[12, 6, 3]",two-tone,10,7,5,0.7551483037234042
4,"[12, 6, 3]",two-tone,15,10,7,0.8764582687234043
5,"[12, 6, 3]",two-tone,16,11,8,1.0052361847872342
