,flop,board_type,0b,1b,2b,profit
0,"[12, 5, 3]",two-tone,1,1,1,0.5823446428571428
1,"[12, 5, 3]",two-tone,8,6,4,0.8766728984126986
2,"[12, 5, 3]",two-tone,10,7,5,0.8978111238095239
3,"[12, 5, 3]",two-tone,15,10,7,1.0275428507936504
4,"[12, 5, 3]",two-tone,16,11,8,1.184163223809524
