,flop,board_type,0b,1b,2b,profit
0,"[12, 4, 2]",two-tone,1,1,1,0.4520438431250001
1,"[12, 4, 2]",two-tone,8,6,4,0.6753228159375
2,"[12, 4, 2]",two-tone,10,7,5,0.70040929625
3,"[12, 4, 2]",two-tone,15,10,7,0.8404555318750002
4,"[12, 4, 2]",two-tone,16,11,8,1.025951058125
