,flop,board_type,0b,1b,2b,profit
0,"[12, 2, 2]",two-tone,1,1,1,0.39763903374999954
1,"[12, 2, 2]",two-tone,2,2,2,0.40104058093750006
2,"[12, 2, 2]",two-tone,8,6,4,0.6242795837499999
3,"[12, 2, 2]",two-tone,10,7,5,0.64814303
4,"[12, 2, 2]",two-tone,15,10,7,0.7956338556250002
5,"[12, 2, 2]",two-tone,16,11,8,0.9749767393750004
