,flop,board_type,0b,1b,2b,profit
0,"[11, 11, 9]",two-tone,1,1,1,0.30517206982606737
1,"[11, 11, 9]",two-tone,2,2,2,0.38849204956053585
2,"[11, 11, 9]",two-tone,3,2,2,0.45773627306905884
3,"[11, 11, 9]",two-tone,4,3,2,0.5578273932706062
4,"[11, 11, 9]",two-tone,8,6,4,0.7134812783640677
5,"[11, 11, 9]",two-tone,10,7,5,0.726995091882127
6,"[11, 11, 9]",two-tone,15,10,7,1.0623262506479463
7,"[11, 11, 9]",two-tone,16,11,8,1.0872371667932366
