,flop,board_type,0b,1b,2b,profit
0,"[11, 10, 7]",two-tone,1,1,1,0.6735750566801618
1,"[11, 10, 7]",two-tone,2,2,2,0.8607626923076921
2,"[11, 10, 7]",two-tone,3,2,2,0.8642231728744938
3,"[11, 10, 7]",two-tone,8,6,4,0.9300067344129554
4,"[11, 10, 7]",two-tone,10,7,5,0.9306712076923073
5,"[11, 10, 7]",two-tone,15,10,7,1.1168403469635624
