,flop,board_type,0b,1b,2b,profit
0,"[11, 10, 6]",two-tone,1,1,1,0.6150784663615563
1,"[11, 10, 6]",two-tone,2,2,2,0.7630655942219677
2,"[11, 10, 6]",two-tone,3,2,2,0.8534499335240278
3,"[11, 10, 6]",two-tone,4,3,2,0.9171132067505724
4,"[11, 10, 6]",two-tone,8,6,4,0.9692299097254005
5,"[11, 10, 6]",two-tone,15,10,7,1.0410570582379859
6,"[11, 10, 6]",two-tone,16,11,8,1.0417886820366133
