,flop,board_type,0b,1b,2b,profit
0,"[11, 9, 8]",two-tone,1,1,1,0.6821429241207589
1,"[11, 9, 8]",two-tone,2,2,2,0.8726097023381252
2,"[11, 9, 8]",two-tone,3,2,2,0.9368002160414028
3,"[11, 9, 8]",two-tone,4,3,2,1.0613505708464634
4,"[11, 9, 8]",two-tone,8,6,4,1.1317145061069578
5,"[11, 9, 8]",two-tone,15,10,7,1.325225219481311
