,flop,board_type,0b,1b,2b,profit
0,"[11, 9, 5]",two-tone,1,1,1,0.6751963601170567
1,"[11, 9, 5]",two-tone,2,2,2,0.8250351793478257
2,"[11, 9, 5]",two-tone,3,2,2,0.911248108528428
3,"[11, 9, 5]",two-tone,4,3,2,0.982889412123746
4,"[11, 9, 5]",two-tone,16,11,8,0.9849092245819395
