,flop,board_type,0b,1b,2b,profit
0,"[11, 9, 4]",two-tone,1,1,1,0.5521674183463594
1,"[11, 9, 4]",two-tone,2,2,2,0.6278335022624433
2,"[11, 9, 4]",two-tone,3,2,2,0.7098666820238586
3,"[11, 9, 4]",two-tone,4,3,2,0.7786140847387903
4,"[11, 9, 4]",two-tone,8,6,4,0.8025761324557797
5,"[11, 9, 4]",two-tone,10,7,5,0.8108178519127933
6,"[11, 9, 4]",two-tone,16,11,8,0.8434656931303992
