,flop,board_type,0b,1b,2b,profit
0,"[11, 8, 3]",two-tone,1,1,1,0.4036900919838053
1,"[11, 8, 3]",two-tone,2,2,2,0.47902329165991914
2,"[11, 8, 3]",two-tone,3,2,2,0.5661946492307692
3,"[11, 8, 3]",two-tone,4,3,2,0.6325753018623479
4,"[11, 8, 3]",two-tone,8,6,4,0.7144873664777326
5,"[11, 8, 3]",two-tone,10,7,5,0.7505717794331983
6,"[11, 8, 3]",two-tone,15,10,7,0.8280829878542508
7,"[11, 8, 3]",two-tone,16,11,8,0.8754445596761133
