,flop,board_type,0b,1b,2b,profit
0,"[11, 6, 6]",two-tone,1,1,1,0.5715764595488725
1,"[11, 6, 6]",two-tone,8,6,4,0.9254533882706768
2,"[11, 6, 6]",two-tone,10,7,5,0.9559234039097747
3,"[11, 6, 6]",two-tone,15,10,7,1.0924231133834588
4,"[11, 6, 6]",two-tone,16,11,8,1.1879541858646618
