,flop,board_type,0b,1b,2b,profit
0,"[10, 9, 9]",two-tone,1,1,1,0.8330673680906715
1,"[10, 9, 9]",two-tone,2,2,2,0.9824705339145599
2,"[10, 9, 9]",two-tone,3,2,2,1.0635447700087188
3,"[10, 9, 9]",two-tone,4,3,2,1.140075431560593
4,"[10, 9, 9]",two-tone,8,6,4,1.296007753095031
5,"[10, 9, 9]",two-tone,15,10,7,1.5986426489973846
