,flop,board_type,0b,1b,2b,profit
0,"[10, 7, 6]",two-tone,1,1,1,1.2387728126403326
1,"[10, 7, 6]",two-tone,8,6,4,1.5733702988773388
2,"[10, 7, 6]",two-tone,10,7,5,1.6046671893555093
3,"[10, 7, 6]",two-tone,15,10,7,1.6956547441164243
4,"[10, 7, 6]",two-tone,16,11,8,1.6976821724740125
