,flop,board_type,0b,1b,2b,profit
0,"[10, 7, 3]",two-tone,1,1,1,0.7804116963170424
1,"[10, 7, 3]",two-tone,2,2,2,0.8484806504131073
2,"[10, 7, 3]",two-tone,3,2,2,0.8909540260467721
3,"[10, 7, 3]",two-tone,4,3,2,0.9630356012603276
4,"[10, 7, 3]",two-tone,8,6,4,1.0083970344209494
5,"[10, 7, 3]",two-tone,10,7,5,1.0584642495168743
6,"[10, 7, 3]",two-tone,15,10,7,1.1388866543621343
7,"[10, 7, 3]",two-tone,16,11,8,1.1905191151099286
