,flop,board_type,0b,1b,2b,profit
0,"[10, 6, 4]",two-tone,1,1,1,0.9725288768556702
1,"[10, 6, 4]",two-tone,2,2,2,1.0330146014432986
2,"[10, 6, 4]",two-tone,3,2,2,1.0792271788659789
3,"[10, 6, 4]",two-tone,4,3,2,1.1907865642783506
4,"[10, 6, 4]",two-tone,8,6,4,1.2508795263917527
5,"[10, 6, 4]",two-tone,10,7,5,1.299967236701031
6,"[10, 6, 4]",two-tone,15,10,7,1.362244506701031
7,"[10, 6, 4]",two-tone,16,11,8,1.4058016845360823
