,flop,board_type,0b,1b,2b,profit
0,"[10, 4, 4]",two-tone,1,1,1,0.8352850024242425
1,"[10, 4, 4]",two-tone,8,6,4,1.088465825606061
2,"[10, 4, 4]",two-tone,10,7,5,1.1565915475757576
3,"[10, 4, 4]",two-tone,15,10,7,1.2129370203030305
4,"[10, 4, 4]",two-tone,16,11,8,1.3194807316666666
