,flop,board_type,0b,1b,2b,profit
0,"[10, 4, 2]",two-tone,1,1,1,0.9365659499999999
1,"[10, 4, 2]",two-tone,8,6,4,1.1817207365151514
2,"[10, 4, 2]",two-tone,10,7,5,1.2358664095454541
3,"[10, 4, 2]",two-tone,15,10,7,1.3070860424242423
4,"[10, 4, 2]",two-tone,16,11,8,1.4134092580303033
