,flop,board_type,0b,1b,2b,profit
0,"[9, 9, 7]",two-tone,1,1,1,0.995694870572961
1,"[9, 9, 7]",two-tone,2,2,2,1.0653177924191746
2,"[9, 9, 7]",two-tone,3,2,2,1.0972569339005758
3,"[9, 9, 7]",two-tone,4,3,2,1.1422463062563029
4,"[9, 9, 7]",two-tone,8,6,4,1.2278191577583955
5,"[9, 9, 7]",two-tone,10,7,5,1.330887451547917
6,"[9, 9, 7]",two-tone,15,10,7,1.578732599265396
7,"[9, 9, 7]",two-tone,16,11,8,1.5788268352409391
