,flop,board_type,0b,1b,2b,profit
0,"[9, 9, 2]",two-tone,1,1,1,1.1977518497578912
1,"[9, 9, 2]",two-tone,2,2,2,1.200666567028336
2,"[9, 9, 2]",two-tone,3,2,2,1.2025493816086803
3,"[9, 9, 2]",two-tone,4,3,2,1.2365608400376615
4,"[9, 9, 2]",two-tone,8,6,4,1.3751664954178624
5,"[9, 9, 2]",two-tone,10,7,5,1.4485750935706603
6,"[9, 9, 2]",two-tone,15,10,7,1.5741853869709472
7,"[9, 9, 2]",two-tone,16,11,8,1.6181245782012197
