,flop,board_type,0b,1b,2b,profit
0,"[9, 7, 5]",two-tone,1,1,1,1.1643726835526316
1,"[9, 7, 5]",two-tone,2,2,2,1.1657063611842107
2,"[9, 7, 5]",two-tone,3,2,2,1.1947499618421054
3,"[9, 7, 5]",two-tone,4,3,2,1.2450774299342107
4,"[9, 7, 5]",two-tone,8,6,4,1.2632065524671052
5,"[9, 7, 5]",two-tone,10,7,5,1.3686146355263158
6,"[9, 7, 5]",two-tone,15,10,7,1.5107968912828946
