,flop,board_type,0b,1b,2b,profit
0,"[9, 7, 3]",two-tone,1,1,1,0.7565087052631578
1,"[9, 7, 3]",two-tone,2,2,2,0.7602064582236843
2,"[9, 7, 3]",two-tone,3,2,2,0.7858725855263161
3,"[9, 7, 3]",two-tone,4,3,2,0.8348411986842107
4,"[9, 7, 3]",two-tone,8,6,4,0.8581087884868419
5,"[9, 7, 3]",two-tone,10,7,5,0.9266993582236842
6,"[9, 7, 3]",two-tone,15,10,7,1.1039231690789475
