,flop,board_type,0b,1b,2b,profit
0,"[9, 6, 3]",two-tone,1,1,1,1.12499568563124
1,"[9, 6, 3]",two-tone,2,2,2,1.1884991941362315
2,"[9, 6, 3]",two-tone,3,2,2,1.1921438371540505
3,"[9, 6, 3]",two-tone,4,3,2,1.2275125456337674
4,"[9, 6, 3]",two-tone,8,6,4,1.2882724487804877
5,"[9, 6, 3]",two-tone,10,7,5,1.345849018981423
6,"[9, 6, 3]",two-tone,15,10,7,1.4702992009351699
7,"[9, 6, 3]",two-tone,16,11,8,1.489398793706559
