,flop,board_type,0b,1b,2b,profit
0,"[9, 3, 2]",two-tone,1,1,1,1.0815618705955181
1,"[9, 3, 2]",two-tone,2,2,2,1.0817576858734679
2,"[9, 3, 2]",two-tone,3,2,2,1.0821665790763895
3,"[9, 3, 2]",two-tone,4,3,2,1.120167602030457
4,"[9, 3, 2]",two-tone,8,6,4,1.2613624979571623
5,"[9, 3, 2]",two-tone,10,7,5,1.330132169865049
6,"[9, 3, 2]",two-tone,15,10,7,1.4519155234864436
7,"[9, 3, 2]",two-tone,16,11,8,1.4997594714869384
