,flop,board_type,0b,1b,2b,profit
0,"[8, 8, 7]",two-tone,1,1,1,0.8547021417243462
1,"[8, 8, 7]",two-tone,2,2,2,0.9501145086492725
2,"[8, 8, 7]",two-tone,3,2,2,0.9928228605705224
3,"[8, 8, 7]",two-tone,4,3,2,1.1315024526392912
4,"[8, 8, 7]",two-tone,8,6,4,1.2146654634685783
5,"[8, 8, 7]",two-tone,10,7,5,1.4032443445700706
6,"[8, 8, 7]",two-tone,15,10,7,1.777994724088126
7,"[8, 8, 7]",two-tone,16,11,8,1.790010721985507
