,flop,board_type,0b,1b,2b,profit
0,"[8, 8, 3]",two-tone,1,1,1,1.0133507132077972
1,"[8, 8, 3]",two-tone,2,2,2,1.0141947790978592
2,"[8, 8, 3]",two-tone,8,6,4,1.2292198989972536
3,"[8, 8, 3]",two-tone,10,7,5,1.2890202291756299
4,"[8, 8, 3]",two-tone,15,10,7,1.54600382572724
5,"[8, 8, 3]",two-tone,16,11,8,1.6640484685772914
