,flop,board_type,0b,1b,2b,profit
0,"[8, 7, 4]",two-tone,1,1,1,1.0433482905263158
1,"[8, 7, 4]",two-tone,2,2,2,1.13069470368421
2,"[8, 7, 4]",two-tone,3,2,2,1.1739165910526312
3,"[8, 7, 4]",two-tone,4,3,2,1.3138547808421048
4,"[8, 7, 4]",two-tone,8,6,4,1.3320497562105258
5,"[8, 7, 4]",two-tone,10,7,5,1.402739350526315
6,"[8, 7, 4]",two-tone,15,10,7,1.7312902592631576
7,"[8, 7, 4]",two-tone,16,11,8,1.7435024211578942
