,flop,board_type,0b,1b,2b,profit
0,"[8, 5, 2]",two-tone,1,1,1,1.1099675558994675
1,"[8, 5, 2]",two-tone,2,2,2,1.1895816610127525
2,"[8, 5, 2]",two-tone,3,2,2,1.190391887210598
3,"[8, 5, 2]",two-tone,4,3,2,1.2223152512071314
4,"[8, 5, 2]",two-tone,8,6,4,1.3227732716355085
5,"[8, 5, 2]",two-tone,10,7,5,1.3812943110065619
6,"[8, 5, 2]",two-tone,15,10,7,1.636202732450167
7,"[8, 5, 2]",two-tone,16,11,8,1.7529763552061408
