,flop,board_type,0b,1b,2b,profit
0,"[7, 6, 3]",two-tone,1,1,1,1.2559904645365851
1,"[7, 6, 3]",two-tone,2,2,2,1.349051327512195
2,"[7, 6, 3]",two-tone,3,2,2,1.3717717003414631
3,"[7, 6, 3]",two-tone,4,3,2,1.441115214682926
4,"[7, 6, 3]",two-tone,8,6,4,1.4762670991707312
5,"[7, 6, 3]",two-tone,10,7,5,1.5328638084390238
6,"[7, 6, 3]",two-tone,15,10,7,1.8913314497073168
7,"[7, 6, 3]",two-tone,16,11,8,1.9743580964878045
