,flop,board_type,0b,1b,2b,profit
0,"[7, 4, 2]",two-tone,1,1,1,0.9964978919512194
1,"[7, 4, 2]",two-tone,8,6,4,1.132343782926829
2,"[7, 4, 2]",two-tone,10,7,5,1.16408363402439
3,"[7, 4, 2]",two-tone,15,10,7,1.4618045515853653
4,"[7, 4, 2]",two-tone,16,11,8,1.61866466402439
