,flop,board_type,0b,1b,2b,profit
0,"[5, 5, 4]",two-tone,1,1,1,1.4767039012096332
1,"[5, 5, 4]",two-tone,2,2,2,1.570225327237602
2,"[5, 5, 4]",two-tone,3,2,2,1.5848461930583309
3,"[5, 5, 4]",two-tone,4,3,2,1.665685581655727
4,"[5, 5, 4]",two-tone,8,6,4,1.7163836665715357
5,"[5, 5, 4]",two-tone,10,7,5,1.8318143112555165
6,"[5, 5, 4]",two-tone,15,10,7,2.015180171104916
7,"[5, 5, 4]",two-tone,16,11,8,2.1959686445522606
