,flop,board_type,0b,1b,2b,profit
0,"[5, 4, 4]",two-tone,1,1,1,1.4670633744374442
1,"[5, 4, 4]",two-tone,2,2,2,1.5602433460846088
2,"[5, 4, 4]",two-tone,3,2,2,1.5806752349234927
3,"[5, 4, 4]",two-tone,4,3,2,1.6572082538253827
4,"[5, 4, 4]",two-tone,8,6,4,1.708949891089109
5,"[5, 4, 4]",two-tone,10,7,5,1.8286014644464452
6,"[5, 4, 4]",two-tone,15,10,7,2.0080304005400547
7,"[5, 4, 4]",two-tone,16,11,8,2.194886450945095
