,flop,board_type,0b,1b,2b,profit
0,"[4, 4, 3]",two-tone,1,1,1,1.5235540111525674
1,"[4, 4, 3]",two-tone,8,6,4,1.672796770083575
2,"[4, 4, 3]",two-tone,10,7,5,1.765456551995566
3,"[4, 4, 3]",two-tone,15,10,7,1.9939688877281256
4,"[4, 4, 3]",two-tone,16,11,8,2.1849651104532666
