,flop,board_type,0b,1b,2b,profit
0,"[4, 3, 2]",two-tone,1,1,1,1.918398109268292
1,"[4, 3, 2]",two-tone,8,6,4,2.0683845378270505
2,"[4, 3, 2]",two-tone,10,7,5,2.1344867416407975
3,"[4, 3, 2]",two-tone,15,10,7,2.3933085564523275
4,"[4, 3, 2]",two-tone,16,11,8,2.5852309481152993
