,flop,board_type,0b,1b,2b,profit
0,"[14, 14, 7]",two-tone,1,1,1,0.8096390669196466
1,"[14, 14, 7]",two-tone,8,6,4,0.875380146060187
