,flop,board_type,0b,1b,2b,profit
0,"[14, 12, 12]",two-tone,1,1,1,1.3477687085014074
1,"[14, 12, 12]",two-tone,2,2,2,1.4907592914130716
