,flop,board_type,0b,1b,2b,profit
0,"[14, 12, 5]",two-tone,1,1,1,1.4857743292286456
1,"[14, 12, 5]",two-tone,2,2,2,1.5553417515695112
