,flop,board_type,0b,1b,2b,profit
0,"[14, 12, 3]",two-tone,1,1,1,1.5612000349275008
1,"[14, 12, 3]",two-tone,2,2,2,1.59242217025413
