,flop,board_type,0b,1b,2b,profit
0,"[14, 11, 6]",two-tone,1,1,1,1.3209106017019556
1,"[14, 11, 6]",two-tone,2,2,2,1.4530355192889146
