,flop,board_type,0b,1b,2b,profit
0,"[14, 11, 5]",two-tone,1,1,1,1.3592226757263317
1,"[14, 11, 5]",two-tone,2,2,2,1.4792332008827236
