,flop,board_type,0b,1b,2b,profit
0,"[14, 8, 4]",two-tone,1,1,1,0.8497260359190226
1,"[14, 8, 4]",two-tone,2,2,2,0.8502163970543941
