,flop,board_type,0b,1b,2b,profit
0,"[14, 5, 5]",two-tone,1,1,1,1.1293030411268616
1,"[14, 5, 5]",two-tone,2,2,2,1.131530038297282
2,"[14, 5, 5]",two-tone,3,2,2,1.1328103928625897
