,flop,board_type,0b,1b,2b,profit
0,"[13, 10, 10]",two-tone,1,1,1,0.8081682008427397
1,"[13, 10, 10]",two-tone,2,2,2,0.8998901444717329
