,flop,board_type,0b,1b,2b,profit
0,"[13, 10, 6]",two-tone,1,1,1,1.1795412673587156
1,"[13, 10, 6]",two-tone,2,2,2,1.3038694099020445
