,flop,board_type,0b,1b,2b,profit
0,"[13, 10, 2]",two-tone,1,1,1,1.120069244828424
1,"[13, 10, 2]",two-tone,2,2,2,1.163343729412549
