,flop,board_type,0b,1b,2b,profit
0,"[13, 9, 3]",two-tone,1,1,1,1.4343614035978423
1,"[13, 9, 3]",two-tone,2,2,2,1.437688197542372
