,flop,board_type,0b,1b,2b,profit
0,"[13, 7, 7]",two-tone,1,1,1,0.9854169356464529
1,"[13, 7, 7]",two-tone,2,2,2,0.9889414649044941
