,flop,board_type,0b,1b,2b,profit
0,"[13, 5, 2]",two-tone,1,1,1,1.201178075187357
1,"[13, 5, 2]",two-tone,2,2,2,1.2039029633482765
