,flop,board_type,0b,1b,2b,profit
0,"[11, 3, 2]",two-tone,1,1,1,1.241451247425337
1,"[11, 3, 2]",two-tone,2,2,2,1.2472821243151084
