,flop,board_type,0b,1b,2b,profit
0,"[10, 10, 2]",two-tone,1,1,1,0.5572919750773312
1,"[10, 10, 2]",two-tone,2,2,2,0.5614592522178478
