,flop,board_type,0b,1b,2b,profit
0,"[10, 9, 9]",two-tone,1,1,1,0.6560139419719422
1,"[10, 9, 9]",two-tone,2,2,2,0.7185947217355052
2,"[10, 9, 9]",two-tone,3,2,2,0.8310059452581318
3,"[10, 9, 9]",two-tone,4,3,2,0.8326365954299513
4,"[10, 9, 9]",two-tone,8,6,4,0.9636867646622919
5,"[10, 9, 9]",two-tone,10,7,5,0.972153388191745
