,flop,board_type,0b,1b,2b,profit
0,"[8, 6, 2]",two-tone,1,1,1,1.233773109518888
1,"[8, 6, 2]",two-tone,2,2,2,1.2475886469375086
