,flop,board_type,0b,1b,2b,profit
0,"[4, 4, 2]",two-tone,1,1,1,0.9227936199761864
1,"[4, 4, 2]",two-tone,2,2,2,0.9231461385216411
