,flop,board_type,0b,1b,2b,profit
0,"[14, 14, 6]",two-tone,1,1,1,4.885470974529493
1,"[14, 14, 6]",two-tone,2,2,2,4.894857189037358
2,"[14, 14, 6]",two-tone,8,6,4,5.533984052279808
3,"[14, 14, 6]",two-tone,10,7,5,5.556183758476868
4,"[14, 14, 6]",two-tone,15,10,7,6.108646509582659
5,"[14, 14, 6]",two-tone,16,11,8,6.306210159326486
