,flop,board_type,0b,1b,2b,profit
0,"[14, 14, 3]",two-tone,1,1,1,5.6413963427275435
1,"[14, 14, 3]",two-tone,8,6,4,6.403690361077098
2,"[14, 14, 3]",two-tone,10,7,5,6.4369253803077955
3,"[14, 14, 3]",two-tone,15,10,7,7.154410491002476
4,"[14, 14, 3]",two-tone,16,11,8,7.607029530007258
