,flop,board_type,0b,1b,2b,profit
0,"[14, 13, 12]",two-tone,1,1,1,7.666607389759036
1,"[14, 13, 12]",two-tone,2,2,2,8.58912877048193
2,"[14, 13, 12]",two-tone,3,2,2,8.803905553012049
3,"[14, 13, 12]",two-tone,4,3,2,10.024168071686749
4,"[14, 13, 12]",two-tone,8,6,4,10.13273970180723
5,"[14, 13, 12]",two-tone,15,10,7,10.54091913674699
6,"[14, 13, 12]",two-tone,16,11,8,10.703307524698797
