,flop,board_type,0b,1b,2b,profit
0,"[14, 13, 11]",two-tone,1,1,1,6.6555829976052445
1,"[14, 13, 11]",two-tone,2,2,2,6.661922220412379
2,"[14, 13, 11]",two-tone,3,2,2,6.882016381051724
3,"[14, 13, 11]",two-tone,4,3,2,8.109309704818532
4,"[14, 13, 11]",two-tone,8,6,4,8.236210525641098
5,"[14, 13, 11]",two-tone,15,10,7,8.639455357215573
6,"[14, 13, 11]",two-tone,16,11,8,8.830702478265716
