,flop,board_type,0b,1b,2b,profit
0,"[14, 13, 7]",two-tone,1,1,1,4.573231300402945
1,"[14, 13, 7]",two-tone,2,2,2,4.952106558814448
2,"[14, 13, 7]",two-tone,3,2,2,5.049938227431702
3,"[14, 13, 7]",two-tone,4,3,2,5.324261193249059
4,"[14, 13, 7]",two-tone,8,6,4,5.831378474697278
5,"[14, 13, 7]",two-tone,10,7,5,5.925292209045706
6,"[14, 13, 7]",two-tone,15,10,7,6.020538120237763
7,"[14, 13, 7]",two-tone,16,11,8,6.1721316922132825
