,flop,board_type,0b,1b,2b,profit
0,"[14, 13, 5]",two-tone,1,1,1,5.035203882025092
1,"[14, 13, 5]",two-tone,2,2,2,5.368060427697254
2,"[14, 13, 5]",two-tone,3,2,2,5.48767139220038
3,"[14, 13, 5]",two-tone,4,3,2,5.871385270875985
4,"[14, 13, 5]",two-tone,8,6,4,6.153965223931817
5,"[14, 13, 5]",two-tone,10,7,5,6.160661858873087
6,"[14, 13, 5]",two-tone,15,10,7,6.24074596135897
7,"[14, 13, 5]",two-tone,16,11,8,6.321424503702783
