,flop,board_type,0b,1b,2b,profit
0,"[14, 12, 10]",two-tone,1,1,1,12.780175452400787
1,"[14, 12, 10]",two-tone,8,6,4,12.823227735238728
2,"[14, 12, 10]",two-tone,15,10,7,13.278812785653184
3,"[14, 12, 10]",two-tone,16,11,8,13.35395588981866
