,flop,board_type,0b,1b,2b,profit
0,"[14, 12, 6]",two-tone,1,1,1,4.278464071496924
1,"[14, 12, 6]",two-tone,2,2,2,4.650990986534518
2,"[14, 12, 6]",two-tone,3,2,2,4.772791176110733
3,"[14, 12, 6]",two-tone,4,3,2,5.027232027785375
4,"[14, 12, 6]",two-tone,8,6,4,5.494347432433357
5,"[14, 12, 6]",two-tone,10,7,5,5.49975406068011
6,"[14, 12, 6]",two-tone,15,10,7,5.577014351127821
7,"[14, 12, 6]",two-tone,16,11,8,5.67575539506152
