,flop,board_type,0b,1b,2b,profit
0,"[14, 12, 5]",two-tone,1,1,1,4.965150426414475
1,"[14, 12, 5]",two-tone,2,2,2,5.312402126151316
2,"[14, 12, 5]",two-tone,3,2,2,5.441506510608553
3,"[14, 12, 5]",two-tone,4,3,2,5.818210699243421
4,"[14, 12, 5]",two-tone,8,6,4,6.095664276233554
5,"[14, 12, 5]",two-tone,10,7,5,6.09962625993421
6,"[14, 12, 5]",two-tone,15,10,7,6.162917247434212
7,"[14, 12, 5]",two-tone,16,11,8,6.262864595575659
