,flop,board_type,0b,1b,2b,profit
0,"[14, 12, 3]",two-tone,1,1,1,5.531606725215518
1,"[14, 12, 3]",two-tone,2,2,2,5.858413961961206
2,"[14, 12, 3]",two-tone,3,2,2,6.140658073545259
3,"[14, 12, 3]",two-tone,4,3,2,6.561081451373923
4,"[14, 12, 3]",two-tone,8,6,4,6.740311113200431
5,"[14, 12, 3]",two-tone,10,7,5,6.743083310317888
6,"[14, 12, 3]",two-tone,15,10,7,6.948465649299569
7,"[14, 12, 3]",two-tone,16,11,8,7.245563024353448
