,flop,board_type,0b,1b,2b,profit
0,"[14, 11, 10]",two-tone,1,1,1,12.856271951051822
1,"[14, 11, 10]",two-tone,8,6,4,12.89207851803194
2,"[14, 11, 10]",two-tone,10,7,5,12.903588911590806
3,"[14, 11, 10]",two-tone,15,10,7,13.348264796946882
4,"[14, 11, 10]",two-tone,16,11,8,13.430918059780517
