,flop,board_type,0b,1b,2b,profit
0,"[14, 10, 5]",two-tone,1,1,1,2.9197690911764704
1,"[14, 10, 5]",two-tone,8,6,4,4.1057365432773105
2,"[14, 10, 5]",two-tone,10,7,5,4.109007299579833
3,"[14, 10, 5]",two-tone,15,10,7,4.117711717226891
