,flop,board_type,0b,1b,2b,profit
0,"[14, 8, 6]",two-tone,1,1,1,2.367750409
1,"[14, 8, 6]",two-tone,8,6,4,3.224778466
2,"[14, 8, 6]",two-tone,10,7,5,3.25398795
3,"[14, 8, 6]",two-tone,15,10,7,3.5810137920000007
4,"[14, 8, 6]",two-tone,16,11,8,3.718155792000001
