,flop,board_type,0b,1b,2b,profit
0,"[14, 6, 6]",two-tone,1,1,1,5.0698438979136045
1,"[14, 6, 6]",two-tone,8,6,4,5.5688927583015
2,"[14, 6, 6]",two-tone,10,7,5,5.59884436062298
3,"[14, 6, 6]",two-tone,15,10,7,5.968877751160741
4,"[14, 6, 6]",two-tone,16,11,8,6.161923774375549
