,flop,board_type,0b,1b,2b,profit
0,"[14, 6, 2]",two-tone,1,1,1,4.255779724436455
1,"[14, 6, 2]",two-tone,8,6,4,4.732936162966382
2,"[14, 6, 2]",two-tone,10,7,5,4.768011537300816
3,"[14, 6, 2]",two-tone,15,10,7,5.130588176875241
4,"[14, 6, 2]",two-tone,16,11,8,5.321372204498639
