,flop,board_type,0b,1b,2b,profit
0,"[14, 5, 4]",two-tone,1,1,1,6.6789164692157525
1,"[14, 5, 4]",two-tone,2,2,2,6.990056881344423
2,"[14, 5, 4]",two-tone,8,6,4,7.119602770887794
3,"[14, 5, 4]",two-tone,10,7,5,7.153292095671363
4,"[14, 5, 4]",two-tone,15,10,7,7.456808715175691
5,"[14, 5, 4]",two-tone,16,11,8,7.6728284699032425
