,flop,board_type,0b,1b,2b,profit
0,"[13, 12, 11]",two-tone,1,1,1,3.58873227125
1,"[13, 12, 11]",two-tone,2,2,2,4.283774060624999
2,"[13, 12, 11]",two-tone,3,2,2,4.28494408875
3,"[13, 12, 11]",two-tone,4,3,2,4.28979774
4,"[13, 12, 11]",two-tone,8,6,4,4.554426536250001
5,"[13, 12, 11]",two-tone,10,7,5,4.611539400416666
6,"[13, 12, 11]",two-tone,15,10,7,4.723980798125
7,"[13, 12, 11]",two-tone,16,11,8,5.2076328875
