,flop,board_type,0b,1b,2b,profit
0,"[13, 12, 6]",two-tone,1,1,1,2.7523357896505383
1,"[13, 12, 6]",two-tone,2,2,2,3.0475794111111103
2,"[13, 12, 6]",two-tone,3,2,2,3.2658246227747902
3,"[13, 12, 6]",two-tone,4,3,2,3.37576466427718
4,"[13, 12, 6]",two-tone,8,6,4,3.702189817622461
5,"[13, 12, 6]",two-tone,10,7,5,3.7094832229988053
6,"[13, 12, 6]",two-tone,15,10,7,3.712722992876343
