,flop,board_type,0b,1b,2b,profit
0,"[13, 10, 10]",two-tone,1,1,1,1.7735927505151614
1,"[13, 10, 10]",two-tone,2,2,2,2.100504850750663
2,"[13, 10, 10]",two-tone,3,2,2,2.107920276346776
3,"[13, 10, 10]",two-tone,4,3,2,2.110743937003239
4,"[13, 10, 10]",two-tone,8,6,4,2.3303380761701504
5,"[13, 10, 10]",two-tone,10,7,5,2.3838486363703275
6,"[13, 10, 10]",two-tone,15,10,7,2.5110211507212243
7,"[13, 10, 10]",two-tone,16,11,8,2.8908179675448933
