,flop,board_type,0b,1b,2b,profit
0,"[13, 10, 9]",two-tone,1,1,1,2.4745540867637184
1,"[13, 10, 9]",two-tone,8,6,4,2.9959838371500576
2,"[13, 10, 9]",two-tone,10,7,5,3.0018307626763727
3,"[13, 10, 9]",two-tone,15,10,7,3.2028492794540893
4,"[13, 10, 9]",two-tone,16,11,8,3.3781152331578954
