,flop,board_type,0b,1b,2b,profit
0,"[13, 9, 6]",two-tone,1,1,1,1.4823160393383694
1,"[13, 9, 6]",two-tone,8,6,4,2.4379558934519476
2,"[13, 9, 6]",two-tone,10,7,5,2.4382033356388786
