,flop,board_type,0b,1b,2b,profit
0,"[13, 8, 7]",two-tone,1,1,1,2.0080614454730688
1,"[13, 8, 7]",two-tone,2,2,2,2.599113465162119
2,"[13, 8, 7]",two-tone,3,2,2,2.971790896350106
3,"[13, 8, 7]",two-tone,4,3,2,3.2125720999512746
4,"[13, 8, 7]",two-tone,8,6,4,3.5181417201452865
5,"[13, 8, 7]",two-tone,15,10,7,3.519595724309
6,"[13, 8, 7]",two-tone,16,11,8,3.520767175407512
