,flop,board_type,0b,1b,2b,profit
0,"[13, 8, 5]",two-tone,1,1,1,2.7405461803617572
1,"[13, 8, 5]",two-tone,2,2,2,3.007135883720931
2,"[13, 8, 5]",two-tone,3,2,2,3.010088590180879
3,"[13, 8, 5]",two-tone,4,3,2,3.2074624489664094
4,"[13, 8, 5]",two-tone,8,6,4,3.6530539105943145
5,"[13, 8, 5]",two-tone,10,7,5,3.657539149095607
6,"[13, 8, 5]",two-tone,15,10,7,3.6832602369509044
7,"[13, 8, 5]",two-tone,16,11,8,3.8081312246770014
