,flop,board_type,0b,1b,2b,profit
0,"[13, 6, 5]",two-tone,1,1,1,3.8574698862086776
1,"[13, 6, 5]",two-tone,2,2,2,3.8620624350206607
2,"[13, 6, 5]",two-tone,8,6,4,4.256175958677686
3,"[13, 6, 5]",two-tone,15,10,7,4.314377916219009
4,"[13, 6, 5]",two-tone,16,11,8,4.541850578615703
