,flop,board_type,0b,1b,2b,profit
0,"[13, 6, 2]",two-tone,1,1,1,3.7688818444538676
1,"[13, 6, 2]",two-tone,8,6,4,4.416083905563094
2,"[13, 6, 2]",two-tone,10,7,5,4.424904585040705
3,"[13, 6, 2]",two-tone,15,10,7,4.486015525237448
4,"[13, 6, 2]",two-tone,16,11,8,4.702471320335821
