,flop,board_type,0b,1b,2b,profit
0,"[12, 12, 6]",two-tone,1,1,1,1.582091114390042
1,"[12, 12, 6]",two-tone,2,2,2,1.5822506103184133
2,"[12, 12, 6]",two-tone,3,2,2,1.5853972933516265
3,"[12, 12, 6]",two-tone,4,3,2,1.6815167608486257
4,"[12, 12, 6]",two-tone,8,6,4,2.815202156331104
5,"[12, 12, 6]",two-tone,10,7,5,2.908623468403076
6,"[12, 12, 6]",two-tone,15,10,7,2.9201488808480542
7,"[12, 12, 6]",two-tone,16,11,8,2.9810541976547764
