,flop,board_type,0b,1b,2b,profit
0,"[12, 11, 8]",two-tone,1,1,1,1.2439107872778532
1,"[12, 11, 8]",two-tone,2,2,2,1.2454060512431653
2,"[12, 11, 8]",two-tone,3,2,2,1.2466323984791527
3,"[12, 11, 8]",two-tone,8,6,4,1.8451871553742305
4,"[12, 11, 8]",two-tone,10,7,5,1.9569811217147985
5,"[12, 11, 8]",two-tone,15,10,7,2.0668229039687285
6,"[12, 11, 8]",two-tone,16,11,8,2.2666743743463775
