,flop,board_type,0b,1b,2b,profit
0,"[12, 10, 10]",two-tone,1,1,1,0.6986180800620154
1,"[12, 10, 10]",two-tone,2,2,2,1.1146258611162798
2,"[12, 10, 10]",two-tone,3,2,2,1.1164974761550388
3,"[12, 10, 10]",two-tone,8,6,4,1.292403696124032
4,"[12, 10, 10]",two-tone,10,7,5,1.5026027088062017
5,"[12, 10, 10]",two-tone,15,10,7,1.5941840615503882
6,"[12, 10, 10]",two-tone,16,11,8,1.8824518930077527
