,flop,board_type,0b,1b,2b,profit
0,"[12, 9, 5]",two-tone,1,1,1,0.8530089688225545
1,"[12, 9, 5]",two-tone,2,2,2,1.2004273038971809
2,"[12, 9, 5]",two-tone,3,2,2,1.5328748885572148
3,"[12, 9, 5]",two-tone,4,3,2,1.9391950626865675
4,"[12, 9, 5]",two-tone,8,6,4,1.9479086242122732
5,"[12, 9, 5]",two-tone,15,10,7,1.948140451077944
6,"[12, 9, 5]",two-tone,16,11,8,1.94957812172471
