,flop,board_type,0b,1b,2b,profit
0,"[12, 9, 3]",two-tone,1,1,1,0.9516547185866014
1,"[12, 9, 3]",two-tone,2,2,2,1.3081904696078435
2,"[12, 9, 3]",two-tone,3,2,2,1.4511445962826794
3,"[12, 9, 3]",two-tone,4,3,2,1.8467551450980397
4,"[12, 9, 3]",two-tone,8,6,4,2.192078168300654
5,"[12, 9, 3]",two-tone,15,10,7,2.341204199509804
6,"[12, 9, 3]",two-tone,16,11,8,2.5617621623366014
