,flop,board_type,0b,1b,2b,profit
0,"[12, 8, 6]",two-tone,1,1,1,0.8287231722644162
1,"[12, 8, 6]",two-tone,2,2,2,1.2055157215189873
2,"[12, 8, 6]",two-tone,3,2,2,1.4981580801125167
3,"[12, 8, 6]",two-tone,4,3,2,2.1102072331364288
4,"[12, 8, 6]",two-tone,8,6,4,2.347751065316457
5,"[12, 8, 6]",two-tone,10,7,5,2.3524610549085807
6,"[12, 8, 6]",two-tone,15,10,7,2.35303533164557
