,flop,board_type,0b,1b,2b,profit
0,"[12, 8, 5]",two-tone,1,1,1,1.4825367378861785
1,"[12, 8, 5]",two-tone,2,2,2,1.831125888943089
2,"[12, 8, 5]",two-tone,3,2,2,2.15007157897019
3,"[12, 8, 5]",two-tone,4,3,2,2.705018621815718
4,"[12, 8, 5]",two-tone,8,6,4,2.9160046016802172
