,flop,board_type,0b,1b,2b,profit
0,"[12, 8, 3]",two-tone,1,1,1,1.4430617141445612
1,"[12, 8, 3]",two-tone,2,2,2,1.454942946457184
2,"[12, 8, 3]",two-tone,3,2,2,1.7723362510414817
3,"[12, 8, 3]",two-tone,4,3,2,2.4936642809684892
4,"[12, 8, 3]",two-tone,8,6,4,3.3295231932615272
5,"[12, 8, 3]",two-tone,15,10,7,3.394153085089905
6,"[12, 8, 3]",two-tone,16,11,8,3.526022602314404
