,flop,board_type,0b,1b,2b,profit
0,"[12, 8, 2]",two-tone,1,1,1,1.4525501183638954
1,"[12, 8, 2]",two-tone,8,6,4,3.023379914286986
2,"[12, 8, 2]",two-tone,10,7,5,3.0278298271319217
3,"[12, 8, 2]",two-tone,15,10,7,3.1508387332116787
4,"[12, 8, 2]",two-tone,16,11,8,3.3852606049670646
