,flop,board_type,0b,1b,2b,profit
0,"[12, 7, 6]",two-tone,1,1,1,1.9489267105263162
1,"[12, 7, 6]",two-tone,2,2,2,2.3031232932330834
2,"[12, 7, 6]",two-tone,3,2,2,2.4447471992481207
3,"[12, 7, 6]",two-tone,4,3,2,2.8064742030075185
4,"[12, 7, 6]",two-tone,8,6,4,3.435756406015037
