,flop,board_type,0b,1b,2b,profit
0,"[12, 5, 4]",two-tone,1,1,1,3.6866845294270165
1,"[12, 5, 4]",two-tone,2,2,2,3.99685605937257
2,"[12, 5, 4]",two-tone,8,6,4,4.67023662172673
3,"[12, 5, 4]",two-tone,15,10,7,4.727632573891625
4,"[12, 5, 4]",two-tone,16,11,8,4.819831759009594
