,flop,board_type,0b,1b,2b,profit
0,"[12, 5, 2]",two-tone,1,1,1,3.3690050576170867
1,"[12, 5, 2]",two-tone,2,2,2,3.3755405734431285
2,"[12, 5, 2]",two-tone,8,6,4,4.38760849176531
3,"[12, 5, 2]",two-tone,10,7,5,4.387996413304168
4,"[12, 5, 2]",two-tone,15,10,7,4.447073749292332
5,"[12, 5, 2]",two-tone,16,11,8,4.5340429343669575
