,flop,board_type,0b,1b,2b,profit
0,"[12, 4, 4]",two-tone,1,1,1,3.294966835885229
1,"[12, 4, 4]",two-tone,8,6,4,4.409503750128667
2,"[12, 4, 4]",two-tone,15,10,7,4.5170493989320635
3,"[12, 4, 4]",two-tone,16,11,8,4.721698323597528
