,flop,board_type,0b,1b,2b,profit
0,"[12, 3, 3]",two-tone,1,1,1,3.0911187680020284
1,"[12, 3, 3]",two-tone,2,2,2,3.1022679276115626
2,"[12, 3, 3]",two-tone,8,6,4,4.25357676476927
3,"[12, 3, 3]",two-tone,15,10,7,4.432445152446755
4,"[12, 3, 3]",two-tone,16,11,8,4.743957998542089
