,flop,board_type,0b,1b,2b,profit
0,"[11, 11, 10]",two-tone,1,1,1,2.209507375121614
1,"[11, 11, 10]",two-tone,2,2,2,2.2160318291708823
2,"[11, 11, 10]",two-tone,8,6,4,2.438340178386227
3,"[11, 11, 10]",two-tone,10,7,5,2.5958531870743506
4,"[11, 11, 10]",two-tone,15,10,7,2.601248757430631
5,"[11, 11, 10]",two-tone,16,11,8,2.974352818570984
