,flop,board_type,0b,1b,2b,profit
0,"[11, 11, 4]",two-tone,1,1,1,3.0704511278740965
1,"[11, 11, 4]",two-tone,8,6,4,3.7428230833578158
2,"[11, 11, 4]",two-tone,10,7,5,3.7953531654050323
3,"[11, 11, 4]",two-tone,15,10,7,3.7975288626173773
4,"[11, 11, 4]",two-tone,16,11,8,3.9040630888135164
