,flop,board_type,0b,1b,2b,profit
0,"[11, 10, 2]",two-tone,1,1,1,2.3230118354117
1,"[11, 10, 2]",two-tone,8,6,4,2.594351526453328
2,"[11, 10, 2]",two-tone,15,10,7,2.7126440192096095
3,"[11, 10, 2]",two-tone,16,11,8,3.1535315882541717
