,flop,board_type,0b,1b,2b,profit
0,"[11, 9, 9]",two-tone,1,1,1,1.6382519085346214
1,"[11, 9, 9]",two-tone,8,6,4,1.8490236446054753
2,"[11, 9, 9]",two-tone,10,7,5,2.0167147225442834
3,"[11, 9, 9]",two-tone,15,10,7,2.021204235386474
4,"[11, 9, 9]",two-tone,16,11,8,2.3751517702898557
