,flop,board_type,0b,1b,2b,profit
0,"[11, 9, 8]",two-tone,1,1,1,0.6298279691566262
1,"[11, 9, 8]",two-tone,2,2,2,1.011639564939759
2,"[11, 9, 8]",two-tone,3,2,2,1.1901333628915671
3,"[11, 9, 8]",two-tone,4,3,2,1.412773151566265
4,"[11, 9, 8]",two-tone,8,6,4,1.4718708419277116
5,"[11, 9, 8]",two-tone,10,7,5,1.5444564787951813
6,"[11, 9, 8]",two-tone,15,10,7,1.5625098596385547
7,"[11, 9, 8]",two-tone,16,11,8,1.6650692902409647
