,flop,board_type,0b,1b,2b,profit
0,"[11, 9, 4]",two-tone,1,1,1,1.9481977523461937
1,"[11, 9, 4]",two-tone,2,2,2,1.9485885555265885
2,"[11, 9, 4]",two-tone,8,6,4,2.357446072210635
3,"[11, 9, 4]",two-tone,10,7,5,2.3999803811261726
4,"[11, 9, 4]",two-tone,15,10,7,2.4017786308654845
5,"[11, 9, 4]",two-tone,16,11,8,2.5481900650417106
