,flop,board_type,0b,1b,2b,profit
0,"[11, 8, 7]",two-tone,1,1,1,1.4913673701314807
1,"[11, 8, 7]",two-tone,2,2,2,1.860811595819897
2,"[11, 8, 7]",two-tone,3,2,2,2.0165835919126773
3,"[11, 8, 7]",two-tone,4,3,2,2.2453546410320024
4,"[11, 8, 7]",two-tone,15,10,7,2.2492060627635824
