,flop,board_type,0b,1b,2b,profit
0,"[11, 7, 7]",two-tone,1,1,1,3.70689697420132
1,"[11, 7, 7]",two-tone,8,6,4,4.370736144143002
2,"[11, 7, 7]",two-tone,10,7,5,4.409302842672414
3,"[11, 7, 7]",two-tone,15,10,7,4.410814757669879
4,"[11, 7, 7]",two-tone,16,11,8,4.538905283785497
