,flop,board_type,0b,1b,2b,profit
0,"[11, 7, 6]",two-tone,1,1,1,3.1891981879365083
1,"[11, 7, 6]",two-tone,2,2,2,3.499284598253968
2,"[11, 7, 6]",two-tone,3,2,2,3.6369093190476196
3,"[11, 7, 6]",two-tone,4,3,2,3.7878904111111114
4,"[11, 7, 6]",two-tone,8,6,4,3.7949146392063504
5,"[11, 7, 6]",two-tone,15,10,7,3.7989525960317456
