,flop,board_type,0b,1b,2b,profit
0,"[11, 6, 6]",two-tone,1,1,1,4.068217530108081
1,"[11, 6, 6]",two-tone,8,6,4,4.6825375238677305
