,flop,board_type,0b,1b,2b,profit
0,"[11, 6, 5]",two-tone,1,1,1,3.8104211798121472
1,"[11, 6, 5]",two-tone,8,6,4,4.100440223816264
2,"[11, 6, 5]",two-tone,10,7,5,4.109430476518272
