,flop,board_type,0b,1b,2b,profit
0,"[11, 5, 5]",two-tone,1,1,1,4.350431741865673
1,"[11, 5, 5]",two-tone,8,6,4,4.925670525
2,"[11, 5, 5]",two-tone,10,7,5,4.926409554626866
