,flop,board_type,0b,1b,2b,profit
0,"[11, 5, 4]",two-tone,1,1,1,4.507364728
1,"[11, 5, 4]",two-tone,2,2,2,4.759462758888889
2,"[11, 5, 4]",two-tone,8,6,4,5.022641731703704
3,"[11, 5, 4]",two-tone,15,10,7,5.024670432740741
4,"[11, 5, 4]",two-tone,16,11,8,5.03163991762963
