,flop,board_type,0b,1b,2b,profit
0,"[10, 10, 5]",two-tone,1,1,1,1.1516595392663058
1,"[10, 10, 5]",two-tone,8,6,4,1.857095145471015
2,"[10, 10, 5]",two-tone,10,7,5,1.9860197814821117
3,"[10, 10, 5]",two-tone,15,10,7,2.1890066183593757
4,"[10, 10, 5]",two-tone,16,11,8,2.194300871156025
