,flop,board_type,0b,1b,2b,profit
0,"[10, 10, 2]",two-tone,1,1,1,1.308342033660103
1,"[10, 10, 2]",two-tone,8,6,4,1.8261125239212337
2,"[10, 10, 2]",two-tone,10,7,5,1.96039472280822
3,"[10, 10, 2]",two-tone,15,10,7,2.356848146969179
4,"[10, 10, 2]",two-tone,16,11,8,2.662361137397261
