,flop,board_type,0b,1b,2b,profit
0,"[10, 8, 3]",two-tone,1,1,1,1.5862322
1,"[10, 8, 3]",two-tone,2,2,2,1.5916585575757574
2,"[10, 8, 3]",two-tone,3,2,2,1.9111906181818175
3,"[10, 8, 3]",two-tone,4,3,2,2.441041745454546
4,"[10, 8, 3]",two-tone,8,6,4,2.678988373737374
5,"[10, 8, 3]",two-tone,10,7,5,2.911749187878788
6,"[10, 8, 3]",two-tone,15,10,7,3.071240775757577
7,"[10, 8, 3]",two-tone,16,11,8,3.180428820202021
