,flop,board_type,0b,1b,2b,profit
0,"[10, 7, 3]",two-tone,1,1,1,2.6473989627787757
1,"[10, 7, 3]",two-tone,8,6,4,3.62422598831069
2,"[10, 7, 3]",two-tone,10,7,5,3.766417167034094
3,"[10, 7, 3]",two-tone,15,10,7,3.9417521193540126
