,flop,board_type,0b,1b,2b,profit
0,"[10, 6, 6]",two-tone,1,1,1,3.087649101859612
1,"[10, 6, 6]",two-tone,2,2,2,3.095124778247774
2,"[10, 6, 6]",two-tone,8,6,4,3.8308850821110534
3,"[10, 6, 6]",two-tone,10,7,5,3.991281344512834
4,"[10, 6, 6]",two-tone,15,10,7,4.099435632242013
5,"[10, 6, 6]",two-tone,16,11,8,4.1075373255369305
