,flop,board_type,0b,1b,2b,profit
0,"[10, 6, 5]",two-tone,1,1,1,2.966906663698272
1,"[10, 6, 5]",two-tone,2,2,2,2.9773504816657947
2,"[10, 6, 5]",two-tone,8,6,4,3.2970513100183343
3,"[10, 6, 5]",two-tone,10,7,5,3.443531936760084
4,"[10, 6, 5]",two-tone,15,10,7,3.614551598611837
