,flop,board_type,0b,1b,2b,profit
0,"[10, 6, 2]",two-tone,1,1,1,2.731206239496558
1,"[10, 6, 2]",two-tone,2,2,2,2.7341646819965577
2,"[10, 6, 2]",two-tone,3,2,2,2.8800037421514633
3,"[10, 6, 2]",two-tone,4,3,2,3.1981130077409645
4,"[10, 6, 2]",two-tone,8,6,4,3.377716653524096
5,"[10, 6, 2]",two-tone,10,7,5,3.5140201586359727
6,"[10, 6, 2]",two-tone,15,10,7,3.688042702538726
