,flop,board_type,0b,1b,2b,profit
0,"[10, 5, 3]",two-tone,1,1,1,3.5117273098006634
1,"[10, 5, 3]",two-tone,8,6,4,4.105939148023255
2,"[10, 5, 3]",two-tone,10,7,5,4.247669862682724
3,"[10, 5, 3]",two-tone,15,10,7,4.390306025506645
