,flop,board_type,0b,1b,2b,profit
0,"[10, 4, 4]",two-tone,1,1,1,3.2514945658554817
1,"[10, 4, 4]",two-tone,2,2,2,3.262266884127908
2,"[10, 4, 4]",two-tone,8,6,4,3.9567601155398675
3,"[10, 4, 4]",two-tone,10,7,5,4.176081811868772
4,"[10, 4, 4]",two-tone,15,10,7,4.313489235622924
5,"[10, 4, 4]",two-tone,16,11,8,4.4217145666694355
