,flop,board_type,0b,1b,2b,profit
0,"[10, 4, 2]",two-tone,1,1,1,3.4254375919346858
1,"[10, 4, 2]",two-tone,8,6,4,4.086505813805047
2,"[10, 4, 2]",two-tone,10,7,5,4.2347919527956455
3,"[10, 4, 2]",two-tone,15,10,7,4.409371121177633
4,"[10, 4, 2]",two-tone,16,11,8,4.526761959327066
