,flop,board_type,0b,1b,2b,profit
0,"[9, 9, 8]",two-tone,1,1,1,1.225532253005592
1,"[9, 9, 8]",two-tone,2,2,2,1.8528544414725074
2,"[9, 9, 8]",two-tone,3,2,2,2.133140950862069
3,"[9, 9, 8]",two-tone,4,3,2,2.489269066495806
4,"[9, 9, 8]",two-tone,8,6,4,2.604792618452936
5,"[9, 9, 8]",two-tone,10,7,5,2.799537968080149
6,"[9, 9, 8]",two-tone,15,10,7,2.9161355293336446
7,"[9, 9, 8]",two-tone,16,11,8,3.02840295475303
