,flop,board_type,0b,1b,2b,profit
0,"[9, 7, 2]",two-tone,1,1,1,3.0031155121353756
1,"[9, 7, 2]",two-tone,8,6,4,3.7212690670104775
2,"[9, 7, 2]",two-tone,10,7,5,3.9093354515390804
3,"[9, 7, 2]",two-tone,15,10,7,4.206247775149075
4,"[9, 7, 2]",two-tone,16,11,8,4.289588365382757
