,flop,board_type,0b,1b,2b,profit
0,"[9, 6, 5]",two-tone,1,1,1,3.5981753294867893
1,"[9, 6, 5]",two-tone,2,2,2,3.60747030974795
2,"[9, 6, 5]",two-tone,3,2,2,3.6094216125113876
3,"[9, 6, 5]",two-tone,4,3,2,3.7478343534770717
4,"[9, 6, 5]",two-tone,8,6,4,3.967127528089888
5,"[9, 6, 5]",two-tone,10,7,5,4.153343041603401
6,"[9, 6, 5]",two-tone,15,10,7,4.40287086850896
