,flop,board_type,0b,1b,2b,profit
0,"[8, 8, 6]",two-tone,1,1,1,1.7429954749206351
1,"[8, 8, 6]",two-tone,2,2,2,1.7432839428571436
2,"[8, 8, 6]",two-tone,3,2,2,1.9931305177777776
3,"[8, 8, 6]",two-tone,4,3,2,2.383543274557823
4,"[8, 8, 6]",two-tone,8,6,4,2.522895603968254
5,"[8, 8, 6]",two-tone,10,7,5,2.8026219321995467
6,"[8, 8, 6]",two-tone,15,10,7,3.0107430129024952
7,"[8, 8, 6]",two-tone,16,11,8,3.07465959378685
