,flop,board_type,0b,1b,2b,profit
0,"[8, 8, 3]",two-tone,1,1,1,2.292201174117775
1,"[8, 8, 3]",two-tone,8,6,4,3.4134318626867293
2,"[8, 8, 3]",two-tone,10,7,5,3.5837046545789137
3,"[8, 8, 3]",two-tone,15,10,7,3.9453989727213674
4,"[8, 8, 3]",two-tone,16,11,8,4.124152338817927
