,flop,board_type,0b,1b,2b,profit
0,"[8, 7, 2]",two-tone,1,1,1,2.763667880374941
1,"[8, 7, 2]",two-tone,2,2,2,3.373569298006644
2,"[8, 7, 2]",two-tone,3,2,2,3.630124979473184
3,"[8, 7, 2]",two-tone,4,3,2,3.991320235643094
4,"[8, 7, 2]",two-tone,8,6,4,4.028472379117229
5,"[8, 7, 2]",two-tone,10,7,5,4.075739966041766
6,"[8, 7, 2]",two-tone,15,10,7,4.26649133035121
7,"[8, 7, 2]",two-tone,16,11,8,4.354324931703845
