,flop,board_type,0b,1b,2b,profit
0,"[8, 6, 3]",two-tone,1,1,1,2.9765443539184453
1,"[8, 6, 3]",two-tone,2,2,2,3.277777438547308
2,"[8, 6, 3]",two-tone,3,2,2,3.4032915861341198
3,"[8, 6, 3]",two-tone,4,3,2,3.580801883935967
4,"[8, 6, 3]",two-tone,8,6,4,3.6815140492354264
5,"[8, 6, 3]",two-tone,10,7,5,3.816188739280026
6,"[8, 6, 3]",two-tone,15,10,7,4.179973203918445
7,"[8, 6, 3]",two-tone,16,11,8,4.246904249761071
