,flop,board_type,0b,1b,2b,profit
0,"[8, 6, 2]",two-tone,1,1,1,2.979468073590315
1,"[8, 6, 2]",two-tone,2,2,2,3.2816198877668055
2,"[8, 6, 2]",two-tone,3,2,2,3.3943083296750562
3,"[8, 6, 2]",two-tone,4,3,2,3.5798602808697035
4,"[8, 6, 2]",two-tone,8,6,4,3.6779517496017844
5,"[8, 6, 2]",two-tone,10,7,5,3.810509160210258
6,"[8, 6, 2]",two-tone,15,10,7,4.176758541016247
7,"[8, 6, 2]",two-tone,16,11,8,4.253613482255495
