,flop,board_type,0b,1b,2b,profit
0,"[8, 4, 3]",two-tone,1,1,1,3.6322111929259346
1,"[8, 4, 3]",two-tone,2,2,2,3.905708361992663
2,"[8, 4, 3]",two-tone,3,2,2,4.038267669101125
3,"[8, 4, 3]",two-tone,4,3,2,4.347237263127723
4,"[8, 4, 3]",two-tone,8,6,4,4.5977614655010335
5,"[8, 4, 3]",two-tone,10,7,5,4.736592044450815
6,"[8, 4, 3]",two-tone,15,10,7,5.058761047179548
7,"[8, 4, 3]",two-tone,16,11,8,5.1454455175762455
