,flop,board_type,0b,1b,2b,profit
0,"[7, 7, 5]",two-tone,1,1,1,3.869011112505988
1,"[7, 7, 5]",two-tone,2,2,2,3.8713946273637343
2,"[7, 7, 5]",two-tone,8,6,4,4.021970905077115
3,"[7, 7, 5]",two-tone,10,7,5,4.319225164819429
4,"[7, 7, 5]",two-tone,15,10,7,4.53956797171664
5,"[7, 7, 5]",two-tone,16,11,8,4.714585554804101
