,flop,board_type,0b,1b,2b,profit
0,"[7, 6, 5]",two-tone,1,1,1,2.823968492285531
1,"[7, 6, 5]",two-tone,2,2,2,2.82463232808899
2,"[7, 6, 5]",two-tone,3,2,2,2.950430289276568
3,"[7, 6, 5]",two-tone,4,3,2,3.171802720966709
4,"[7, 6, 5]",two-tone,8,6,4,3.2683217298975666
5,"[7, 6, 5]",two-tone,10,7,5,3.4494256466389244
6,"[7, 6, 5]",two-tone,15,10,7,3.5920906178297054
7,"[7, 6, 5]",two-tone,16,11,8,3.75749448409091
