,flop,board_type,0b,1b,2b,profit
0,"[7, 5, 2]",two-tone,1,1,1,4.1424645125
1,"[7, 5, 2]",two-tone,2,2,2,4.146775835416667
2,"[7, 5, 2]",two-tone,8,6,4,4.306182529166666
3,"[7, 5, 2]",two-tone,10,7,5,4.431730829166666
4,"[7, 5, 2]",two-tone,15,10,7,4.8074837
5,"[7, 5, 2]",two-tone,16,11,8,4.97054445
