,flop,board_type,0b,1b,2b,profit
0,"[7, 4, 3]",two-tone,1,1,1,5.19941740612245
1,"[7, 4, 3]",two-tone,8,6,4,5.35926502857143
2,"[7, 4, 3]",two-tone,10,7,5,5.539092561224491
3,"[7, 4, 3]",two-tone,15,10,7,5.856957924489797
4,"[7, 4, 3]",two-tone,16,11,8,6.038346536734695
