,flop,board_type,0b,1b,2b,profit
0,"[6, 6, 2]",two-tone,1,1,1,3.864233659544566
1,"[6, 6, 2]",two-tone,8,6,4,4.333614600069794
2,"[6, 6, 2]",two-tone,10,7,5,4.37229126753931
3,"[6, 6, 2]",two-tone,15,10,7,4.709275030936189
4,"[6, 6, 2]",two-tone,16,11,8,4.933490710538778
