,flop,board_type,0b,1b,2b,profit
0,"[6, 5, 3]",two-tone,1,1,1,4.521394648809524
1,"[6, 5, 3]",two-tone,8,6,4,4.664277709523811
2,"[6, 5, 3]",two-tone,10,7,5,4.770882891666667
3,"[6, 5, 3]",two-tone,15,10,7,5.0182637815476205
4,"[6, 5, 3]",two-tone,16,11,8,5.268237758333333
