,flop,board_type,0b,1b,2b,profit
0,"[6, 4, 4]",two-tone,1,1,1,3.5252758868631378
1,"[6, 4, 4]",two-tone,8,6,4,3.66092574845155
2,"[6, 4, 4]",two-tone,10,7,5,3.848755943706294
3,"[6, 4, 4]",two-tone,15,10,7,4.042427283866135
4,"[6, 4, 4]",two-tone,16,11,8,4.289853452847154
