,flop,board_type,0b,1b,2b,profit
0,"[5, 4, 3]",two-tone,1,1,1,6.455196262305689
1,"[5, 4, 3]",two-tone,2,2,2,6.45938516712549
2,"[5, 4, 3]",two-tone,8,6,4,6.602783211828052
3,"[5, 4, 3]",two-tone,10,7,5,6.714167086400347
4,"[5, 4, 3]",two-tone,15,10,7,6.976498025293098
5,"[5, 4, 3]",two-tone,16,11,8,7.2052831052105955
