,flop,board_type,0b,1b,2b,profit
0,"[5, 3, 3]",two-tone,1,1,1,3.7127347947909035
1,"[5, 3, 3]",two-tone,8,6,4,4.169018240535584
2,"[5, 3, 3]",two-tone,10,7,5,4.271136628833456
3,"[5, 3, 3]",two-tone,15,10,7,4.540793895341159
4,"[5, 3, 3]",two-tone,16,11,8,4.776548242956714
