,flop,board_type,0b,1b,2b,profit
0,"[14, 14, 6]",two-tone,1,1,1,6.753367905576265
1,"[14, 14, 6]",two-tone,10,7,5,6.7535096555762655
