,flop,board_type,0b,1b,2b,profit
0,"[14, 13, 13]",two-tone,1,1,1,9.361934360202236
1,"[14, 13, 13]",two-tone,8,6,4,9.623125859314339
2,"[14, 13, 13]",two-tone,15,10,7,10.783515893313849
