,flop,board_type,0b,1b,2b,profit
0,"[14, 13, 4]",two-tone,1,1,1,8.827031604255321
1,"[14, 13, 4]",two-tone,2,2,2,8.831082822606383
