,flop,board_type,0b,1b,2b,profit
0,"[14, 12, 7]",two-tone,1,1,1,6.683659911654136
1,"[14, 12, 7]",two-tone,2,2,2,6.688068414473685
2,"[14, 12, 7]",two-tone,3,2,2,6.690181158834587
