,flop,board_type,0b,1b,2b,profit
0,"[14, 11, 11]",two-tone,1,1,1,3.9210428950000003
1,"[14, 11, 11]",two-tone,8,6,4,3.9247823650000004
