,flop,board_type,0b,1b,2b,profit
0,"[14, 11, 4]",two-tone,1,1,1,5.573436047619048
1,"[14, 11, 4]",two-tone,15,10,7,5.57606639047619
