,flop,board_type,0b,1b,2b,profit
0,"[14, 11, 2]",two-tone,1,1,1,5.572029533333333
1,"[14, 11, 2]",two-tone,2,2,2,5.57457997142857
2,"[14, 11, 2]",two-tone,3,2,2,5.577814828571428
3,"[14, 11, 2]",two-tone,10,7,5,5.5790242095238085
