,flop,board_type,0b,1b,2b,profit
0,"[14, 10, 5]",two-tone,1,1,1,5.260046379228329
1,"[14, 10, 5]",two-tone,2,2,2,5.262009076902748
2,"[14, 10, 5]",two-tone,8,6,4,5.264143873414375
3,"[14, 10, 5]",two-tone,10,7,5,5.267266367600422
