,flop,board_type,0b,1b,2b,profit
0,"[14, 7, 3]",two-tone,1,1,1,5.544876948837212
1,"[14, 7, 3]",two-tone,2,2,2,5.548336883720931
2,"[14, 7, 3]",two-tone,3,2,2,5.549761562790699
3,"[14, 7, 3]",two-tone,8,6,4,5.554450632558142
