,flop,board_type,0b,1b,2b,profit
0,"[14, 6, 6]",two-tone,1,1,1,6.545395408430233
1,"[14, 6, 6]",two-tone,2,2,2,6.550557750000001
2,"[14, 6, 6]",two-tone,8,6,4,6.550711765988373
