,flop,board_type,0b,1b,2b,profit
0,"[14, 5, 4]",two-tone,1,1,1,6.605429843023256
1,"[14, 5, 4]",two-tone,2,2,2,6.613188008720931
