,flop,board_type,0b,1b,2b,profit
0,"[14, 4, 3]",two-tone,1,1,1,6.620946174418604
1,"[14, 4, 3]",two-tone,2,2,2,6.622803095930233
2,"[14, 4, 3]",two-tone,16,11,8,6.624323925872094
