,flop,board_type,0b,1b,2b,profit
0,"[13, 13, 10]",two-tone,1,1,1,6.803636124146616
1,"[13, 13, 10]",two-tone,2,2,2,6.804885645423212
2,"[13, 13, 10]",two-tone,4,3,2,6.805041461026049
