,flop,board_type,0b,1b,2b,profit
0,"[13, 13, 9]",two-tone,1,1,1,6.875711961318796
1,"[13, 13, 9]",two-tone,3,2,2,6.888323766874351
