,flop,board_type,0b,1b,2b,profit
0,"[13, 12, 6]",two-tone,1,1,1,7.654096240232223
1,"[13, 12, 6]",two-tone,15,10,7,7.654316957623527
