,flop,board_type,0b,1b,2b,profit
0,"[13, 12, 5]",two-tone,1,1,1,7.651279761971354
1,"[13, 12, 5]",two-tone,3,2,2,7.654261001101789
2,"[13, 12, 5]",two-tone,15,10,7,7.655016414145267
