,flop,board_type,0b,1b,2b,profit
0,"[13, 11, 8]",two-tone,1,1,1,6.662247934125
1,"[13, 11, 8]",two-tone,10,7,5,6.663159461625002
