,flop,board_type,0b,1b,2b,profit
0,"[13, 11, 3]",two-tone,1,1,1,7.4113833628962
1,"[13, 11, 3]",two-tone,2,2,2,7.4138318486520145
