,flop,board_type,0b,1b,2b,profit
0,"[13, 10, 6]",two-tone,1,1,1,5.891139811363637
1,"[13, 10, 6]",two-tone,2,2,2,5.891950006818183
