,flop,board_type,0b,1b,2b,profit
0,"[13, 5, 5]",two-tone,1,1,1,6.884858717850776
1,"[13, 5, 5]",two-tone,15,10,7,6.884896162192149
