,flop,board_type,0b,1b,2b,profit
0,"[12, 12, 10]",two-tone,1,1,1,4.11012712004802
1,"[12, 12, 10]",two-tone,2,2,2,4.113966864969989
2,"[12, 12, 10]",two-tone,8,6,4,4.114855642665066
3,"[12, 12, 10]",two-tone,16,11,8,4.11630292376951
