,flop,board_type,0b,1b,2b,profit
0,"[12, 12, 4]",two-tone,1,1,1,4.3565377050191145
1,"[12, 12, 4]",two-tone,3,2,2,4.359588333210015
2,"[12, 12, 4]",two-tone,8,6,4,4.360215565174498
3,"[12, 12, 4]",two-tone,15,10,7,4.362574812677273
