,flop,board_type,0b,1b,2b,profit
0,"[12, 11, 5]",two-tone,1,1,1,6.3201145533182075
1,"[12, 11, 5]",two-tone,16,11,8,6.326152944554735
