,flop,board_type,0b,1b,2b,profit
0,"[12, 10, 9]",two-tone,1,1,1,5.820270195625837
1,"[12, 10, 9]",two-tone,2,2,2,5.827342036547461
2,"[12, 10, 9]",two-tone,3,2,2,5.828997016493985
