,flop,board_type,0b,1b,2b,profit
0,"[12, 10, 8]",two-tone,1,1,1,5.617707221276596
1,"[12, 10, 8]",two-tone,2,2,2,5.619537215602838
2,"[12, 10, 8]",two-tone,3,2,2,5.623844619007093
3,"[12, 10, 8]",two-tone,4,3,2,5.626527542411347
4,"[12, 10, 8]",two-tone,8,6,4,5.627825292765958
