,flop,board_type,0b,1b,2b,profit
0,"[12, 10, 4]",two-tone,1,1,1,5.201022125136071
1,"[12, 10, 4]",two-tone,2,2,2,5.2066139821870365
2,"[12, 10, 4]",two-tone,15,10,7,5.207851918604652
