,flop,board_type,0b,1b,2b,profit
0,"[12, 9, 3]",two-tone,1,1,1,4.720972697872341
1,"[12, 9, 3]",two-tone,2,2,2,4.730345672727274
2,"[12, 9, 3]",two-tone,8,6,4,4.7344631675048365
