,flop,board_type,0b,1b,2b,profit
0,"[12, 7, 3]",two-tone,1,1,1,5.224828739651837
1,"[12, 7, 3]",two-tone,15,10,7,5.226788184139265
