,flop,board_type,0b,1b,2b,profit
0,"[12, 5, 4]",two-tone,1,1,1,5.571865174739701
1,"[12, 5, 4]",two-tone,10,7,5,5.573315769941149
