,flop,board_type,0b,1b,2b,profit
0,"[12, 4, 2]",two-tone,1,1,1,5.576546629515618
1,"[12, 4, 2]",two-tone,2,2,2,5.5802532502489814
