,flop,board_type,0b,1b,2b,profit
0,"[11, 10, 10]",two-tone,1,1,1,6.1202944973437505
1,"[11, 10, 10]",two-tone,2,2,2,6.122415774375
2,"[11, 10, 10]",two-tone,3,2,2,6.128397417656251
3,"[11, 10, 10]",two-tone,4,3,2,6.1312111640625
