,flop,board_type,0b,1b,2b,profit
0,"[11, 10, 6]",two-tone,1,1,1,6.52123268109375
1,"[11, 10, 6]",two-tone,8,6,4,6.529526561250001
2,"[11, 10, 6]",two-tone,10,7,5,6.53074146609375
