,flop,board_type,0b,1b,2b,profit
0,"[11, 6, 4]",two-tone,1,1,1,5.707361529545453
1,"[11, 6, 4]",two-tone,10,7,5,5.7089198897727265
