,flop,board_type,0b,1b,2b,profit
0,"[10, 9, 9]",two-tone,1,1,1,5.513335290697676
1,"[10, 9, 9]",two-tone,2,2,2,5.518634127906978
2,"[10, 9, 9]",two-tone,8,6,4,5.5206341337209315
3,"[10, 9, 9]",two-tone,10,7,5,5.520665755813955
