,flop,board_type,0b,1b,2b,profit
0,"[10, 9, 4]",two-tone,1,1,1,5.511205011627908
1,"[10, 9, 4]",two-tone,2,2,2,5.513929639534885
2,"[10, 9, 4]",two-tone,3,2,2,5.52196983139535
