,flop,board_type,0b,1b,2b,profit
0,"[10, 8, 7]",two-tone,1,1,1,5.286550050000002
1,"[10, 8, 7]",two-tone,2,2,2,5.296073025000002
2,"[10, 8, 7]",two-tone,8,6,4,5.296266750000003
3,"[10, 8, 7]",two-tone,16,11,8,5.296559700000003
