,flop,board_type,0b,1b,2b,profit
0,"[10, 8, 3]",two-tone,1,1,1,5.522816668604652
1,"[10, 8, 3]",two-tone,2,2,2,5.527767418604652
