,flop,board_type,0b,1b,2b,profit
0,"[10, 7, 2]",two-tone,1,1,1,5.6779538023255824
1,"[10, 7, 2]",two-tone,2,2,2,5.681247383720931
2,"[10, 7, 2]",two-tone,3,2,2,5.68235134883721
3,"[10, 7, 2]",two-tone,4,3,2,5.691484517441863
