,flop,board_type,0b,1b,2b,profit
0,"[10, 5, 5]",two-tone,1,1,1,5.722848776086957
1,"[10, 5, 5]",two-tone,16,11,8,5.724038608695654
