,flop,board_type,0b,1b,2b,profit
0,"[9, 6, 2]",two-tone,1,1,1,6.048871330347145
1,"[9, 6, 2]",two-tone,3,2,2,6.058104181410975
2,"[9, 6, 2]",two-tone,8,6,4,6.05926945800672
