,flop,board_type,0b,1b,2b,profit
0,"[9, 3, 2]",two-tone,1,1,1,6.149534410974244
1,"[9, 3, 2]",two-tone,2,2,2,6.150327942889138
2,"[9, 3, 2]",two-tone,16,11,8,6.151007091825308
