,flop,board_type,0b,1b,2b,profit
0,"[8, 8, 5]",two-tone,1,1,1,6.258564542553193
1,"[8, 8, 5]",two-tone,2,2,2,6.259957468085108
2,"[8, 8, 5]",two-tone,3,2,2,6.261505659574469
3,"[8, 8, 5]",two-tone,4,3,2,6.265370642553193
