,flop,board_type,0b,1b,2b,profit
0,"[8, 8, 4]",two-tone,1,1,1,6.261130519148937
1,"[8, 8, 4]",two-tone,10,7,5,6.261477063829789
2,"[8, 8, 4]",two-tone,16,11,8,6.26708580638298
