,flop,board_type,0b,1b,2b,profit
0,"[8, 7, 5]",two-tone,1,1,1,5.695285227272727
1,"[8, 7, 5]",two-tone,2,2,2,5.696318522727273
2,"[8, 7, 5]",two-tone,3,2,2,5.7014394681818175
