,flop,board_type,0b,1b,2b,profit
0,"[8, 7, 4]",two-tone,1,1,1,5.718856486363636
1,"[8, 7, 4]",two-tone,2,2,2,5.724410604545454
