,flop,board_type,0b,1b,2b,profit
0,"[8, 6, 4]",two-tone,1,1,1,6.154713957446809
1,"[8, 6, 4]",two-tone,15,10,7,6.162290109574469
2,"[8, 6, 4]",two-tone,16,11,8,6.167028580851065
