,flop,board_type,0b,1b,2b,profit
0,"[8, 3, 3]",two-tone,1,1,1,6.018121870212767
1,"[8, 3, 3]",two-tone,2,2,2,6.018844314893618
2,"[8, 3, 3]",two-tone,10,7,5,6.024282287234044
