,flop,board_type,0b,1b,2b,profit
0,"[7, 6, 2]",two-tone,1,1,1,6.164790223404257
1,"[7, 6, 2]",two-tone,2,2,2,6.171475372340428
2,"[7, 6, 2]",two-tone,8,6,4,6.1732340106383
