,flop,board_type,0b,1b,2b,profit
0,"[6, 6, 4]",two-tone,1,1,1,6.409896660000002
1,"[6, 6, 4]",two-tone,16,11,8,6.418972440000003
