,flop,board_type,0b,1b,2b,profit
0,"[6, 3, 3]",two-tone,1,1,1,6.420594900000002
1,"[6, 3, 3]",two-tone,8,6,4,6.426533280000003
