,flop,board_type,0b,1b,2b,profit
0,"[5, 4, 4]",two-tone,1,1,1,6.5701434600000015
1,"[5, 4, 4]",two-tone,15,10,7,6.571663860000001
