,flop,board_type,0b,1b,2b,profit
0,"[5, 3, 3]",two-tone,1,1,1,6.572087640000002
1,"[5, 3, 3]",two-tone,2,2,2,6.576100740000002
