,flop,board_type,0b,1b,2b,profit
0,"[14, 14, 10]",two-tone,1,1,1,1.6577570134708481
1,"[14, 14, 10]",two-tone,2,2,2,1.6771602259377323
