,flop,board_type,0b,1b,2b,profit
0,"[14, 14, 5]",two-tone,1,1,1,-1.5431676384535509
1,"[14, 14, 5]",two-tone,8,6,4,-0.9768035294028818
2,"[14, 14, 5]",two-tone,10,7,5,-0.9486974897853366
