,flop,board_type,0b,1b,2b,profit
0,"[13, 10, 10]",two-tone,1,1,1,1.497707005900256
1,"[13, 10, 10]",two-tone,8,6,4,1.5528572622137946
