,flop,board_type,0b,1b,2b,profit
0,"[13, 6, 6]",two-tone,1,1,1,-0.10960372625965653
1,"[13, 6, 6]",two-tone,2,2,2,-0.09674504018785968
