,flop,board_type,0b,1b,2b,profit
0,"[12, 12, 4]",two-tone,1,1,1,2.2259218193442805
1,"[12, 12, 4]",two-tone,2,2,2,2.233201547875536
