,flop,board_type,0b,1b,2b,profit
0,"[12, 11, 9]",two-tone,1,1,1,3.54801785986717
1,"[12, 11, 9]",two-tone,2,2,2,3.711235927338506
