,flop,board_type,0b,1b,2b,profit
0,"[12, 8, 3]",two-tone,1,1,1,4.8281515046991945
1,"[12, 8, 3]",two-tone,2,2,2,4.836667016876515
