,flop,board_type,0b,1b,2b,profit
0,"[12, 8, 2]",two-tone,1,1,1,4.830348864586648
1,"[12, 8, 2]",two-tone,2,2,2,4.834544118124123
