,flop,board_type,0b,1b,2b,profit
0,"[12, 7, 4]",two-tone,1,1,1,2.32263733799004
1,"[12, 7, 4]",two-tone,2,2,2,2.3311997058045386
2,"[12, 7, 4]",two-tone,3,2,2,2.3315520932219145
