,flop,board_type,0b,1b,2b,profit
0,"[11, 8, 7]",two-tone,1,1,1,3.903584422177711
1,"[11, 8, 7]",two-tone,2,2,2,3.913304611536129
