,flop,board_type,0b,1b,2b,profit
0,"[11, 6, 4]",two-tone,1,1,1,-0.07096011636866761
1,"[11, 6, 4]",two-tone,2,2,2,-0.06965958906343328
