,flop,board_type,0b,1b,2b,profit
0,"[11, 5, 4]",two-tone,1,1,1,-0.3795417144930041
1,"[11, 5, 4]",two-tone,2,2,2,-0.3693230575917711
