,flop,board_type,0b,1b,2b,profit
0,"[11, 4, 3]",two-tone,1,1,1,0.8485029743242677
1,"[11, 4, 3]",two-tone,2,2,2,0.8608647331563857
2,"[11, 4, 3]",two-tone,3,2,2,0.8701556881320547
