,flop,board_type,0b,1b,2b,profit
0,"[11, 3, 2]",two-tone,1,1,1,1.4240560141306022
1,"[11, 3, 2]",two-tone,2,2,2,1.425326500802099
2,"[11, 3, 2]",two-tone,3,2,2,1.4279655549373667
