,flop,board_type,0b,1b,2b,profit
0,"[10, 8, 4]",two-tone,1,1,1,3.6713834250394726
1,"[10, 8, 4]",two-tone,2,2,2,4.412406363563209
