,flop,board_type,0b,1b,2b,profit
0,"[10, 6, 5]",two-tone,1,1,1,0.75372695016156
1,"[10, 6, 5]",two-tone,2,2,2,0.7581947277152505
