,flop,board_type,0b,1b,2b,profit
0,"[8, 8, 2]",two-tone,1,1,1,2.9530558978628365
1,"[8, 8, 2]",two-tone,2,2,2,2.9644515011760357
