,flop,board_type,0b,1b,2b,profit
0,"[8, 6, 6]",two-tone,1,1,1,1.7183887560387605
1,"[8, 6, 6]",two-tone,2,2,2,1.7250293475116276
