,flop,board_type,0b,1b,2b,profit
0,"[8, 5, 5]",two-tone,1,1,1,0.7039884459930169
1,"[8, 5, 5]",two-tone,2,2,2,0.7148837395417065
