,flop,board_type,0b,1b,2b,profit
0,"[7, 5, 5]",two-tone,1,1,1,-0.8988382369975085
1,"[7, 5, 5]",two-tone,2,2,2,-0.8972353611423776
