,flop,board_type,0b,1b,2b,profit
0,"[7, 3, 3]",two-tone,1,1,1,1.565177266239979
1,"[7, 3, 3]",two-tone,2,2,2,1.5713595746146063
