,flop,board_type,0b,1b,2b,profit
0,"[6, 6, 5]",two-tone,1,1,1,-1.791240252147046
1,"[6, 6, 5]",two-tone,2,2,2,-1.7651657938560827
