,flop,board_type,0b,1b,2b,profit
0,"[6, 5, 4]",two-tone,1,1,1,-0.42906268255540403
1,"[6, 5, 4]",two-tone,2,2,2,-0.40391545681093644
