,flop,board_type,0b,1b,2b,profit
0,"[5, 3, 3]",two-tone,1,1,1,-0.10861653448352793
1,"[5, 3, 3]",two-tone,2,2,2,-0.08834318381724349
