,flop,board_type,0b,1b,2b,profit
0,"[14, 4, 2]",monotone,1,1,1,-4.762074606494059
1,"[14, 4, 2]",monotone,10,7,5,-4.761172235488116
