,flop,board_type,0b,1b,2b,profit
0,"[13, 12, 8]",monotone,1,1,1,-1.228225730732689
1,"[13, 12, 8]",monotone,2,2,2,-1.148066467660226
