,flop,board_type,0b,1b,2b,profit
0,"[13, 11, 9]",monotone,1,1,1,-0.3893553841450515
1,"[13, 11, 9]",monotone,2,2,2,-0.3713939075415798
