,flop,board_type,0b,1b,2b,profit
0,"[13, 11, 4]",monotone,1,1,1,-1.573851049672921
1,"[13, 11, 4]",monotone,2,2,2,-1.5159496559054908
