,flop,board_type,0b,1b,2b,profit
0,"[12, 8, 5]",monotone,1,1,1,-1.3618480827327388
1,"[12, 8, 5]",monotone,2,2,2,-1.3448199342625897
