,flop,board_type,0b,1b,2b,profit
0,"[12, 5, 3]",monotone,1,1,1,-4.335258271804614
1,"[12, 5, 3]",monotone,2,2,2,-4.329267894700138
