,flop,board_type,0b,1b,2b,profit
0,"[10, 7, 6]",monotone,1,1,1,-2.0576950010138164
1,"[10, 7, 6]",monotone,2,2,2,-2.0499950475233897
