,flop,board_type,0b,1b,2b,profit
0,"[10, 7, 5]",monotone,1,1,1,-3.378687773998858
1,"[10, 7, 5]",monotone,2,2,2,-3.3749988597544722
