,flop,board_type,0b,1b,2b,profit
0,"[10, 6, 5]",monotone,1,1,1,-3.517971927436239
1,"[10, 6, 5]",monotone,2,2,2,-3.499296998267988
