,flop,board_type,0b,1b,2b,profit
0,"[10, 6, 4]",monotone,1,1,1,-3.512164794701179
1,"[10, 6, 4]",monotone,2,2,2,-3.5024952830852683
