,flop,board_type,0b,1b,2b,profit
0,"[9, 6, 5]",monotone,1,1,1,-2.6095880499999993
1,"[9, 6, 5]",monotone,2,2,2,-2.6048820517567566
