,flop,board_type,0b,1b,2b,profit
0,"[8, 5, 3]",monotone,1,1,1,-3.693166819493671
1,"[8, 5, 3]",monotone,2,2,2,-3.6796116464303807
