,flop,board_type,0b,1b,2b,profit
0,"[7, 5, 4]",monotone,1,1,1,-3.590609125196716
1,"[7, 5, 4]",monotone,2,2,2,-3.5886517808416
2,"[7, 5, 4]",monotone,3,2,2,-3.579847845723571
