,flop,board_type,0b,1b,2b,profit
0,"[7, 4, 2]",monotone,1,1,1,-4.1612327169873415
1,"[7, 4, 2]",monotone,2,2,2,-4.151813483063291
