,flop,board_type,0b,1b,2b,profit
0,"[14, 14, 12]",rainbow,1,1,1,5.687706204476589
1,"[14, 14, 12]",rainbow,8,6,4,8.328431865435494
2,"[14, 14, 12]",rainbow,15,10,7,9.966440867837202
3,"[14, 14, 12]",rainbow,16,11,8,10.3078163585417
