,flop,board_type,0b,1b,2b,profit
0,"[14, 14, 11]",rainbow,1,1,1,5.096486728454351
1,"[14, 14, 11]",rainbow,3,2,2,5.098335879089872
2,"[14, 14, 11]",rainbow,4,3,2,5.099125056348545
3,"[14, 14, 11]",rainbow,8,6,4,7.281426853196706
4,"[14, 14, 11]",rainbow,10,7,5,7.281442603583171
5,"[14, 14, 11]",rainbow,15,10,7,8.93248789975042
6,"[14, 14, 11]",rainbow,16,11,8,9.281152086456018
