,flop,board_type,0b,1b,2b,profit
0,"[14, 14, 3]",rainbow,1,1,1,4.421902424390911
1,"[14, 14, 3]",rainbow,3,2,2,4.9090543021949244
2,"[14, 14, 3]",rainbow,4,3,2,5.630862230638785
3,"[14, 14, 3]",rainbow,8,6,4,7.144254899617533
4,"[14, 14, 3]",rainbow,10,7,5,7.144931897256258
5,"[14, 14, 3]",rainbow,15,10,7,8.22659599586951
6,"[14, 14, 3]",rainbow,16,11,8,8.419460705580253
