,flop,board_type,0b,1b,2b,profit
0,"[14, 13, 4]",rainbow,1,1,1,5.157529133308929
1,"[14, 13, 4]",rainbow,8,6,4,7.174099973539463
2,"[14, 13, 4]",rainbow,10,7,5,7.17734864043849
3,"[14, 13, 4]",rainbow,15,10,7,7.548580781729264
4,"[14, 13, 4]",rainbow,16,11,8,7.636262035130695
