,flop,board_type,0b,1b,2b,profit
0,"[14, 12, 2]",rainbow,1,1,1,3.650260978962054
1,"[14, 12, 2]",rainbow,2,2,2,3.657113751227679
2,"[14, 12, 2]",rainbow,3,2,2,4.436905543024554
3,"[14, 12, 2]",rainbow,4,3,2,4.855608117522321
4,"[14, 12, 2]",rainbow,8,6,4,6.748827179631695
5,"[14, 12, 2]",rainbow,10,7,5,6.755141140345982
6,"[14, 12, 2]",rainbow,15,10,7,7.377648992075892
7,"[14, 12, 2]",rainbow,16,11,8,7.568366974888393
