,flop,board_type,0b,1b,2b,profit
0,"[14, 11, 10]",rainbow,1,1,1,7.819453334531247
1,"[14, 11, 10]",rainbow,2,2,2,7.825844203593748
2,"[14, 11, 10]",rainbow,8,6,4,8.571200743687497
3,"[14, 11, 10]",rainbow,10,7,5,8.573850164812498
4,"[14, 11, 10]",rainbow,15,10,7,11.266809380999996
5,"[14, 11, 10]",rainbow,16,11,8,11.340650801249996
