,flop,board_type,0b,1b,2b,profit
0,"[14, 11, 8]",rainbow,1,1,1,1.9842293043478256
1,"[14, 11, 8]",rainbow,8,6,4,4.917923560869566
2,"[14, 11, 8]",rainbow,10,7,5,4.921045360869567
3,"[14, 11, 8]",rainbow,15,10,7,5.750525960869565
4,"[14, 11, 8]",rainbow,16,11,8,5.951980913043479
