,flop,board_type,0b,1b,2b,profit
0,"[14, 10, 10]",rainbow,1,1,1,-1.7547125390624998
1,"[14, 10, 10]",rainbow,2,2,2,-1.7502784828125006
2,"[14, 10, 10]",rainbow,8,6,4,0.03594837321428496
3,"[14, 10, 10]",rainbow,10,7,5,0.04613443325892891
4,"[14, 10, 10]",rainbow,15,10,7,1.7961508252232143
5,"[14, 10, 10]",rainbow,16,11,8,1.9958654377232146
