,flop,board_type,0b,1b,2b,profit
0,"[14, 10, 7]",rainbow,1,1,1,-0.09746727478260869
1,"[14, 10, 7]",rainbow,8,6,4,2.00684775652174
2,"[14, 10, 7]",rainbow,15,10,7,2.4833750982608707
3,"[14, 10, 7]",rainbow,16,11,8,2.5694340947826095
