,flop,board_type,0b,1b,2b,profit
0,"[14, 9, 9]",rainbow,1,1,1,1.6042581559859155
1,"[14, 9, 9]",rainbow,8,6,4,3.7238559670020113
2,"[14, 9, 9]",rainbow,15,10,7,5.016097370824951
3,"[14, 9, 9]",rainbow,16,11,8,5.219700492253521
