,flop,board_type,0b,1b,2b,profit
0,"[14, 9, 7]",rainbow,1,1,1,1.4232544982986777
1,"[14, 9, 7]",rainbow,2,2,2,1.4273739009451802
2,"[14, 9, 7]",rainbow,3,2,2,2.048840999621929
3,"[14, 9, 7]",rainbow,4,3,2,2.676084772400756
4,"[14, 9, 7]",rainbow,8,6,4,3.3824944362948965
5,"[14, 9, 7]",rainbow,10,7,5,3.382570868431002
6,"[14, 9, 7]",rainbow,15,10,7,3.8567618395085073
7,"[14, 9, 7]",rainbow,16,11,8,3.9410971818525518
