,flop,board_type,0b,1b,2b,profit
0,"[14, 8, 8]",rainbow,1,1,1,2.801723598570577
1,"[14, 8, 8]",rainbow,2,2,2,2.8062037996426445
2,"[14, 8, 8]",rainbow,8,6,4,5.6381565048243
3,"[14, 8, 8]",rainbow,15,10,7,6.410685898034544
4,"[14, 8, 8]",rainbow,16,11,8,6.557527994997022
