,flop,board_type,0b,1b,2b,profit
0,"[14, 8, 7]",rainbow,1,1,1,2.097218687394958
1,"[14, 8, 7]",rainbow,2,2,2,3.258866198319328
2,"[14, 8, 7]",rainbow,3,2,2,3.942173223844538
3,"[14, 8, 7]",rainbow,4,3,2,4.560549825315125
4,"[14, 8, 7]",rainbow,8,6,4,4.565891530777311
5,"[14, 8, 7]",rainbow,10,7,5,4.57427083644958
