,flop,board_type,0b,1b,2b,profit
0,"[14, 8, 6]",rainbow,1,1,1,2.5978357762899797
1,"[14, 8, 6]",rainbow,8,6,4,3.895236316247335
