,flop,board_type,0b,1b,2b,profit
0,"[14, 8, 2]",rainbow,1,1,1,3.062941201722402
1,"[14, 8, 2]",rainbow,8,6,4,6.4464476007957305
2,"[14, 8, 2]",rainbow,10,7,5,6.453849229230459
3,"[14, 8, 2]",rainbow,15,10,7,6.853034754119663
4,"[14, 8, 2]",rainbow,16,11,8,6.925306109800563
