,flop,board_type,0b,1b,2b,profit
0,"[14, 7, 2]",rainbow,1,1,1,3.299964712076955
1,"[14, 7, 2]",rainbow,8,6,4,5.896030026641822
