,flop,board_type,0b,1b,2b,profit
0,"[14, 6, 2]",rainbow,1,1,1,3.819356736986302
1,"[14, 6, 2]",rainbow,2,2,2,3.8248957839501134
2,"[14, 6, 2]",rainbow,3,2,2,4.527221789981599
3,"[14, 6, 2]",rainbow,4,3,2,5.055273478061746
4,"[14, 6, 2]",rainbow,8,6,4,5.077458042383969
5,"[14, 6, 2]",rainbow,16,11,8,5.078935400817827
