,flop,board_type,0b,1b,2b,profit
0,"[14, 4, 2]",rainbow,1,1,1,5.61357719450801
1,"[14, 4, 2]",rainbow,8,6,4,7.760436576773456
2,"[14, 4, 2]",rainbow,15,10,7,8.086211474942793
3,"[14, 4, 2]",rainbow,16,11,8,8.173673989016018
