,flop,board_type,0b,1b,2b,profit
0,"[14, 3, 2]",rainbow,1,1,1,5.580554881578948
1,"[14, 3, 2]",rainbow,8,6,4,7.76740591395881
2,"[14, 3, 2]",rainbow,10,7,5,7.7676221720823815
3,"[14, 3, 2]",rainbow,15,10,7,8.094144971853549
4,"[14, 3, 2]",rainbow,16,11,8,8.179996992677346
