,flop,board_type,0b,1b,2b,profit
0,"[13, 13, 8]",rainbow,1,1,1,2.326102773188154
1,"[13, 13, 8]",rainbow,8,6,4,4.3429030049815545
2,"[13, 13, 8]",rainbow,10,7,5,4.359011939993852
3,"[13, 13, 8]",rainbow,15,10,7,4.941183969859603
4,"[13, 13, 8]",rainbow,16,11,8,5.1258354497130565
