,flop,board_type,0b,1b,2b,profit
0,"[13, 11, 4]",rainbow,1,1,1,2.2045725424285707
1,"[13, 11, 4]",rainbow,8,6,4,3.9279741388571425
2,"[13, 11, 4]",rainbow,10,7,5,3.941776335428571
3,"[13, 11, 4]",rainbow,15,10,7,4.091381100571429
4,"[13, 11, 4]",rainbow,16,11,8,4.232511332857142
