,flop,board_type,0b,1b,2b,profit
0,"[13, 10, 3]",rainbow,1,1,1,0.07173355436619694
1,"[13, 10, 3]",rainbow,8,6,4,2.384688538197183
2,"[13, 10, 3]",rainbow,15,10,7,2.773146621014085
3,"[13, 10, 3]",rainbow,16,11,8,3.084966390478873
