,flop,board_type,0b,1b,2b,profit
0,"[13, 7, 6]",rainbow,1,1,1,2.840952637830737
1,"[13, 7, 6]",rainbow,2,2,2,3.650749786826797
2,"[13, 7, 6]",rainbow,10,7,5,3.661632557890786
