,flop,board_type,0b,1b,2b,profit
0,"[13, 7, 3]",rainbow,1,1,1,2.989111596230442
1,"[13, 7, 3]",rainbow,2,2,2,2.9908538227596027
2,"[13, 7, 3]",rainbow,3,2,2,4.213194488406829
3,"[13, 7, 3]",rainbow,4,3,2,4.742023320981508
