,flop,board_type,0b,1b,2b,profit
0,"[13, 6, 5]",rainbow,1,1,1,4.0757794381023
1,"[13, 6, 5]",rainbow,2,2,2,4.085646987398075
2,"[13, 6, 5]",rainbow,3,2,2,4.087945009636769
3,"[13, 6, 5]",rainbow,4,3,2,4.0912858843587845
