,flop,board_type,0b,1b,2b,profit
0,"[13, 5, 3]",rainbow,1,1,1,4.4419142894778485
1,"[13, 5, 3]",rainbow,8,6,4,5.30073067782173
2,"[13, 5, 3]",rainbow,10,7,5,5.305725518486286
3,"[13, 5, 3]",rainbow,16,11,8,5.307380622811182
