,flop,board_type,0b,1b,2b,profit
0,"[13, 4, 3]",rainbow,1,1,1,4.19016480520201
1,"[13, 4, 3]",rainbow,2,2,2,4.895712548031906
2,"[13, 4, 3]",rainbow,3,2,2,5.568164737350442
3,"[13, 4, 3]",rainbow,4,3,2,5.771414587168373
