,flop,board_type,0b,1b,2b,profit
0,"[12, 9, 3]",rainbow,1,1,1,-0.14810975598591591
1,"[12, 9, 3]",rainbow,8,6,4,1.9650632577464782
2,"[12, 9, 3]",rainbow,15,10,7,2.7712400376760558
3,"[12, 9, 3]",rainbow,16,11,8,2.981198069366197
