,flop,board_type,0b,1b,2b,profit
0,"[12, 9, 2]",rainbow,1,1,1,-0.20349518767605668
1,"[12, 9, 2]",rainbow,2,2,2,-0.19451490316901365
2,"[12, 9, 2]",rainbow,8,6,4,1.3066867267605633
3,"[12, 9, 2]",rainbow,10,7,5,1.3088500647887331
4,"[12, 9, 2]",rainbow,15,10,7,2.5302139352112683
5,"[12, 9, 2]",rainbow,16,11,8,2.8421895401408452
