,flop,board_type,0b,1b,2b,profit
0,"[12, 8, 6]",rainbow,1,1,1,0.8229817876716248
1,"[12, 8, 6]",rainbow,8,6,4,1.9473478508581232
