,flop,board_type,0b,1b,2b,profit
0,"[12, 6, 4]",rainbow,1,1,1,2.173634680000001
1,"[12, 6, 4]",rainbow,2,2,2,2.184399720000001
