,flop,board_type,0b,1b,2b,profit
0,"[12, 5, 3]",rainbow,1,1,1,3.00553194048
1,"[12, 5, 3]",rainbow,8,6,4,4.02550958176
2,"[12, 5, 3]",rainbow,10,7,5,4.047449742080001
