,flop,board_type,0b,1b,2b,profit
0,"[12, 2, 2]",rainbow,1,1,1,1.6371789855584415
1,"[12, 2, 2]",rainbow,8,6,4,3.3661325488831175
2,"[12, 2, 2]",rainbow,10,7,5,3.374045833246753
3,"[12, 2, 2]",rainbow,15,10,7,4.39533098664935
4,"[12, 2, 2]",rainbow,16,11,8,4.690778967272728
