,flop,board_type,0b,1b,2b,profit
0,"[11, 11, 3]",rainbow,1,1,1,1.50697028617571
1,"[11, 11, 3]",rainbow,2,2,2,1.5137389315245475
2,"[11, 11, 3]",rainbow,8,6,4,3.5841182383720938
3,"[11, 11, 3]",rainbow,15,10,7,4.145818703488372
4,"[11, 11, 3]",rainbow,16,11,8,4.341659804263567
