,flop,board_type,0b,1b,2b,profit
0,"[11, 10, 7]",rainbow,1,1,1,0.2113280386339662
1,"[11, 10, 7]",rainbow,8,6,4,1.8292985406118136
2,"[11, 10, 7]",rainbow,10,7,5,2.2314919783755265
3,"[11, 10, 7]",rainbow,15,10,7,2.2435500646097033
4,"[11, 10, 7]",rainbow,16,11,8,2.3565249276107587
