,flop,board_type,0b,1b,2b,profit
0,"[11, 9, 9]",rainbow,1,1,1,1.2621060496232868
1,"[11, 9, 9]",rainbow,8,6,4,2.9191602966523966
2,"[11, 9, 9]",rainbow,10,7,5,3.7374097136044515
3,"[11, 9, 9]",rainbow,16,11,8,4.082000412868151
