,flop,board_type,0b,1b,2b,profit
0,"[11, 9, 5]",rainbow,1,1,1,2.1891510052650043
1,"[11, 9, 5]",rainbow,8,6,4,3.114127983459108
2,"[11, 9, 5]",rainbow,10,7,5,3.1173316045103547
3,"[11, 9, 5]",rainbow,15,10,7,3.1181760677869423
4,"[11, 9, 5]",rainbow,16,11,8,3.121749189540189
