,flop,board_type,0b,1b,2b,profit
0,"[11, 7, 2]",rainbow,1,1,1,2.6471661299999996
1,"[11, 7, 2]",rainbow,2,2,2,2.670004475
2,"[11, 7, 2]",rainbow,8,6,4,4.248158255
3,"[11, 7, 2]",rainbow,10,7,5,4.253212490000001
4,"[11, 7, 2]",rainbow,15,10,7,4.49386574
5,"[11, 7, 2]",rainbow,16,11,8,4.605918185
