,flop,board_type,0b,1b,2b,profit
0,"[10, 10, 10]",rainbow,1,1,1,-0.014102857142856973
1,"[10, 10, 10]",rainbow,2,2,2,-0.004124242857142857
2,"[10, 10, 10]",rainbow,8,6,4,1.3330116964285716
3,"[10, 10, 10]",rainbow,10,7,5,2.456418767857143
4,"[10, 10, 10]",rainbow,16,11,8,2.7180402857142867
