,flop,board_type,0b,1b,2b,profit
0,"[10, 9, 8]",rainbow,1,1,1,1.3784393422704895
1,"[10, 9, 8]",rainbow,2,2,2,1.387950089546919
2,"[10, 9, 8]",rainbow,3,2,2,1.8050636390378412
3,"[10, 9, 8]",rainbow,4,3,2,2.45668565806041
4,"[10, 9, 8]",rainbow,8,6,4,2.8565926841846254
5,"[10, 9, 8]",rainbow,10,7,5,3.353826903843543
6,"[10, 9, 8]",rainbow,16,11,8,3.4324565744951636
