,flop,board_type,0b,1b,2b,profit
0,"[10, 9, 4]",rainbow,1,1,1,1.6091244773519167
1,"[10, 9, 4]",rainbow,2,2,2,1.6133545165505234
2,"[10, 9, 4]",rainbow,3,2,2,2.0997635017421605
3,"[10, 9, 4]",rainbow,4,3,2,3.1199231576655064
4,"[10, 9, 4]",rainbow,8,6,4,3.538957264808362
5,"[10, 9, 4]",rainbow,10,7,5,3.557735357142857
6,"[10, 9, 4]",rainbow,15,10,7,3.561428466898955
7,"[10, 9, 4]",rainbow,16,11,8,3.5633952831010456
