,flop,board_type,0b,1b,2b,profit
0,"[10, 8, 4]",rainbow,1,1,1,2.4978756215962425
1,"[10, 8, 4]",rainbow,2,2,2,3.352728596583201
2,"[10, 8, 4]",rainbow,3,2,2,3.8390354441053716
3,"[10, 8, 4]",rainbow,4,3,2,4.288922782133541
4,"[10, 8, 4]",rainbow,8,6,4,4.292236162389149
5,"[10, 8, 4]",rainbow,10,7,5,4.300010984976525
