,flop,board_type,0b,1b,2b,profit
0,"[10, 8, 3]",rainbow,1,1,1,1.9421576028169003
1,"[10, 8, 3]",rainbow,8,6,4,4.382227935932669
2,"[10, 8, 3]",rainbow,10,7,5,4.717342823960838
3,"[10, 8, 3]",rainbow,15,10,7,4.718068432961181
4,"[10, 8, 3]",rainbow,16,11,8,4.820778893249743
