,flop,board_type,0b,1b,2b,profit
0,"[10, 7, 4]",rainbow,1,1,1,2.779006213223786
1,"[10, 7, 4]",rainbow,2,2,2,3.6049772499478343
2,"[10, 7, 4]",rainbow,8,6,4,3.607427297287427
3,"[10, 7, 4]",rainbow,10,7,5,3.6150455095461655
