,flop,board_type,0b,1b,2b,profit
0,"[10, 7, 2]",rainbow,1,1,1,2.10635554148059
1,"[10, 7, 2]",rainbow,2,2,2,2.1084237740467184
2,"[10, 7, 2]",rainbow,3,2,2,2.111113397457917
3,"[10, 7, 2]",rainbow,8,6,4,3.6080310984197874
4,"[10, 7, 2]",rainbow,15,10,7,3.9512349334421155
5,"[10, 7, 2]",rainbow,16,11,8,4.031090246908278
