,flop,board_type,0b,1b,2b,profit
0,"[9, 9, 9]",rainbow,1,1,1,2.7327341067857143
1,"[9, 9, 9]",rainbow,2,2,2,2.742541199999999
2,"[9, 9, 9]",rainbow,8,6,4,4.375214748883929
3,"[9, 9, 9]",rainbow,10,7,5,4.961873561651785
4,"[9, 9, 9]",rainbow,15,10,7,4.967192338124999
5,"[9, 9, 9]",rainbow,16,11,8,5.252652347142856
