,flop,board_type,0b,1b,2b,profit
0,"[9, 9, 4]",rainbow,1,1,1,3.091918288719512
1,"[9, 9, 4]",rainbow,2,2,2,3.0937254512195125
2,"[9, 9, 4]",rainbow,8,6,4,4.548084908689024
3,"[9, 9, 4]",rainbow,10,7,5,4.747573960289634
4,"[9, 9, 4]",rainbow,16,11,8,4.842769092987805
