,flop,board_type,0b,1b,2b,profit
0,"[9, 7, 7]",rainbow,1,1,1,3.4060266263414634
1,"[9, 7, 7]",rainbow,2,2,2,3.411250723902441
2,"[9, 7, 7]",rainbow,3,2,2,3.9494765970731702
3,"[9, 7, 7]",rainbow,4,3,2,4.25072028292683
4,"[9, 7, 7]",rainbow,8,6,4,4.830958687317073
5,"[9, 7, 7]",rainbow,10,7,5,5.054545972682928
6,"[9, 7, 7]",rainbow,15,10,7,5.070005743902441
7,"[9, 7, 7]",rainbow,16,11,8,5.1440291707317085
