,flop,board_type,0b,1b,2b,profit
0,"[9, 4, 2]",rainbow,1,1,1,4.239650607407406
1,"[9, 4, 2]",rainbow,2,2,2,4.244572842592593
2,"[9, 4, 2]",rainbow,3,2,2,4.805475838888888
3,"[9, 4, 2]",rainbow,4,3,2,5.048346257407408
4,"[9, 4, 2]",rainbow,8,6,4,5.660409988888889
5,"[9, 4, 2]",rainbow,10,7,5,5.827585600000001
6,"[9, 4, 2]",rainbow,15,10,7,5.835195848148148
7,"[9, 4, 2]",rainbow,16,11,8,5.918423457407408
