,flop,board_type,0b,1b,2b,profit
0,"[8, 8, 7]",rainbow,1,1,1,3.7197230062500015
1,"[8, 8, 7]",rainbow,2,2,2,4.49826793237782
2,"[8, 8, 7]",rainbow,3,2,2,5.0340918645050134
3,"[8, 8, 7]",rainbow,4,3,2,5.400874203352131
