,flop,board_type,0b,1b,2b,profit
0,"[8, 8, 6]",rainbow,1,1,1,4.098888299738428
1,"[8, 8, 6]",rainbow,2,2,2,4.1079064797776645
2,"[8, 8, 6]",rainbow,3,2,2,4.631381493589491
3,"[8, 8, 6]",rainbow,4,3,2,5.0006733197427895
