,flop,board_type,0b,1b,2b,profit
0,"[8, 8, 5]",rainbow,1,1,1,4.952260828828636
1,"[8, 8, 5]",rainbow,2,2,2,5.664250726359129
2,"[8, 8, 5]",rainbow,3,2,2,5.668061841289506
3,"[8, 8, 5]",rainbow,4,3,2,5.673298418634053
