,flop,board_type,0b,1b,2b,profit
0,"[8, 8, 4]",rainbow,1,1,1,4.541336020264604
1,"[8, 8, 4]",rainbow,2,2,2,4.555027827720376
2,"[8, 8, 4]",rainbow,3,2,2,5.59224282641452
3,"[8, 8, 4]",rainbow,4,3,2,6.1931414516509085
