,flop,board_type,0b,1b,2b,profit
0,"[8, 8, 3]",rainbow,1,1,1,3.9503171109101864
1,"[8, 8, 3]",rainbow,8,6,4,6.316390725336548
2,"[8, 8, 3]",rainbow,10,7,5,6.533892407574844
3,"[8, 8, 3]",rainbow,16,11,8,6.617283319770945
