,flop,board_type,0b,1b,2b,profit
0,"[8, 6, 3]",rainbow,1,1,1,4.234154593519738
1,"[8, 6, 3]",rainbow,2,2,2,5.032303038898027
2,"[8, 6, 3]",rainbow,10,7,5,5.03487945394737
