,flop,board_type,0b,1b,2b,profit
0,"[8, 5, 4]",rainbow,1,1,1,7.0449970214274815
1,"[8, 5, 4]",rainbow,10,7,5,7.048367284314473
