,flop,board_type,0b,1b,2b,profit
0,"[8, 4, 2]",rainbow,1,1,1,4.904369749367088
1,"[8, 4, 2]",rainbow,2,2,2,5.639998511392404
2,"[8, 4, 2]",rainbow,3,2,2,6.204614100000001
3,"[8, 4, 2]",rainbow,4,3,2,6.503643292405063
4,"[8, 4, 2]",rainbow,8,6,4,6.5073670025316455
5,"[8, 4, 2]",rainbow,10,7,5,6.507802420253165
