,flop,board_type,0b,1b,2b,profit
0,"[7, 3, 2]",rainbow,1,1,1,4.326107276371309
1,"[7, 3, 2]",rainbow,2,2,2,5.1234179672761355
2,"[7, 3, 2]",rainbow,3,2,2,5.618929546694795
3,"[7, 3, 2]",rainbow,4,3,2,6.025854485607127
4,"[7, 3, 2]",rainbow,8,6,4,6.026931591983122
5,"[7, 3, 2]",rainbow,10,7,5,6.036026178059071
