,flop,board_type,0b,1b,2b,profit
0,"[6, 5, 5]",rainbow,1,1,1,5.103678137966465
1,"[6, 5, 5]",rainbow,2,2,2,5.106472476105541
2,"[6, 5, 5]",rainbow,3,2,2,5.107049089150091
3,"[6, 5, 5]",rainbow,4,3,2,5.1203805105046865
