,flop,board_type,0b,1b,2b,profit
0,"[14, 14, 12]",rainbow,1,1,1,-0.4175211031690861
1,"[14, 14, 12]",rainbow,2,2,2,-0.0293000611118997
2,"[14, 14, 12]",rainbow,3,2,2,0.002749429661264402
3,"[14, 14, 12]",rainbow,4,3,2,0.010570047678588518
4,"[14, 14, 12]",rainbow,8,6,4,0.755866238720499
5,"[14, 14, 12]",rainbow,15,10,7,1.1284691014339479
6,"[14, 14, 12]",rainbow,16,11,8,1.4191749410923973
