,flop,board_type,0b,1b,2b,profit
0,"[14, 14, 5]",rainbow,1,1,1,-1.290657233142477
1,"[14, 14, 5]",rainbow,2,2,2,-1.2867887531300854
2,"[14, 14, 5]",rainbow,10,7,5,-1.1302634486205756
3,"[14, 14, 5]",rainbow,15,10,7,-0.48725770541240365
