,flop,board_type,0b,1b,2b,profit
0,"[14, 13, 8]",rainbow,1,1,1,0.10190136357653334
1,"[14, 13, 8]",rainbow,2,2,2,0.4851157851961675
