,flop,board_type,0b,1b,2b,profit
0,"[14, 13, 5]",rainbow,1,1,1,-0.028620546915011952
1,"[14, 13, 5]",rainbow,2,2,2,0.2416083912209226
