,flop,board_type,0b,1b,2b,profit
0,"[14, 12, 3]",rainbow,1,1,1,-0.1279547898326241
1,"[14, 12, 3]",rainbow,2,2,2,0.12140193904999613
