,flop,board_type,0b,1b,2b,profit
0,"[14, 12, 2]",rainbow,1,1,1,-0.48501521683673493
1,"[14, 12, 2]",rainbow,2,2,2,-0.19494270406887804
