,flop,board_type,0b,1b,2b,profit
0,"[14, 11, 5]",rainbow,1,1,1,-0.28977945665420224
1,"[14, 11, 5]",rainbow,2,2,2,0.08421141301420926
