,flop,board_type,0b,1b,2b,profit
0,"[14, 9, 3]",rainbow,1,1,1,-0.2950993173511469
1,"[14, 9, 3]",rainbow,2,2,2,-0.28822378321902026
