,flop,board_type,0b,1b,2b,profit
0,"[14, 8, 3]",rainbow,1,1,1,-0.5051019085139993
1,"[14, 8, 3]",rainbow,2,2,2,-0.4968887233473482
