,flop,board_type,0b,1b,2b,profit
0,"[14, 7, 7]",rainbow,1,1,1,-1.1030959049204792
1,"[14, 7, 7]",rainbow,8,6,4,-0.08382601311292376
