,flop,board_type,0b,1b,2b,profit
0,"[13, 13, 10]",rainbow,1,1,1,1.6033941422459492
1,"[13, 13, 10]",rainbow,2,2,2,1.7579653365316636
