,flop,board_type,0b,1b,2b,profit
0,"[13, 10, 8]",rainbow,1,1,1,0.35294725653581843
1,"[13, 10, 8]",rainbow,2,2,2,0.5774414417013733
2,"[13, 10, 8]",rainbow,10,7,5,0.6112021749055596
