,flop,board_type,0b,1b,2b,profit
0,"[13, 10, 6]",rainbow,1,1,1,0.8002454749609634
1,"[13, 10, 6]",rainbow,2,2,2,1.5312053492086872
