,flop,board_type,0b,1b,2b,profit
0,"[13, 6, 3]",rainbow,1,1,1,-0.03579657248715096
1,"[13, 6, 3]",rainbow,10,7,5,0.017714018032552334
