,flop,board_type,0b,1b,2b,profit
0,"[13, 4, 3]",rainbow,1,1,1,-0.17745972786960645
1,"[13, 4, 3]",rainbow,10,7,5,0.15272682490150036
