,flop,board_type,0b,1b,2b,profit
0,"[13, 4, 2]",rainbow,1,1,1,-0.5142659470942816
1,"[13, 4, 2]",rainbow,8,6,4,-0.2120654818938945
2,"[13, 4, 2]",rainbow,10,7,5,0.22585786252795226
