,flop,board_type,0b,1b,2b,profit
0,"[12, 12, 11]",rainbow,1,1,1,0.7503018703744619
1,"[12, 12, 11]",rainbow,15,10,7,1.1812260589534072
