,flop,board_type,0b,1b,2b,profit
0,"[12, 12, 6]",rainbow,1,1,1,0.6193425039835166
1,"[12, 12, 6]",rainbow,2,2,2,0.6206716640814152
