,flop,board_type,0b,1b,2b,profit
0,"[12, 12, 2]",rainbow,1,1,1,-0.057963899338769054
1,"[12, 12, 2]",rainbow,2,2,2,-0.048511467099963235
2,"[12, 12, 2]",rainbow,10,7,5,-0.03272513953681372
