,flop,board_type,0b,1b,2b,profit
0,"[12, 10, 4]",rainbow,1,1,1,0.4189754479889807
1,"[12, 10, 4]",rainbow,2,2,2,0.5849370262809921
