,flop,board_type,0b,1b,2b,profit
0,"[12, 4, 2]",rainbow,1,1,1,-0.4443418743633851
1,"[12, 4, 2]",rainbow,10,7,5,-0.242103517761441
