,flop,board_type,0b,1b,2b,profit
0,"[12, 2, 2]",rainbow,1,1,1,-0.6022695600359085
1,"[12, 2, 2]",rainbow,8,6,4,0.037748497670837766
2,"[12, 2, 2]",rainbow,10,7,5,0.6767352525554043
