,flop,board_type,0b,1b,2b,profit
0,"[11, 11, 2]",rainbow,1,1,1,0.3414578050824178
1,"[11, 11, 2]",rainbow,2,2,2,0.3473704719479002
2,"[11, 11, 2]",rainbow,3,2,2,0.35446467166540224
