,flop,board_type,0b,1b,2b,profit
0,"[11, 10, 10]",rainbow,1,1,1,0.18905435180234653
1,"[11, 10, 10]",rainbow,2,2,2,0.5884054094021193
2,"[11, 10, 10]",rainbow,8,6,4,0.8396573386838659
3,"[11, 10, 10]",rainbow,15,10,7,1.0882704976332058
