,flop,board_type,0b,1b,2b,profit
0,"[11, 8, 8]",rainbow,1,1,1,-0.363931731476134
1,"[11, 8, 8]",rainbow,8,6,4,0.07105971727735982
