,flop,board_type,0b,1b,2b,profit
0,"[10, 9, 6]",rainbow,1,1,1,-0.28460646426327346
1,"[10, 9, 6]",rainbow,2,2,2,0.4146827252894279
2,"[10, 9, 6]",rainbow,8,6,4,0.7096475053015674
3,"[10, 9, 6]",rainbow,10,7,5,0.7256159372149221
