,flop,board_type,0b,1b,2b,profit
0,"[10, 5, 5]",rainbow,1,1,1,-1.939889985088413
1,"[10, 5, 5]",rainbow,8,6,4,-1.6249531128199313
2,"[10, 5, 5]",rainbow,10,7,5,-0.9502456472178877
