,flop,board_type,0b,1b,2b,profit
0,"[10, 5, 4]",rainbow,1,1,1,-1.3705431806998944
1,"[10, 5, 4]",rainbow,8,6,4,-1.3360159661930013
2,"[10, 5, 4]",rainbow,10,7,5,-1.2412089518875853
