,flop,board_type,0b,1b,2b,profit
0,"[10, 5, 3]",rainbow,1,1,1,-1.2330146583241763
1,"[10, 5, 3]",rainbow,2,2,2,-1.2271789107142856
2,"[10, 5, 3]",rainbow,8,6,4,-1.1309485183873638
3,"[10, 5, 3]",rainbow,10,7,5,-0.9361692844197
