,flop,board_type,0b,1b,2b,profit
0,"[10, 4, 2]",rainbow,1,1,1,-1.4217478349608406
1,"[10, 4, 2]",rainbow,8,6,4,-1.1606342037370951
2,"[10, 4, 2]",rainbow,10,7,5,-0.7790089792025618
