,flop,board_type,0b,1b,2b,profit
0,"[9, 8, 8]",rainbow,1,1,1,-1.9156626622624442
1,"[9, 8, 8]",rainbow,8,6,4,-0.9938449573727064
2,"[9, 8, 8]",rainbow,10,7,5,-0.9462151080670205
3,"[9, 8, 8]",rainbow,15,10,7,-0.7656324301025719
