,flop,board_type,0b,1b,2b,profit
0,"[9, 7, 2]",rainbow,1,1,1,-1.500054981088006
1,"[9, 7, 2]",rainbow,2,2,2,-1.477384556815346
2,"[9, 7, 2]",rainbow,8,6,4,-1.2987442139731054
