,flop,board_type,0b,1b,2b,profit
0,"[9, 5, 5]",rainbow,1,1,1,-2.0478663751677266
1,"[9, 5, 5]",rainbow,2,2,2,-2.044686034212924
2,"[9, 5, 5]",rainbow,8,6,4,-2.023543776200275
3,"[9, 5, 5]",rainbow,10,7,5,-1.7530519548767916
