,flop,board_type,0b,1b,2b,profit
0,"[9, 4, 4]",rainbow,1,1,1,-2.474877960955296
1,"[9, 4, 4]",rainbow,2,2,2,-2.4688479079159005
2,"[9, 4, 4]",rainbow,3,2,2,-2.4637196426944277
3,"[9, 4, 4]",rainbow,8,6,4,-2.4045608149744844
4,"[9, 4, 4]",rainbow,10,7,5,-2.0969818400693794
