,flop,board_type,0b,1b,2b,profit
0,"[9, 4, 2]",rainbow,1,1,1,-1.978416327983979
1,"[9, 4, 2]",rainbow,2,2,2,-1.9710231621895873
2,"[9, 4, 2]",rainbow,10,7,5,-1.9138556344750013
