,flop,board_type,0b,1b,2b,profit
0,"[9, 2, 2]",rainbow,1,1,1,-1.9190337657798164
1,"[9, 2, 2]",rainbow,2,2,2,-1.9056484765672788
2,"[9, 2, 2]",rainbow,8,6,4,-1.3185001152217126
3,"[9, 2, 2]",rainbow,10,7,5,-0.8962691217006631
