,flop,board_type,0b,1b,2b,profit
0,"[8, 5, 5]",rainbow,1,1,1,-2.116722191182447
1,"[8, 5, 5]",rainbow,8,6,4,-1.9900597380621838
2,"[8, 5, 5]",rainbow,10,7,5,-1.9643430942415128
