,flop,board_type,0b,1b,2b,profit
0,"[7, 7, 4]",rainbow,1,1,1,-1.7684952745565319
1,"[7, 7, 4]",rainbow,8,6,4,-1.6965809622279
