,flop,board_type,0b,1b,2b,profit
0,"[7, 7, 3]",rainbow,1,1,1,-1.5963667843223073
1,"[7, 7, 3]",rainbow,15,10,7,-1.5481452467930052
