,flop,board_type,0b,1b,2b,profit
0,"[7, 6, 6]",rainbow,1,1,1,-1.8679048512864755
1,"[7, 6, 6]",rainbow,8,6,4,-1.6877159564430577
