,flop,board_type,0b,1b,2b,profit
0,"[7, 4, 4]",rainbow,1,1,1,-2.1865333981746033
1,"[7, 4, 4]",rainbow,8,6,4,-1.9808001289253199
