,flop,board_type,0b,1b,2b,profit
0,"[6, 6, 2]",rainbow,1,1,1,-2.1948534754507327
1,"[6, 6, 2]",rainbow,2,2,2,-2.194309261453119
2,"[6, 6, 2]",rainbow,8,6,4,-2.015670402817504
3,"[6, 6, 2]",rainbow,10,7,5,-1.9555021033540518
4,"[6, 6, 2]",rainbow,15,10,7,-1.8759763010940191
