,flop,board_type,0b,1b,2b,profit
0,"[4, 4, 2]",rainbow,1,1,1,-2.7402581562651
1,"[4, 4, 2]",rainbow,2,2,2,-2.739008105070954
2,"[4, 4, 2]",rainbow,8,6,4,-2.408530641870765
3,"[4, 4, 2]",rainbow,10,7,5,-2.274385086658842
