,flop,board_type,0b,1b,2b,profit
0,"[14, 14, 8]",rainbow,1,1,1,0.6824232621008521
1,"[14, 14, 8]",rainbow,2,2,2,0.686099253169191
2,"[14, 14, 8]",rainbow,8,6,4,1.3914355557294908
3,"[14, 14, 8]",rainbow,10,7,5,1.6547210475660128
4,"[14, 14, 8]",rainbow,15,10,7,2.069711548049727
5,"[14, 14, 8]",rainbow,16,11,8,2.495883306115067
