,flop,board_type,0b,1b,2b,profit
0,"[14, 14, 3]",rainbow,1,1,1,0.6125314102845281
1,"[14, 14, 3]",rainbow,2,2,2,0.6143733834196651
2,"[14, 14, 3]",rainbow,3,2,2,0.6382147434837713
3,"[14, 14, 3]",rainbow,4,3,2,0.662586782020903
4,"[14, 14, 3]",rainbow,8,6,4,1.1788993830072925
5,"[14, 14, 3]",rainbow,10,7,5,1.247963920633346
6,"[14, 14, 3]",rainbow,15,10,7,1.9162373073676084
7,"[14, 14, 3]",rainbow,16,11,8,2.4726673527607868
