,flop,board_type,0b,1b,2b,profit
0,"[14, 13, 5]",rainbow,1,1,1,0.5757371631630088
1,"[14, 13, 5]",rainbow,2,2,2,0.7049606898097792
2,"[14, 13, 5]",rainbow,3,2,2,0.8745352688314155
3,"[14, 13, 5]",rainbow,4,3,2,1.1229998767385965
4,"[14, 13, 5]",rainbow,8,6,4,1.6254032250620654
5,"[14, 13, 5]",rainbow,10,7,5,1.6275081858820584
6,"[14, 13, 5]",rainbow,15,10,7,1.8964814049749432
7,"[14, 13, 5]",rainbow,16,11,8,2.1371541113247527
