,flop,board_type,0b,1b,2b,profit
0,"[14, 12, 12]",rainbow,1,1,1,0.6444175355553154
1,"[14, 12, 12]",rainbow,2,2,2,0.8331037064930854
2,"[14, 12, 12]",rainbow,3,2,2,0.9260167441875536
3,"[14, 12, 12]",rainbow,4,3,2,1.126818607713915
4,"[14, 12, 12]",rainbow,8,6,4,1.7008068925345718
5,"[14, 12, 12]",rainbow,10,7,5,1.9657744403413997
6,"[14, 12, 12]",rainbow,15,10,7,2.369449747266638
7,"[14, 12, 12]",rainbow,16,11,8,2.64075707662057
