,flop,board_type,0b,1b,2b,profit
0,"[14, 11, 6]",rainbow,1,1,1,0.6197824705735162
1,"[14, 11, 6]",rainbow,8,6,4,1.5733249114846988
2,"[14, 11, 6]",rainbow,10,7,5,1.69297190138058
3,"[14, 11, 6]",rainbow,15,10,7,2.0301012245167973
4,"[14, 11, 6]",rainbow,16,11,8,2.2001683062384956
