,flop,board_type,0b,1b,2b,profit
0,"[14, 11, 4]",rainbow,1,1,1,0.5294492013480322
1,"[14, 11, 4]",rainbow,8,6,4,1.5684520576226657
2,"[14, 11, 4]",rainbow,10,7,5,1.6913377935797111
3,"[14, 11, 4]",rainbow,15,10,7,2.0354137341406298
4,"[14, 11, 4]",rainbow,16,11,8,2.2344533844747816
