,flop,board_type,0b,1b,2b,profit
0,"[14, 10, 9]",rainbow,1,1,1,0.7119744082209414
1,"[14, 10, 9]",rainbow,2,2,2,0.9253844510704154
2,"[14, 10, 9]",rainbow,3,2,2,1.0955283381914698
3,"[14, 10, 9]",rainbow,4,3,2,1.2435763116047465
4,"[14, 10, 9]",rainbow,8,6,4,1.7032406191272338
5,"[14, 10, 9]",rainbow,10,7,5,1.8484464709481447
6,"[14, 10, 9]",rainbow,15,10,7,2.1514010163881983
7,"[14, 10, 9]",rainbow,16,11,8,2.2219905990254514
