,flop,board_type,0b,1b,2b,profit
0,"[14, 10, 3]",rainbow,1,1,1,0.5095450970374003
1,"[14, 10, 3]",rainbow,8,6,4,1.557414071645997
2,"[14, 10, 3]",rainbow,10,7,5,1.7072516472193704
3,"[14, 10, 3]",rainbow,15,10,7,2.046706905260713
4,"[14, 10, 3]",rainbow,16,11,8,2.2566726418169827
