,flop,board_type,0b,1b,2b,profit
0,"[14, 9, 8]",rainbow,1,1,1,0.6551280760402627
1,"[14, 9, 8]",rainbow,2,2,2,0.8780688903006656
2,"[14, 9, 8]",rainbow,3,2,2,1.1028312240184361
3,"[14, 9, 8]",rainbow,4,3,2,1.308605830637202
4,"[14, 9, 8]",rainbow,8,6,4,1.6122544810774384
5,"[14, 9, 8]",rainbow,10,7,5,1.763996840376756
6,"[14, 9, 8]",rainbow,15,10,7,2.091449643257316
7,"[14, 9, 8]",rainbow,16,11,8,2.196527504969782
