,flop,board_type,0b,1b,2b,profit
0,"[14, 9, 6]",rainbow,1,1,1,0.6521373556864234
1,"[14, 9, 6]",rainbow,2,2,2,0.6931690645569492
2,"[14, 9, 6]",rainbow,3,2,2,0.8260975012073627
3,"[14, 9, 6]",rainbow,4,3,2,0.9746502810769164
4,"[14, 9, 6]",rainbow,8,6,4,1.377014862966481
5,"[14, 9, 6]",rainbow,10,7,5,1.5047804384139654
6,"[14, 9, 6]",rainbow,15,10,7,1.8774201325655397
7,"[14, 9, 6]",rainbow,16,11,8,2.0879215563914224
