,flop,board_type,0b,1b,2b,profit
0,"[14, 7, 4]",rainbow,1,1,1,0.6017153518329369
1,"[14, 7, 4]",rainbow,2,2,2,0.6922166567642114
2,"[14, 7, 4]",rainbow,3,2,2,0.7641849306999865
3,"[14, 7, 4]",rainbow,4,3,2,0.8423175789473688
4,"[14, 7, 4]",rainbow,8,6,4,1.082802809675391
5,"[14, 7, 4]",rainbow,10,7,5,1.1733379358434242
6,"[14, 7, 4]",rainbow,15,10,7,1.5805703263673154
7,"[14, 7, 4]",rainbow,16,11,8,2.07193189602346
