,flop,board_type,0b,1b,2b,profit
0,"[14, 7, 3]",rainbow,1,1,1,0.5407371180232242
1,"[14, 7, 3]",rainbow,2,2,2,0.5835352218060852
2,"[14, 7, 3]",rainbow,3,2,2,0.6650552871720121
3,"[14, 7, 3]",rainbow,4,3,2,0.7839243930719396
4,"[14, 7, 3]",rainbow,8,6,4,1.0878651352650075
5,"[14, 7, 3]",rainbow,10,7,5,1.2000060626802223
6,"[14, 7, 3]",rainbow,15,10,7,1.5984017712890293
7,"[14, 7, 3]",rainbow,16,11,8,2.1004530247322526
