,flop,board_type,0b,1b,2b,profit
0,"[14, 6, 4]",rainbow,1,1,1,0.5480324149396003
1,"[14, 6, 4]",rainbow,2,2,2,0.6309326091381652
2,"[14, 6, 4]",rainbow,3,2,2,0.6987620948510239
3,"[14, 6, 4]",rainbow,4,3,2,0.7335888484735174
4,"[14, 6, 4]",rainbow,8,6,4,1.0717185730223917
5,"[14, 6, 4]",rainbow,10,7,5,1.1655641056960229
6,"[14, 6, 4]",rainbow,15,10,7,1.6142175028204093
7,"[14, 6, 4]",rainbow,16,11,8,2.140397203027488
