,flop,board_type,0b,1b,2b,profit
0,"[14, 5, 5]",rainbow,1,1,1,0.47593207108419466
1,"[14, 5, 5]",rainbow,8,6,4,1.0929318545505742
2,"[14, 5, 5]",rainbow,10,7,5,1.1714320873248831
3,"[14, 5, 5]",rainbow,15,10,7,1.697694971363295
4,"[14, 5, 5]",rainbow,16,11,8,2.2439024918986745
