,flop,board_type,0b,1b,2b,profit
0,"[14, 5, 4]",rainbow,1,1,1,0.5906576022341383
1,"[14, 5, 4]",rainbow,2,2,2,0.6322077831112032
2,"[14, 5, 4]",rainbow,3,2,2,0.7205136554144809
3,"[14, 5, 4]",rainbow,4,3,2,0.8435531906605969
4,"[14, 5, 4]",rainbow,8,6,4,1.1617311460881754
5,"[14, 5, 4]",rainbow,10,7,5,1.2314115097152658
6,"[14, 5, 4]",rainbow,15,10,7,1.75871208054764
7,"[14, 5, 4]",rainbow,16,11,8,2.2794650409614463
