,flop,board_type,0b,1b,2b,profit
0,"[14, 4, 4]",rainbow,1,1,1,0.4510902262011531
1,"[14, 4, 4]",rainbow,8,6,4,1.120507366736067
2,"[14, 4, 4]",rainbow,10,7,5,1.197299691223575
3,"[14, 4, 4]",rainbow,15,10,7,1.7283946782190902
4,"[14, 4, 4]",rainbow,16,11,8,2.278923550288277
