,flop,board_type,0b,1b,2b,profit
0,"[13, 12, 5]",rainbow,1,1,1,0.5386814428453945
1,"[13, 12, 5]",rainbow,2,2,2,0.6535699496710525
2,"[13, 12, 5]",rainbow,3,2,2,0.8059349828399125
3,"[13, 12, 5]",rainbow,4,3,2,0.9991071426809213
4,"[13, 12, 5]",rainbow,8,6,4,1.4475704997944074
5,"[13, 12, 5]",rainbow,15,10,7,1.6124797582236847
6,"[13, 12, 5]",rainbow,16,11,8,1.6606072577302635
