,flop,board_type,0b,1b,2b,profit
0,"[13, 10, 7]",rainbow,1,1,1,0.7236005465277014
1,"[13, 10, 7]",rainbow,2,2,2,0.9793876321623534
2,"[13, 10, 7]",rainbow,3,2,2,1.137648238817447
3,"[13, 10, 7]",rainbow,4,3,2,1.2198863327697111
4,"[13, 10, 7]",rainbow,8,6,4,1.6036766448087363
5,"[13, 10, 7]",rainbow,10,7,5,1.6238311159122156
6,"[13, 10, 7]",rainbow,15,10,7,1.7862998500672334
7,"[13, 10, 7]",rainbow,16,11,8,1.8245241984762126
