,flop,board_type,0b,1b,2b,profit
0,"[13, 9, 3]",rainbow,1,1,1,0.6350401566313717
1,"[13, 9, 3]",rainbow,2,2,2,0.6359805609651505
2,"[13, 9, 3]",rainbow,3,2,2,0.8305595699308299
3,"[13, 9, 3]",rainbow,4,3,2,1.0523096392859768
4,"[13, 9, 3]",rainbow,8,6,4,1.6067317447740588
5,"[13, 9, 3]",rainbow,10,7,5,1.6077420248983005
6,"[13, 9, 3]",rainbow,15,10,7,1.7357474812991054
7,"[13, 9, 3]",rainbow,16,11,8,1.7982609659304192
