,flop,board_type,0b,1b,2b,profit
0,"[13, 6, 4]",rainbow,1,1,1,0.5034924401041295
1,"[13, 6, 4]",rainbow,2,2,2,0.5816297662285033
2,"[13, 6, 4]",rainbow,3,2,2,0.6543995496307318
3,"[13, 6, 4]",rainbow,4,3,2,0.682654553707227
4,"[13, 6, 4]",rainbow,8,6,4,1.136951688050387
5,"[13, 6, 4]",rainbow,10,7,5,1.1395106058005429
6,"[13, 6, 4]",rainbow,15,10,7,1.3078965734079027
7,"[13, 6, 4]",rainbow,16,11,8,1.6858655993878116
