,flop,board_type,0b,1b,2b,profit
0,"[12, 12, 3]",rainbow,1,1,1,0.42060257683493507
1,"[12, 12, 3]",rainbow,8,6,4,1.1669017497572292
2,"[12, 12, 3]",rainbow,10,7,5,1.283591858426192
3,"[12, 12, 3]",rainbow,15,10,7,1.6560908815998894
4,"[12, 12, 3]",rainbow,16,11,8,1.961351769950769
