,flop,board_type,0b,1b,2b,profit
0,"[12, 10, 9]",rainbow,1,1,1,1.023778948986314
1,"[12, 10, 9]",rainbow,2,2,2,1.1509898335075601
2,"[12, 10, 9]",rainbow,3,2,2,1.2911385894508707
3,"[12, 10, 9]",rainbow,4,3,2,1.5181708963586935
4,"[12, 10, 9]",rainbow,8,6,4,1.749953715356998
5,"[12, 10, 9]",rainbow,10,7,5,1.7891507477071598
6,"[12, 10, 9]",rainbow,15,10,7,1.974622165986494
7,"[12, 10, 9]",rainbow,16,11,8,2.0047017635213935
