,flop,board_type,0b,1b,2b,profit
0,"[12, 10, 3]",rainbow,1,1,1,0.6407806657142859
1,"[12, 10, 3]",rainbow,2,2,2,0.853584667936508
2,"[12, 10, 3]",rainbow,3,2,2,0.9696830403174606
3,"[12, 10, 3]",rainbow,4,3,2,1.0810550688888891
4,"[12, 10, 3]",rainbow,8,6,4,1.5014456809523808
5,"[12, 10, 3]",rainbow,10,7,5,1.6606550797619046
6,"[12, 10, 3]",rainbow,15,10,7,1.8068799596825398
7,"[12, 10, 3]",rainbow,16,11,8,1.8864604382539685
