,flop,board_type,0b,1b,2b,profit
0,"[12, 9, 4]",rainbow,1,1,1,0.6623253580417209
1,"[12, 9, 4]",rainbow,2,2,2,0.7673366561868094
2,"[12, 9, 4]",rainbow,3,2,2,0.9585681929654
3,"[12, 9, 4]",rainbow,4,3,2,1.1593470847505805
4,"[12, 9, 4]",rainbow,8,6,4,1.4876380942970808
5,"[12, 9, 4]",rainbow,10,7,5,1.6232453014772412
6,"[12, 9, 4]",rainbow,15,10,7,1.7538783380544574
7,"[12, 9, 4]",rainbow,16,11,8,1.8054787297120263
