,flop,board_type,0b,1b,2b,profit
0,"[12, 9, 2]",rainbow,1,1,1,0.6493419333491713
1,"[12, 9, 2]",rainbow,2,2,2,0.7532443355163132
2,"[12, 9, 2]",rainbow,3,2,2,0.9266089381929052
3,"[12, 9, 2]",rainbow,4,3,2,1.0790927359544928
4,"[12, 9, 2]",rainbow,8,6,4,1.563782326805512
5,"[12, 9, 2]",rainbow,10,7,5,1.7196465711751663
6,"[12, 9, 2]",rainbow,15,10,7,1.8374043553637422
7,"[12, 9, 2]",rainbow,16,11,8,1.9206140980017952
