,flop,board_type,0b,1b,2b,profit
0,"[12, 8, 5]",rainbow,1,1,1,0.6409591827144847
1,"[12, 8, 5]",rainbow,2,2,2,0.6801773807793777
2,"[12, 8, 5]",rainbow,3,2,2,1.0160505367922312
3,"[12, 8, 5]",rainbow,4,3,2,1.2465431407887269
4,"[12, 8, 5]",rainbow,8,6,4,1.4330091738605217
5,"[12, 8, 5]",rainbow,10,7,5,1.5698618897138577
6,"[12, 8, 5]",rainbow,15,10,7,1.816713736788805
7,"[12, 8, 5]",rainbow,16,11,8,1.9078523985056581
