,flop,board_type,0b,1b,2b,profit
0,"[12, 8, 4]",rainbow,1,1,1,0.6542990335049197
1,"[12, 8, 4]",rainbow,8,6,4,1.494609804274292
2,"[12, 8, 4]",rainbow,10,7,5,1.6076308659715888
3,"[12, 8, 4]",rainbow,15,10,7,1.8391862501790255
4,"[12, 8, 4]",rainbow,16,11,8,1.9372037338144539
