,flop,board_type,0b,1b,2b,profit
0,"[12, 8, 2]",rainbow,1,1,1,0.6015654293907303
1,"[12, 8, 2]",rainbow,2,2,2,0.6055248851372089
2,"[12, 8, 2]",rainbow,3,2,2,0.8189594429591072
3,"[12, 8, 2]",rainbow,4,3,2,1.0910865073700613
4,"[12, 8, 2]",rainbow,8,6,4,1.5415879314401009
5,"[12, 8, 2]",rainbow,10,7,5,1.6887346238498047
6,"[12, 8, 2]",rainbow,15,10,7,1.9077150986563294
7,"[12, 8, 2]",rainbow,16,11,8,2.0361209040215402
