,flop,board_type,0b,1b,2b,profit
0,"[12, 3, 3]",rainbow,1,1,1,0.5308411614125619
1,"[12, 3, 3]",rainbow,8,6,4,1.3281109301177132
2,"[12, 3, 3]",rainbow,10,7,5,1.4574265171015974
3,"[12, 3, 3]",rainbow,15,10,7,1.7908909684417744
4,"[12, 3, 3]",rainbow,16,11,8,2.0913959569257434
