,flop,board_type,0b,1b,2b,profit
0,"[11, 11, 11]",rainbow,1,1,1,0.49192167637141104
1,"[11, 11, 11]",rainbow,2,2,2,0.49236693288784833
2,"[11, 11, 11]",rainbow,3,2,2,0.49264583363899456
3,"[11, 11, 11]",rainbow,4,3,2,0.5524767829366243
4,"[11, 11, 11]",rainbow,8,6,4,1.3386122516258576
5,"[11, 11, 11]",rainbow,10,7,5,1.6100041701850225
6,"[11, 11, 11]",rainbow,15,10,7,1.8304461751991672
7,"[11, 11, 11]",rainbow,16,11,8,2.0807201670341104
