,flop,board_type,0b,1b,2b,profit
0,"[11, 11, 6]",rainbow,1,1,1,0.5150323876620988
1,"[11, 11, 6]",rainbow,8,6,4,1.2725883561598792
2,"[11, 11, 6]",rainbow,10,7,5,1.4583460970126705
3,"[11, 11, 6]",rainbow,15,10,7,1.6797132754573108
4,"[11, 11, 6]",rainbow,16,11,8,1.8895111450749038
