,flop,board_type,0b,1b,2b,profit
0,"[11, 10, 4]",rainbow,1,1,1,0.6625286253392473
1,"[11, 10, 4]",rainbow,2,2,2,0.8053369209519399
2,"[11, 10, 4]",rainbow,3,2,2,0.9615819824873273
3,"[11, 10, 4]",rainbow,4,3,2,1.1350415333505557
4,"[11, 10, 4]",rainbow,8,6,4,1.4406880195440148
5,"[11, 10, 4]",rainbow,10,7,5,1.6049392286013355
6,"[11, 10, 4]",rainbow,15,10,7,1.711957889092416
7,"[11, 10, 4]",rainbow,16,11,8,1.7722839225857867
