,flop,board_type,0b,1b,2b,profit
0,"[11, 9, 4]",rainbow,1,1,1,0.666646663620529
1,"[11, 9, 4]",rainbow,2,2,2,0.8069286153795203
2,"[11, 9, 4]",rainbow,3,2,2,0.955900907376969
3,"[11, 9, 4]",rainbow,4,3,2,1.1270799162038176
4,"[11, 9, 4]",rainbow,8,6,4,1.401095960752662
5,"[11, 9, 4]",rainbow,10,7,5,1.5560395284848634
6,"[11, 9, 4]",rainbow,15,10,7,1.6646916277169914
7,"[11, 9, 4]",rainbow,16,11,8,1.7167118203596492
