,flop,board_type,0b,1b,2b,profit
0,"[11, 8, 4]",rainbow,1,1,1,0.6441154306046379
1,"[11, 8, 4]",rainbow,2,2,2,0.758874147021349
2,"[11, 8, 4]",rainbow,3,2,2,1.0768484004879704
3,"[11, 8, 4]",rainbow,4,3,2,1.2697831915883238
4,"[11, 8, 4]",rainbow,8,6,4,1.3921053027235322
5,"[11, 8, 4]",rainbow,10,7,5,1.5105929234167599
6,"[11, 8, 4]",rainbow,15,10,7,1.7358836710190253
7,"[11, 8, 4]",rainbow,16,11,8,1.8327019627351508
