,flop,board_type,0b,1b,2b,profit
0,"[11, 7, 7]",rainbow,1,1,1,0.6055374343485084
1,"[11, 7, 7]",rainbow,8,6,4,1.422011638712716
2,"[11, 7, 7]",rainbow,10,7,5,1.5937551187127157
3,"[11, 7, 7]",rainbow,15,10,7,1.821190480099424
4,"[11, 7, 7]",rainbow,16,11,8,2.0331802031187856
