,flop,board_type,0b,1b,2b,profit
0,"[11, 7, 6]",rainbow,1,1,1,0.6683195865571009
1,"[11, 7, 6]",rainbow,2,2,2,0.7820636429624951
2,"[11, 7, 6]",rainbow,3,2,2,0.9889906223135273
3,"[11, 7, 6]",rainbow,4,3,2,1.1448689164085546
4,"[11, 7, 6]",rainbow,8,6,4,1.279292246997472
5,"[11, 7, 6]",rainbow,10,7,5,1.382679302465234
6,"[11, 7, 6]",rainbow,15,10,7,1.6226570728824274
7,"[11, 7, 6]",rainbow,16,11,8,1.7831880066160979
