,flop,board_type,0b,1b,2b,profit
0,"[11, 7, 5]",rainbow,1,1,1,0.6414845593339092
1,"[11, 7, 5]",rainbow,2,2,2,0.7484658571216045
2,"[11, 7, 5]",rainbow,3,2,2,0.9407305825463097
3,"[11, 7, 5]",rainbow,4,3,2,1.1030697729196661
4,"[11, 7, 5]",rainbow,8,6,4,1.219903249424129
5,"[11, 7, 5]",rainbow,10,7,5,1.3569162534840198
6,"[11, 7, 5]",rainbow,15,10,7,1.598300116419522
7,"[11, 7, 5]",rainbow,16,11,8,1.7640684159804207
