,flop,board_type,0b,1b,2b,profit
0,"[11, 7, 3]",rainbow,1,1,1,0.622458494612069
1,"[11, 7, 3]",rainbow,2,2,2,0.6235950825220202
2,"[11, 7, 3]",rainbow,3,2,2,0.8708893811691816
3,"[11, 7, 3]",rainbow,4,3,2,1.0942407863275398
4,"[11, 7, 3]",rainbow,8,6,4,1.3060886038172317
5,"[11, 7, 3]",rainbow,10,7,5,1.4418938838104387
6,"[11, 7, 3]",rainbow,15,10,7,1.672447559158312
7,"[11, 7, 3]",rainbow,16,11,8,1.8406684691248125
