,flop,board_type,0b,1b,2b,profit
0,"[11, 7, 2]",rainbow,1,1,1,0.6067058495810342
1,"[11, 7, 2]",rainbow,8,6,4,1.3822689191191497
2,"[11, 7, 2]",rainbow,10,7,5,1.513484785982526
3,"[11, 7, 2]",rainbow,15,10,7,1.7330651955983036
4,"[11, 7, 2]",rainbow,16,11,8,1.9222870873952587
