,flop,board_type,0b,1b,2b,profit
0,"[10, 10, 6]",rainbow,1,1,1,0.5426728533640739
1,"[10, 10, 6]",rainbow,2,2,2,0.5820473877890983
2,"[10, 10, 6]",rainbow,3,2,2,0.6473978663898041
3,"[10, 10, 6]",rainbow,4,3,2,0.8605570163433862
4,"[10, 10, 6]",rainbow,8,6,4,1.326828086797406
5,"[10, 10, 6]",rainbow,10,7,5,1.5512117256160338
6,"[10, 10, 6]",rainbow,15,10,7,1.7575337776851092
7,"[10, 10, 6]",rainbow,16,11,8,1.9046406193082852
