,flop,board_type,0b,1b,2b,profit
0,"[10, 10, 3]",rainbow,1,1,1,0.44230588527351106
1,"[10, 10, 3]",rainbow,2,2,2,0.44331140801103325
2,"[10, 10, 3]",rainbow,8,6,4,1.197789742871827
3,"[10, 10, 3]",rainbow,10,7,5,1.4512865491269544
4,"[10, 10, 3]",rainbow,15,10,7,1.735845535607627
5,"[10, 10, 3]",rainbow,16,11,8,1.9217764141419975
