,flop,board_type,0b,1b,2b,profit
0,"[10, 8, 8]",rainbow,1,1,1,0.5079414513301178
1,"[10, 8, 8]",rainbow,2,2,2,0.7789451631445476
2,"[10, 8, 8]",rainbow,3,2,2,0.9668565821987967
3,"[10, 8, 8]",rainbow,4,3,2,1.1758957660409726
4,"[10, 8, 8]",rainbow,8,6,4,1.4672022956441748
5,"[10, 8, 8]",rainbow,10,7,5,1.6936178621923323
6,"[10, 8, 8]",rainbow,15,10,7,1.9287402355601406
7,"[10, 8, 8]",rainbow,16,11,8,2.033199778248222
