,flop,board_type,0b,1b,2b,profit
0,"[10, 7, 5]",rainbow,1,1,1,0.6689150657566734
1,"[10, 7, 5]",rainbow,2,2,2,0.7753159033151141
2,"[10, 7, 5]",rainbow,3,2,2,0.9647925287409508
3,"[10, 7, 5]",rainbow,4,3,2,1.1249020403134848
4,"[10, 7, 5]",rainbow,8,6,4,1.247261118036959
5,"[10, 7, 5]",rainbow,10,7,5,1.4347706723411129
6,"[10, 7, 5]",rainbow,15,10,7,1.6614181104123888
7,"[10, 7, 5]",rainbow,16,11,8,1.7893214281567813
