,flop,board_type,0b,1b,2b,profit
0,"[10, 7, 4]",rainbow,1,1,1,0.6700070824414714
1,"[10, 7, 4]",rainbow,2,2,2,0.7788809800668898
2,"[10, 7, 4]",rainbow,3,2,2,1.0003917503392263
3,"[10, 7, 4]",rainbow,4,3,2,1.1762606165695175
4,"[10, 7, 4]",rainbow,8,6,4,1.2955646541495465
5,"[10, 7, 4]",rainbow,10,7,5,1.4488419398805543
6,"[10, 7, 4]",rainbow,15,10,7,1.6755347114393215
7,"[10, 7, 4]",rainbow,16,11,8,1.8000831186239847
