,flop,board_type,0b,1b,2b,profit
0,"[10, 6, 6]",rainbow,1,1,1,0.6968256632928476
1,"[10, 6, 6]",rainbow,2,2,2,0.6984572297570852
2,"[10, 6, 6]",rainbow,3,2,2,0.7797619984817814
3,"[10, 6, 6]",rainbow,4,3,2,1.0005947289136299
4,"[10, 6, 6]",rainbow,8,6,4,1.51035414962888
5,"[10, 6, 6]",rainbow,10,7,5,1.726331739288124
6,"[10, 6, 6]",rainbow,15,10,7,1.9201815638917
7,"[10, 6, 6]",rainbow,16,11,8,2.0734228835188935
