,flop,board_type,0b,1b,2b,profit
0,"[10, 6, 5]",rainbow,1,1,1,0.6107147454531155
1,"[10, 6, 5]",rainbow,2,2,2,0.6868388932976717
2,"[10, 6, 5]",rainbow,3,2,2,0.7477526746853367
3,"[10, 6, 5]",rainbow,4,3,2,0.9432343316865955
4,"[10, 6, 5]",rainbow,8,6,4,1.184136298363751
5,"[10, 6, 5]",rainbow,10,7,5,1.389847401258653
6,"[10, 6, 5]",rainbow,15,10,7,1.6173192695405914
7,"[10, 6, 5]",rainbow,16,11,8,1.755429651132788
