,flop,board_type,0b,1b,2b,profit
0,"[10, 6, 4]",rainbow,1,1,1,0.6179900629187466
1,"[10, 6, 4]",rainbow,2,2,2,0.7301081168075092
2,"[10, 6, 4]",rainbow,3,2,2,0.8276529068183321
3,"[10, 6, 4]",rainbow,4,3,2,1.032360905446773
4,"[10, 6, 4]",rainbow,8,6,4,1.2686128443393643
5,"[10, 6, 4]",rainbow,10,7,5,1.445313271793236
6,"[10, 6, 4]",rainbow,15,10,7,1.6722471083619272
7,"[10, 6, 4]",rainbow,16,11,8,1.8114355364562065
