,flop,board_type,0b,1b,2b,profit
0,"[10, 6, 2]",rainbow,1,1,1,0.6112354573244912
1,"[10, 6, 2]",rainbow,2,2,2,0.6122127209526315
2,"[10, 6, 2]",rainbow,3,2,2,0.8191110350035073
3,"[10, 6, 2]",rainbow,4,3,2,1.087520225265825
4,"[10, 6, 2]",rainbow,8,6,4,1.3725935417022024
5,"[10, 6, 2]",rainbow,10,7,5,1.5479413206902684
6,"[10, 6, 2]",rainbow,15,10,7,1.747476177148059
7,"[10, 6, 2]",rainbow,16,11,8,1.8871277720486974
