,flop,board_type,0b,1b,2b,profit
0,"[10, 5, 5]",rainbow,1,1,1,0.6110434966091328
1,"[10, 5, 5]",rainbow,8,6,4,1.392814285914207
2,"[10, 5, 5]",rainbow,10,7,5,1.64861346234095
3,"[10, 5, 5]",rainbow,15,10,7,1.8724994096879235
4,"[10, 5, 5]",rainbow,16,11,8,2.035747273627842
