,flop,board_type,0b,1b,2b,profit
0,"[10, 5, 2]",rainbow,1,1,1,0.5647578482016338
1,"[10, 5, 2]",rainbow,2,2,2,0.6013625262803853
2,"[10, 5, 2]",rainbow,3,2,2,0.6408987449915369
3,"[10, 5, 2]",rainbow,4,3,2,0.8488927547890155
4,"[10, 5, 2]",rainbow,8,6,4,1.3103986293343943
5,"[10, 5, 2]",rainbow,10,7,5,1.4944341519907605
6,"[10, 5, 2]",rainbow,15,10,7,1.7328125515655066
7,"[10, 5, 2]",rainbow,16,11,8,1.8958575781196818
