,flop,board_type,0b,1b,2b,profit
0,"[10, 4, 4]",rainbow,1,1,1,0.5606063887631286
1,"[10, 4, 4]",rainbow,2,2,2,0.5615211255225857
2,"[10, 4, 4]",rainbow,8,6,4,1.3910066990058123
3,"[10, 4, 4]",rainbow,10,7,5,1.6265174067196901
4,"[10, 4, 4]",rainbow,15,10,7,1.8753496660140716
5,"[10, 4, 4]",rainbow,16,11,8,2.051884799857245
