,flop,board_type,0b,1b,2b,profit
0,"[10, 4, 3]",rainbow,1,1,1,0.553532344113975
1,"[10, 4, 3]",rainbow,2,2,2,0.588250640711947
2,"[10, 4, 3]",rainbow,3,2,2,0.6547872334037852
3,"[10, 4, 3]",rainbow,4,3,2,0.8367173241397817
4,"[10, 4, 3]",rainbow,8,6,4,1.3369223406300879
5,"[10, 4, 3]",rainbow,10,7,5,1.5570424965628242
6,"[10, 4, 3]",rainbow,15,10,7,1.7846329723592202
7,"[10, 4, 3]",rainbow,16,11,8,1.9567277778151366
