,flop,board_type,0b,1b,2b,profit
0,"[10, 3, 2]",rainbow,1,1,1,0.5761941513375799
1,"[10, 3, 2]",rainbow,2,2,2,0.6121654220047885
2,"[10, 3, 2]",rainbow,3,2,2,0.6841407580973035
3,"[10, 3, 2]",rainbow,4,3,2,0.8513495510511814
4,"[10, 3, 2]",rainbow,8,6,4,1.4001065291078287
5,"[10, 3, 2]",rainbow,10,7,5,1.5822979896941773
6,"[10, 3, 2]",rainbow,15,10,7,1.85384406434928
7,"[10, 3, 2]",rainbow,16,11,8,2.034573702134888
