,flop,board_type,0b,1b,2b,profit
0,"[9, 8, 2]",rainbow,1,1,1,0.6623559993024171
1,"[9, 8, 2]",rainbow,2,2,2,0.8440245542490468
2,"[9, 8, 2]",rainbow,3,2,2,1.0751148854434431
3,"[9, 8, 2]",rainbow,4,3,2,1.2600763301814675
4,"[9, 8, 2]",rainbow,8,6,4,1.467989205543398
5,"[9, 8, 2]",rainbow,10,7,5,1.7348082742792437
6,"[9, 8, 2]",rainbow,15,10,7,1.8852635411765268
7,"[9, 8, 2]",rainbow,16,11,8,1.9315010811585616
