,flop,board_type,0b,1b,2b,profit
0,"[9, 7, 7]",rainbow,1,1,1,0.6746724004116729
1,"[9, 7, 7]",rainbow,2,2,2,0.809410225629533
2,"[9, 7, 7]",rainbow,3,2,2,0.9562483046707574
3,"[9, 7, 7]",rainbow,4,3,2,1.079509091536656
4,"[9, 7, 7]",rainbow,8,6,4,1.3317458564160396
5,"[9, 7, 7]",rainbow,10,7,5,1.66778574207337
6,"[9, 7, 7]",rainbow,15,10,7,1.9984166062828228
7,"[9, 7, 7]",rainbow,16,11,8,2.0378771394109614
