,flop,board_type,0b,1b,2b,profit
0,"[9, 7, 2]",rainbow,1,1,1,0.6656933485177153
1,"[9, 7, 2]",rainbow,2,2,2,0.7297678434562545
2,"[9, 7, 2]",rainbow,3,2,2,0.8879750332610269
3,"[9, 7, 2]",rainbow,4,3,2,1.0302503933477947
4,"[9, 7, 2]",rainbow,8,6,4,1.2601731688358644
5,"[9, 7, 2]",rainbow,10,7,5,1.5840986276211133
6,"[9, 7, 2]",rainbow,15,10,7,1.8589698011569056
7,"[9, 7, 2]",rainbow,16,11,8,1.900471679681851
