,flop,board_type,0b,1b,2b,profit
0,"[9, 6, 5]",rainbow,1,1,1,0.6389256234708698
1,"[9, 6, 5]",rainbow,2,2,2,0.6856574663733064
2,"[9, 6, 5]",rainbow,3,2,2,0.8757869638547389
3,"[9, 6, 5]",rainbow,4,3,2,1.1161569987483482
4,"[9, 6, 5]",rainbow,8,6,4,1.2172640343637293
5,"[9, 6, 5]",rainbow,10,7,5,1.4150764503678634
6,"[9, 6, 5]",rainbow,15,10,7,1.7623527973261752
7,"[9, 6, 5]",rainbow,16,11,8,1.8331884584098352
