,flop,board_type,0b,1b,2b,profit
0,"[9, 6, 4]",rainbow,1,1,1,0.6113775065724755
1,"[9, 6, 4]",rainbow,2,2,2,0.7296483805546836
2,"[9, 6, 4]",rainbow,3,2,2,0.8244404448351648
3,"[9, 6, 4]",rainbow,4,3,2,0.9469236058503402
4,"[9, 6, 4]",rainbow,8,6,4,1.1595486712977499
5,"[9, 6, 4]",rainbow,10,7,5,1.407086200952381
6,"[9, 6, 4]",rainbow,15,10,7,1.7490640846572474
7,"[9, 6, 4]",rainbow,16,11,8,1.8259036969440086
