,flop,board_type,0b,1b,2b,profit
0,"[9, 4, 4]",rainbow,1,1,1,0.5981033353614165
1,"[9, 4, 4]",rainbow,8,6,4,1.2942483684066894
2,"[9, 4, 4]",rainbow,10,7,5,1.5789818865124903
3,"[9, 4, 4]",rainbow,15,10,7,1.938397339734798
4,"[9, 4, 4]",rainbow,16,11,8,2.050004978958785
