,flop,board_type,0b,1b,2b,profit
0,"[9, 4, 3]",rainbow,1,1,1,0.5943870472182915
1,"[9, 4, 3]",rainbow,2,2,2,0.6253191455276683
2,"[9, 4, 3]",rainbow,3,2,2,0.6937137423847471
3,"[9, 4, 3]",rainbow,4,3,2,0.8411136317866986
4,"[9, 4, 3]",rainbow,8,6,4,1.251328084605646
5,"[9, 4, 3]",rainbow,10,7,5,1.5197068891040444
6,"[9, 4, 3]",rainbow,15,10,7,1.868240586504804
7,"[9, 4, 3]",rainbow,16,11,8,1.9633179481641474
