,flop,board_type,0b,1b,2b,profit
0,"[9, 2, 2]",rainbow,1,1,1,0.5483196837086906
1,"[9, 2, 2]",rainbow,2,2,2,0.5498843870257037
2,"[9, 2, 2]",rainbow,8,6,4,1.300904862893513
3,"[9, 2, 2]",rainbow,10,7,5,1.5968379066731948
4,"[9, 2, 2]",rainbow,15,10,7,1.9299865758727053
5,"[9, 2, 2]",rainbow,16,11,8,2.0620851602741737
