,flop,board_type,0b,1b,2b,profit
0,"[8, 8, 8]",rainbow,1,1,1,0.17703383149207907
1,"[8, 8, 8]",rainbow,2,2,2,0.17920028149207912
2,"[8, 8, 8]",rainbow,8,6,4,0.8332662516402585
3,"[8, 8, 8]",rainbow,10,7,5,1.2700693833389716
4,"[8, 8, 8]",rainbow,15,10,7,1.6017583060561522
5,"[8, 8, 8]",rainbow,16,11,8,1.9279088359476848
