,flop,board_type,0b,1b,2b,profit
0,"[8, 7, 2]",rainbow,1,1,1,0.545606508466268
1,"[8, 7, 2]",rainbow,2,2,2,0.7456566825846533
2,"[8, 7, 2]",rainbow,3,2,2,0.9579638636682546
3,"[8, 7, 2]",rainbow,4,3,2,1.1537820903973266
4,"[8, 7, 2]",rainbow,8,6,4,1.2709276538276373
5,"[8, 7, 2]",rainbow,10,7,5,1.610410381593645
6,"[8, 7, 2]",rainbow,15,10,7,1.9537962776840776
7,"[8, 7, 2]",rainbow,16,11,8,2.0340931696438465
