,flop,board_type,0b,1b,2b,profit
0,"[8, 5, 3]",rainbow,1,1,1,0.4488288899926449
1,"[8, 5, 3]",rainbow,2,2,2,0.5217719205193916
2,"[8, 5, 3]",rainbow,3,2,2,0.5898418631279609
3,"[8, 5, 3]",rainbow,4,3,2,0.7033985223926339
4,"[8, 5, 3]",rainbow,8,6,4,0.9471408369321757
5,"[8, 5, 3]",rainbow,10,7,5,1.2008669663059268
6,"[8, 5, 3]",rainbow,15,10,7,1.6428832011560026
7,"[8, 5, 3]",rainbow,16,11,8,1.9544371310924897
