,flop,board_type,0b,1b,2b,profit
0,"[8, 4, 2]",rainbow,1,1,1,0.4992398992471989
1,"[8, 4, 2]",rainbow,2,2,2,0.5768872940301123
2,"[8, 4, 2]",rainbow,3,2,2,0.6431094522934174
3,"[8, 4, 2]",rainbow,4,3,2,0.7915605511204482
4,"[8, 4, 2]",rainbow,8,6,4,1.0777261552871147
5,"[8, 4, 2]",rainbow,10,7,5,1.3062291704306723
6,"[8, 4, 2]",rainbow,15,10,7,1.7140955152310928
7,"[8, 4, 2]",rainbow,16,11,8,2.0165236218487395
