,flop,board_type,0b,1b,2b,profit
0,"[8, 3, 2]",rainbow,1,1,1,0.4933280010726577
1,"[8, 3, 2]",rainbow,2,2,2,0.5285429464522547
2,"[8, 3, 2]",rainbow,3,2,2,0.5979943191366767
3,"[8, 3, 2]",rainbow,4,3,2,0.7403680811088609
4,"[8, 3, 2]",rainbow,8,6,4,1.1163043817280807
5,"[8, 3, 2]",rainbow,10,7,5,1.3723889899249053
6,"[8, 3, 2]",rainbow,15,10,7,1.7820368384256942
7,"[8, 3, 2]",rainbow,16,11,8,2.0876842936742785
