,flop,board_type,0b,1b,2b,profit
0,"[8, 2, 2]",rainbow,1,1,1,0.44925965633692216
1,"[8, 2, 2]",rainbow,8,6,4,1.1165745756710275
2,"[8, 2, 2]",rainbow,10,7,5,1.3919505004321426
3,"[8, 2, 2]",rainbow,15,10,7,1.8012648366040165
4,"[8, 2, 2]",rainbow,16,11,8,2.109104739222757
