,flop,board_type,0b,1b,2b,profit
0,"[7, 6, 4]",rainbow,1,1,1,0.7107020219585305
1,"[7, 6, 4]",rainbow,2,2,2,0.8172850758373177
2,"[7, 6, 4]",rainbow,3,2,2,0.99750560823478
3,"[7, 6, 4]",rainbow,4,3,2,1.1182004835785582
4,"[7, 6, 4]",rainbow,8,6,4,1.1810033176680925
5,"[7, 6, 4]",rainbow,10,7,5,1.4433778588556774
6,"[7, 6, 4]",rainbow,15,10,7,1.7946006744246825
7,"[7, 6, 4]",rainbow,16,11,8,2.0477780682207865
