,flop,board_type,0b,1b,2b,profit
0,"[6, 3, 3]",rainbow,1,1,1,0.7759907884189804
1,"[6, 3, 3]",rainbow,2,2,2,0.8146667620906216
2,"[6, 3, 3]",rainbow,3,2,2,0.8450238328794893
3,"[6, 3, 3]",rainbow,4,3,2,0.8911382846023674
4,"[6, 3, 3]",rainbow,8,6,4,1.2657063597989258
5,"[6, 3, 3]",rainbow,10,7,5,1.4095936356377807
6,"[6, 3, 3]",rainbow,15,10,7,1.6918209839922715
7,"[6, 3, 3]",rainbow,16,11,8,2.1825718253975457
