,flop,board_type,0b,1b,2b,profit
0,"[5, 4, 4]",rainbow,1,1,1,0.7200838751603427
1,"[5, 4, 4]",rainbow,2,2,2,0.7556252505703792
2,"[5, 4, 4]",rainbow,3,2,2,0.8190064920514073
3,"[5, 4, 4]",rainbow,4,3,2,0.8473445018115052
4,"[5, 4, 4]",rainbow,8,6,4,1.2271994194443083
5,"[5, 4, 4]",rainbow,10,7,5,1.4315384596523868
6,"[5, 4, 4]",rainbow,15,10,7,1.751692152506732
7,"[5, 4, 4]",rainbow,16,11,8,2.2373402386511625
