,flop,board_type,0b,1b,2b,profit
0,"[4, 4, 4]",rainbow,1,1,1,0.6198313349212993
1,"[4, 4, 4]",rainbow,8,6,4,1.2228680888843757
2,"[4, 4, 4]",rainbow,10,7,5,1.4313349441586427
3,"[4, 4, 4]",rainbow,15,10,7,1.7025176364420314
4,"[4, 4, 4]",rainbow,16,11,8,2.2118128008901676
