,flop,board_type,0b,1b,2b,profit
0,"[2, 2, 2]",rainbow,1,1,1,0.6316917284547986
1,"[2, 2, 2]",rainbow,8,6,4,1.3071806435727393
2,"[2, 2, 2]",rainbow,10,7,5,1.4849139979988837
3,"[2, 2, 2]",rainbow,15,10,7,1.7644814050210518
4,"[2, 2, 2]",rainbow,16,11,8,2.2844429502415515
