,flop,board_type,0b,1b,2b,profit
0,"[14, 13, 6]",monotone,1,1,1,1.1570548126635045
1,"[14, 13, 6]",monotone,2,2,2,1.2504670056092473
2,"[14, 13, 6]",monotone,3,2,2,1.3414678719636537
3,"[14, 13, 6]",monotone,4,3,2,1.5232025602486443
4,"[14, 13, 6]",monotone,8,6,4,1.5773219672169256
5,"[14, 13, 6]",monotone,15,10,7,1.600631187536019
6,"[14, 13, 6]",monotone,16,11,8,1.8685112832464645
