,flop,board_type,0b,1b,2b,profit
0,"[14, 10, 8]",monotone,1,1,1,1.1922539399316572
1,"[14, 10, 8]",monotone,2,2,2,1.3858468566512085
2,"[14, 10, 8]",monotone,3,2,2,1.5684024088113255
3,"[14, 10, 8]",monotone,4,3,2,1.7191057223700263
4,"[14, 10, 8]",monotone,15,10,7,1.8557801104161582
5,"[14, 10, 8]",monotone,16,11,8,1.9056514751952647
