,flop,board_type,0b,1b,2b,profit
0,"[14, 9, 5]",monotone,1,1,1,0.9899766464530894
1,"[14, 9, 5]",monotone,2,2,2,0.9930529433002799
2,"[14, 9, 5]",monotone,3,2,2,1.1348377896008137
3,"[14, 9, 5]",monotone,4,3,2,1.3042519326214084
4,"[14, 9, 5]",monotone,8,6,4,1.3559654513094332
5,"[14, 9, 5]",monotone,10,7,5,1.3564180119501652
6,"[14, 9, 5]",monotone,15,10,7,1.4549963674040176
7,"[14, 9, 5]",monotone,16,11,8,1.640036985125858
