,flop,board_type,0b,1b,2b,profit
0,"[14, 8, 6]",monotone,1,1,1,0.9304167937167631
1,"[14, 8, 6]",monotone,2,2,2,0.9334207278265898
2,"[14, 8, 6]",monotone,3,2,2,0.9902929375803471
3,"[14, 8, 6]",monotone,4,3,2,1.0437321249190752
4,"[14, 8, 6]",monotone,8,6,4,1.0438168541549135
5,"[14, 8, 6]",monotone,15,10,7,1.2180700539260116
6,"[14, 8, 6]",monotone,16,11,8,1.6628645908878614
