,flop,board_type,0b,1b,2b,profit
0,"[13, 12, 7]",monotone,1,1,1,0.9794157763052995
1,"[13, 12, 7]",monotone,2,2,2,1.0615431015518437
2,"[13, 12, 7]",monotone,3,2,2,1.1812599484976958
3,"[13, 12, 7]",monotone,4,3,2,1.334596097635945
4,"[13, 12, 7]",monotone,8,6,4,1.3732573917891706
5,"[13, 12, 7]",monotone,15,10,7,1.4298137487891704
