,flop,board_type,0b,1b,2b,profit
0,"[13, 11, 9]",monotone,1,1,1,1.7707737268533559
1,"[13, 11, 9]",monotone,2,2,2,1.7710303981295281
2,"[13, 11, 9]",monotone,3,2,2,1.803358818652744
3,"[13, 11, 9]",monotone,4,3,2,1.898908302354759
4,"[13, 11, 9]",monotone,15,10,7,1.9565178140740667
5,"[13, 11, 9]",monotone,16,11,8,1.9975587067463176
