,flop,board_type,0b,1b,2b,profit
0,"[13, 11, 8]",monotone,1,1,1,0.9304923724309994
1,"[13, 11, 8]",monotone,2,2,2,1.101051681375614
2,"[13, 11, 8]",monotone,3,2,2,1.159782112842688
3,"[13, 11, 8]",monotone,4,3,2,1.196523674716357
4,"[13, 11, 8]",monotone,8,6,4,1.3205047738712148
5,"[13, 11, 8]",monotone,10,7,5,1.3233344161329539
6,"[13, 11, 8]",monotone,15,10,7,1.4102963488607947
