,flop,board_type,0b,1b,2b,profit
0,"[13, 10, 9]",monotone,1,1,1,1.7545610518840988
1,"[13, 10, 9]",monotone,2,2,2,1.8754330961655068
2,"[13, 10, 9]",monotone,3,2,2,1.914065072315817
3,"[13, 10, 9]",monotone,4,3,2,2.003907907266806
4,"[13, 10, 9]",monotone,10,7,5,2.0054061553937776
5,"[13, 10, 9]",monotone,15,10,7,2.0593224000049064
6,"[13, 10, 9]",monotone,16,11,8,2.060289616805172
