,flop,board_type,0b,1b,2b,profit
0,"[13, 10, 7]",monotone,1,1,1,0.9385728117408908
1,"[13, 10, 7]",monotone,2,2,2,1.1923361435166444
2,"[13, 10, 7]",monotone,3,2,2,1.2496903434266757
3,"[13, 10, 7]",monotone,4,3,2,1.2866214154183537
4,"[13, 10, 7]",monotone,15,10,7,1.3446033756916331
5,"[13, 10, 7]",monotone,16,11,8,1.3485069066126858
