,flop,board_type,0b,1b,2b,profit
0,"[13, 10, 4]",monotone,1,1,1,0.7549207885491894
1,"[13, 10, 4]",monotone,2,2,2,0.8226754259718922
2,"[13, 10, 4]",monotone,3,2,2,0.9258103134616218
3,"[13, 10, 4]",monotone,4,3,2,1.000491779078919
4,"[13, 10, 4]",monotone,8,6,4,1.1064393022097296
5,"[13, 10, 4]",monotone,15,10,7,1.1120222065816219
6,"[13, 10, 4]",monotone,16,11,8,1.2729500325535132
