,flop,board_type,0b,1b,2b,profit
0,"[13, 9, 7]",monotone,1,1,1,0.8657252373421898
1,"[13, 9, 7]",monotone,2,2,2,0.9535046027361107
2,"[13, 9, 7]",monotone,3,2,2,1.0551324417674748
3,"[13, 9, 7]",monotone,4,3,2,1.136831447732372
4,"[13, 9, 7]",monotone,8,6,4,1.1378813485461665
5,"[13, 9, 7]",monotone,10,7,5,1.1395058987859064
6,"[13, 9, 7]",monotone,15,10,7,1.196034670298685
