,flop,board_type,0b,1b,2b,profit
0,"[13, 9, 4]",monotone,1,1,1,0.6971517718448658
1,"[13, 9, 4]",monotone,2,2,2,0.702660516388936
2,"[13, 9, 4]",monotone,3,2,2,0.846330406572492
3,"[13, 9, 4]",monotone,4,3,2,0.9616385337083405
4,"[13, 9, 4]",monotone,8,6,4,1.0803917210180172
5,"[13, 9, 4]",monotone,16,11,8,1.1630320868613602
