,flop,board_type,0b,1b,2b,profit
0,"[13, 9, 3]",monotone,1,1,1,0.7295440305601197
1,"[13, 9, 3]",monotone,2,2,2,0.7299112304621669
2,"[13, 9, 3]",monotone,3,2,2,0.8688502302936467
3,"[13, 9, 3]",monotone,4,3,2,0.987973884474006
4,"[13, 9, 3]",monotone,8,6,4,1.1006349662432595
5,"[13, 9, 3]",monotone,10,7,5,1.1017732595529997
6,"[13, 9, 3]",monotone,16,11,8,1.1836590103376727
