,flop,board_type,0b,1b,2b,profit
0,"[13, 7, 4]",monotone,1,1,1,0.6532647260731316
1,"[13, 7, 4]",monotone,8,6,4,0.8476864259368615
2,"[13, 7, 4]",monotone,10,7,5,0.8496492811037928
3,"[13, 7, 4]",monotone,16,11,8,1.1638636260390642
