,flop,board_type,0b,1b,2b,profit
0,"[13, 5, 3]",monotone,1,1,1,0.7152489996789049
1,"[13, 5, 3]",monotone,2,2,2,0.7160807906094753
2,"[13, 5, 3]",monotone,3,2,2,0.7801998311502888
3,"[13, 5, 3]",monotone,4,3,2,0.8207507880811017
4,"[13, 5, 3]",monotone,8,6,4,0.9011050631225006
5,"[13, 5, 3]",monotone,10,7,5,0.9054469357264023
6,"[13, 5, 3]",monotone,16,11,8,1.3479697866593967
