,flop,board_type,0b,1b,2b,profit
0,"[13, 4, 3]",monotone,1,1,1,0.6693171558935366
1,"[13, 4, 3]",monotone,2,2,2,0.6716938886169204
2,"[13, 4, 3]",monotone,3,2,2,0.7352603719007444
3,"[13, 4, 3]",monotone,4,3,2,0.7739701944173797
4,"[13, 4, 3]",monotone,8,6,4,0.8506233764595216
5,"[13, 4, 3]",monotone,10,7,5,0.8530763694233205
6,"[13, 4, 3]",monotone,16,11,8,1.2959427879634033
