,flop,board_type,0b,1b,2b,profit
0,"[12, 11, 3]",monotone,1,1,1,0.8354888693076925
1,"[12, 11, 3]",monotone,2,2,2,0.9978495121428572
2,"[12, 11, 3]",monotone,3,2,2,1.1019652195274727
3,"[12, 11, 3]",monotone,4,3,2,1.1811682846351648
4,"[12, 11, 3]",monotone,16,11,8,1.3450571347450548
