,flop,board_type,0b,1b,2b,profit
0,"[12, 10, 8]",monotone,1,1,1,1.3507606340448186
1,"[12, 10, 8]",monotone,2,2,2,1.456542796362406
2,"[12, 10, 8]",monotone,3,2,2,1.5399420646216888
3,"[12, 10, 8]",monotone,4,3,2,1.6976543405083309
4,"[12, 10, 8]",monotone,8,6,4,1.7011964416540126
5,"[12, 10, 8]",monotone,10,7,5,1.7017728610296199
6,"[12, 10, 8]",monotone,15,10,7,1.7536007934048023
7,"[12, 10, 8]",monotone,16,11,8,1.7571719427366779
