,flop,board_type,0b,1b,2b,profit
0,"[12, 9, 5]",monotone,1,1,1,0.7986743940158166
1,"[12, 9, 5]",monotone,2,2,2,0.8830054272039864
2,"[12, 9, 5]",monotone,3,2,2,1.1132784955107788
3,"[12, 9, 5]",monotone,4,3,2,1.2860136843451415
