,flop,board_type,0b,1b,2b,profit
0,"[12, 8, 2]",monotone,1,1,1,0.6621233931066176
1,"[12, 8, 2]",monotone,8,6,4,1.1530159474264707
2,"[12, 8, 2]",monotone,15,10,7,1.2673827436580882
3,"[12, 8, 2]",monotone,16,11,8,1.3464876576286768
