,flop,board_type,0b,1b,2b,profit
0,"[12, 7, 6]",monotone,1,1,1,0.8245475235786993
1,"[12, 7, 6]",monotone,2,2,2,0.9197790604628737
2,"[12, 7, 6]",monotone,3,2,2,0.9723398356734172
3,"[12, 7, 6]",monotone,4,3,2,1.0677948982856533
4,"[12, 7, 6]",monotone,8,6,4,1.220136235358406
5,"[12, 7, 6]",monotone,10,7,5,1.221316665406622
6,"[12, 7, 6]",monotone,15,10,7,1.3586898218407801
7,"[12, 7, 6]",monotone,16,11,8,1.5143822720111437
