,flop,board_type,0b,1b,2b,profit
0,"[12, 7, 4]",monotone,1,1,1,0.7082448722640219
1,"[12, 7, 4]",monotone,8,6,4,1.007007465629275
2,"[12, 7, 4]",monotone,15,10,7,1.1161266425786596
3,"[12, 7, 4]",monotone,16,11,8,1.3303122077291383
