,flop,board_type,0b,1b,2b,profit
0,"[12, 7, 3]",monotone,1,1,1,0.7397392146263913
1,"[12, 7, 3]",monotone,2,2,2,0.7400865604019986
2,"[12, 7, 3]",monotone,3,2,2,0.7425353259822851
3,"[12, 7, 3]",monotone,4,3,2,0.8563050038269362
4,"[12, 7, 3]",monotone,8,6,4,1.0362660560186239
5,"[12, 7, 3]",monotone,15,10,7,1.1409007322734501
6,"[12, 7, 3]",monotone,16,11,8,1.355659125289576
