,flop,board_type,0b,1b,2b,profit
0,"[11, 10, 6]",monotone,1,1,1,0.9210821307874889
1,"[11, 10, 6]",monotone,2,2,2,1.1018030308496007
2,"[11, 10, 6]",monotone,3,2,2,1.2158481816104703
3,"[11, 10, 6]",monotone,4,3,2,1.305021874875776
4,"[11, 10, 6]",monotone,15,10,7,1.3340999841659273
