,flop,board_type,0b,1b,2b,profit
0,"[11, 10, 2]",monotone,1,1,1,0.8494902101127915
1,"[11, 10, 2]",monotone,2,2,2,1.015941659548834
2,"[11, 10, 2]",monotone,3,2,2,1.1299554680466546
3,"[11, 10, 2]",monotone,4,3,2,1.21005822953089
4,"[11, 10, 2]",monotone,8,6,4,1.2109349687259676
5,"[11, 10, 2]",monotone,10,7,5,1.2111729075237119
6,"[11, 10, 2]",monotone,15,10,7,1.2117002805434505
7,"[11, 10, 2]",monotone,16,11,8,1.2962357200076902
