,flop,board_type,0b,1b,2b,profit
0,"[11, 6, 2]",monotone,1,1,1,0.7040132724035072
1,"[11, 6, 2]",monotone,8,6,4,1.0145064137647637
2,"[11, 6, 2]",monotone,15,10,7,1.1145273665834654
3,"[11, 6, 2]",monotone,16,11,8,1.3364049151041033
