,flop,board_type,0b,1b,2b,profit
0,"[11, 5, 2]",monotone,1,1,1,0.7582053175480772
1,"[11, 5, 2]",monotone,8,6,4,1.068834375721154
2,"[11, 5, 2]",monotone,15,10,7,1.1603719651442312
3,"[11, 5, 2]",monotone,16,11,8,1.4528121707532053
