,flop,board_type,0b,1b,2b,profit
0,"[10, 9, 7]",monotone,1,1,1,1.1105362375909271
1,"[10, 9, 7]",monotone,2,2,2,1.3147448513775328
2,"[10, 9, 7]",monotone,3,2,2,1.331362881554188
3,"[10, 9, 7]",monotone,4,3,2,1.3818820584886533
4,"[10, 9, 7]",monotone,8,6,4,1.3830262687755128
5,"[10, 9, 7]",monotone,15,10,7,1.4051922194076223
6,"[10, 9, 7]",monotone,16,11,8,1.4053957204968255
