,flop,board_type,0b,1b,2b,profit
0,"[10, 9, 4]",monotone,1,1,1,0.7753850888090814
1,"[10, 9, 4]",monotone,2,2,2,0.947787868127967
2,"[10, 9, 4]",monotone,3,2,2,1.0673469776511866
3,"[10, 9, 4]",monotone,4,3,2,1.1486788335933955
4,"[10, 9, 4]",monotone,8,6,4,1.1524165088359133
