,flop,board_type,0b,1b,2b,profit
0,"[10, 7, 4]",monotone,1,1,1,0.7249392557458522
1,"[10, 7, 4]",monotone,2,2,2,0.8107522943640253
2,"[10, 7, 4]",monotone,3,2,2,0.8671793591308645
3,"[10, 7, 4]",monotone,4,3,2,0.970086190671559
4,"[10, 7, 4]",monotone,8,6,4,1.0136708122114475
5,"[10, 7, 4]",monotone,10,7,5,1.058898293930566
6,"[10, 7, 4]",monotone,15,10,7,1.1614634810638904
7,"[10, 7, 4]",monotone,16,11,8,1.2663507099050422
