,flop,board_type,0b,1b,2b,profit
0,"[10, 6, 4]",monotone,1,1,1,0.7134139397087732
1,"[10, 6, 4]",monotone,2,2,2,0.8067520145814113
2,"[10, 6, 4]",monotone,3,2,2,0.8601069740462919
3,"[10, 6, 4]",monotone,4,3,2,1.027916094909543
4,"[10, 6, 4]",monotone,8,6,4,1.1072762022945166
5,"[10, 6, 4]",monotone,10,7,5,1.1611556176140234
6,"[10, 6, 4]",monotone,15,10,7,1.257071904689318
7,"[10, 6, 4]",monotone,16,11,8,1.363312113382005
