,flop,board_type,0b,1b,2b,profit
0,"[10, 6, 2]",monotone,1,1,1,0.7219604802205708
1,"[10, 6, 2]",monotone,2,2,2,0.7234903716135224
2,"[10, 6, 2]",monotone,3,2,2,0.8387837319587632
3,"[10, 6, 2]",monotone,4,3,2,1.044558023495565
4,"[10, 6, 2]",monotone,8,6,4,1.1275545926636301
5,"[10, 6, 2]",monotone,10,7,5,1.1762523350515466
6,"[10, 6, 2]",monotone,15,10,7,1.2733791584751861
7,"[10, 6, 2]",monotone,16,11,8,1.3777742206904817
