,flop,board_type,0b,1b,2b,profit
0,"[10, 4, 3]",monotone,1,1,1,0.7358517080140488
1,"[10, 4, 3]",monotone,2,2,2,0.7363964165070244
2,"[10, 4, 3]",monotone,3,2,2,0.79682558109834
3,"[10, 4, 3]",monotone,4,3,2,0.9498850102171137
4,"[10, 4, 3]",monotone,8,6,4,1.1382166644316731
5,"[10, 4, 3]",monotone,10,7,5,1.182292115581098
6,"[10, 4, 3]",monotone,15,10,7,1.2684964872286082
7,"[10, 4, 3]",monotone,16,11,8,1.4529678438697318
