,flop,board_type,0b,1b,2b,profit
0,"[9, 8, 5]",monotone,1,1,1,1.1507239978424426
1,"[9, 8, 5]",monotone,2,2,2,1.2364004324751745
2,"[9, 8, 5]",monotone,3,2,2,1.346537824638986
3,"[9, 8, 5]",monotone,4,3,2,1.4189915026256446
4,"[9, 8, 5]",monotone,8,6,4,1.4226118143894029
5,"[9, 8, 5]",monotone,10,7,5,1.5457045939802536
6,"[9, 8, 5]",monotone,15,10,7,1.6147019108484313
7,"[9, 8, 5]",monotone,16,11,8,1.6161676211785554
