,flop,board_type,0b,1b,2b,profit
0,"[9, 7, 3]",monotone,1,1,1,1.0646943964520676
1,"[9, 7, 3]",monotone,8,6,4,1.1432221833333331
2,"[9, 7, 3]",monotone,10,7,5,1.3461793543546363
3,"[9, 7, 3]",monotone,15,10,7,1.4700111729284149
