,flop,board_type,0b,1b,2b,profit
0,"[8, 6, 4]",monotone,1,1,1,0.986043530565657
1,"[8, 6, 4]",monotone,8,6,4,1.081067572858586
2,"[8, 6, 4]",monotone,10,7,5,1.3265006429898991
3,"[8, 6, 4]",monotone,15,10,7,1.580166964787879
4,"[8, 6, 4]",monotone,16,11,8,1.7505213489090914
