,flop,board_type,0b,1b,2b,profit
0,"[8, 5, 4]",monotone,1,1,1,0.9916017945639188
1,"[8, 5, 4]",monotone,2,2,2,0.9922468245320593
2,"[8, 5, 4]",monotone,8,6,4,1.0956839393269613
3,"[8, 5, 4]",monotone,10,7,5,1.226559631819992
4,"[8, 5, 4]",monotone,15,10,7,1.4498771970529671
5,"[8, 5, 4]",monotone,16,11,8,1.727494083193947
