,flop,board_type,0b,1b,2b,profit
0,"[7, 6, 4]",monotone,1,1,1,1.048067688118655
1,"[7, 6, 4]",monotone,2,2,2,1.1321184954174754
2,"[7, 6, 4]",monotone,3,2,2,1.1887046230544567
3,"[7, 6, 4]",monotone,4,3,2,1.2169881708588384
4,"[7, 6, 4]",monotone,8,6,4,1.217316754257801
5,"[7, 6, 4]",monotone,10,7,5,1.4018630285747613
6,"[7, 6, 4]",monotone,15,10,7,1.5904145907892282
7,"[7, 6, 4]",monotone,16,11,8,1.8237403676209318
