,flop,board_type,0b,1b,2b,profit
0,"[6, 5, 4]",monotone,1,1,1,1.1260401004273506
1,"[6, 5, 4]",monotone,2,2,2,1.1265956962759465
2,"[6, 5, 4]",monotone,3,2,2,1.1876223666056167
3,"[6, 5, 4]",monotone,4,3,2,1.2180687921245423
4,"[6, 5, 4]",monotone,8,6,4,1.219769134615385
5,"[6, 5, 4]",monotone,15,10,7,1.3591128659951162
6,"[6, 5, 4]",monotone,16,11,8,1.8172016117216123
