,flop,board_type,0b,1b,2b,profit
0,"[14, 8, 6]",two-tone,1,1,1,0.3187827937646447
1,"[14, 8, 6]",two-tone,2,2,2,0.3202343531938354
