,flop,board_type,0b,1b,2b,profit
0,"[14, 7, 5]",two-tone,1,1,1,1.0628300190387816
1,"[14, 7, 5]",two-tone,2,2,2,1.0663485270509512
