,flop,board_type,0b,1b,2b,profit
0,"[14, 3, 3]",two-tone,1,1,1,1.2889969329709026
1,"[14, 3, 3]",two-tone,2,2,2,1.2927929738178965
