,flop,board_type,0b,1b,2b,profit
0,"[13, 12, 10]",two-tone,1,1,1,1.9780883637333353
1,"[13, 12, 10]",two-tone,2,2,2,2.12982789730094
