,flop,board_type,0b,1b,2b,profit
0,"[12, 8, 2]",two-tone,1,1,1,1.3201765567079546
1,"[12, 8, 2]",two-tone,2,2,2,1.3209825172322283
