,flop,board_type,0b,1b,2b,profit
0,"[12, 6, 6]",two-tone,1,1,1,0.6763999207380651
1,"[12, 6, 6]",two-tone,2,2,2,0.6772139104832673
2,"[12, 6, 6]",two-tone,3,2,2,0.6780159465533105
