,flop,board_type,0b,1b,2b,profit
0,"[11, 4, 2]",two-tone,1,1,1,1.187360188531468
1,"[11, 4, 2]",two-tone,2,2,2,1.1928890770163174
