,flop,board_type,0b,1b,2b,profit
0,"[11, 2, 2]",two-tone,1,1,1,0.9954846368397378
1,"[11, 2, 2]",two-tone,2,2,2,0.997013746051859
2,"[11, 2, 2]",two-tone,3,2,2,1.0001541598700405
