,flop,board_type,0b,1b,2b,profit
0,"[9, 7, 3]",two-tone,1,1,1,1.2601515952723064
1,"[9, 7, 3]",two-tone,2,2,2,1.3229841012098063
