,flop,board_type,0b,1b,2b,profit
0,"[8, 4, 4]",two-tone,1,1,1,0.4854824598340108
1,"[8, 4, 4]",two-tone,2,2,2,0.4861202655503737
