,flop,board_type,0b,1b,2b,profit
0,"[8, 3, 3]",two-tone,1,1,1,0.4663741026308022
1,"[8, 3, 3]",two-tone,2,2,2,0.4698852349780748
