,flop,board_type,0b,1b,2b,profit
0,"[6, 6, 2]",two-tone,1,1,1,0.9209424211726114
1,"[6, 6, 2]",two-tone,2,2,2,0.9258814873615939
