,flop,board_type,0b,1b,2b,profit
0,"[4, 4, 3]",two-tone,1,1,1,0.7352623619322733
1,"[4, 4, 3]",two-tone,2,2,2,0.7381068007792558
