,flop,board_type,0b,1b,2b,profit
0,"[14, 14, 14]",rainbow,1,1,1,0.6047855303622741
1,"[14, 14, 14]",rainbow,8,6,4,1.2106299520449773
2,"[14, 14, 14]",rainbow,10,7,5,1.6778234534296592
3,"[14, 14, 14]",rainbow,15,10,7,2.0682249576784777
4,"[14, 14, 14]",rainbow,16,11,8,2.494713628830607
