,flop,board_type,0b,1b,2b,profit
0,"[14, 13, 2]",rainbow,1,1,1,0.7344286315195193
1,"[14, 13, 2]",rainbow,2,2,2,0.920070008419986
2,"[14, 13, 2]",rainbow,3,2,2,1.13379735929358
3,"[14, 13, 2]",rainbow,4,3,2,1.380613689142324
4,"[14, 13, 2]",rainbow,8,6,4,1.988693657624717
5,"[14, 13, 2]",rainbow,10,7,5,1.9892087029383163
6,"[14, 13, 2]",rainbow,15,10,7,2.2550702196315564
7,"[14, 13, 2]",rainbow,16,11,8,2.328094882427909
