,flop,board_type,0b,1b,2b,profit
0,"[14, 12, 11]",rainbow,1,1,1,1.453907303317017
1,"[14, 12, 11]",rainbow,2,2,2,1.8505930704164681
2,"[14, 12, 11]",rainbow,3,2,2,1.904900608203001
3,"[14, 12, 11]",rainbow,4,3,2,2.021814511105142
4,"[14, 12, 11]",rainbow,8,6,4,2.3256880084218796
5,"[14, 12, 11]",rainbow,10,7,5,2.396550242513332
6,"[14, 12, 11]",rainbow,15,10,7,2.7279587659851563
7,"[14, 12, 11]",rainbow,16,11,8,2.756612998802133
