,flop,board_type,0b,1b,2b,profit
0,"[14, 12, 10]",rainbow,1,1,1,2.3781485282171237
1,"[14, 12, 10]",rainbow,2,2,2,2.4939254124576995
2,"[14, 12, 10]",rainbow,3,2,2,2.5641412711794493
3,"[14, 12, 10]",rainbow,4,3,2,2.792269956255118
4,"[14, 12, 10]",rainbow,8,6,4,2.9856681342312332
5,"[14, 12, 10]",rainbow,10,7,5,3.054539116416658
6,"[14, 12, 10]",rainbow,15,10,7,3.3278710771131412
7,"[14, 12, 10]",rainbow,16,11,8,3.34494315487569
