,flop,board_type,0b,1b,2b,profit
0,"[14, 11, 4]",rainbow,1,1,1,0.6699770111024189
1,"[14, 11, 4]",rainbow,2,2,2,0.6740274088533196
2,"[14, 11, 4]",rainbow,3,2,2,0.8431626683715904
3,"[14, 11, 4]",rainbow,4,3,2,1.117333490896552
4,"[14, 11, 4]",rainbow,8,6,4,1.6877745449958828
5,"[14, 11, 4]",rainbow,10,7,5,1.8442405146129697
6,"[14, 11, 4]",rainbow,15,10,7,2.169114357657746
7,"[14, 11, 4]",rainbow,16,11,8,2.251385950379825
