,flop,board_type,0b,1b,2b,profit
0,"[14, 11, 3]",rainbow,1,1,1,0.699573008828148
1,"[14, 11, 3]",rainbow,2,2,2,0.7004904803914669
2,"[14, 11, 3]",rainbow,3,2,2,0.9203253570456933
3,"[14, 11, 3]",rainbow,4,3,2,1.152221507787533
4,"[14, 11, 3]",rainbow,8,6,4,1.7459372215775952
5,"[14, 11, 3]",rainbow,10,7,5,1.897872994703111
6,"[14, 11, 3]",rainbow,15,10,7,2.2087546782429355
7,"[14, 11, 3]",rainbow,16,11,8,2.2967773682288635
