,flop,board_type,0b,1b,2b,profit
0,"[14, 10, 6]",rainbow,1,1,1,0.7543645349593501
1,"[14, 10, 6]",rainbow,8,6,4,1.7599681814169568
2,"[14, 10, 6]",rainbow,10,7,5,1.8758469380952385
3,"[14, 10, 6]",rainbow,15,10,7,2.129007428815331
4,"[14, 10, 6]",rainbow,16,11,8,2.165268288675958
