,flop,board_type,0b,1b,2b,profit
0,"[14, 9, 6]",rainbow,1,1,1,0.6816258401795735
1,"[14, 9, 6]",rainbow,2,2,2,0.7445721465319869
2,"[14, 9, 6]",rainbow,3,2,2,0.8393764439057239
3,"[14, 9, 6]",rainbow,4,3,2,0.9958226482154885
4,"[14, 9, 6]",rainbow,8,6,4,1.3201376836363639
5,"[14, 9, 6]",rainbow,10,7,5,1.4101049686644223
6,"[14, 9, 6]",rainbow,15,10,7,1.8208549149719424
7,"[14, 9, 6]",rainbow,16,11,8,2.0701110603815946
