,flop,board_type,0b,1b,2b,profit
0,"[14, 6, 4]",rainbow,1,1,1,0.48863108448578146
1,"[14, 6, 4]",rainbow,2,2,2,0.5516357237436698
2,"[14, 6, 4]",rainbow,3,2,2,0.5965109534524741
3,"[14, 6, 4]",rainbow,4,3,2,0.6212973785255164
4,"[14, 6, 4]",rainbow,8,6,4,1.0497149205444107
5,"[14, 6, 4]",rainbow,10,7,5,1.1629464254041686
6,"[14, 6, 4]",rainbow,15,10,7,1.6919272158502148
7,"[14, 6, 4]",rainbow,16,11,8,2.08395891105376
