,flop,board_type,0b,1b,2b,profit
0,"[14, 5, 5]",rainbow,1,1,1,0.5958864583289266
1,"[14, 5, 5]",rainbow,2,2,2,0.5980570742464305
2,"[14, 5, 5]",rainbow,8,6,4,1.1634705554997353
3,"[14, 5, 5]",rainbow,10,7,5,1.2730891824960338
4,"[14, 5, 5]",rainbow,15,10,7,1.8565548075885774
5,"[14, 5, 5]",rainbow,16,11,8,2.2175384658910633
