,flop,board_type,0b,1b,2b,profit
0,"[14, 4, 4]",rainbow,1,1,1,0.5352269400457538
1,"[14, 4, 4]",rainbow,2,2,2,0.5366222782613553
2,"[14, 4, 4]",rainbow,8,6,4,1.1918054023211695
3,"[14, 4, 4]",rainbow,10,7,5,1.3004897486162257
4,"[14, 4, 4]",rainbow,15,10,7,1.8842249799129562
5,"[14, 4, 4]",rainbow,16,11,8,2.2530730207231335
