,flop,board_type,0b,1b,2b,profit
0,"[13, 13, 13]",rainbow,1,1,1,0.6192028672109338
1,"[13, 13, 13]",rainbow,8,6,4,1.3289443936391092
2,"[13, 13, 13]",rainbow,10,7,5,1.5852980373089847
3,"[13, 13, 13]",rainbow,15,10,7,1.836194094195073
4,"[13, 13, 13]",rainbow,16,11,8,2.039954550766483
