,flop,board_type,0b,1b,2b,profit
0,"[13, 13, 12]",rainbow,1,1,1,0.5363975788336353
1,"[13, 13, 12]",rainbow,2,2,2,0.7387366758606249
2,"[13, 13, 12]",rainbow,3,2,2,0.7906668494122365
3,"[13, 13, 12]",rainbow,4,3,2,0.8481012097172129
4,"[13, 13, 12]",rainbow,8,6,4,1.3069893983481922
5,"[13, 13, 12]",rainbow,10,7,5,1.4593084356375559
6,"[13, 13, 12]",rainbow,15,10,7,1.7929891338330295
7,"[13, 13, 12]",rainbow,16,11,8,1.8563591945886908
