,flop,board_type,0b,1b,2b,profit
0,"[13, 13, 8]",rainbow,1,1,1,0.6409798188463899
1,"[13, 13, 8]",rainbow,8,6,4,1.2879010883459499
2,"[13, 13, 8]",rainbow,10,7,5,1.3715094538723194
3,"[13, 13, 8]",rainbow,15,10,7,1.5988991438967806
4,"[13, 13, 8]",rainbow,16,11,8,1.7566545274996663
