,flop,board_type,0b,1b,2b,profit
0,"[13, 12, 12]",rainbow,1,1,1,0.8425262657638135
1,"[13, 12, 12]",rainbow,2,2,2,1.0460813572547711
2,"[13, 12, 12]",rainbow,3,2,2,1.0913806208934076
3,"[13, 12, 12]",rainbow,4,3,2,1.1545914280648386
4,"[13, 12, 12]",rainbow,8,6,4,1.5967880624947912
5,"[13, 12, 12]",rainbow,10,7,5,1.7595351586278023
6,"[13, 12, 12]",rainbow,15,10,7,2.046128672685224
7,"[13, 12, 12]",rainbow,16,11,8,2.0998057143095257
