,flop,board_type,0b,1b,2b,profit
0,"[13, 12, 10]",rainbow,1,1,1,1.5887707379436513
1,"[13, 12, 10]",rainbow,2,2,2,1.654181740094235
2,"[13, 12, 10]",rainbow,3,2,2,1.7314237353108917
3,"[13, 12, 10]",rainbow,4,3,2,1.8972477899732307
4,"[13, 12, 10]",rainbow,8,6,4,2.1043676283163637
5,"[13, 12, 10]",rainbow,10,7,5,2.2108544416399654
6,"[13, 12, 10]",rainbow,15,10,7,2.4808524618459646
7,"[13, 12, 10]",rainbow,16,11,8,2.5083508975270195
