,flop,board_type,0b,1b,2b,profit
0,"[13, 12, 3]",rainbow,1,1,1,0.6819205920995395
1,"[13, 12, 3]",rainbow,2,2,2,0.8556828111570489
2,"[13, 12, 3]",rainbow,3,2,2,0.9216924437278342
3,"[13, 12, 3]",rainbow,4,3,2,1.0218216119839325
4,"[13, 12, 3]",rainbow,8,6,4,1.5338100809562065
5,"[13, 12, 3]",rainbow,15,10,7,1.6979756708317821
6,"[13, 12, 3]",rainbow,16,11,8,1.7600989431164886
