,flop,board_type,0b,1b,2b,profit
0,"[13, 11, 10]",rainbow,1,1,1,1.6511239726535238
1,"[13, 11, 10]",rainbow,2,2,2,1.8524380779021072
2,"[13, 11, 10]",rainbow,3,2,2,1.9044242670948908
3,"[13, 11, 10]",rainbow,4,3,2,2.0199984672476177
4,"[13, 11, 10]",rainbow,8,6,4,2.2016791802006277
5,"[13, 11, 10]",rainbow,10,7,5,2.270824958734464
6,"[13, 11, 10]",rainbow,15,10,7,2.538037920595392
7,"[13, 11, 10]",rainbow,16,11,8,2.561864674699123
