,flop,board_type,0b,1b,2b,profit
0,"[13, 11, 8]",rainbow,1,1,1,0.8132203630790471
1,"[13, 11, 8]",rainbow,2,2,2,1.039608862079624
2,"[13, 11, 8]",rainbow,3,2,2,1.1174531843883946
3,"[13, 11, 8]",rainbow,4,3,2,1.1608055380811082
4,"[13, 11, 8]",rainbow,8,6,4,1.4414665639604973
5,"[13, 11, 8]",rainbow,10,7,5,1.444934889087228
6,"[13, 11, 8]",rainbow,15,10,7,1.6936254133206603
7,"[13, 11, 8]",rainbow,16,11,8,1.716832533691889
