,flop,board_type,0b,1b,2b,profit
0,"[13, 11, 4]",rainbow,1,1,1,0.6877498842001318
1,"[13, 11, 4]",rainbow,2,2,2,0.8668364268926922
2,"[13, 11, 4]",rainbow,3,2,2,0.9328258256089534
3,"[13, 11, 4]",rainbow,4,3,2,1.0314038754992323
4,"[13, 11, 4]",rainbow,8,6,4,1.4853290257735354
5,"[13, 11, 4]",rainbow,10,7,5,1.487690947959184
6,"[13, 11, 4]",rainbow,15,10,7,1.670862599506254
7,"[13, 11, 4]",rainbow,16,11,8,1.730369418005267
