,flop,board_type,0b,1b,2b,profit
0,"[13, 11, 2]",rainbow,1,1,1,0.7869477543994106
1,"[13, 11, 2]",rainbow,2,2,2,0.9474678536904939
2,"[13, 11, 2]",rainbow,3,2,2,1.0074554299336769
3,"[13, 11, 2]",rainbow,4,3,2,1.0462399098422994
4,"[13, 11, 2]",rainbow,8,6,4,1.5754055431702285
5,"[13, 11, 2]",rainbow,10,7,5,1.5765483495283716
6,"[13, 11, 2]",rainbow,15,10,7,1.7189196589005165
7,"[13, 11, 2]",rainbow,16,11,8,1.7910072894384674
