,flop,board_type,0b,1b,2b,profit
0,"[13, 10, 4]",rainbow,1,1,1,0.7514227730312126
1,"[13, 10, 4]",rainbow,2,2,2,0.927576160229092
2,"[13, 10, 4]",rainbow,3,2,2,0.9895909541736694
3,"[13, 10, 4]",rainbow,4,3,2,1.0883660657322929
4,"[13, 10, 4]",rainbow,8,6,4,1.5484769055227088
5,"[13, 10, 4]",rainbow,10,7,5,1.5512662141811724
6,"[13, 10, 4]",rainbow,15,10,7,1.7191934916711686
7,"[13, 10, 4]",rainbow,16,11,8,1.7689861937645062
