,flop,board_type,0b,1b,2b,profit
0,"[13, 10, 2]",rainbow,1,1,1,0.8408454734932993
1,"[13, 10, 2]",rainbow,2,2,2,1.0041171888736695
2,"[13, 10, 2]",rainbow,3,2,2,1.0587755681508673
3,"[13, 10, 2]",rainbow,4,3,2,1.0991123896230786
4,"[13, 10, 2]",rainbow,8,6,4,1.6340909958243006
5,"[13, 10, 2]",rainbow,10,7,5,1.635287431408652
6,"[13, 10, 2]",rainbow,15,10,7,1.7611031863539617
7,"[13, 10, 2]",rainbow,16,11,8,1.8261667767052618
