,flop,board_type,0b,1b,2b,profit
0,"[13, 9, 8]",rainbow,1,1,1,0.7920725608061682
1,"[13, 9, 8]",rainbow,2,2,2,1.020341900352549
2,"[13, 9, 8]",rainbow,3,2,2,1.3331776608021733
3,"[13, 9, 8]",rainbow,4,3,2,1.5182462788345916
4,"[13, 9, 8]",rainbow,8,6,4,1.5831270012543943
5,"[13, 9, 8]",rainbow,10,7,5,1.5850890175869885
6,"[13, 9, 8]",rainbow,15,10,7,1.8098314459401967
7,"[13, 9, 8]",rainbow,16,11,8,1.8165580140530122
