,flop,board_type,0b,1b,2b,profit
0,"[13, 8, 3]",rainbow,1,1,1,0.723565543832237
1,"[13, 8, 3]",rainbow,2,2,2,0.7254661656250003
2,"[13, 8, 3]",rainbow,3,2,2,0.7256697964912282
3,"[13, 8, 3]",rainbow,4,3,2,0.889842774095395
4,"[13, 8, 3]",rainbow,8,6,4,1.43497240287829
5,"[13, 8, 3]",rainbow,15,10,7,1.552688119490132
6,"[13, 8, 3]",rainbow,16,11,8,1.7387914648026317
