,flop,board_type,0b,1b,2b,profit
0,"[13, 7, 3]",rainbow,1,1,1,0.5690033094818608
1,"[13, 7, 3]",rainbow,8,6,4,1.3332493796343663
2,"[13, 7, 3]",rainbow,10,7,5,1.3341872515700488
3,"[13, 7, 3]",rainbow,15,10,7,1.4838298754238894
4,"[13, 7, 3]",rainbow,16,11,8,1.6992860426352188
