,flop,board_type,0b,1b,2b,profit
0,"[13, 6, 5]",rainbow,1,1,1,0.49712454220607
1,"[13, 6, 5]",rainbow,2,2,2,0.5530596415534809
2,"[13, 6, 5]",rainbow,3,2,2,0.6399659666542871
3,"[13, 6, 5]",rainbow,4,3,2,0.6813524571042021
4,"[13, 6, 5]",rainbow,8,6,4,1.1771711873143045
5,"[13, 6, 5]",rainbow,10,7,5,1.1788490282523352
6,"[13, 6, 5]",rainbow,15,10,7,1.4142303427949918
7,"[13, 6, 5]",rainbow,16,11,8,1.6457766937340836
