,flop,board_type,0b,1b,2b,profit
0,"[13, 4, 3]",rainbow,1,1,1,0.6284211857862905
1,"[13, 4, 3]",rainbow,2,2,2,0.6843254307459682
2,"[13, 4, 3]",rainbow,3,2,2,0.7837205140120972
3,"[13, 4, 3]",rainbow,4,3,2,0.8219891171370971
4,"[13, 4, 3]",rainbow,8,6,4,1.4762120612903231
5,"[13, 4, 3]",rainbow,15,10,7,1.6795464483870972
6,"[13, 4, 3]",rainbow,16,11,8,1.897779174193549
