,flop,board_type,0b,1b,2b,profit
0,"[12, 12, 11]",rainbow,1,1,1,0.7402230656914894
1,"[12, 12, 11]",rainbow,2,2,2,0.9577442102905069
2,"[12, 12, 11]",rainbow,3,2,2,1.0487354201718495
3,"[12, 12, 11]",rainbow,4,3,2,1.1154357641571193
4,"[12, 12, 11]",rainbow,8,6,4,1.5772013982201312
5,"[12, 12, 11]",rainbow,10,7,5,1.7209604281505728
6,"[12, 12, 11]",rainbow,15,10,7,2.0044098303805233
7,"[12, 12, 11]",rainbow,16,11,8,2.068456024468085
