,flop,board_type,0b,1b,2b,profit
0,"[12, 12, 6]",rainbow,1,1,1,0.6435924035842338
1,"[12, 12, 6]",rainbow,8,6,4,1.553539689351687
2,"[12, 12, 6]",rainbow,10,7,5,1.7285136624610282
3,"[12, 12, 6]",rainbow,15,10,7,1.9279715828788033
4,"[12, 12, 6]",rainbow,16,11,8,2.055801694681942
