,flop,board_type,0b,1b,2b,profit
0,"[12, 12, 4]",rainbow,1,1,1,0.6013520276628701
1,"[12, 12, 4]",rainbow,2,2,2,0.602695472834539
2,"[12, 12, 4]",rainbow,8,6,4,1.4234897786849086
3,"[12, 12, 4]",rainbow,10,7,5,1.5464409281672922
4,"[12, 12, 4]",rainbow,15,10,7,1.9455846272767978
5,"[12, 12, 4]",rainbow,16,11,8,2.1051361669505937
