,flop,board_type,0b,1b,2b,profit
0,"[12, 11, 5]",rainbow,1,1,1,0.7878505784720969
1,"[12, 11, 5]",rainbow,2,2,2,0.9936235343447111
2,"[12, 11, 5]",rainbow,3,2,2,1.1134831978658721
3,"[12, 11, 5]",rainbow,4,3,2,1.2212572515802782
4,"[12, 11, 5]",rainbow,8,6,4,1.4046187453043166
5,"[12, 11, 5]",rainbow,10,7,5,1.575797254785985
6,"[12, 11, 5]",rainbow,15,10,7,1.7344747504966591
7,"[12, 11, 5]",rainbow,16,11,8,1.7742755804587322
