,flop,board_type,0b,1b,2b,profit
0,"[12, 11, 3]",rainbow,1,1,1,0.7669577765574822
1,"[12, 11, 3]",rainbow,2,2,2,0.9687078111860419
2,"[12, 11, 3]",rainbow,3,2,2,1.0712025307428816
3,"[12, 11, 3]",rainbow,4,3,2,1.1878382344037683
4,"[12, 11, 3]",rainbow,8,6,4,1.5495663232819528
5,"[12, 11, 3]",rainbow,10,7,5,1.6783026059409116
6,"[12, 11, 3]",rainbow,15,10,7,1.825523878837508
7,"[12, 11, 3]",rainbow,16,11,8,1.8900221595910938
