,flop,board_type,0b,1b,2b,profit
0,"[12, 10, 9]",rainbow,1,1,1,1.293170209294186
1,"[12, 10, 9]",rainbow,2,2,2,1.4182515012123402
2,"[12, 10, 9]",rainbow,3,2,2,1.5559592074552269
3,"[12, 10, 9]",rainbow,4,3,2,1.7440889656875054
4,"[12, 10, 9]",rainbow,8,6,4,1.88781826873722
5,"[12, 10, 9]",rainbow,10,7,5,1.9406356273860816
6,"[12, 10, 9]",rainbow,15,10,7,2.1340703881901453
7,"[12, 10, 9]",rainbow,16,11,8,2.152125971110223
