,flop,board_type,0b,1b,2b,profit
0,"[12, 10, 7]",rainbow,1,1,1,0.8981020335127202
1,"[12, 10, 7]",rainbow,2,2,2,1.1580162794255549
2,"[12, 10, 7]",rainbow,3,2,2,1.2812895526643024
3,"[12, 10, 7]",rainbow,4,3,2,1.326351691057159
4,"[12, 10, 7]",rainbow,8,6,4,1.5692558769416587
5,"[12, 10, 7]",rainbow,10,7,5,1.5913993017520793
6,"[12, 10, 7]",rainbow,15,10,7,1.7994550606959394
7,"[12, 10, 7]",rainbow,16,11,8,1.81844163036122
