,flop,board_type,0b,1b,2b,profit
0,"[12, 10, 5]",rainbow,1,1,1,0.8499120078492938
1,"[12, 10, 5]",rainbow,2,2,2,1.0547060129493222
2,"[12, 10, 5]",rainbow,3,2,2,1.173007580779294
3,"[12, 10, 5]",rainbow,4,3,2,1.2788425881214027
4,"[12, 10, 5]",rainbow,8,6,4,1.4603405822364448
5,"[12, 10, 5]",rainbow,10,7,5,1.6235719993539428
6,"[12, 10, 5]",rainbow,15,10,7,1.78228035754136
7,"[12, 10, 5]",rainbow,16,11,8,1.8230536032926778
