,flop,board_type,0b,1b,2b,profit
0,"[12, 8, 6]",rainbow,1,1,1,0.7605125284163551
1,"[12, 8, 6]",rainbow,2,2,2,0.9115508468298301
2,"[12, 8, 6]",rainbow,3,2,2,1.1252190777123523
3,"[12, 8, 6]",rainbow,4,3,2,1.340297092112007
4,"[12, 8, 6]",rainbow,8,6,4,1.5034606745925718
5,"[12, 8, 6]",rainbow,10,7,5,1.5440065793046363
6,"[12, 8, 6]",rainbow,15,10,7,1.7883482851655632
7,"[12, 8, 6]",rainbow,16,11,8,1.8539492731039444
