,flop,board_type,0b,1b,2b,profit
0,"[12, 7, 2]",rainbow,1,1,1,0.7330817436224496
1,"[12, 7, 2]",rainbow,2,2,2,0.7339027678571434
2,"[12, 7, 2]",rainbow,8,6,4,1.5190693201530618
3,"[12, 7, 2]",rainbow,10,7,5,1.6470756696428572
4,"[12, 7, 2]",rainbow,15,10,7,1.8462049362244903
5,"[12, 7, 2]",rainbow,16,11,8,1.9495996071428574
