,flop,board_type,0b,1b,2b,profit
0,"[12, 6, 5]",rainbow,1,1,1,0.5982825772115825
1,"[12, 6, 5]",rainbow,2,2,2,0.652903991291895
2,"[12, 6, 5]",rainbow,3,2,2,0.7408897607629391
3,"[12, 6, 5]",rainbow,4,3,2,0.8898068785026217
4,"[12, 6, 5]",rainbow,8,6,4,1.3352607606912148
5,"[12, 6, 5]",rainbow,10,7,5,1.5174615390917132
6,"[12, 6, 5]",rainbow,15,10,7,1.7804689240837328
7,"[12, 6, 5]",rainbow,16,11,8,1.8803791985051872
