,flop,board_type,0b,1b,2b,profit
0,"[12, 4, 3]",rainbow,1,1,1,0.6576593424878115
1,"[12, 4, 3]",rainbow,2,2,2,0.7116628739892565
2,"[12, 4, 3]",rainbow,3,2,2,0.8078407093910257
3,"[12, 4, 3]",rainbow,4,3,2,0.9390100539251536
4,"[12, 4, 3]",rainbow,8,6,4,1.5467974590596787
5,"[12, 4, 3]",rainbow,10,7,5,1.6994062459922359
6,"[12, 4, 3]",rainbow,15,10,7,1.9841116211082526
7,"[12, 4, 3]",rainbow,16,11,8,2.1149380329207297
