,flop,board_type,0b,1b,2b,profit
0,"[12, 3, 2]",rainbow,1,1,1,0.7279459394751132
1,"[12, 3, 2]",rainbow,2,2,2,0.7844869690211541
2,"[12, 3, 2]",rainbow,3,2,2,0.8292431037760198
3,"[12, 3, 2]",rainbow,4,3,2,0.9411375774471156
4,"[12, 3, 2]",rainbow,8,6,4,1.6239401672733098
5,"[12, 3, 2]",rainbow,10,7,5,1.7742815726770318
6,"[12, 3, 2]",rainbow,15,10,7,2.0363510023405453
7,"[12, 3, 2]",rainbow,16,11,8,2.175070126211433
