,flop,board_type,0b,1b,2b,profit
0,"[11, 10, 10]",rainbow,1,1,1,0.9420846828205129
1,"[11, 10, 10]",rainbow,2,2,2,1.0472245338461539
2,"[11, 10, 10]",rainbow,3,2,2,1.1580692605128204
3,"[11, 10, 10]",rainbow,4,3,2,1.2914547458974357
4,"[11, 10, 10]",rainbow,8,6,4,1.6108296851282051
5,"[11, 10, 10]",rainbow,10,7,5,1.8099342679487176
6,"[11, 10, 10]",rainbow,15,10,7,2.002216060384615
7,"[11, 10, 10]",rainbow,16,11,8,2.0497934476923074
