,flop,board_type,0b,1b,2b,profit
0,"[11, 10, 2]",rainbow,1,1,1,0.8806345108249651
1,"[11, 10, 2]",rainbow,2,2,2,0.970273056743332
2,"[11, 10, 2]",rainbow,3,2,2,1.1089590701328151
3,"[11, 10, 2]",rainbow,4,3,2,1.1883040031584062
4,"[11, 10, 2]",rainbow,8,6,4,1.4736853204837492
5,"[11, 10, 2]",rainbow,10,7,5,1.57914010787172
6,"[11, 10, 2]",rainbow,15,10,7,1.7046730094482236
7,"[11, 10, 2]",rainbow,16,11,8,1.76400677335061
