,flop,board_type,0b,1b,2b,profit
0,"[11, 9, 4]",rainbow,1,1,1,0.72023070142287
1,"[11, 9, 4]",rainbow,2,2,2,0.9354817765269822
2,"[11, 9, 4]",rainbow,3,2,2,1.1061470999927696
3,"[11, 9, 4]",rainbow,4,3,2,1.285572718064955
4,"[11, 9, 4]",rainbow,8,6,4,1.4621713812308406
5,"[11, 9, 4]",rainbow,10,7,5,1.614907042366534
6,"[11, 9, 4]",rainbow,15,10,7,1.7367220376091732
7,"[11, 9, 4]",rainbow,16,11,8,1.77533921132512
