,flop,board_type,0b,1b,2b,profit
0,"[11, 9, 3]",rainbow,1,1,1,0.7355556875906277
1,"[11, 9, 3]",rainbow,2,2,2,0.947496276515709
2,"[11, 9, 3]",rainbow,3,2,2,1.113438000693496
3,"[11, 9, 3]",rainbow,4,3,2,1.2940686311652831
4,"[11, 9, 3]",rainbow,8,6,4,1.5217637209835035
5,"[11, 9, 3]",rainbow,10,7,5,1.626663782788694
6,"[11, 9, 3]",rainbow,15,10,7,1.7682477421876646
7,"[11, 9, 3]",rainbow,16,11,8,1.8130845111694862
