,flop,board_type,0b,1b,2b,profit
0,"[11, 9, 2]",rainbow,1,1,1,0.7969076679366771
1,"[11, 9, 2]",rainbow,2,2,2,1.0092342093161513
2,"[11, 9, 2]",rainbow,3,2,2,1.1652124170644154
3,"[11, 9, 2]",rainbow,4,3,2,1.2756551188497738
4,"[11, 9, 2]",rainbow,8,6,4,1.5427866850960579
5,"[11, 9, 2]",rainbow,10,7,5,1.6412184312447182
6,"[11, 9, 2]",rainbow,15,10,7,1.7620732062990856
7,"[11, 9, 2]",rainbow,16,11,8,1.816811772638437
