,flop,board_type,0b,1b,2b,profit
0,"[11, 8, 2]",rainbow,1,1,1,0.7671507968425196
1,"[11, 8, 2]",rainbow,2,2,2,0.8123736638317695
2,"[11, 8, 2]",rainbow,3,2,2,0.9730723554951587
3,"[11, 8, 2]",rainbow,4,3,2,1.0997529723814072
4,"[11, 8, 2]",rainbow,8,6,4,1.3433472448779893
5,"[11, 8, 2]",rainbow,10,7,5,1.4565676921784
6,"[11, 8, 2]",rainbow,15,10,7,1.6427175982030828
7,"[11, 8, 2]",rainbow,16,11,8,1.7473882589120175
