,flop,board_type,0b,1b,2b,profit
0,"[11, 6, 4]",rainbow,1,1,1,0.5308992526397519
1,"[11, 6, 4]",rainbow,2,2,2,0.5835191062784681
2,"[11, 6, 4]",rainbow,3,2,2,0.6293842799482406
3,"[11, 6, 4]",rainbow,4,3,2,0.7621674791511389
4,"[11, 6, 4]",rainbow,8,6,4,1.1401972202380957
5,"[11, 6, 4]",rainbow,10,7,5,1.3059252009523816
6,"[11, 6, 4]",rainbow,15,10,7,1.5652985996997935
7,"[11, 6, 4]",rainbow,16,11,8,1.6853758077587995
