,flop,board_type,0b,1b,2b,profit
0,"[11, 3, 2]",rainbow,1,1,1,0.679924228780993
1,"[11, 3, 2]",rainbow,2,2,2,0.7352399806551773
2,"[11, 3, 2]",rainbow,3,2,2,0.7835533292849753
3,"[11, 3, 2]",rainbow,4,3,2,0.898535789951852
4,"[11, 3, 2]",rainbow,8,6,4,1.4351242626693066
5,"[11, 3, 2]",rainbow,10,7,5,1.5686669266165687
6,"[11, 3, 2]",rainbow,15,10,7,1.8546814180263693
7,"[11, 3, 2]",rainbow,16,11,8,1.999495100332989
