,flop,board_type,0b,1b,2b,profit
0,"[10, 8, 7]",rainbow,1,1,1,0.9153069758365846
1,"[10, 8, 7]",rainbow,2,2,2,1.1028686545577608
2,"[10, 8, 7]",rainbow,3,2,2,1.3566119831101189
3,"[10, 8, 7]",rainbow,4,3,2,1.7909557428490144
4,"[10, 8, 7]",rainbow,15,10,7,1.9000883638111499
5,"[10, 8, 7]",rainbow,16,11,8,1.9009765087294292
