,flop,board_type,0b,1b,2b,profit
0,"[10, 8, 2]",rainbow,1,1,1,0.8428679487665277
1,"[10, 8, 2]",rainbow,2,2,2,0.937446344062242
2,"[10, 8, 2]",rainbow,3,2,2,1.1029247251920407
3,"[10, 8, 2]",rainbow,4,3,2,1.2347923254286868
4,"[10, 8, 2]",rainbow,8,6,4,1.393723146781797
5,"[10, 8, 2]",rainbow,10,7,5,1.5730228035999358
6,"[10, 8, 2]",rainbow,15,10,7,1.7618017298381037
7,"[10, 8, 2]",rainbow,16,11,8,1.801625981042465
