,flop,board_type,0b,1b,2b,profit
0,"[10, 7, 5]",rainbow,1,1,1,0.6737580135977752
1,"[10, 7, 5]",rainbow,2,2,2,0.7798553946340752
2,"[10, 7, 5]",rainbow,3,2,2,0.8613823180610851
3,"[10, 7, 5]",rainbow,4,3,2,1.0230482274746295
4,"[10, 7, 5]",rainbow,8,6,4,1.1942814913817332
5,"[10, 7, 5]",rainbow,10,7,5,1.428906996489559
6,"[10, 7, 5]",rainbow,15,10,7,1.697102207885929
7,"[10, 7, 5]",rainbow,16,11,8,1.7262160548048402
