,flop,board_type,0b,1b,2b,profit
0,"[10, 4, 3]",rainbow,1,1,1,0.7023668757948722
1,"[10, 4, 3]",rainbow,2,2,2,0.7594660378379124
2,"[10, 4, 3]",rainbow,3,2,2,0.8448342251822345
3,"[10, 4, 3]",rainbow,4,3,2,1.0332670051098902
4,"[10, 4, 3]",rainbow,8,6,4,1.4540975635695972
5,"[10, 4, 3]",rainbow,10,7,5,1.7059297075009163
6,"[10, 4, 3]",rainbow,15,10,7,1.9494725629478031
7,"[10, 4, 3]",rainbow,16,11,8,2.009798864335165
