,flop,board_type,0b,1b,2b,profit
0,"[10, 3, 2]",rainbow,1,1,1,0.7656514115557482
1,"[10, 3, 2]",rainbow,2,2,2,0.8204857204743599
2,"[10, 3, 2]",rainbow,3,2,2,0.8658135657551309
3,"[10, 3, 2]",rainbow,4,3,2,1.0245247196404403
4,"[10, 3, 2]",rainbow,8,6,4,1.5243212533492183
5,"[10, 3, 2]",rainbow,10,7,5,1.7170275332214227
6,"[10, 3, 2]",rainbow,15,10,7,1.9983469186765594
7,"[10, 3, 2]",rainbow,16,11,8,2.070399493821412
