,flop,board_type,0b,1b,2b,profit
0,"[9, 9, 6]",rainbow,1,1,1,0.24668451612850506
1,"[9, 9, 6]",rainbow,2,2,2,0.2994379459888216
2,"[9, 9, 6]",rainbow,3,2,2,0.37644152058116925
3,"[9, 9, 6]",rainbow,4,3,2,0.5335293175468752
4,"[9, 9, 6]",rainbow,8,6,4,0.9101395351497366
5,"[9, 9, 6]",rainbow,10,7,5,1.237717839020253
6,"[9, 9, 6]",rainbow,15,10,7,1.6840718115067714
7,"[9, 9, 6]",rainbow,16,11,8,1.8010832525414946
