,flop,board_type,0b,1b,2b,profit
0,"[9, 9, 5]",rainbow,1,1,1,0.24361065937459875
1,"[9, 9, 5]",rainbow,8,6,4,0.8243908540535553
2,"[9, 9, 5]",rainbow,10,7,5,1.1618965504311864
3,"[9, 9, 5]",rainbow,15,10,7,1.6823755683440824
4,"[9, 9, 5]",rainbow,16,11,8,1.8053211752069696
