,flop,board_type,0b,1b,2b,profit
0,"[9, 8, 6]",rainbow,1,1,1,0.6514100281921136
1,"[9, 8, 6]",rainbow,2,2,2,1.1349339542672627
2,"[9, 8, 6]",rainbow,3,2,2,1.3954379555806429
3,"[9, 8, 6]",rainbow,4,3,2,1.732484084069656
4,"[9, 8, 6]",rainbow,8,6,4,1.7476449414090278
5,"[9, 8, 6]",rainbow,10,7,5,1.8483853811979984
6,"[9, 8, 6]",rainbow,15,10,7,2.0493899059744347
