,flop,board_type,0b,1b,2b,profit
0,"[9, 3, 2]",rainbow,1,1,1,0.6320458441488805
1,"[9, 3, 2]",rainbow,2,2,2,0.6915521010645539
2,"[9, 3, 2]",rainbow,3,2,2,0.7368522447007747
3,"[9, 3, 2]",rainbow,4,3,2,0.9061489776548443
4,"[9, 3, 2]",rainbow,8,6,4,1.3395257293942255
5,"[9, 3, 2]",rainbow,10,7,5,1.6528320234855625
6,"[9, 3, 2]",rainbow,15,10,7,2.0581499688663953
7,"[9, 3, 2]",rainbow,16,11,8,2.1702883501072403
