,flop,board_type,0b,1b,2b,profit
0,"[8, 8, 6]",rainbow,1,1,1,0.6849950565452301
1,"[8, 8, 6]",rainbow,2,2,2,0.9539221480779676
2,"[8, 8, 6]",rainbow,3,2,2,1.0507393724362044
3,"[8, 8, 6]",rainbow,4,3,2,1.0809454657544317
4,"[8, 8, 6]",rainbow,8,6,4,1.2868898529693706
5,"[8, 8, 6]",rainbow,10,7,5,1.5050807544587421
6,"[8, 8, 6]",rainbow,15,10,7,1.8745195305394446
7,"[8, 8, 6]",rainbow,16,11,8,2.0253580206508066
