,flop,board_type,0b,1b,2b,profit
0,"[8, 7, 7]",rainbow,1,1,1,0.8630991213688111
1,"[8, 7, 7]",rainbow,2,2,2,0.9674040823115255
2,"[8, 7, 7]",rainbow,3,2,2,1.1686663532368675
3,"[8, 7, 7]",rainbow,4,3,2,1.2853336069240615
4,"[8, 7, 7]",rainbow,8,6,4,1.4372418537283407
5,"[8, 7, 7]",rainbow,10,7,5,1.7161897806085127
6,"[8, 7, 7]",rainbow,15,10,7,2.067604149042198
7,"[8, 7, 7]",rainbow,16,11,8,2.15610924831756
