,flop,board_type,0b,1b,2b,profit
0,"[8, 7, 6]",rainbow,1,1,1,0.7585566160714288
1,"[8, 7, 6]",rainbow,2,2,2,0.9878231150297621
2,"[8, 7, 6]",rainbow,3,2,2,1.3578177238095241
3,"[8, 7, 6]",rainbow,4,3,2,1.6785303785714287
4,"[8, 7, 6]",rainbow,8,6,4,1.7150016742559524
5,"[8, 7, 6]",rainbow,10,7,5,1.7489623790178572
6,"[8, 7, 6]",rainbow,15,10,7,1.9187695635664683
7,"[8, 7, 6]",rainbow,16,11,8,2.0209968011904764
