,flop,board_type,0b,1b,2b,profit
0,"[8, 7, 5]",rainbow,1,1,1,0.7924586789839858
1,"[8, 7, 5]",rainbow,2,2,2,0.9395741744233287
2,"[8, 7, 5]",rainbow,3,2,2,1.1651335659404878
3,"[8, 7, 5]",rainbow,4,3,2,1.3065855125504415
4,"[8, 7, 5]",rainbow,8,6,4,1.3472913356132075
5,"[8, 7, 5]",rainbow,10,7,5,1.610983014429964
6,"[8, 7, 5]",rainbow,15,10,7,1.9312329361330753
7,"[8, 7, 5]",rainbow,16,11,8,2.035166308610535
