,flop,board_type,0b,1b,2b,profit
0,"[7, 6, 3]",rainbow,1,1,1,0.6636933974281848
1,"[7, 6, 3]",rainbow,2,2,2,0.7173754796544177
2,"[7, 6, 3]",rainbow,3,2,2,0.7971388395414518
3,"[7, 6, 3]",rainbow,4,3,2,0.8520042520846911
4,"[7, 6, 3]",rainbow,8,6,4,1.0681821184388633
5,"[7, 6, 3]",rainbow,10,7,5,1.1886675669273576
6,"[7, 6, 3]",rainbow,15,10,7,1.6251410137050684
7,"[7, 6, 3]",rainbow,16,11,8,1.981429313067128
