,flop,board_type,0b,1b,2b,profit
0,"[7, 5, 3]",rainbow,1,1,1,0.6809592756045993
1,"[7, 5, 3]",rainbow,2,2,2,0.7361284237272041
2,"[7, 5, 3]",rainbow,3,2,2,0.7954361436830977
3,"[7, 5, 3]",rainbow,4,3,2,0.8471124289761468
4,"[7, 5, 3]",rainbow,8,6,4,1.1381289786944961
5,"[7, 5, 3]",rainbow,10,7,5,1.2920382311021543
6,"[7, 5, 3]",rainbow,15,10,7,1.7151236794139029
7,"[7, 5, 3]",rainbow,16,11,8,2.077468997204143
