,flop,board_type,0b,1b,2b,profit
0,"[7, 4, 2]",rainbow,1,1,1,0.7462105423515744
1,"[7, 4, 2]",rainbow,2,2,2,0.8021291279672114
2,"[7, 4, 2]",rainbow,3,2,2,0.83962155787904
3,"[7, 4, 2]",rainbow,4,3,2,0.9134786943772546
4,"[7, 4, 2]",rainbow,8,6,4,1.2418469666280865
5,"[7, 4, 2]",rainbow,10,7,5,1.3739352865840442
6,"[7, 4, 2]",rainbow,15,10,7,1.7136819851466045
7,"[7, 4, 2]",rainbow,16,11,8,2.078784563492683
