,flop,board_type,0b,1b,2b,profit
0,"[7, 3, 3]",rainbow,1,1,1,0.7495047776343503
1,"[7, 3, 3]",rainbow,2,2,2,0.7517200517273593
2,"[7, 3, 3]",rainbow,3,2,2,0.8367801241422651
3,"[7, 3, 3]",rainbow,4,3,2,0.9861428559769689
4,"[7, 3, 3]",rainbow,8,6,4,1.317400243919424
5,"[7, 3, 3]",rainbow,10,7,5,1.4625096822474355
6,"[7, 3, 3]",rainbow,15,10,7,1.8013937155886952
7,"[7, 3, 3]",rainbow,16,11,8,2.1436942592312658
