,flop,board_type,0b,1b,2b,profit
0,"[7, 3, 2]",rainbow,1,1,1,0.7726517016192523
1,"[7, 3, 2]",rainbow,2,2,2,0.8234291704099699
2,"[7, 3, 2]",rainbow,3,2,2,0.870000323759347
3,"[7, 3, 2]",rainbow,4,3,2,0.9950582699716377
4,"[7, 3, 2]",rainbow,8,6,4,1.3338414739596045
5,"[7, 3, 2]",rainbow,10,7,5,1.4639378355530728
6,"[7, 3, 2]",rainbow,15,10,7,1.7963705460696175
7,"[7, 3, 2]",rainbow,16,11,8,2.149383964790718
