,flop,board_type,0b,1b,2b,profit
0,"[6, 6, 6]",rainbow,1,1,1,0.664389368939728
1,"[6, 6, 6]",rainbow,2,2,2,0.6662484882495341
2,"[6, 6, 6]",rainbow,8,6,4,1.3259506466194744
3,"[6, 6, 6]",rainbow,10,7,5,1.5521245725667354
4,"[6, 6, 6]",rainbow,15,10,7,1.7996662172766187
5,"[6, 6, 6]",rainbow,16,11,8,2.1542819594616307
