,flop,board_type,0b,1b,2b,profit
0,"[6, 6, 5]",rainbow,1,1,1,0.562280967155519
1,"[6, 6, 5]",rainbow,2,2,2,0.6059574577538587
2,"[6, 6, 5]",rainbow,3,2,2,0.688461870387959
3,"[6, 6, 5]",rainbow,4,3,2,0.7251167430346235
4,"[6, 6, 5]",rainbow,8,6,4,1.0217015223599926
5,"[6, 6, 5]",rainbow,10,7,5,1.2906168438643324
6,"[6, 6, 5]",rainbow,15,10,7,1.6517132872998332
7,"[6, 6, 5]",rainbow,16,11,8,2.015337359233638
