,flop,board_type,0b,1b,2b,profit
0,"[6, 6, 3]",rainbow,1,1,1,0.5738999757645459
1,"[6, 6, 3]",rainbow,2,2,2,0.6229649048582951
2,"[6, 6, 3]",rainbow,3,2,2,0.6642754290515425
3,"[6, 6, 3]",rainbow,4,3,2,0.7334752914566582
4,"[6, 6, 3]",rainbow,8,6,4,1.1351376426396143
5,"[6, 6, 3]",rainbow,10,7,5,1.3087844628469232
6,"[6, 6, 3]",rainbow,15,10,7,1.670043257270291
7,"[6, 6, 3]",rainbow,16,11,8,2.051649809996101
