,flop,board_type,0b,1b,2b,profit
0,"[6, 3, 3]",rainbow,1,1,1,0.7788786403550019
1,"[6, 3, 3]",rainbow,2,2,2,0.8246732593956237
2,"[6, 3, 3]",rainbow,3,2,2,0.8659493582990481
3,"[6, 3, 3]",rainbow,4,3,2,0.9414101532494246
4,"[6, 3, 3]",rainbow,8,6,4,1.3557182269475558
5,"[6, 3, 3]",rainbow,10,7,5,1.5210082340719409
6,"[6, 3, 3]",rainbow,15,10,7,1.8537880352995013
7,"[6, 3, 3]",rainbow,16,11,8,2.212464348023476
