,flop,board_type,0b,1b,2b,profit
0,"[5, 5, 4]",rainbow,1,1,1,0.5838557234569749
1,"[5, 5, 4]",rainbow,2,2,2,0.6331942570877349
2,"[5, 5, 4]",rainbow,3,2,2,0.7144026627689812
3,"[5, 5, 4]",rainbow,4,3,2,0.7522203344356082
4,"[5, 5, 4]",rainbow,8,6,4,1.1221128552953903
5,"[5, 5, 4]",rainbow,10,7,5,1.3735599682294535
6,"[5, 5, 4]",rainbow,15,10,7,1.7611737394569271
7,"[5, 5, 4]",rainbow,16,11,8,2.1386639199547273
