,flop,board_type,0b,1b,2b,profit
0,"[5, 3, 3]",rainbow,1,1,1,0.7950284632228362
1,"[5, 3, 3]",rainbow,8,6,4,1.3204259302394108
2,"[5, 3, 3]",rainbow,10,7,5,1.5414679569060774
3,"[5, 3, 3]",rainbow,15,10,7,1.8953946288950272
4,"[5, 3, 3]",rainbow,16,11,8,2.2555950446408835
