,flop,board_type,0b,1b,2b,profit
0,"[3, 3, 3]",rainbow,1,1,1,0.861896747351906
1,"[3, 3, 3]",rainbow,8,6,4,1.4909651395860761
2,"[3, 3, 3]",rainbow,10,7,5,1.7002050905075516
3,"[3, 3, 3]",rainbow,15,10,7,2.0017708008653337
4,"[3, 3, 3]",rainbow,16,11,8,2.375122144232594
