,flop,board_type,0b,1b,2b,profit
0,"[14, 14, 12]",two-tone,1,1,1,0.21782253363452267
1,"[14, 14, 12]",two-tone,2,2,2,0.56969036808693
2,"[14, 14, 12]",two-tone,3,2,2,0.6688325554681416
3,"[14, 14, 12]",two-tone,4,3,2,0.9470911276678615
4,"[14, 14, 12]",two-tone,8,6,4,1.5113733792491044
5,"[14, 14, 12]",two-tone,15,10,7,3.6395050125486845
6,"[14, 14, 12]",two-tone,16,11,8,3.6395608049073074
