,flop,board_type,0b,1b,2b,profit
0,"[14, 14, 10]",two-tone,1,1,1,0.5704806445408832
1,"[14, 14, 10]",two-tone,8,6,4,1.8755994770035693
2,"[14, 14, 10]",two-tone,15,10,7,3.7835890680158997
3,"[14, 14, 10]",two-tone,16,11,8,3.7837687239454914
