,flop,board_type,0b,1b,2b,profit
0,"[14, 14, 7]",two-tone,1,1,1,0.4697180834591633
1,"[14, 14, 7]",two-tone,2,2,2,0.4708420811256009
2,"[14, 14, 7]",two-tone,3,2,2,0.4733560134522997
3,"[14, 14, 7]",two-tone,8,6,4,0.805401371036376
4,"[14, 14, 7]",two-tone,10,7,5,1.098672589567605
5,"[14, 14, 7]",two-tone,15,10,7,1.9436188788377948
6,"[14, 14, 7]",two-tone,16,11,8,2.0828913365820183
