,flop,board_type,0b,1b,2b,profit
0,"[14, 14, 6]",two-tone,1,1,1,0.39963384502402166
1,"[14, 14, 6]",two-tone,2,2,2,0.4018058229238165
2,"[14, 14, 6]",two-tone,8,6,4,0.6000087064744911
3,"[14, 14, 6]",two-tone,10,7,5,0.6308870137268362
4,"[14, 14, 6]",two-tone,15,10,7,1.3736341013040496
5,"[14, 14, 6]",two-tone,16,11,8,1.5164490997940978
