,flop,board_type,0b,1b,2b,profit
0,"[14, 14, 5]",two-tone,1,1,1,0.3570470322188456
1,"[14, 14, 5]",two-tone,2,2,2,0.3577668237462007
2,"[14, 14, 5]",two-tone,8,6,4,0.440113961512158
3,"[14, 14, 5]",two-tone,10,7,5,0.4740990687689969
4,"[14, 14, 5]",two-tone,15,10,7,0.8132635077127661
5,"[14, 14, 5]",two-tone,16,11,8,0.9429578215045595
