,flop,board_type,0b,1b,2b,profit
0,"[14, 14, 4]",two-tone,1,1,1,-0.10631676795729528
1,"[14, 14, 4]",two-tone,8,6,4,-0.0308925067188609
2,"[14, 14, 4]",two-tone,10,7,5,-0.005821874960853957
3,"[14, 14, 4]",two-tone,15,10,7,0.3106394548612098
4,"[14, 14, 4]",two-tone,16,11,8,0.431155888427046
