,flop,board_type,0b,1b,2b,profit
0,"[14, 13, 9]",two-tone,1,1,1,0.7045468198267746
1,"[14, 13, 9]",two-tone,2,2,2,1.0724234085671247
2,"[14, 13, 9]",two-tone,3,2,2,1.18304730253248
3,"[14, 13, 9]",two-tone,4,3,2,1.449656805563924
4,"[14, 13, 9]",two-tone,8,6,4,1.9804511893005081
5,"[14, 13, 9]",two-tone,10,7,5,1.9805985674072677
6,"[14, 13, 9]",two-tone,15,10,7,3.7139737271982676
7,"[14, 13, 9]",two-tone,16,11,8,3.7142760990962147
