,flop,board_type,0b,1b,2b,profit
0,"[14, 13, 6]",two-tone,1,1,1,0.9058966703521323
1,"[14, 13, 6]",two-tone,2,2,2,1.2572548855151906
2,"[14, 13, 6]",two-tone,3,2,2,1.3681704394592584
3,"[14, 13, 6]",two-tone,4,3,2,1.6259678626126548
4,"[14, 13, 6]",two-tone,8,6,4,2.08922463862306
5,"[14, 13, 6]",two-tone,15,10,7,3.7287818231441046
6,"[14, 13, 6]",two-tone,16,11,8,3.728872095298708
