,flop,board_type,0b,1b,2b,profit
0,"[14, 13, 3]",two-tone,1,1,1,0.6043753523376624
1,"[14, 13, 3]",two-tone,2,2,2,0.9251155592727269
2,"[14, 13, 3]",two-tone,3,2,2,1.02164636064935
3,"[14, 13, 3]",two-tone,4,3,2,1.2602315376363638
4,"[14, 13, 3]",two-tone,8,6,4,1.776181325168831
5,"[14, 13, 3]",two-tone,15,10,7,3.603734597662337
6,"[14, 13, 3]",two-tone,16,11,8,3.60414834477922
