,flop,board_type,0b,1b,2b,profit
0,"[14, 12, 9]",two-tone,1,1,1,0.7856972078246172
1,"[14, 12, 9]",two-tone,2,2,2,1.4891839345098425
2,"[14, 12, 9]",two-tone,8,6,4,2.0570930135215746
3,"[14, 12, 9]",two-tone,15,10,7,3.7205778299065413
4,"[14, 12, 9]",two-tone,16,11,8,3.7207263722907133
