,flop,board_type,0b,1b,2b,profit
0,"[14, 12, 7]",two-tone,1,1,1,0.966298362182567
1,"[14, 12, 7]",two-tone,2,2,2,1.3002086799588195
2,"[14, 12, 7]",two-tone,3,2,2,1.4114929555936853
3,"[14, 12, 7]",two-tone,4,3,2,1.6478112205216195
4,"[14, 12, 7]",two-tone,8,6,4,2.1606027713795464
5,"[14, 12, 7]",two-tone,15,10,7,3.7315065584076867
