,flop,board_type,0b,1b,2b,profit
0,"[14, 12, 3]",two-tone,1,1,1,0.7049903984657537
1,"[14, 12, 3]",two-tone,2,2,2,1.0057080738630133
2,"[14, 12, 3]",two-tone,3,2,2,1.1115604135890407
3,"[14, 12, 3]",two-tone,4,3,2,1.3293504867123285
4,"[14, 12, 3]",two-tone,8,6,4,1.8807939311232875
5,"[14, 12, 3]",two-tone,15,10,7,3.6206070632876703
