,flop,board_type,0b,1b,2b,profit
0,"[14, 11, 7]",two-tone,1,1,1,0.8617396073118284
1,"[14, 11, 7]",two-tone,2,2,2,0.8621385479569894
2,"[14, 11, 7]",two-tone,8,6,4,1.3638825277419353
3,"[14, 11, 7]",two-tone,10,7,5,1.365986224086021
4,"[14, 11, 7]",two-tone,15,10,7,3.0070624266666655
5,"[14, 11, 7]",two-tone,16,11,8,3.008517274838709
