,flop,board_type,0b,1b,2b,profit
0,"[14, 10, 9]",two-tone,1,1,1,1.0472363660623674
1,"[14, 10, 9]",two-tone,2,2,2,1.4332815492124733
2,"[14, 10, 9]",two-tone,3,2,2,1.5688989315961939
3,"[14, 10, 9]",two-tone,4,3,2,1.8290252806025369
4,"[14, 10, 9]",two-tone,8,6,4,2.449421032114164
5,"[14, 10, 9]",two-tone,10,7,5,2.4497987578329807
6,"[14, 10, 9]",two-tone,15,10,7,4.012753319503171
