,flop,board_type,0b,1b,2b,profit
0,"[14, 10, 5]",two-tone,1,1,1,1.3680615390625002
1,"[14, 10, 5]",two-tone,2,2,2,1.368256241460756
2,"[14, 10, 5]",two-tone,3,2,2,1.608128547420058
3,"[14, 10, 5]",two-tone,4,3,2,2.1060550415334296
4,"[14, 10, 5]",two-tone,8,6,4,2.5934309784520346
5,"[14, 10, 5]",two-tone,10,7,5,2.594619927180232
6,"[14, 10, 5]",two-tone,15,10,7,4.008710586228197
7,"[14, 10, 5]",two-tone,16,11,8,4.008729123982557
