,flop,board_type,0b,1b,2b,profit
0,"[14, 10, 2]",two-tone,1,1,1,0.9518223583623191
1,"[14, 10, 2]",two-tone,8,6,4,2.2117682273623185
2,"[14, 10, 2]",two-tone,15,10,7,3.8661485401159412
3,"[14, 10, 2]",two-tone,16,11,8,3.866446097492753
