,flop,board_type,0b,1b,2b,profit
0,"[14, 9, 6]",two-tone,1,1,1,1.3316058154910722
1,"[14, 9, 6]",two-tone,8,6,4,2.172887672400794
2,"[14, 9, 6]",two-tone,10,7,5,2.2187713077529763
3,"[14, 9, 6]",two-tone,15,10,7,3.516284095327382
4,"[14, 9, 6]",two-tone,16,11,8,3.581403743432541
