,flop,board_type,0b,1b,2b,profit
0,"[14, 9, 5]",two-tone,1,1,1,1.3817111291111115
1,"[14, 9, 5]",two-tone,8,6,4,2.188891716824692
2,"[14, 9, 5]",two-tone,10,7,5,2.232356192103704
3,"[14, 9, 5]",two-tone,15,10,7,3.508601722804938
4,"[14, 9, 5]",two-tone,16,11,8,3.57005523177284
