,flop,board_type,0b,1b,2b,profit
0,"[14, 8, 8]",two-tone,1,1,1,1.1952112611607149
1,"[14, 8, 8]",two-tone,2,2,2,1.1969455714285715
2,"[14, 8, 8]",two-tone,3,2,2,1.198999444805195
3,"[14, 8, 8]",two-tone,8,6,4,1.614631622362013
4,"[14, 8, 8]",two-tone,10,7,5,1.8440216530032467
5,"[14, 8, 8]",two-tone,15,10,7,2.8486321356872297
6,"[14, 8, 8]",two-tone,16,11,8,2.9652144957386364
