,flop,board_type,0b,1b,2b,profit
0,"[14, 8, 4]",two-tone,1,1,1,1.1825895620223799
1,"[14, 8, 4]",two-tone,8,6,4,1.5689373656522931
2,"[14, 8, 4]",two-tone,10,7,5,1.6050569147789304
3,"[14, 8, 4]",two-tone,15,10,7,2.8287974503275115
4,"[14, 8, 4]",two-tone,16,11,8,2.954951493995634
