,flop,board_type,0b,1b,2b,profit
0,"[14, 7, 4]",two-tone,1,1,1,1.1550875500409388
1,"[14, 7, 4]",two-tone,2,2,2,1.1589814335835154
2,"[14, 7, 4]",two-tone,8,6,4,1.4540570642603716
3,"[14, 7, 4]",two-tone,10,7,5,1.4898732411435593
4,"[14, 7, 4]",two-tone,15,10,7,2.400411279530568
5,"[14, 7, 4]",two-tone,16,11,8,2.540188844923581
