,flop,board_type,0b,1b,2b,profit
0,"[14, 4, 2]",two-tone,1,1,1,0.7799849388110138
1,"[14, 4, 2]",two-tone,8,6,4,0.8610320920609094
2,"[14, 4, 2]",two-tone,10,7,5,0.8866270056070085
3,"[14, 4, 2]",two-tone,15,10,7,1.1510848966207765
4,"[14, 4, 2]",two-tone,16,11,8,1.2719304360575723
