,flop,board_type,0b,1b,2b,profit
0,"[13, 13, 12]",two-tone,1,1,1,0.8717551332199549
1,"[13, 13, 12]",two-tone,2,2,2,1.1521198294359412
2,"[13, 13, 12]",two-tone,3,2,2,1.1541392852891161
3,"[13, 13, 12]",two-tone,8,6,4,1.7541130863803853
4,"[13, 13, 12]",two-tone,15,10,7,3.3462811515731294
5,"[13, 13, 12]",two-tone,16,11,8,3.346456993339002
