,flop,board_type,0b,1b,2b,profit
0,"[13, 13, 10]",two-tone,1,1,1,1.1822578642613641
1,"[13, 13, 10]",two-tone,2,2,2,1.4921762155018945
2,"[13, 13, 10]",two-tone,8,6,4,2.0177755670691293
3,"[13, 13, 10]",two-tone,10,7,5,2.0222642067716228
4,"[13, 13, 10]",two-tone,15,10,7,3.4915500329356064
