,flop,board_type,0b,1b,2b,profit
0,"[13, 13, 7]",two-tone,1,1,1,0.9005416128287667
1,"[13, 13, 7]",two-tone,8,6,4,1.4954049966711156
2,"[13, 13, 7]",two-tone,10,7,5,1.5640240247428758
3,"[13, 13, 7]",two-tone,15,10,7,2.173433074607836
4,"[13, 13, 7]",two-tone,16,11,8,2.2510683593475704
