,flop,board_type,0b,1b,2b,profit
0,"[13, 13, 3]",two-tone,1,1,1,0.5407527208265944
1,"[13, 13, 3]",two-tone,2,2,2,0.5418926048876908
2,"[13, 13, 3]",two-tone,8,6,4,0.8841943734591194
3,"[13, 13, 3]",two-tone,10,7,5,0.88754284034142
4,"[13, 13, 3]",two-tone,15,10,7,0.9480489842228217
5,"[13, 13, 3]",two-tone,16,11,8,1.0215631884995509
