,flop,board_type,0b,1b,2b,profit
0,"[13, 10, 5]",two-tone,1,1,1,1.7792990572013174
1,"[13, 10, 5]",two-tone,2,2,2,2.0725068824832817
2,"[13, 10, 5]",two-tone,3,2,2,2.073177922267691
3,"[13, 10, 5]",two-tone,4,3,2,2.0734535548358117
4,"[13, 10, 5]",two-tone,8,6,4,2.515020721918355
5,"[13, 10, 5]",two-tone,15,10,7,3.5788537171573997
6,"[13, 10, 5]",two-tone,16,11,8,3.5789234535482577
