,flop,board_type,0b,1b,2b,profit
0,"[13, 9, 8]",two-tone,1,1,1,1.5101801548148146
1,"[13, 9, 8]",two-tone,2,2,2,1.8236911718518514
2,"[13, 9, 8]",two-tone,3,2,2,1.9820404618518512
3,"[13, 9, 8]",two-tone,4,3,2,2.1593255070370367
4,"[13, 9, 8]",two-tone,8,6,4,2.635568892345678
5,"[13, 9, 8]",two-tone,10,7,5,2.6917721404938266
6,"[13, 9, 8]",two-tone,15,10,7,3.6995149661728393
