,flop,board_type,0b,1b,2b,profit
0,"[13, 8, 7]",two-tone,1,1,1,1.655718216877638
1,"[13, 8, 7]",two-tone,2,2,2,1.662833432278482
2,"[13, 8, 7]",two-tone,3,2,2,1.8215975732770748
3,"[13, 8, 7]",two-tone,4,3,2,1.9941288550632912
4,"[13, 8, 7]",two-tone,8,6,4,2.6538180427332403
5,"[13, 8, 7]",two-tone,10,7,5,2.7096726664556967
6,"[13, 8, 7]",two-tone,15,10,7,3.382331679559307
