,flop,board_type,0b,1b,2b,profit
0,"[13, 8, 5]",two-tone,1,1,1,1.7335902561624654
1,"[13, 8, 5]",two-tone,2,2,2,1.7351801097338937
2,"[13, 8, 5]",two-tone,8,6,4,2.3723289227124185
3,"[13, 8, 5]",two-tone,10,7,5,2.423839444794585
4,"[13, 8, 5]",two-tone,15,10,7,3.156322773062559
5,"[13, 8, 5]",two-tone,16,11,8,3.2728904690476193
