,flop,board_type,0b,1b,2b,profit
0,"[13, 8, 2]",two-tone,1,1,1,1.4617962487578455
1,"[13, 8, 2]",two-tone,8,6,4,2.155540220951011
2,"[13, 8, 2]",two-tone,10,7,5,2.202388442882671
3,"[13, 8, 2]",two-tone,15,10,7,3.1428890005012216
4,"[13, 8, 2]",two-tone,16,11,8,3.2468026038179927
