,flop,board_type,0b,1b,2b,profit
0,"[13, 7, 7]",two-tone,1,1,1,1.1321831575520835
1,"[13, 7, 7]",two-tone,8,6,4,1.7108608072916667
2,"[13, 7, 7]",two-tone,10,7,5,1.7656722265625002
3,"[13, 7, 7]",two-tone,15,10,7,2.3056265325520835
4,"[13, 7, 7]",two-tone,16,11,8,2.3914998606770834
