,flop,board_type,0b,1b,2b,profit
0,"[13, 5, 5]",two-tone,1,1,1,1.1943697180268595
1,"[13, 5, 5]",two-tone,8,6,4,1.5458841707558537
2,"[13, 5, 5]",two-tone,15,10,7,1.5946797817751377
3,"[13, 5, 5]",two-tone,16,11,8,1.6898291326532373
