,flop,board_type,0b,1b,2b,profit
0,"[13, 3, 2]",two-tone,1,1,1,1.1339681827678794
1,"[13, 3, 2]",two-tone,2,2,2,1.1408271028679522
2,"[13, 3, 2]",two-tone,8,6,4,1.4838011499959327
3,"[13, 3, 2]",two-tone,10,7,5,1.5173517006102029
4,"[13, 3, 2]",two-tone,15,10,7,1.6758399995037025
5,"[13, 3, 2]",two-tone,16,11,8,1.7659207095435692
