,flop,board_type,0b,1b,2b,profit
0,"[12, 12, 9]",two-tone,1,1,1,0.8506740729083349
1,"[12, 12, 9]",two-tone,2,2,2,1.168266220788674
2,"[12, 12, 9]",two-tone,3,2,2,1.28782483681411
3,"[12, 12, 9]",two-tone,4,3,2,1.4959699060206368
4,"[12, 12, 9]",two-tone,8,6,4,1.9467333401799716
5,"[12, 12, 9]",two-tone,10,7,5,1.9469088992737167
6,"[12, 12, 9]",two-tone,15,10,7,3.215357980963047
7,"[12, 12, 9]",two-tone,16,11,8,3.215684667313231
