,flop,board_type,0b,1b,2b,profit
0,"[12, 11, 4]",two-tone,1,1,1,1.1804612528657206
1,"[12, 11, 4]",two-tone,8,6,4,2.0253815409388647
2,"[12, 11, 4]",two-tone,15,10,7,3.5321570218340606
