,flop,board_type,0b,1b,2b,profit
0,"[12, 9, 3]",two-tone,1,1,1,1.2354120405985165
1,"[12, 9, 3]",two-tone,2,2,2,1.532765487658898
2,"[12, 9, 3]",two-tone,3,2,2,1.6727893607521185
3,"[12, 9, 3]",two-tone,4,3,2,1.843478315519068
4,"[12, 9, 3]",two-tone,8,6,4,2.308148641975635
5,"[12, 9, 3]",two-tone,10,7,5,2.3549850268273302
6,"[12, 9, 3]",two-tone,15,10,7,3.611676815580861
7,"[12, 9, 3]",two-tone,16,11,8,3.6122688233933613
