,flop,board_type,0b,1b,2b,profit
0,"[12, 9, 2]",two-tone,1,1,1,1.2415736161016944
1,"[12, 9, 2]",two-tone,2,2,2,1.5366177229872882
2,"[12, 9, 2]",two-tone,3,2,2,1.6761657020921605
3,"[12, 9, 2]",two-tone,4,3,2,1.845619282282839
4,"[12, 9, 2]",two-tone,8,6,4,2.3096113733315677
5,"[12, 9, 2]",two-tone,10,7,5,2.356424763400423
6,"[12, 9, 2]",two-tone,15,10,7,3.6121848907662426
7,"[12, 9, 2]",two-tone,16,11,8,3.6122433422228104
