,flop,board_type,0b,1b,2b,profit
0,"[12, 8, 8]",two-tone,1,1,1,1.0749480893749996
1,"[12, 8, 8]",two-tone,2,2,2,1.0769615933593748
2,"[12, 8, 8]",two-tone,3,2,2,1.2024803501562498
3,"[12, 8, 8]",two-tone,4,3,2,1.516613266927084
4,"[12, 8, 8]",two-tone,8,6,4,2.00963987296875
5,"[12, 8, 8]",two-tone,15,10,7,2.8412650741666665
6,"[12, 8, 8]",two-tone,16,11,8,2.842641527369792
