,flop,board_type,0b,1b,2b,profit
0,"[12, 8, 3]",two-tone,1,1,1,1.3794819375000003
1,"[12, 8, 3]",two-tone,2,2,2,1.383637800209205
2,"[12, 8, 3]",two-tone,3,2,2,1.5259591952798117
3,"[12, 8, 3]",two-tone,4,3,2,1.8469407547071128
4,"[12, 8, 3]",two-tone,8,6,4,2.340853272424163
5,"[12, 8, 3]",two-tone,10,7,5,2.3813831458987096
6,"[12, 8, 3]",two-tone,15,10,7,3.3183474519482212
7,"[12, 8, 3]",two-tone,16,11,8,3.3199023619246857
