,flop,board_type,0b,1b,2b,profit
0,"[12, 7, 7]",two-tone,1,1,1,1.0539434954427083
1,"[12, 7, 7]",two-tone,8,6,4,1.891531435416667
2,"[12, 7, 7]",two-tone,15,10,7,2.448442496223958
