,flop,board_type,0b,1b,2b,profit
0,"[12, 7, 4]",two-tone,1,1,1,1.3512441105648536
1,"[12, 7, 4]",two-tone,8,6,4,2.2170318521835775
2,"[12, 7, 4]",two-tone,10,7,5,2.259399562356172
3,"[12, 7, 4]",two-tone,15,10,7,2.9271574047855653
