,flop,board_type,0b,1b,2b,profit
0,"[12, 6, 2]",two-tone,1,1,1,1.364540484048118
1,"[12, 6, 2]",two-tone,8,6,4,2.1248478487970717
2,"[12, 6, 2]",two-tone,10,7,5,2.1645285425993728
3,"[12, 6, 2]",two-tone,15,10,7,2.5581387821521977
4,"[12, 6, 2]",two-tone,16,11,8,2.5607323979079504
