,flop,board_type,0b,1b,2b,profit
0,"[12, 5, 4]",two-tone,1,1,1,1.3060255705468755
1,"[12, 5, 4]",two-tone,8,6,4,1.9530452225390627
2,"[12, 5, 4]",two-tone,10,7,5,1.998028164973959
3,"[12, 5, 4]",two-tone,15,10,7,2.1163310852343757
