,flop,board_type,0b,1b,2b,profit
0,"[12, 2, 2]",two-tone,1,1,1,0.8802668185229835
1,"[12, 2, 2]",two-tone,2,2,2,0.8886028601092899
2,"[12, 2, 2]",two-tone,8,6,4,1.4519077458614595
3,"[12, 2, 2]",two-tone,15,10,7,1.453221678342977
4,"[12, 2, 2]",two-tone,16,11,8,1.4550756926068797
