,flop,board_type,0b,1b,2b,profit
0,"[11, 11, 5]",two-tone,1,1,1,1.1004228977431674
1,"[11, 11, 5]",two-tone,8,6,4,1.10224079565489
2,"[11, 11, 5]",two-tone,15,10,7,1.1031025691717389
