,flop,board_type,0b,1b,2b,profit
0,"[11, 9, 5]",two-tone,1,1,1,1.717813769816922
1,"[11, 9, 5]",two-tone,2,2,2,2.3695150935180602
2,"[11, 9, 5]",two-tone,8,6,4,2.587845441563582
3,"[11, 9, 5]",two-tone,10,7,5,2.6324193202127653
4,"[11, 9, 5]",two-tone,15,10,7,3.385408951014349
5,"[11, 9, 5]",two-tone,16,11,8,3.385566760143493
