,flop,board_type,0b,1b,2b,profit
0,"[11, 8, 5]",two-tone,1,1,1,1.9226902251954265
1,"[11, 8, 5]",two-tone,8,6,4,2.130393736276138
2,"[11, 8, 5]",two-tone,10,7,5,2.1710284820207146
3,"[11, 8, 5]",two-tone,15,10,7,2.913501120343952
