,flop,board_type,0b,1b,2b,profit
0,"[10, 10, 2]",two-tone,1,1,1,1.516637444444445
1,"[10, 10, 2]",two-tone,8,6,4,1.843065671825659
2,"[10, 10, 2]",two-tone,10,7,5,1.9743996575604028
3,"[10, 10, 2]",two-tone,15,10,7,2.1558748764779323
