,flop,board_type,0b,1b,2b,profit
0,"[10, 9, 6]",two-tone,1,1,1,1.9478835043426528
1,"[10, 9, 6]",two-tone,2,2,2,2.3222235055919094
2,"[10, 9, 6]",two-tone,3,2,2,2.9047301666864955
3,"[10, 9, 6]",two-tone,4,3,2,4.018813915526471
4,"[10, 9, 6]",two-tone,8,6,4,4.1762177013978965
5,"[10, 9, 6]",two-tone,15,10,7,4.548236275312313
6,"[10, 9, 6]",two-tone,16,11,8,4.548520471861986
