,flop,board_type,0b,1b,2b,profit
0,"[10, 9, 2]",two-tone,1,1,1,1.654835449906085
1,"[10, 9, 2]",two-tone,2,2,2,1.9635286330202857
2,"[10, 9, 2]",two-tone,3,2,2,2.127669742374154
3,"[10, 9, 2]",two-tone,4,3,2,2.2911160818181817
4,"[10, 9, 2]",two-tone,8,6,4,2.810740277798647
5,"[10, 9, 2]",two-tone,10,7,5,2.811750467167543
6,"[10, 9, 2]",two-tone,15,10,7,3.9593613758827937
