,flop,board_type,0b,1b,2b,profit
0,"[10, 7, 2]",two-tone,1,1,1,1.9047330626530605
1,"[10, 7, 2]",two-tone,8,6,4,2.497166850120593
2,"[10, 7, 2]",two-tone,10,7,5,2.671135139230055
3,"[10, 7, 2]",two-tone,15,10,7,3.3943513309740245
4,"[10, 7, 2]",two-tone,16,11,8,3.3950591581818177
