,flop,board_type,0b,1b,2b,profit
0,"[10, 6, 3]",two-tone,1,1,1,1.9315610794434137
1,"[10, 6, 3]",two-tone,2,2,2,1.9325558717625226
2,"[10, 6, 3]",two-tone,8,6,4,2.3998805972541737
3,"[10, 6, 3]",two-tone,10,7,5,2.5790511911502776
4,"[10, 6, 3]",two-tone,15,10,7,3.0233042134322816
