,flop,board_type,0b,1b,2b,profit
0,"[10, 5, 4]",two-tone,1,1,1,1.9137824311252767
1,"[10, 5, 4]",two-tone,2,2,2,1.9159646962305987
2,"[10, 5, 4]",two-tone,3,2,2,1.9170630791297119
3,"[10, 5, 4]",two-tone,4,3,2,2.095957905903548
4,"[10, 5, 4]",two-tone,8,6,4,2.262654488220621
5,"[10, 5, 4]",two-tone,10,7,5,2.4325564587028827
6,"[10, 5, 4]",two-tone,15,10,7,2.595967853104213
7,"[10, 5, 4]",two-tone,16,11,8,2.5960103120842577
