,flop,board_type,0b,1b,2b,profit
0,"[10, 4, 3]",two-tone,1,1,1,1.5930337574468088
1,"[10, 4, 3]",two-tone,2,2,2,1.5940438638297876
2,"[10, 4, 3]",two-tone,8,6,4,1.9081635361702132
3,"[10, 4, 3]",two-tone,10,7,5,2.06699710638298
4,"[10, 4, 3]",two-tone,15,10,7,2.218244582978724
5,"[10, 4, 3]",two-tone,16,11,8,2.2190803191489366
