,flop,board_type,0b,1b,2b,profit
0,"[10, 2, 2]",two-tone,1,1,1,1.6938296953191494
1,"[10, 2, 2]",two-tone,2,2,2,1.6978004622297878
2,"[10, 2, 2]",two-tone,3,2,2,1.6988428874212769
3,"[10, 2, 2]",two-tone,4,3,2,1.860382693370213
4,"[10, 2, 2]",two-tone,8,6,4,2.00669092252766
5,"[10, 2, 2]",two-tone,10,7,5,2.1597295117957453
6,"[10, 2, 2]",two-tone,15,10,7,2.309579620714894
7,"[10, 2, 2]",two-tone,16,11,8,2.310129006246809
