,flop,board_type,0b,1b,2b,profit
0,"[9, 9, 2]",two-tone,1,1,1,1.462747216184059
1,"[9, 9, 2]",two-tone,8,6,4,1.8242182406854066
2,"[9, 9, 2]",two-tone,10,7,5,1.9573629422872558
3,"[9, 9, 2]",two-tone,15,10,7,2.25378435239122
