,flop,board_type,0b,1b,2b,profit
0,"[9, 8, 5]",two-tone,1,1,1,2.3243649654485052
1,"[9, 8, 5]",two-tone,2,2,2,2.6687440999999996
2,"[9, 8, 5]",two-tone,3,2,2,2.819834654318936
3,"[9, 8, 5]",two-tone,4,3,2,3.0273653888704315
4,"[9, 8, 5]",two-tone,10,7,5,3.1783612677740853
5,"[9, 8, 5]",two-tone,15,10,7,3.3873219720930225
