,flop,board_type,0b,1b,2b,profit
0,"[9, 8, 3]",two-tone,1,1,1,1.8641739743135006
1,"[9, 8, 3]",two-tone,2,2,2,2.1536438530892443
2,"[9, 8, 3]",two-tone,3,2,2,2.3009844219679625
3,"[9, 8, 3]",two-tone,4,3,2,2.456170016189931
4,"[9, 8, 3]",two-tone,10,7,5,2.615909156178489
5,"[9, 8, 3]",two-tone,15,10,7,2.7680134184210514
