,flop,board_type,0b,1b,2b,profit
0,"[9, 7, 5]",two-tone,1,1,1,2.3859932089162603
1,"[9, 7, 5]",two-tone,8,6,4,2.8128881981064433
2,"[9, 7, 5]",two-tone,10,7,5,3.03685663811012
3,"[9, 7, 5]",two-tone,15,10,7,3.338133131574593
