,flop,board_type,0b,1b,2b,profit
0,"[9, 7, 4]",two-tone,1,1,1,1.8458955456521733
1,"[9, 7, 4]",two-tone,2,2,2,1.8463643195652168
2,"[9, 7, 4]",two-tone,3,2,2,2.006316856521739
3,"[9, 7, 4]",two-tone,4,3,2,2.159312043478261
4,"[9, 7, 4]",two-tone,8,6,4,2.226197252173913
5,"[9, 7, 4]",two-tone,10,7,5,2.3891008391304345
6,"[9, 7, 4]",two-tone,15,10,7,2.695150426086956
