,flop,board_type,0b,1b,2b,profit
0,"[9, 6, 4]",two-tone,1,1,1,1.866854154347826
1,"[9, 6, 4]",two-tone,8,6,4,2.2649267565217395
2,"[9, 6, 4]",two-tone,10,7,5,2.4260052347826084
3,"[9, 6, 4]",two-tone,15,10,7,2.7312579260869567
