,flop,board_type,0b,1b,2b,profit
0,"[9, 5, 5]",two-tone,1,1,1,1.9676067408869566
1,"[9, 5, 5]",two-tone,8,6,4,2.3507985660521746
2,"[9, 5, 5]",two-tone,10,7,5,2.5532980630260873
3,"[9, 5, 5]",two-tone,15,10,7,2.8011568181565223
