,flop,board_type,0b,1b,2b,profit
0,"[9, 4, 4]",two-tone,1,1,1,1.7040759104308392
1,"[9, 4, 4]",two-tone,2,2,2,1.7074851604308394
2,"[9, 4, 4]",two-tone,8,6,4,2.0570717273242636
3,"[9, 4, 4]",two-tone,10,7,5,2.194110763038549
4,"[9, 4, 4]",two-tone,15,10,7,2.4655768897959183
