,flop,board_type,0b,1b,2b,profit
0,"[9, 2, 2]",two-tone,1,1,1,1.6987855088435373
1,"[9, 2, 2]",two-tone,2,2,2,1.6995513842403631
2,"[9, 2, 2]",two-tone,8,6,4,2.0483228511337863
3,"[9, 2, 2]",two-tone,10,7,5,2.1908202566893427
4,"[9, 2, 2]",two-tone,15,10,7,2.4607266104308385
