,flop,board_type,0b,1b,2b,profit
0,"[8, 5, 4]",two-tone,1,1,1,2.559973772409986
1,"[8, 5, 4]",two-tone,2,2,2,2.5614792441661
2,"[8, 5, 4]",two-tone,8,6,4,2.6772274673658285
3,"[8, 5, 4]",two-tone,10,7,5,2.8855870576766303
4,"[8, 5, 4]",two-tone,15,10,7,3.2025341301800268
5,"[8, 5, 4]",two-tone,16,11,8,3.2903840630434775
