,flop,board_type,0b,1b,2b,profit
0,"[8, 5, 3]",two-tone,1,1,1,2.5033827095877355
1,"[8, 5, 3]",two-tone,2,2,2,2.503696785185345
2,"[8, 5, 3]",two-tone,3,2,2,2.5041481657110682
3,"[8, 5, 3]",two-tone,8,6,4,2.6274913118049534
4,"[8, 5, 3]",two-tone,10,7,5,2.7867151792828677
5,"[8, 5, 3]",two-tone,15,10,7,3.117065406746925
6,"[8, 5, 3]",two-tone,16,11,8,3.212379374328771
