,flop,board_type,0b,1b,2b,profit
0,"[7, 7, 3]",two-tone,1,1,1,2.622443541813367
1,"[7, 7, 3]",two-tone,2,2,2,2.624572507096121
2,"[7, 7, 3]",two-tone,3,2,2,2.6261088852819756
3,"[7, 7, 3]",two-tone,8,6,4,2.734840553446799
4,"[7, 7, 3]",two-tone,10,7,5,2.7809123424676745
5,"[7, 7, 3]",two-tone,15,10,7,3.014045690045178
6,"[7, 7, 3]",two-tone,16,11,8,3.185656291758841
