,flop,board_type,0b,1b,2b,profit
0,"[7, 6, 3]",two-tone,1,1,1,3.083183128047741
1,"[7, 6, 3]",two-tone,2,2,2,3.0867564872549025
2,"[7, 6, 3]",two-tone,8,6,4,3.202244892028985
3,"[7, 6, 3]",two-tone,10,7,5,3.25127741372549
4,"[7, 6, 3]",two-tone,15,10,7,3.5142073809889163
5,"[7, 6, 3]",two-tone,16,11,8,3.6959223828644494
