,flop,board_type,0b,1b,2b,profit
0,"[7, 4, 4]",two-tone,1,1,1,2.709286784041617
1,"[7, 4, 4]",two-tone,2,2,2,2.709691847394959
2,"[7, 4, 4]",two-tone,8,6,4,2.8206822627450987
3,"[7, 4, 4]",two-tone,10,7,5,2.915283474157664
4,"[7, 4, 4]",two-tone,15,10,7,3.092044603377351
5,"[7, 4, 4]",two-tone,16,11,8,3.264269444033614
