,flop,board_type,0b,1b,2b,profit
0,"[7, 3, 3]",two-tone,1,1,1,2.713056734309724
1,"[7, 3, 3]",two-tone,8,6,4,2.819834752637056
2,"[7, 3, 3]",two-tone,10,7,5,2.867563678431373
3,"[7, 3, 3]",two-tone,15,10,7,3.0911038740616252
4,"[7, 3, 3]",two-tone,16,11,8,3.2613016236254504
