,flop,board_type,0b,1b,2b,profit
0,"[6, 6, 3]",two-tone,1,1,1,3.1976101576180094
1,"[6, 6, 3]",two-tone,8,6,4,3.300311266435582
2,"[6, 6, 3]",two-tone,10,7,5,3.345520262579841
3,"[6, 6, 3]",two-tone,15,10,7,3.5869426671599935
4,"[6, 6, 3]",two-tone,16,11,8,3.747136596471413
