,flop,board_type,0b,1b,2b,profit
0,"[6, 5, 4]",two-tone,1,1,1,3.661861899714186
1,"[6, 5, 4]",two-tone,8,6,4,3.772093501056642
2,"[6, 5, 4]",two-tone,10,7,5,3.8826730336739987
3,"[6, 5, 4]",two-tone,15,10,7,4.090424240065823
4,"[6, 5, 4]",two-tone,16,11,8,4.266967334574743
