,flop,board_type,0b,1b,2b,profit
0,"[6, 4, 2]",two-tone,1,1,1,3.262230097377232
1,"[6, 4, 2]",two-tone,2,2,2,3.263072201291454
2,"[6, 4, 2]",two-tone,8,6,4,3.3655323365752543
3,"[6, 4, 2]",two-tone,10,7,5,3.410529762834821
4,"[6, 4, 2]",two-tone,15,10,7,3.655826095424106
5,"[6, 4, 2]",two-tone,16,11,8,3.815256900510203
