,flop,board_type,0b,1b,2b,profit
0,"[4, 4, 2]",two-tone,1,1,1,3.8874617526442314
1,"[4, 4, 2]",two-tone,2,2,2,3.8876008986538464
2,"[4, 4, 2]",two-tone,3,2,2,3.8881275386057697
3,"[4, 4, 2]",two-tone,4,3,2,3.888273505
4,"[4, 4, 2]",two-tone,8,6,4,3.9779142715865383
5,"[4, 4, 2]",two-tone,10,7,5,4.0164988712500005
6,"[4, 4, 2]",two-tone,15,10,7,4.248282991346154
7,"[4, 4, 2]",two-tone,16,11,8,4.3865727682692315
