,flop,board_type,0b,1b,2b,profit
0,"[14, 13, 4]",monotone,1,1,1,1.1015400266106443
1,"[14, 13, 4]",monotone,2,2,2,2.7150872450980392
2,"[14, 13, 4]",monotone,3,2,2,3.0102635546218486
3,"[14, 13, 4]",monotone,4,3,2,4.375888022408963
4,"[14, 13, 4]",monotone,10,7,5,4.377449180205415
5,"[14, 13, 4]",monotone,15,10,7,5.284555234360411
6,"[14, 13, 4]",monotone,16,11,8,5.598334839081087
