,flop,board_type,0b,1b,2b,profit
0,"[14, 12, 8]",monotone,1,1,1,2.082442696486151
1,"[14, 12, 8]",monotone,2,2,2,6.5220921078958245
2,"[14, 12, 8]",monotone,3,2,2,6.929696489995866
3,"[14, 12, 8]",monotone,4,3,2,8.238956537701528
4,"[14, 12, 8]",monotone,15,10,7,9.00626239118397
