,flop,board_type,0b,1b,2b,profit
0,"[14, 12, 5]",monotone,1,1,1,1.5072837398111716
1,"[14, 12, 5]",monotone,2,2,2,3.0556431861526354
2,"[14, 12, 5]",monotone,3,2,2,3.407429355153422
3,"[14, 12, 5]",monotone,4,3,2,4.6587666045633345
4,"[14, 12, 5]",monotone,15,10,7,5.878640883949645
5,"[14, 12, 5]",monotone,16,11,8,6.2659177388777625
