,flop,board_type,0b,1b,2b,profit
0,"[14, 12, 2]",monotone,1,1,1,1.5022945535798575
1,"[14, 12, 2]",monotone,2,2,2,3.0526377254917385
2,"[14, 12, 2]",monotone,3,2,2,3.4141888959087328
3,"[14, 12, 2]",monotone,4,3,2,4.663554245790714
4,"[14, 12, 2]",monotone,15,10,7,5.879403571754523
5,"[14, 12, 2]",monotone,16,11,8,6.2658613039446385
