,flop,board_type,0b,1b,2b,profit
0,"[14, 10, 9]",monotone,1,1,1,2.9359943527272727
1,"[14, 10, 9]",monotone,2,2,2,4.5059421591919175
2,"[14, 10, 9]",monotone,3,2,2,5.3851281371005815
3,"[14, 10, 9]",monotone,4,3,2,7.6447519344743196
4,"[14, 10, 9]",monotone,15,10,7,8.502630909195247
