,flop,board_type,0b,1b,2b,profit
0,"[14, 9, 6]",monotone,1,1,1,0.40901700449775014
1,"[14, 9, 6]",monotone,8,6,4,2.0169518587706134
2,"[14, 9, 6]",monotone,10,7,5,2.0353890428785597
3,"[14, 9, 6]",monotone,15,10,7,3.406039118440779
4,"[14, 9, 6]",monotone,16,11,8,3.9806964001499248
