,flop,board_type,0b,1b,2b,profit
0,"[14, 9, 5]",monotone,1,1,1,0.0865662647184604
1,"[14, 9, 5]",monotone,8,6,4,1.627712970848182
2,"[14, 9, 5]",monotone,10,7,5,1.6309914255880251
3,"[14, 9, 5]",monotone,15,10,7,3.197399307483962
4,"[14, 9, 5]",monotone,16,11,8,3.7402751539558086
