,flop,board_type,0b,1b,2b,profit
0,"[14, 9, 3]",monotone,1,1,1,0.09206588446186714
1,"[14, 9, 3]",monotone,8,6,4,1.6267047208838203
2,"[14, 9, 3]",monotone,10,7,5,1.6284877158232354
3,"[14, 9, 3]",monotone,15,10,7,3.204956288667142
4,"[14, 9, 3]",monotone,16,11,8,3.7462281234497503
