,flop,board_type,0b,1b,2b,profit
0,"[14, 8, 4]",monotone,1,1,1,-1.0240516380785414
1,"[14, 8, 4]",monotone,8,6,4,0.49851435589060156
2,"[14, 8, 4]",monotone,10,7,5,0.5014297007012616
3,"[14, 8, 4]",monotone,15,10,7,1.8055938044880777
4,"[14, 8, 4]",monotone,16,11,8,2.967889426437587
