,flop,board_type,0b,1b,2b,profit
0,"[14, 8, 2]",monotone,1,1,1,-1.023398725596074
1,"[14, 8, 2]",monotone,2,2,2,-1.0180649899018228
2,"[14, 8, 2]",monotone,3,2,2,-1.0167423980364656
3,"[14, 8, 2]",monotone,4,3,2,-0.5170186053997201
4,"[14, 8, 2]",monotone,8,6,4,0.5049004784011206
5,"[14, 8, 2]",monotone,15,10,7,1.810976844249648
6,"[14, 8, 2]",monotone,16,11,8,2.9688219680224393
