,flop,board_type,0b,1b,2b,profit
0,"[14, 7, 6]",monotone,1,1,1,-1.7079530557111278
1,"[14, 7, 6]",monotone,8,6,4,-0.1878170789977902
2,"[14, 7, 6]",monotone,15,10,7,0.6608134209285186
3,"[14, 7, 6]",monotone,16,11,8,1.9445182351510677
