,flop,board_type,0b,1b,2b,profit
0,"[14, 6, 2]",monotone,1,1,1,-3.153365509396915
1,"[14, 6, 2]",monotone,8,6,4,-3.139540291304347
2,"[14, 6, 2]",monotone,15,10,7,-2.35785931802244
3,"[14, 6, 2]",monotone,16,11,8,-0.5376838581346428
