,flop,board_type,0b,1b,2b,profit
0,"[13, 11, 7]",monotone,1,1,1,2.832567853652597
1,"[13, 11, 7]",monotone,2,2,2,5.701545951217533
2,"[13, 11, 7]",monotone,3,2,2,6.049305369399351
3,"[13, 11, 7]",monotone,4,3,2,7.379245138474025
4,"[13, 11, 7]",monotone,8,6,4,7.381548362581168
5,"[13, 11, 7]",monotone,15,10,7,7.932700068790584
