,flop,board_type,0b,1b,2b,profit
0,"[13, 10, 5]",monotone,1,1,1,1.1341954839361708
1,"[13, 10, 5]",monotone,2,2,2,2.54101397968085
2,"[13, 10, 5]",monotone,3,2,2,2.5472779839007074
3,"[13, 10, 5]",monotone,15,10,7,3.490449577943262
