,flop,board_type,0b,1b,2b,profit
0,"[13, 10, 4]",monotone,1,1,1,1.1252482141489364
1,"[13, 10, 4]",monotone,2,2,2,2.5383088034751773
2,"[13, 10, 4]",monotone,3,2,2,2.5383531725177297
3,"[13, 10, 4]",monotone,10,7,5,2.5416353329078
4,"[13, 10, 4]",monotone,15,10,7,3.4940685658865247
5,"[13, 10, 4]",monotone,16,11,8,3.496709864361701
