,flop,board_type,0b,1b,2b,profit
0,"[13, 8, 6]",monotone,1,1,1,-1.4538225666666664
1,"[13, 8, 6]",monotone,2,2,2,-1.4500790125000005
2,"[13, 8, 6]",monotone,3,2,2,-1.028886759166667
3,"[13, 8, 6]",monotone,4,3,2,-0.01596585250000082
4,"[13, 8, 6]",monotone,8,6,4,1.5222573641666657
5,"[13, 8, 6]",monotone,10,7,5,1.5233762108333329
6,"[13, 8, 6]",monotone,15,10,7,2.2054864233333316
7,"[13, 8, 6]",monotone,16,11,8,2.820836731666665
