,flop,board_type,0b,1b,2b,profit
0,"[13, 8, 2]",monotone,1,1,1,-1.7242205841269846
1,"[13, 8, 2]",monotone,2,2,2,-1.7014792126984142
2,"[13, 8, 2]",monotone,8,6,4,1.2307408444444428
3,"[13, 8, 2]",monotone,10,7,5,1.2311785079365065
4,"[13, 8, 2]",monotone,15,10,7,2.097300746031745
5,"[13, 8, 2]",monotone,16,11,8,2.6796453174603165
