,flop,board_type,0b,1b,2b,profit
0,"[13, 7, 6]",monotone,1,1,1,-2.496889855
1,"[13, 7, 6]",monotone,2,2,2,-2.4892941933333335
2,"[13, 7, 6]",monotone,3,2,2,-2.06848251
3,"[13, 7, 6]",monotone,4,3,2,-1.0469044749999996
4,"[13, 7, 6]",monotone,8,6,4,0.5081095799999993
5,"[13, 7, 6]",monotone,15,10,7,0.9824317549999995
6,"[13, 7, 6]",monotone,16,11,8,1.623138988333333
