,flop,board_type,0b,1b,2b,profit
0,"[13, 7, 5]",monotone,1,1,1,-2.694558138888888
1,"[13, 7, 5]",monotone,8,6,4,-1.2441855388888898
2,"[13, 7, 5]",monotone,10,7,5,-1.2316618849206353
3,"[13, 7, 5]",monotone,15,10,7,-0.5930259984126987
4,"[13, 7, 5]",monotone,16,11,8,0.5772784888888884
