,flop,board_type,0b,1b,2b,profit
0,"[12, 11, 9]",monotone,1,1,1,6.801178707012297
1,"[12, 11, 9]",monotone,2,2,2,9.407684388235294
2,"[12, 11, 9]",monotone,3,2,2,9.592598169690927
3,"[12, 11, 9]",monotone,4,3,2,10.48184702981057
4,"[12, 11, 9]",monotone,8,6,4,10.482567465104687
5,"[12, 11, 9]",monotone,15,10,7,10.865176860319043
