,flop,board_type,0b,1b,2b,profit
0,"[12, 10, 6]",monotone,1,1,1,2.4954847252857144
1,"[12, 10, 6]",monotone,2,2,2,4.854535099285714
2,"[12, 10, 6]",monotone,8,6,4,4.855499493142856
3,"[12, 10, 6]",monotone,15,10,7,5.43374868242857
