,flop,board_type,0b,1b,2b,profit
0,"[12, 10, 4]",monotone,1,1,1,2.1536445675932203
1,"[12, 10, 4]",monotone,2,2,2,3.4917861062372877
2,"[12, 10, 4]",monotone,15,10,7,4.592132822847457
3,"[12, 10, 4]",monotone,16,11,8,4.600044502067797
