,flop,board_type,0b,1b,2b,profit
0,"[12, 10, 2]",monotone,1,1,1,2.1625988940338985
1,"[12, 10, 2]",monotone,2,2,2,3.4796292982372874
2,"[12, 10, 2]",monotone,3,2,2,3.48138371959322
3,"[12, 10, 2]",monotone,4,3,2,3.489974311966101
4,"[12, 10, 2]",monotone,10,7,5,3.4928261353220345
5,"[12, 10, 2]",monotone,15,10,7,4.594582835491526
