,flop,board_type,0b,1b,2b,profit
0,"[12, 9, 6]",monotone,1,1,1,1.4209791340770792
1,"[12, 9, 6]",monotone,2,2,2,2.7377611578093304
2,"[12, 9, 6]",monotone,3,2,2,3.3231699150101424
3,"[12, 9, 6]",monotone,4,3,2,4.177198926369168
4,"[12, 9, 6]",monotone,8,6,4,4.179908892900608
5,"[12, 9, 6]",monotone,15,10,7,5.238052048478702
6,"[12, 9, 6]",monotone,16,11,8,5.24365148336714
