,flop,board_type,0b,1b,2b,profit
0,"[12, 8, 4]",monotone,1,1,1,-0.23983390834914609
1,"[12, 8, 4]",monotone,2,2,2,-0.23795645777988583
2,"[12, 8, 4]",monotone,3,2,2,0.7769962770398484
3,"[12, 8, 4]",monotone,4,3,2,3.0922879351992414
4,"[12, 8, 4]",monotone,8,6,4,3.895334162144213
5,"[12, 8, 4]",monotone,10,7,5,3.899848670303606
6,"[12, 8, 4]",monotone,15,10,7,4.9634526212523715
