,flop,board_type,0b,1b,2b,profit
0,"[12, 7, 4]",monotone,1,1,1,-1.3964227795066417
1,"[12, 7, 4]",monotone,8,6,4,1.438669609582542
2,"[12, 7, 4]",monotone,15,10,7,2.220373872011385
3,"[12, 7, 4]",monotone,16,11,8,3.0140933324478167
