,flop,board_type,0b,1b,2b,profit
0,"[12, 7, 2]",monotone,1,1,1,-1.4093328739089177
1,"[12, 7, 2]",monotone,2,2,2,-1.4060032789373813
2,"[12, 7, 2]",monotone,8,6,4,1.4375430592030354
3,"[12, 7, 2]",monotone,15,10,7,2.2144815772296016
4,"[12, 7, 2]",monotone,16,11,8,3.0037736176470577
