,flop,board_type,0b,1b,2b,profit
0,"[12, 6, 4]",monotone,1,1,1,-2.297849302941176
1,"[12, 6, 4]",monotone,2,2,2,-2.289695519639469
2,"[12, 6, 4]",monotone,8,6,4,0.5697457660341558
3,"[12, 6, 4]",monotone,10,7,5,0.5701455357685004
4,"[12, 6, 4]",monotone,15,10,7,1.1322910998102456
5,"[12, 6, 4]",monotone,16,11,8,1.9641828455407968
