,flop,board_type,0b,1b,2b,profit
0,"[11, 10, 8]",monotone,1,1,1,5.9993076937787375
1,"[11, 10, 8]",monotone,2,2,2,8.542169489995244
2,"[11, 10, 8]",monotone,3,2,2,8.785535630226336
3,"[11, 10, 8]",monotone,4,3,2,9.591635285527985
4,"[11, 10, 8]",monotone,8,6,4,9.593163375929523
5,"[11, 10, 8]",monotone,10,7,5,9.593396841667989
6,"[11, 10, 8]",monotone,15,10,7,9.837999071040114
7,"[11, 10, 8]",monotone,16,11,8,9.840453573251942
