,flop,board_type,0b,1b,2b,profit
0,"[11, 10, 7]",monotone,1,1,1,6.445910737254902
1,"[11, 10, 7]",monotone,2,2,2,7.882021239215685
2,"[11, 10, 7]",monotone,3,2,2,8.341994827450979
3,"[11, 10, 7]",monotone,4,3,2,9.850844913725489
4,"[11, 10, 7]",monotone,8,6,4,9.852597031372548
5,"[11, 10, 7]",monotone,15,10,7,10.097989247058823
