,flop,board_type,0b,1b,2b,profit
0,"[11, 9, 6]",monotone,1,1,1,2.5789329059829065
1,"[11, 9, 6]",monotone,2,2,2,2.580640876068376
2,"[11, 9, 6]",monotone,3,2,2,3.0920354572649575
3,"[11, 9, 6]",monotone,4,3,2,4.130665937321938
4,"[11, 9, 6]",monotone,10,7,5,4.143505796296297
5,"[11, 9, 6]",monotone,15,10,7,4.998254113960114
