,flop,board_type,0b,1b,2b,profit
0,"[11, 9, 3]",monotone,1,1,1,2.292921307692308
1,"[11, 9, 3]",monotone,2,2,2,2.2931798076923076
2,"[11, 9, 3]",monotone,3,2,2,2.7938626025641033
3,"[11, 9, 3]",monotone,4,3,2,3.782847435897436
4,"[11, 9, 3]",monotone,15,10,7,4.796148461538461
5,"[11, 9, 3]",monotone,16,11,8,4.796730282051282
