,flop,board_type,0b,1b,2b,profit
0,"[11, 9, 2]",monotone,1,1,1,2.297663576923077
1,"[11, 9, 2]",monotone,2,2,2,2.301774192307692
2,"[11, 9, 2]",monotone,3,2,2,2.787955217948719
3,"[11, 9, 2]",monotone,4,3,2,3.778720012820514
4,"[11, 9, 2]",monotone,8,6,4,3.784744243589744
5,"[11, 9, 2]",monotone,15,10,7,4.795947692307692
6,"[11, 9, 2]",monotone,16,11,8,4.796531538461538
