,flop,board_type,0b,1b,2b,profit
0,"[11, 8, 3]",monotone,1,1,1,0.9801859164456235
1,"[11, 8, 3]",monotone,2,2,2,2.3827148356763916
2,"[11, 8, 3]",monotone,8,6,4,3.93401462679045
3,"[11, 8, 3]",monotone,15,10,7,4.745970489655171
4,"[11, 8, 3]",monotone,16,11,8,4.748005848275861
