,flop,board_type,0b,1b,2b,profit
0,"[11, 7, 4]",monotone,1,1,1,-0.18483124244031823
1,"[11, 7, 4]",monotone,2,2,2,-0.18248169336870013
2,"[11, 7, 4]",monotone,3,2,2,0.3369440965517241
3,"[11, 7, 4]",monotone,4,3,2,1.9058006360742703
4,"[11, 7, 4]",monotone,8,6,4,2.8655488153846163
5,"[11, 7, 4]",monotone,10,7,5,2.8664744933687003
6,"[11, 7, 4]",monotone,15,10,7,3.5182436795755967
7,"[11, 7, 4]",monotone,16,11,8,3.521772176127321
