,flop,board_type,0b,1b,2b,profit
0,"[10, 9, 7]",monotone,1,1,1,5.957938109451904
1,"[10, 9, 7]",monotone,2,2,2,9.848024032051509
2,"[10, 9, 7]",monotone,3,2,2,10.460752446485252
3,"[10, 9, 7]",monotone,4,3,2,12.326124362296941
4,"[10, 9, 7]",monotone,8,6,4,12.328972570993837
5,"[10, 9, 7]",monotone,10,7,5,12.330747302389941
