,flop,board_type,0b,1b,2b,profit
0,"[10, 9, 2]",monotone,1,1,1,4.1762867997492155
1,"[10, 9, 2]",monotone,2,2,2,5.59058578890282
2,"[10, 9, 2]",monotone,3,2,2,6.490523001003133
3,"[10, 9, 2]",monotone,4,3,2,8.553384786394982
4,"[10, 9, 2]",monotone,15,10,7,9.166576274921628
5,"[10, 9, 2]",monotone,16,11,8,9.170347629592474
