,flop,board_type,0b,1b,2b,profit
0,"[10, 8, 2]",monotone,1,1,1,2.356781084098613
1,"[10, 8, 2]",monotone,8,6,4,3.8060329341140218
2,"[10, 8, 2]",monotone,10,7,5,4.829306873251156
3,"[10, 8, 2]",monotone,15,10,7,7.2133391816640975
4,"[10, 8, 2]",monotone,16,11,8,7.214537171771955
