,flop,board_type,0b,1b,2b,profit
0,"[10, 5, 4]",monotone,1,1,1,-1.041431017683285
1,"[10, 5, 4]",monotone,2,2,2,-1.0309002877419358
2,"[10, 5, 4]",monotone,8,6,4,0.46228417926686083
3,"[10, 5, 4]",monotone,10,7,5,1.5263490673313784
4,"[10, 5, 4]",monotone,15,10,7,3.45137002803519
