,flop,board_type,0b,1b,2b,profit
0,"[9, 8, 2]",monotone,1,1,1,1.7432467030444958
1,"[9, 8, 2]",monotone,2,2,2,2.9755836950819674
2,"[9, 8, 2]",monotone,3,2,2,3.441409747540983
3,"[9, 8, 2]",monotone,4,3,2,4.311193936768149
4,"[9, 8, 2]",monotone,10,7,5,4.846412140749414
5,"[9, 8, 2]",monotone,15,10,7,5.706019347072599
6,"[9, 8, 2]",monotone,16,11,8,5.709347541920374
