,flop,board_type,0b,1b,2b,profit
0,"[9, 7, 3]",monotone,1,1,1,1.5904207592505861
1,"[9, 7, 3]",monotone,8,6,4,2.8964895606557377
2,"[9, 7, 3]",monotone,10,7,5,3.4332920309133486
3,"[9, 7, 3]",monotone,15,10,7,4.828922427166277
