,flop,board_type,0b,1b,2b,profit
0,"[9, 4, 3]",monotone,1,1,1,0.3190269975446416
1,"[9, 4, 3]",monotone,2,2,2,0.326257366964285
2,"[9, 4, 3]",monotone,8,6,4,1.6445859383928565
3,"[9, 4, 3]",monotone,10,7,5,2.1808018814732124
4,"[9, 4, 3]",monotone,15,10,7,3.5408549787946417
