,flop,board_type,0b,1b,2b,profit
0,"[9, 4, 2]",monotone,1,1,1,0.30690624441964176
1,"[9, 4, 2]",monotone,8,6,4,1.631783534821428
2,"[9, 4, 2]",monotone,10,7,5,2.1604032524553562
3,"[9, 4, 2]",monotone,15,10,7,3.5275610604910703
4,"[9, 4, 2]",monotone,16,11,8,3.5356265732142846
