,flop,board_type,0b,1b,2b,profit
0,"[8, 7, 6]",monotone,1,1,1,5.926669919612591
1,"[8, 7, 6]",monotone,8,6,4,7.246636447457627
2,"[8, 7, 6]",monotone,15,10,7,7.7543900552058105
3,"[8, 7, 6]",monotone,16,11,8,8.267876602421307
