,flop,board_type,0b,1b,2b,profit
0,"[8, 6, 4]",monotone,1,1,1,3.1244049359446997
1,"[8, 6, 4]",monotone,8,6,4,4.376531649769585
2,"[8, 6, 4]",monotone,10,7,5,4.8744524880184334
3,"[8, 6, 4]",monotone,15,10,7,6.215033588018432
4,"[8, 6, 4]",monotone,16,11,8,6.740502386175114
