,flop,board_type,0b,1b,2b,profit
0,"[7, 6, 4]",monotone,1,1,1,4.8820702009216586
1,"[7, 6, 4]",monotone,2,2,2,4.8855383225806435
2,"[7, 6, 4]",monotone,3,2,2,5.303544066359446
3,"[7, 6, 4]",monotone,4,3,2,6.1432209953917045
4,"[7, 6, 4]",monotone,10,7,5,6.150020508755761
5,"[7, 6, 4]",monotone,15,10,7,6.627737105990784
6,"[7, 6, 4]",monotone,16,11,8,7.608018938248848
