,flop,board_type,0b,1b,2b,profit
0,"[6, 4, 3]",monotone,1,1,1,5.2626598962637345
1,"[6, 4, 3]",monotone,2,2,2,5.268552218021977
2,"[6, 4, 3]",monotone,8,6,4,5.270464678681318
3,"[6, 4, 3]",monotone,15,10,7,5.723292188131866
4,"[6, 4, 3]",monotone,16,11,8,7.124465002197802
