,flop,board_type,0b,1b,2b,profit
0,"[5, 3, 2]",monotone,1,1,1,5.918491337815126
1,"[5, 3, 2]",monotone,15,10,7,6.360202890756302
2,"[5, 3, 2]",monotone,16,11,8,7.733928884033613
