,flop,board_type,0b,1b,2b,profit
0,"[14, 14, 7]",rainbow,1,1,1,1.359500432755111
1,"[14, 14, 7]",rainbow,8,6,4,1.959370463552009
2,"[14, 14, 7]",rainbow,10,7,5,2.077816528742523
3,"[14, 14, 7]",rainbow,15,10,7,2.646574591685088
4,"[14, 14, 7]",rainbow,16,11,8,2.846469734317436
