,flop,board_type,0b,1b,2b,profit
0,"[14, 14, 6]",rainbow,1,1,1,1.3024193535943904
1,"[14, 14, 6]",rainbow,8,6,4,1.760947635711958
2,"[14, 14, 6]",rainbow,10,7,5,1.8680111652162854
3,"[14, 14, 6]",rainbow,15,10,7,2.5041526996661005
4,"[14, 14, 6]",rainbow,16,11,8,2.7233364717240973
