,flop,board_type,0b,1b,2b,profit
0,"[14, 13, 10]",rainbow,1,1,1,2.5146261605430134
1,"[14, 13, 10]",rainbow,8,6,4,2.9938689032062684
2,"[14, 13, 10]",rainbow,10,7,5,3.004655420060201
3,"[14, 13, 10]",rainbow,15,10,7,3.3958243696096506
4,"[14, 13, 10]",rainbow,16,11,8,3.413875794362126
