,flop,board_type,0b,1b,2b,profit
0,"[14, 13, 8]",rainbow,1,1,1,1.5937769261017491
1,"[14, 13, 8]",rainbow,2,2,2,1.7946713658326643
2,"[14, 13, 8]",rainbow,3,2,2,1.8888614095007865
3,"[14, 13, 8]",rainbow,4,3,2,2.0120665000522564
4,"[14, 13, 8]",rainbow,8,6,4,2.4456648905051206
5,"[14, 13, 8]",rainbow,10,7,5,2.4713524183778723
6,"[14, 13, 8]",rainbow,15,10,7,2.8195967874699037
7,"[14, 13, 8]",rainbow,16,11,8,2.8417764792574793
