,flop,board_type,0b,1b,2b,profit
0,"[14, 13, 3]",rainbow,1,1,1,1.9000068181818186
1,"[14, 13, 3]",rainbow,2,2,2,2.057411584415584
2,"[14, 13, 3]",rainbow,3,2,2,2.1651678441558446
3,"[14, 13, 3]",rainbow,4,3,2,2.1652521688311688
4,"[14, 13, 3]",rainbow,8,6,4,2.967469350649351
5,"[14, 13, 3]",rainbow,15,10,7,3.0432403636363636
6,"[14, 13, 3]",rainbow,16,11,8,3.12118287012987
