,flop,board_type,0b,1b,2b,profit
0,"[14, 11, 5]",rainbow,1,1,1,1.8706584128440367
1,"[14, 11, 5]",rainbow,3,2,2,1.9877293394495414
2,"[14, 11, 5]",rainbow,4,3,2,2.132808431192661
3,"[14, 11, 5]",rainbow,8,6,4,2.59461995412844
4,"[14, 11, 5]",rainbow,10,7,5,2.6969933027522943
5,"[14, 11, 5]",rainbow,15,10,7,2.947174243119266
6,"[14, 11, 5]",rainbow,16,11,8,2.9829131743119266
