,flop,board_type,0b,1b,2b,profit
0,"[14, 10, 4]",rainbow,1,1,1,0.9794548598024689
1,"[14, 10, 4]",rainbow,8,6,4,2.1882607411358026
2,"[14, 10, 4]",rainbow,10,7,5,2.2910348371358027
3,"[14, 10, 4]",rainbow,15,10,7,2.522901269135802
4,"[14, 10, 4]",rainbow,16,11,8,2.5627748398024695
