,flop,board_type,0b,1b,2b,profit
0,"[14, 10, 3]",rainbow,1,1,1,0.966083011731991
1,"[14, 10, 3]",rainbow,3,2,2,1.3531783517319913
2,"[14, 10, 3]",rainbow,4,3,2,1.581236453065325
3,"[14, 10, 3]",rainbow,8,6,4,2.1486049903986575
4,"[14, 10, 3]",rainbow,10,7,5,2.2538475343986577
5,"[14, 10, 3]",rainbow,15,10,7,2.416138778398658
6,"[14, 10, 3]",rainbow,16,11,8,2.468856405065325
