,flop,board_type,0b,1b,2b,profit
0,"[14, 8, 6]",rainbow,1,1,1,0.5196683436123349
1,"[14, 8, 6]",rainbow,8,6,4,0.8250334292007554
2,"[14, 8, 6]",rainbow,10,7,5,0.9534087665198241
3,"[14, 8, 6]",rainbow,15,10,7,1.579289170862177
4,"[14, 8, 6]",rainbow,16,11,8,1.751033190685966
