,flop,board_type,0b,1b,2b,profit
0,"[14, 8, 2]",rainbow,1,1,1,1.1227475463266026
1,"[14, 8, 2]",rainbow,2,2,2,1.1269370152658893
2,"[14, 8, 2]",rainbow,8,6,4,1.732394308969228
3,"[14, 8, 2]",rainbow,10,7,5,1.8928623286903152
4,"[14, 8, 2]",rainbow,15,10,7,2.1626502706539728
5,"[14, 8, 2]",rainbow,16,11,8,2.360362750721587
