,flop,board_type,0b,1b,2b,profit
0,"[14, 6, 6]",rainbow,1,1,1,1.1278903213752858
1,"[14, 6, 6]",rainbow,8,6,4,1.7283552078436561
2,"[14, 6, 6]",rainbow,10,7,5,1.899800943914037
3,"[14, 6, 6]",rainbow,15,10,7,2.475089052837373
4,"[14, 6, 6]",rainbow,16,11,8,2.6719755429923784
