,flop,board_type,0b,1b,2b,profit
0,"[14, 5, 5]",rainbow,1,1,1,1.5191306695278972
1,"[14, 5, 5]",rainbow,8,6,4,2.287850875536481
2,"[14, 5, 5]",rainbow,10,7,5,2.4848830472103005
3,"[14, 5, 5]",rainbow,15,10,7,2.9215715836909877
4,"[14, 5, 5]",rainbow,16,11,8,3.1513108111587984
