,flop,board_type,0b,1b,2b,profit
0,"[13, 13, 13]",rainbow,1,1,1,0.9717759926199265
1,"[13, 13, 13]",rainbow,2,2,2,0.9764885387453871
2,"[13, 13, 13]",rainbow,8,6,4,1.6793362546125459
3,"[13, 13, 13]",rainbow,15,10,7,2.38078526199262
4,"[13, 13, 13]",rainbow,16,11,8,2.503953948339483
