,flop,board_type,0b,1b,2b,profit
0,"[13, 13, 2]",rainbow,1,1,1,1.0359583595505615
1,"[13, 13, 2]",rainbow,8,6,4,1.756930831460674
2,"[13, 13, 2]",rainbow,16,11,8,1.8765065505617977
