,flop,board_type,0b,1b,2b,profit
0,"[13, 12, 2]",rainbow,1,1,1,1.1066575502183404
1,"[13, 12, 2]",rainbow,2,2,2,1.1319997030567683
2,"[13, 12, 2]",rainbow,3,2,2,1.2395770305676854
3,"[13, 12, 2]",rainbow,8,6,4,1.6810884978165945
4,"[13, 12, 2]",rainbow,16,11,8,1.7475921179039302
