,flop,board_type,0b,1b,2b,profit
0,"[13, 11, 7]",rainbow,1,1,1,0.6859804725828077
1,"[13, 11, 7]",rainbow,2,2,2,0.7926649864381435
2,"[13, 11, 7]",rainbow,3,2,2,0.9294552203446381
3,"[13, 11, 7]",rainbow,4,3,2,0.9629358171898844
4,"[13, 11, 7]",rainbow,8,6,4,1.0965728528584933
5,"[13, 11, 7]",rainbow,15,10,7,1.5272359826012813
