,flop,board_type,0b,1b,2b,profit
0,"[13, 11, 2]",rainbow,1,1,1,1.0937203973799128
1,"[13, 11, 2]",rainbow,2,2,2,1.1181148646288213
2,"[13, 11, 2]",rainbow,3,2,2,1.2259256681222712
3,"[13, 11, 2]",rainbow,8,6,4,1.657151825327511
4,"[13, 11, 2]",rainbow,10,7,5,1.6592312183406115
5,"[13, 11, 2]",rainbow,16,11,8,1.7267907991266376
