,flop,board_type,0b,1b,2b,profit
0,"[13, 10, 2]",rainbow,1,1,1,0.17825630793457692
1,"[13, 10, 2]",rainbow,2,2,2,0.4483100758832951
2,"[13, 10, 2]",rainbow,3,2,2,0.5609503835756028
3,"[13, 10, 2]",rainbow,4,3,2,0.5937708963961156
4,"[13, 10, 2]",rainbow,8,6,4,0.9740516604986797
5,"[13, 10, 2]",rainbow,15,10,7,1.0089127681909873
6,"[13, 10, 2]",rainbow,16,11,8,1.06184914126791
