,flop,board_type,0b,1b,2b,profit
0,"[13, 9, 6]",rainbow,1,1,1,-0.4241677464387464
1,"[13, 9, 6]",rainbow,2,2,2,-0.3354017350427352
2,"[13, 9, 6]",rainbow,3,2,2,-0.03389455982905987
3,"[13, 9, 6]",rainbow,4,3,2,0.18202814957264984
4,"[13, 9, 6]",rainbow,8,6,4,0.18325547863247865
5,"[13, 9, 6]",rainbow,15,10,7,0.5459814786324786
