,flop,board_type,0b,1b,2b,profit
0,"[13, 9, 4]",rainbow,1,1,1,0.0783339303874091
1,"[13, 9, 4]",rainbow,3,2,2,0.41631274564164644
2,"[13, 9, 4]",rainbow,4,3,2,0.6160672269975788
3,"[13, 9, 4]",rainbow,8,6,4,0.8352442854721552
4,"[13, 9, 4]",rainbow,15,10,7,1.0528378193704602
5,"[13, 9, 4]",rainbow,16,11,8,1.072623796912833
