,flop,board_type,0b,1b,2b,profit
0,"[13, 9, 2]",rainbow,1,1,1,0.05345546639129333
1,"[13, 9, 2]",rainbow,3,2,2,0.3967184676624805
2,"[13, 9, 2]",rainbow,4,3,2,0.49272297783197166
3,"[13, 9, 2]",rainbow,8,6,4,0.7828556791031579
4,"[13, 9, 2]",rainbow,10,7,5,0.7842841850353618
5,"[13, 9, 2]",rainbow,15,10,7,0.8086909646963787
6,"[13, 9, 2]",rainbow,16,11,8,0.8421394456285818
