,flop,board_type,0b,1b,2b,profit
0,"[13, 6, 6]",rainbow,1,1,1,0.6058336800403223
1,"[13, 6, 6]",rainbow,3,2,2,0.6149371800403223
2,"[13, 6, 6]",rainbow,4,3,2,0.7099297768145161
3,"[13, 6, 6]",rainbow,8,6,4,1.2706058510080647
4,"[13, 6, 6]",rainbow,10,7,5,1.3402832703629033
5,"[13, 6, 6]",rainbow,15,10,7,1.6635625542338712
6,"[13, 6, 6]",rainbow,16,11,8,1.7313286510080645
