,flop,board_type,0b,1b,2b,profit
0,"[13, 5, 4]",rainbow,1,1,1,1.1027712500000002
1,"[13, 5, 4]",rainbow,2,2,2,1.1669095
2,"[13, 5, 4]",rainbow,3,2,2,1.2565525124999999
3,"[13, 5, 4]",rainbow,8,6,4,1.7984915375
4,"[13, 5, 4]",rainbow,10,7,5,1.7988737375
5,"[13, 5, 4]",rainbow,15,10,7,1.9673264375000001
6,"[13, 5, 4]",rainbow,16,11,8,2.0434013375
