,flop,board_type,0b,1b,2b,profit
0,"[13, 5, 2]",rainbow,1,1,1,1.0330019
1,"[13, 5, 2]",rainbow,8,6,4,1.7790782
2,"[13, 5, 2]",rainbow,10,7,5,1.78100405
3,"[13, 5, 2]",rainbow,15,10,7,1.7826801500000005
4,"[13, 5, 2]",rainbow,16,11,8,1.8723665
