,flop,board_type,0b,1b,2b,profit
0,"[12, 12, 12]",rainbow,1,1,1,1.00125673800738
1,"[12, 12, 12]",rainbow,3,2,2,1.0043365313653139
2,"[12, 12, 12]",rainbow,4,3,2,1.1978069963099633
3,"[12, 12, 12]",rainbow,8,6,4,1.7028567527675278
4,"[12, 12, 12]",rainbow,15,10,7,2.409786250922509
5,"[12, 12, 12]",rainbow,16,11,8,2.497766199261992
