,flop,board_type,0b,1b,2b,profit
0,"[12, 12, 4]",rainbow,1,1,1,1.0724029775280894
1,"[12, 12, 4]",rainbow,3,2,2,1.074186460674157
2,"[12, 12, 4]",rainbow,4,3,2,1.3613107865168539
3,"[12, 12, 4]",rainbow,8,6,4,1.7265494831460675
4,"[12, 12, 4]",rainbow,10,7,5,1.7905433707865166
5,"[12, 12, 4]",rainbow,15,10,7,1.989912651685393
6,"[12, 12, 4]",rainbow,16,11,8,2.057451595505618
