,flop,board_type,0b,1b,2b,profit
0,"[12, 12, 3]",rainbow,1,1,1,1.067127359550562
1,"[12, 12, 3]",rainbow,8,6,4,1.7111057977528088
2,"[12, 12, 3]",rainbow,10,7,5,1.7790506404494382
3,"[12, 12, 3]",rainbow,15,10,7,1.887264415730337
4,"[12, 12, 3]",rainbow,16,11,8,1.9774483707865165
