,flop,board_type,0b,1b,2b,profit
0,"[12, 11, 9]",rainbow,1,1,1,1.0544620004730574
1,"[12, 11, 9]",rainbow,2,2,2,1.0564534151072036
2,"[12, 11, 9]",rainbow,3,2,2,1.209748680960862
3,"[12, 11, 9]",rainbow,4,3,2,1.250774321986503
4,"[12, 11, 9]",rainbow,8,6,4,1.42146395369382
5,"[12, 11, 9]",rainbow,10,7,5,1.4446295041628634
6,"[12, 11, 9]",rainbow,15,10,7,2.017019143187253
7,"[12, 11, 9]",rainbow,16,11,8,2.048858113918961
