,flop,board_type,0b,1b,2b,profit
0,"[12, 11, 8]",rainbow,1,1,1,0.6081323070239336
1,"[12, 11, 8]",rainbow,2,2,2,0.6670601814776276
2,"[12, 11, 8]",rainbow,3,2,2,0.7158153673257026
3,"[12, 11, 8]",rainbow,4,3,2,0.7489741832986475
4,"[12, 11, 8]",rainbow,8,6,4,0.9433643018730492
5,"[12, 11, 8]",rainbow,10,7,5,0.9731501989594171
6,"[12, 11, 8]",rainbow,15,10,7,1.4641892231009366
7,"[12, 11, 8]",rainbow,16,11,8,1.477670830228928
