,flop,board_type,0b,1b,2b,profit
0,"[12, 11, 7]",rainbow,1,1,1,0.7629381940326
1,"[12, 11, 7]",rainbow,2,2,2,0.8708030051737111
2,"[12, 11, 7]",rainbow,3,2,2,1.003487170585108
3,"[12, 11, 7]",rainbow,4,3,2,1.0392944134442814
4,"[12, 11, 7]",rainbow,8,6,4,1.1657315497239458
5,"[12, 11, 7]",rainbow,10,7,5,1.1658466095505766
6,"[12, 11, 7]",rainbow,15,10,7,1.5988898626413823
