,flop,board_type,0b,1b,2b,profit
0,"[12, 11, 3]",rainbow,1,1,1,1.0153240174672487
1,"[12, 11, 3]",rainbow,2,2,2,1.0890939257641923
2,"[12, 11, 3]",rainbow,3,2,2,1.2346707598253275
3,"[12, 11, 3]",rainbow,8,6,4,1.55717903930131
4,"[12, 11, 3]",rainbow,10,7,5,1.5585192139737996
5,"[12, 11, 3]",rainbow,15,10,7,1.6567276855895192
6,"[12, 11, 3]",rainbow,16,11,8,1.7085137248908295
