,flop,board_type,0b,1b,2b,profit
0,"[12, 10, 8]",rainbow,1,1,1,0.7790009752497439
1,"[12, 10, 8]",rainbow,2,2,2,1.1355088488409324
2,"[12, 10, 8]",rainbow,3,2,2,1.2215076522614172
3,"[12, 10, 8]",rainbow,4,3,2,1.336533211134185
4,"[12, 10, 8]",rainbow,8,6,4,1.398966388520931
5,"[12, 10, 8]",rainbow,10,7,5,1.4386856840511564
6,"[12, 10, 8]",rainbow,15,10,7,1.8160433709656765
7,"[12, 10, 8]",rainbow,16,11,8,1.825025953843128
