,flop,board_type,0b,1b,2b,profit
0,"[12, 10, 4]",rainbow,1,1,1,0.333258850605413
1,"[12, 10, 4]",rainbow,2,2,2,0.6527674018874647
2,"[12, 10, 4]",rainbow,3,2,2,0.7784280788105415
3,"[12, 10, 4]",rainbow,4,3,2,0.9161815070156698
4,"[12, 10, 4]",rainbow,8,6,4,1.1074733018874645
5,"[12, 10, 4]",rainbow,15,10,7,1.331990709579772
6,"[12, 10, 4]",rainbow,16,11,8,1.3672558595797721
