,flop,board_type,0b,1b,2b,profit
0,"[12, 9, 6]",rainbow,1,1,1,-0.2848058341880344
1,"[12, 9, 6]",rainbow,2,2,2,-0.1223505700854701
2,"[12, 9, 6]",rainbow,3,2,2,0.13228287663817653
3,"[12, 9, 6]",rainbow,4,3,2,0.31296215384615356
4,"[12, 9, 6]",rainbow,15,10,7,0.6766592111111114
