,flop,board_type,0b,1b,2b,profit
0,"[12, 7, 3]",rainbow,1,1,1,0.7132985518913435
1,"[12, 7, 3]",rainbow,2,2,2,0.7180630264493131
2,"[12, 7, 3]",rainbow,3,2,2,0.7951744822463169
3,"[12, 7, 3]",rainbow,4,3,2,1.0851906960403512
4,"[12, 7, 3]",rainbow,8,6,4,1.317401178426638
5,"[12, 7, 3]",rainbow,10,7,5,1.3950908952575194
6,"[12, 7, 3]",rainbow,15,10,7,1.53786935064961
7,"[12, 7, 3]",rainbow,16,11,8,1.5675049030858363
