,flop,board_type,0b,1b,2b,profit
0,"[12, 7, 2]",rainbow,1,1,1,0.6786925061059703
1,"[12, 7, 2]",rainbow,8,6,4,1.3028796471506452
2,"[12, 7, 2]",rainbow,10,7,5,1.3720687544525754
3,"[12, 7, 2]",rainbow,15,10,7,1.4442283225454355
4,"[12, 7, 2]",rainbow,16,11,8,1.4728275084004765
