,flop,board_type,0b,1b,2b,profit
0,"[12, 5, 3]",rainbow,1,1,1,1.090196525
1,"[12, 5, 3]",rainbow,2,2,2,1.0912670749999998
2,"[12, 5, 3]",rainbow,3,2,2,1.1772490125000004
3,"[12, 5, 3]",rainbow,4,3,2,1.38521355
4,"[12, 5, 3]",rainbow,8,6,4,1.72240985
5,"[12, 5, 3]",rainbow,10,7,5,1.8120854750000002
6,"[12, 5, 3]",rainbow,15,10,7,1.9254462499999998
7,"[12, 5, 3]",rainbow,16,11,8,1.9816313
