,flop,board_type,0b,1b,2b,profit
0,"[12, 4, 4]",rainbow,1,1,1,0.9126962295081967
1,"[12, 4, 4]",rainbow,2,2,2,0.9157335081967215
2,"[12, 4, 4]",rainbow,8,6,4,1.6527798278688524
3,"[12, 4, 4]",rainbow,10,7,5,1.7352047663934427
4,"[12, 4, 4]",rainbow,15,10,7,1.9445232868852458
5,"[12, 4, 4]",rainbow,16,11,8,2.019275344262295
