,flop,board_type,0b,1b,2b,profit
0,"[12, 4, 2]",rainbow,1,1,1,1.0301779253112031
1,"[12, 4, 2]",rainbow,8,6,4,1.7580415975103736
2,"[12, 4, 2]",rainbow,10,7,5,1.8505487136929464
3,"[12, 4, 2]",rainbow,15,10,7,1.8720204730290455
4,"[12, 4, 2]",rainbow,16,11,8,1.9502679668049794
