,flop,board_type,0b,1b,2b,profit
0,"[12, 2, 2]",rainbow,1,1,1,0.904414213114754
1,"[12, 2, 2]",rainbow,2,2,2,0.9091411803278687
2,"[12, 2, 2]",rainbow,4,3,2,1.11931768852459
3,"[12, 2, 2]",rainbow,8,6,4,1.636463319672131
4,"[12, 2, 2]",rainbow,10,7,5,1.7226050491803275
5,"[12, 2, 2]",rainbow,15,10,7,1.7515423606557379
6,"[12, 2, 2]",rainbow,16,11,8,1.8462873770491803
