,flop,board_type,0b,1b,2b,profit
0,"[11, 11, 3]",rainbow,1,1,1,1.094716662921348
1,"[11, 11, 3]",rainbow,8,6,4,1.549779146067416
2,"[11, 11, 3]",rainbow,10,7,5,1.6154000000000002
3,"[11, 11, 3]",rainbow,15,10,7,1.729469011235955
4,"[11, 11, 3]",rainbow,16,11,8,1.8024761011235957
