,flop,board_type,0b,1b,2b,profit
0,"[11, 10, 10]",rainbow,1,1,1,0.4995557671294223
1,"[11, 10, 10]",rainbow,2,2,2,0.6229491934617111
2,"[11, 10, 10]",rainbow,3,2,2,0.7173687317510077
3,"[11, 10, 10]",rainbow,4,3,2,0.7775647384684283
4,"[11, 10, 10]",rainbow,8,6,4,0.9457786206896552
5,"[11, 10, 10]",rainbow,10,7,5,0.9912226981639051
6,"[11, 10, 10]",rainbow,15,10,7,1.6373890179131214
7,"[11, 10, 10]",rainbow,16,11,8,1.6698835924764888
