,flop,board_type,0b,1b,2b,profit
0,"[11, 10, 2]",rainbow,1,1,1,0.4108931161774853
1,"[11, 10, 2]",rainbow,2,2,2,0.5366583020749212
2,"[11, 10, 2]",rainbow,3,2,2,0.6748635366903061
3,"[11, 10, 2]",rainbow,4,3,2,0.707684049510819
4,"[11, 10, 2]",rainbow,8,6,4,0.9012609648954346
5,"[11, 10, 2]",rainbow,10,7,5,0.9034642687415879
6,"[11, 10, 2]",rainbow,15,10,7,0.9261070264338955
7,"[11, 10, 2]",rainbow,16,11,8,0.9606428187415879
