,flop,board_type,0b,1b,2b,profit
0,"[11, 9, 6]",rainbow,1,1,1,-0.19709202450142466
1,"[11, 9, 6]",rainbow,2,2,2,-0.03786897834757841
2,"[11, 9, 6]",rainbow,3,2,2,0.01341680056980099
3,"[11, 9, 6]",rainbow,4,3,2,0.04316147207977211
4,"[11, 9, 6]",rainbow,8,6,4,0.04446317094017099
5,"[11, 9, 6]",rainbow,10,7,5,0.0467658364672367
6,"[11, 9, 6]",rainbow,15,10,7,0.41663845982906006
