,flop,board_type,0b,1b,2b,profit
0,"[11, 8, 8]",rainbow,1,1,1,0.5741659545265347
1,"[11, 8, 8]",rainbow,2,2,2,0.6279540738813736
2,"[11, 8, 8]",rainbow,3,2,2,0.7014506416233095
3,"[11, 8, 8]",rainbow,4,3,2,0.7259875061394382
4,"[11, 8, 8]",rainbow,8,6,4,1.013068046462019
5,"[11, 8, 8]",rainbow,10,7,5,1.0479067561394382
6,"[11, 8, 8]",rainbow,15,10,7,1.5878804222684701
7,"[11, 8, 8]",rainbow,16,11,8,1.6098011061394382
