,flop,board_type,0b,1b,2b,profit
0,"[11, 7, 6]",rainbow,1,1,1,0.2646166184448462
1,"[11, 7, 6]",rainbow,2,2,2,0.3619595081374324
2,"[11, 7, 6]",rainbow,3,2,2,0.4090456745027129
3,"[11, 7, 6]",rainbow,4,3,2,0.4826946835443041
4,"[11, 7, 6]",rainbow,8,6,4,0.6136613408679925
5,"[11, 7, 6]",rainbow,10,7,5,0.6892724113924051
6,"[11, 7, 6]",rainbow,15,10,7,0.9930089665461124
7,"[11, 7, 6]",rainbow,16,11,8,1.0193302314647381
