,flop,board_type,0b,1b,2b,profit
0,"[11, 7, 4]",rainbow,1,1,1,0.6530451895954777
1,"[11, 7, 4]",rainbow,2,2,2,0.7375527107184364
2,"[11, 7, 4]",rainbow,3,2,2,0.8765540377531243
3,"[11, 7, 4]",rainbow,4,3,2,0.9553508351616806
4,"[11, 7, 4]",rainbow,8,6,4,1.010840262074895
5,"[11, 7, 4]",rainbow,10,7,5,1.090914835161681
6,"[11, 7, 4]",rainbow,15,10,7,1.3157063665424347
7,"[11, 7, 4]",rainbow,16,11,8,1.3370226310855577
