,flop,board_type,0b,1b,2b,profit
0,"[11, 6, 3]",rainbow,1,1,1,0.7130721628906928
1,"[11, 6, 3]",rainbow,3,2,2,0.7152571379210616
2,"[11, 6, 3]",rainbow,4,3,2,0.8476398681140697
3,"[11, 6, 3]",rainbow,8,6,4,1.079238669571756
4,"[11, 6, 3]",rainbow,10,7,5,1.1523576934616204
5,"[11, 6, 3]",rainbow,15,10,7,1.2984680090237737
6,"[11, 6, 3]",rainbow,16,11,8,1.3355084409309141
