,flop,board_type,0b,1b,2b,profit
0,"[11, 5, 5]",rainbow,1,1,1,1.0370397438016525
1,"[11, 5, 5]",rainbow,8,6,4,1.4759631363636363
2,"[11, 5, 5]",rainbow,10,7,5,1.5600143966942148
3,"[11, 5, 5]",rainbow,15,10,7,1.866766702479339
4,"[11, 5, 5]",rainbow,16,11,8,1.9114760991735538
