,flop,board_type,0b,1b,2b,profit
0,"[11, 5, 2]",rainbow,1,1,1,1.09135745
1,"[11, 5, 2]",rainbow,2,2,2,1.0978290125
2,"[11, 5, 2]",rainbow,8,6,4,1.5444034999999998
3,"[11, 5, 2]",rainbow,10,7,5,1.6385075000000002
4,"[11, 5, 2]",rainbow,15,10,7,1.6622433
5,"[11, 5, 2]",rainbow,16,11,8,1.7065838125
