,flop,board_type,0b,1b,2b,profit
0,"[10, 10, 10]",rainbow,1,1,1,-0.42441436947048305
1,"[10, 10, 10]",rainbow,2,2,2,-0.42351520902272155
2,"[10, 10, 10]",rainbow,3,2,2,-0.4224807463361543
3,"[10, 10, 10]",rainbow,4,3,2,-0.18890038812719906
4,"[10, 10, 10]",rainbow,8,6,4,0.36432971445452783
5,"[10, 10, 10]",rainbow,10,7,5,0.689224271334853
6,"[10, 10, 10]",rainbow,15,10,7,1.4100233658458508
7,"[10, 10, 10]",rainbow,16,11,8,1.4737892635435967
