,flop,board_type,0b,1b,2b,profit
0,"[10, 10, 3]",rainbow,1,1,1,-0.40588523149551065
1,"[10, 10, 3]",rainbow,2,2,2,-0.4056092709525812
2,"[10, 10, 3]",rainbow,3,2,2,-0.4033924614197531
3,"[10, 10, 3]",rainbow,4,3,2,-0.1715535060606061
4,"[10, 10, 3]",rainbow,8,6,4,0.32138438714225603
5,"[10, 10, 3]",rainbow,10,7,5,0.6326563214786756
6,"[10, 10, 3]",rainbow,15,10,7,0.9419128913860831
7,"[10, 10, 3]",rainbow,16,11,8,1.005601702174523
