,flop,board_type,0b,1b,2b,profit
0,"[10, 9, 5]",rainbow,1,1,1,-0.2094865874241943
1,"[10, 9, 5]",rainbow,2,2,2,0.218939726396425
2,"[10, 9, 5]",rainbow,3,2,2,0.4436932535588892
3,"[10, 9, 5]",rainbow,4,3,2,0.6886688074688797
4,"[10, 9, 5]",rainbow,15,10,7,0.9185704142993935
5,"[10, 9, 5]",rainbow,16,11,8,0.9186346807532716
