,flop,board_type,0b,1b,2b,profit
0,"[10, 9, 4]",rainbow,1,1,1,-0.24168081080737425
1,"[10, 9, 4]",rainbow,2,2,2,0.18297165212968874
2,"[10, 9, 4]",rainbow,3,2,2,0.4063076747616022
3,"[10, 9, 4]",rainbow,4,3,2,0.7340091281627462
4,"[10, 9, 4]",rainbow,8,6,4,0.7862593443102353
5,"[10, 9, 4]",rainbow,15,10,7,0.9360972828989194
