,flop,board_type,0b,1b,2b,profit
0,"[10, 6, 4]",rainbow,1,1,1,-0.40082536000000013
1,"[10, 6, 4]",rainbow,2,2,2,-0.30524037714285723
2,"[10, 6, 4]",rainbow,3,2,2,-0.25687243102040824
3,"[10, 6, 4]",rainbow,4,3,2,0.02149619265306124
4,"[10, 6, 4]",rainbow,8,6,4,0.3200833142857141
5,"[10, 6, 4]",rainbow,10,7,5,0.5397539379591836
6,"[10, 6, 4]",rainbow,15,10,7,0.9960461257142857
7,"[10, 6, 4]",rainbow,16,11,8,1.0212768848979594
