,flop,board_type,0b,1b,2b,profit
0,"[10, 5, 4]",rainbow,1,1,1,0.029243914634146218
1,"[10, 5, 4]",rainbow,2,2,2,0.10917042682926814
2,"[10, 5, 4]",rainbow,3,2,2,0.17130583658536574
3,"[10, 5, 4]",rainbow,4,3,2,0.46372206341463396
4,"[10, 5, 4]",rainbow,8,6,4,0.7618367121951221
5,"[10, 5, 4]",rainbow,10,7,5,1.025094012195122
6,"[10, 5, 4]",rainbow,15,10,7,1.3922433414634143
7,"[10, 5, 4]",rainbow,16,11,8,1.4149313219512196
