,flop,board_type,0b,1b,2b,profit
0,"[10, 5, 3]",rainbow,1,1,1,-0.014275836097560834
1,"[10, 5, 3]",rainbow,2,2,2,-0.013114816585365618
2,"[10, 5, 3]",rainbow,3,2,2,0.05185008390243917
3,"[10, 5, 3]",rainbow,4,3,2,0.3498750258536585
4,"[10, 5, 3]",rainbow,8,6,4,0.7066636590243902
5,"[10, 5, 3]",rainbow,10,7,5,0.9928913243902436
6,"[10, 5, 3]",rainbow,15,10,7,1.267981125365854
7,"[10, 5, 3]",rainbow,16,11,8,1.3025303014634144
