,flop,board_type,0b,1b,2b,profit
0,"[9, 9, 7]",rainbow,1,1,1,-0.8480167494384673
1,"[9, 9, 7]",rainbow,2,2,2,-0.3805362098952614
2,"[9, 9, 7]",rainbow,3,2,2,-0.31807094931294566
3,"[9, 9, 7]",rainbow,4,3,2,-0.13571736612699392
4,"[9, 9, 7]",rainbow,8,6,4,-0.08113639105961923
5,"[9, 9, 7]",rainbow,10,7,5,0.21937936934421742
6,"[9, 9, 7]",rainbow,15,10,7,0.786358569163931
