,flop,board_type,0b,1b,2b,profit
0,"[9, 9, 6]",rainbow,1,1,1,-1.0124121621645301
1,"[9, 9, 6]",rainbow,2,2,2,-0.9038386955424054
2,"[9, 9, 6]",rainbow,3,2,2,-0.9027295673157225
3,"[9, 9, 6]",rainbow,4,3,2,-0.877820545160557
4,"[9, 9, 6]",rainbow,8,6,4,-0.7106881483199474
5,"[9, 9, 6]",rainbow,10,7,5,-0.34126637118322445
6,"[9, 9, 6]",rainbow,15,10,7,0.2690502504949388
7,"[9, 9, 6]",rainbow,16,11,8,0.2928891229254351
