,flop,board_type,0b,1b,2b,profit
0,"[9, 8, 7]",rainbow,1,1,1,-0.3725920713267705
1,"[9, 8, 7]",rainbow,2,2,2,0.08279461625771423
2,"[9, 8, 7]",rainbow,3,2,2,0.22944190397443442
3,"[9, 8, 7]",rainbow,4,3,2,1.3400845769761973
4,"[9, 8, 7]",rainbow,8,6,4,1.3413451844622393
5,"[9, 8, 7]",rainbow,15,10,7,1.4256505782104028
6,"[9, 8, 7]",rainbow,16,11,8,1.4267779037540405
