,flop,board_type,0b,1b,2b,profit
0,"[9, 8, 6]",rainbow,1,1,1,-0.6557734360902254
1,"[9, 8, 6]",rainbow,2,2,2,-0.39342907692307705
2,"[9, 8, 6]",rainbow,3,2,2,-0.2928012498554078
3,"[9, 8, 6]",rainbow,4,3,2,0.5002737929438983
4,"[9, 8, 6]",rainbow,8,6,4,0.5077492307692311
5,"[9, 8, 6]",rainbow,10,7,5,0.6523693267784847
6,"[9, 8, 6]",rainbow,15,10,7,1.1264407472527471
7,"[9, 8, 6]",rainbow,16,11,8,1.1277537669172932
