,flop,board_type,0b,1b,2b,profit
0,"[9, 8, 4]",rainbow,1,1,1,-0.4963074143049929
1,"[9, 8, 4]",rainbow,2,2,2,-0.28642603238866404
2,"[9, 8, 4]",rainbow,3,2,2,-0.1173593765182186
3,"[9, 8, 4]",rainbow,4,3,2,0.3961920998650472
4,"[9, 8, 4]",rainbow,8,6,4,0.39998034278002703
5,"[9, 8, 4]",rainbow,10,7,5,0.5517505668016195
6,"[9, 8, 4]",rainbow,15,10,7,1.0827898488529013
