,flop,board_type,0b,1b,2b,profit
0,"[9, 8, 3]",rainbow,1,1,1,-0.514582947368421
1,"[9, 8, 3]",rainbow,2,2,2,-0.3092577004048582
2,"[9, 8, 3]",rainbow,3,2,2,-0.1398268016194335
3,"[9, 8, 3]",rainbow,4,3,2,0.3810078650472335
4,"[9, 8, 3]",rainbow,10,7,5,0.5306015546558704
5,"[9, 8, 3]",rainbow,15,10,7,1.0116259433198378
