,flop,board_type,0b,1b,2b,profit
0,"[9, 5, 3]",rainbow,1,1,1,-0.19896791790322577
1,"[9, 5, 3]",rainbow,2,2,2,-0.09670438241935458
2,"[9, 5, 3]",rainbow,3,2,2,-0.05929025016129025
3,"[9, 5, 3]",rainbow,4,3,2,0.04652871064516145
4,"[9, 5, 3]",rainbow,8,6,4,0.16938798161290303
5,"[9, 5, 3]",rainbow,10,7,5,0.3736122229032257
6,"[9, 5, 3]",rainbow,15,10,7,0.9848086443548385
7,"[9, 5, 3]",rainbow,16,11,8,1.0005854808064516
