,flop,board_type,0b,1b,2b,profit
0,"[9, 2, 2]",rainbow,1,1,1,-0.4993361447619047
1,"[9, 2, 2]",rainbow,8,6,4,-0.12268788476190462
2,"[9, 2, 2]",rainbow,10,7,5,0.16870437523809534
3,"[9, 2, 2]",rainbow,15,10,7,0.7050545619047621
4,"[9, 2, 2]",rainbow,16,11,8,0.7428205314285715
