,flop,board_type,0b,1b,2b,profit
0,"[8, 7, 2]",rainbow,1,1,1,-0.5438931862857144
1,"[8, 7, 2]",rainbow,2,2,2,-0.30435872937142894
2,"[8, 7, 2]",rainbow,3,2,2,-0.29188452948571464
3,"[8, 7, 2]",rainbow,4,3,2,-0.09228187668571453
4,"[8, 7, 2]",rainbow,8,6,4,-0.05327177457142884
5,"[8, 7, 2]",rainbow,10,7,5,-0.0028825685714291005
6,"[8, 7, 2]",rainbow,15,10,7,0.5965210518285716
7,"[8, 7, 2]",rainbow,16,11,8,0.6555694074285716
