,flop,board_type,0b,1b,2b,profit
0,"[8, 3, 2]",rainbow,1,1,1,0.0926514654377879
1,"[8, 3, 2]",rainbow,2,2,2,0.09365219585253437
2,"[8, 3, 2]",rainbow,3,2,2,0.1425372887864823
3,"[8, 3, 2]",rainbow,4,3,2,0.2472596758832563
4,"[8, 3, 2]",rainbow,8,6,4,0.5212005299539167
5,"[8, 3, 2]",rainbow,10,7,5,0.5777587496159752
6,"[8, 3, 2]",rainbow,15,10,7,1.1390256067588325
7,"[8, 3, 2]",rainbow,16,11,8,1.2511480391705065
