,flop,board_type,0b,1b,2b,profit
0,"[7, 7, 4]",rainbow,1,1,1,-0.0005850365475181807
1,"[7, 7, 4]",rainbow,2,2,2,0.1248547677516979
2,"[7, 7, 4]",rainbow,3,2,2,0.1269448040135316
3,"[7, 7, 4]",rainbow,4,3,2,0.15754744882199934
4,"[7, 7, 4]",rainbow,8,6,4,0.3083841083193217
5,"[7, 7, 4]",rainbow,10,7,5,0.5626060241877714
6,"[7, 7, 4]",rainbow,15,10,7,1.133752399421459
7,"[7, 7, 4]",rainbow,16,11,8,1.2272978834324801
