,flop,board_type,0b,1b,2b,profit
0,"[7, 7, 2]",rainbow,1,1,1,-0.09357506909604862
1,"[7, 7, 2]",rainbow,8,6,4,0.2274778265640941
2,"[7, 7, 2]",rainbow,10,7,5,0.2488962739694236
3,"[7, 7, 2]",rainbow,15,10,7,1.0068067421841134
4,"[7, 7, 2]",rainbow,16,11,8,1.1065653177821788
