,flop,board_type,0b,1b,2b,profit
0,"[7, 6, 6]",rainbow,1,1,1,-0.5281312653061219
1,"[7, 6, 6]",rainbow,2,2,2,-0.3857059931972786
2,"[7, 6, 6]",rainbow,3,2,2,-0.37123599149659814
3,"[7, 6, 6]",rainbow,4,3,2,-0.24541716496598576
4,"[7, 6, 6]",rainbow,8,6,4,-0.22405777040816277
5,"[7, 6, 6]",rainbow,10,7,5,0.5585747619047625
6,"[7, 6, 6]",rainbow,15,10,7,0.702343020408164
7,"[7, 6, 6]",rainbow,16,11,8,0.7545733265306129
