,flop,board_type,0b,1b,2b,profit
0,"[7, 4, 4]",rainbow,1,1,1,-0.22904790702087252
1,"[7, 4, 4]",rainbow,2,2,2,-0.10563552561669809
2,"[7, 4, 4]",rainbow,8,6,4,0.08367125426944999
3,"[7, 4, 4]",rainbow,10,7,5,0.33374512713472515
4,"[7, 4, 4]",rainbow,15,10,7,0.9050511593927895
5,"[7, 4, 4]",rainbow,16,11,8,1.002726537001898
