,flop,board_type,0b,1b,2b,profit
0,"[7, 4, 3]",rainbow,1,1,1,0.3556650275659825
1,"[7, 4, 3]",rainbow,8,6,4,0.5448299682774449
2,"[7, 4, 3]",rainbow,10,7,5,0.6467291127374731
3,"[7, 4, 3]",rainbow,15,10,7,1.34766533316333
4,"[7, 4, 3]",rainbow,16,11,8,1.4459942381741677
