,flop,board_type,0b,1b,2b,profit
0,"[6, 6, 2]",rainbow,1,1,1,-0.2336488442440705
1,"[6, 6, 2]",rainbow,2,2,2,-0.23359082883821536
2,"[6, 6, 2]",rainbow,8,6,4,-0.06543335557184693
3,"[6, 6, 2]",rainbow,10,7,5,0.039830382984828105
4,"[6, 6, 2]",rainbow,15,10,7,0.9711622961737387
5,"[6, 6, 2]",rainbow,16,11,8,1.0504903451425638
