,flop,board_type,0b,1b,2b,profit
0,"[6, 5, 5]",rainbow,1,1,1,-0.27930046583693113
1,"[6, 5, 5]",rainbow,2,2,2,-0.13558200635001194
2,"[6, 5, 5]",rainbow,3,2,2,-0.1288071010922014
3,"[6, 5, 5]",rainbow,4,3,2,0.007862558547117038
4,"[6, 5, 5]",rainbow,8,6,4,0.01933959080518166
5,"[6, 5, 5]",rainbow,10,7,5,0.6131086464312936
6,"[6, 5, 5]",rainbow,15,10,7,0.9358186365252732
7,"[6, 5, 5]",rainbow,16,11,8,1.0113310528321062
