,flop,board_type,0b,1b,2b,profit
0,"[6, 3, 3]",rainbow,1,1,1,-0.462096578368121
1,"[6, 3, 3]",rainbow,2,2,2,-0.4615914960151799
2,"[6, 3, 3]",rainbow,8,6,4,-0.2903321639468688
3,"[6, 3, 3]",rainbow,10,7,5,-0.08792342998102409
4,"[6, 3, 3]",rainbow,15,10,7,0.7432836034155605
5,"[6, 3, 3]",rainbow,16,11,8,0.824488081973435
