,flop,board_type,0b,1b,2b,profit
0,"[5, 4, 3]",rainbow,1,1,1,1.2446063955497313
1,"[5, 4, 3]",rainbow,2,2,2,1.4437503014918807
2,"[5, 4, 3]",rainbow,3,2,2,1.4569427369815324
3,"[5, 4, 3]",rainbow,4,3,2,1.5887363691898633
4,"[5, 4, 3]",rainbow,8,6,4,1.6144151245111642
5,"[5, 4, 3]",rainbow,10,7,5,1.8121129218439487
6,"[5, 4, 3]",rainbow,15,10,7,2.61684960951961
7,"[5, 4, 3]",rainbow,16,11,8,2.6883519044552364
