,flop,board_type,0b,1b,2b,profit
0,"[14, 13, 10]",monotone,1,1,1,10.743635223928955
1,"[14, 13, 10]",monotone,2,2,2,10.746946060769249
2,"[14, 13, 10]",monotone,8,6,4,11.792037153379631
3,"[14, 13, 10]",monotone,10,7,5,11.792251456452957
4,"[14, 13, 10]",monotone,15,10,7,11.989987110205703
5,"[14, 13, 10]",monotone,16,11,8,12.074945471043565
