,flop,board_type,0b,1b,2b,profit
0,"[14, 13, 7]",monotone,1,1,1,1.5265253603349576
1,"[14, 13, 7]",monotone,2,2,2,2.345451399300402
2,"[14, 13, 7]",monotone,3,2,2,2.7965547113843545
3,"[14, 13, 7]",monotone,4,3,2,4.419793668730124
4,"[14, 13, 7]",monotone,8,6,4,5.05878930462158
5,"[14, 13, 7]",monotone,10,7,5,5.069372952639388
6,"[14, 13, 7]",monotone,15,10,7,5.70265311452194
7,"[14, 13, 7]",monotone,16,11,8,5.989081603582784
