,flop,board_type,0b,1b,2b,profit
0,"[14, 12, 11]",monotone,1,1,1,6.282394389374694
1,"[14, 12, 11]",monotone,2,2,2,7.212647914899852
2,"[14, 12, 11]",monotone,3,2,2,7.641320259788714
3,"[14, 12, 11]",monotone,4,3,2,8.926874033713972
4,"[14, 12, 11]",monotone,8,6,4,8.927866206924767
5,"[14, 12, 11]",monotone,10,7,5,8.93169706234123
6,"[14, 12, 11]",monotone,15,10,7,9.602799304274548
7,"[14, 12, 11]",monotone,16,11,8,9.888531391255496
