,flop,board_type,0b,1b,2b,profit
0,"[14, 12, 10]",monotone,1,1,1,11.246670966987432
1,"[14, 12, 10]",monotone,2,2,2,11.248375956952083
2,"[14, 12, 10]",monotone,3,2,2,11.334589191084055
3,"[14, 12, 10]",monotone,4,3,2,12.201996899011522
4,"[14, 12, 10]",monotone,15,10,7,12.436045333775203
5,"[14, 12, 10]",monotone,16,11,8,12.527587280561011
