,flop,board_type,0b,1b,2b,profit
0,"[14, 12, 7]",monotone,1,1,1,2.851009176991588
1,"[14, 12, 7]",monotone,2,2,2,3.6290811837951504
2,"[14, 12, 7]",monotone,3,2,2,4.133268081444829
3,"[14, 12, 7]",monotone,4,3,2,5.682061848243443
4,"[14, 12, 7]",monotone,8,6,4,6.257404486689756
5,"[14, 12, 7]",monotone,15,10,7,7.013985121530181
6,"[14, 12, 7]",monotone,16,11,8,7.331244956976743
