,flop,board_type,0b,1b,2b,profit
0,"[14, 11, 6]",monotone,1,1,1,1.6514288243522124
1,"[14, 11, 6]",monotone,2,2,2,2.4202114783593203
2,"[14, 11, 6]",monotone,3,2,2,2.9293681633799578
3,"[14, 11, 6]",monotone,4,3,2,4.456580573807612
4,"[14, 11, 6]",monotone,8,6,4,5.928525028577161
5,"[14, 11, 6]",monotone,15,10,7,6.676504105939003
6,"[14, 11, 6]",monotone,16,11,8,7.027324403806466
