,flop,board_type,0b,1b,2b,profit
0,"[14, 10, 3]",monotone,1,1,1,1.8310023345615225
1,"[14, 10, 3]",monotone,2,2,2,1.8331260530188238
2,"[14, 10, 3]",monotone,3,2,2,2.541297994731403
3,"[14, 10, 3]",monotone,4,3,2,4.215230399718777
4,"[14, 10, 3]",monotone,8,6,4,5.170523531353306
5,"[14, 10, 3]",monotone,10,7,5,5.172897734969007
6,"[14, 10, 3]",monotone,15,10,7,6.000463472388658
7,"[14, 10, 3]",monotone,16,11,8,6.3775558073232315
