,flop,board_type,0b,1b,2b,profit
0,"[14, 9, 7]",monotone,1,1,1,1.4492248846370672
1,"[14, 9, 7]",monotone,2,2,2,1.4494133577871737
2,"[14, 9, 7]",monotone,3,2,2,1.7576718358703305
3,"[14, 9, 7]",monotone,4,3,2,2.3310830975804553
4,"[14, 9, 7]",monotone,15,10,7,3.6457424674183683
5,"[14, 9, 7]",monotone,16,11,8,4.876369991707775
