,flop,board_type,0b,1b,2b,profit
0,"[14, 9, 3]",monotone,1,1,1,1.0483428179685736
1,"[14, 9, 3]",monotone,2,2,2,1.0575992221661048
2,"[14, 9, 3]",monotone,8,6,4,2.892713425768798
3,"[14, 9, 3]",monotone,15,10,7,4.298454647727272
4,"[14, 9, 3]",monotone,16,11,8,5.46492639812009
