,flop,board_type,0b,1b,2b,profit
0,"[14, 8, 7]",monotone,1,1,1,1.8045483006942873
1,"[14, 8, 7]",monotone,2,2,2,2.6293662070219006
2,"[14, 8, 7]",monotone,3,2,2,2.945291412519756
3,"[14, 8, 7]",monotone,4,3,2,3.461227699508919
4,"[14, 8, 7]",monotone,10,7,5,3.46353993510386
5,"[14, 8, 7]",monotone,15,10,7,4.662020663908331
6,"[14, 8, 7]",monotone,16,11,8,5.900696661627906
