,flop,board_type,0b,1b,2b,profit
0,"[14, 8, 4]",monotone,1,1,1,1.1311510952427188
1,"[14, 8, 4]",monotone,2,2,2,1.134253949967638
2,"[14, 8, 4]",monotone,3,2,2,1.1359662191639703
3,"[14, 8, 4]",monotone,4,3,2,1.5266116222545842
4,"[14, 8, 4]",monotone,8,6,4,2.015070214967637
5,"[14, 8, 4]",monotone,15,10,7,3.267805675954692
6,"[14, 8, 4]",monotone,16,11,8,4.7348713851887805
