,flop,board_type,0b,1b,2b,profit
0,"[14, 6, 2]",monotone,1,1,1,0.11875608258064524
1,"[14, 6, 2]",monotone,2,2,2,0.12862191262672779
2,"[14, 6, 2]",monotone,8,6,4,1.0189535787403985
3,"[14, 6, 2]",monotone,15,10,7,1.7736802494009218
4,"[14, 6, 2]",monotone,16,11,8,4.077756649800307
