,flop,board_type,0b,1b,2b,profit
0,"[14, 4, 3]",monotone,1,1,1,-0.8238244558035708
1,"[14, 4, 3]",monotone,2,2,2,-0.8088515799107143
2,"[14, 4, 3]",monotone,15,10,7,-0.2651528169642854
3,"[14, 4, 3]",monotone,16,11,8,2.493466677380952
