,flop,board_type,0b,1b,2b,profit
0,"[13, 11, 5]",monotone,1,1,1,0.6300636328839264
1,"[13, 11, 5]",monotone,2,2,2,1.3449835285654084
2,"[13, 11, 5]",monotone,3,2,2,1.8866157007847046
3,"[13, 11, 5]",monotone,4,3,2,2.8294081511954907
4,"[13, 11, 5]",monotone,8,6,4,2.8395927587634286
5,"[13, 11, 5]",monotone,15,10,7,4.2793717571624175
6,"[13, 11, 5]",monotone,16,11,8,5.191701555729933
