,flop,board_type,0b,1b,2b,profit
0,"[13, 10, 4]",monotone,1,1,1,0.950997758222643
1,"[13, 10, 4]",monotone,2,2,2,1.6755285783523077
2,"[13, 10, 4]",monotone,3,2,2,1.6792203627609104
3,"[13, 10, 4]",monotone,4,3,2,1.6821440794750153
4,"[13, 10, 4]",monotone,8,6,4,2.581406523165717
5,"[13, 10, 4]",monotone,15,10,7,4.06141385939279
6,"[13, 10, 4]",monotone,16,11,8,4.5148374317520545
