,flop,board_type,0b,1b,2b,profit
0,"[13, 8, 6]",monotone,1,1,1,-0.06184464673913048
1,"[13, 8, 6]",monotone,8,6,4,1.5002227153404422
2,"[13, 8, 6]",monotone,15,10,7,2.4376840360951593
3,"[13, 8, 6]",monotone,16,11,8,3.236043909967186
