,flop,board_type,0b,1b,2b,profit
0,"[13, 8, 2]",monotone,1,1,1,-0.21746441161866958
1,"[13, 8, 2]",monotone,2,2,2,-0.21123624056603896
2,"[13, 8, 2]",monotone,3,2,2,-0.20654422169811426
3,"[13, 8, 2]",monotone,4,3,2,0.18759236271102286
4,"[13, 8, 2]",monotone,8,6,4,1.3691268473187683
5,"[13, 8, 2]",monotone,10,7,5,1.3699160275571007
6,"[13, 8, 2]",monotone,15,10,7,2.439114626613703
7,"[13, 8, 2]",monotone,16,11,8,3.204640474677258
