,flop,board_type,0b,1b,2b,profit
0,"[12, 11, 7]",monotone,1,1,1,1.3563871325508947
1,"[12, 11, 7]",monotone,2,2,2,3.0003927916898423
2,"[12, 11, 7]",monotone,3,2,2,3.557862538602735
3,"[12, 11, 7]",monotone,4,3,2,4.715405289131159
4,"[12, 11, 7]",monotone,8,6,4,4.719392756368894
5,"[12, 11, 7]",monotone,10,7,5,4.721160544665701
6,"[12, 11, 7]",monotone,15,10,7,6.013395137334518
