,flop,board_type,0b,1b,2b,profit
0,"[12, 10, 9]",monotone,1,1,1,5.678858720551577
1,"[12, 10, 9]",monotone,2,2,2,6.78368119886993
2,"[12, 10, 9]",monotone,3,2,2,7.086764528961201
3,"[12, 10, 9]",monotone,4,3,2,8.664430461190747
4,"[12, 10, 9]",monotone,15,10,7,8.967143632946854
5,"[12, 10, 9]",monotone,16,11,8,8.976774456596123
