,flop,board_type,0b,1b,2b,profit
0,"[12, 10, 4]",monotone,1,1,1,1.6427554397719746
1,"[12, 10, 4]",monotone,2,2,2,2.4572443080799715
2,"[12, 10, 4]",monotone,3,2,2,2.7847490836087236
3,"[12, 10, 4]",monotone,4,3,2,3.3762034833939185
4,"[12, 10, 4]",monotone,15,10,7,4.7403539309319225
5,"[12, 10, 4]",monotone,16,11,8,5.085078046100461
