,flop,board_type,0b,1b,2b,profit
0,"[12, 7, 6]",monotone,1,1,1,0.10055820021604833
1,"[12, 7, 6]",monotone,2,2,2,0.9012424004012345
2,"[12, 7, 6]",monotone,3,2,2,1.209323751172839
3,"[12, 7, 6]",monotone,4,3,2,2.0194364706481487
4,"[12, 7, 6]",monotone,8,6,4,3.378195926975308
5,"[12, 7, 6]",monotone,15,10,7,4.651232861728394
6,"[12, 7, 6]",monotone,16,11,8,5.154305220864197
