,flop,board_type,0b,1b,2b,profit
0,"[12, 7, 5]",monotone,1,1,1,0.05795659320987623
1,"[12, 7, 5]",monotone,2,2,2,0.07076636549382687
2,"[12, 7, 5]",monotone,3,2,2,0.37636203913580224
3,"[12, 7, 5]",monotone,4,3,2,1.1783961226543207
4,"[12, 7, 5]",monotone,8,6,4,2.5279659712037033
5,"[12, 7, 5]",monotone,15,10,7,3.7132198520987654
6,"[12, 7, 5]",monotone,16,11,8,4.652881060987653
