,flop,board_type,0b,1b,2b,profit
0,"[12, 7, 2]",monotone,1,1,1,-0.07220678835125394
1,"[12, 7, 2]",monotone,2,2,2,-0.05699075053763403
2,"[12, 7, 2]",monotone,3,2,2,-0.056647353405017475
3,"[12, 7, 2]",monotone,4,3,2,0.5802257846475515
4,"[12, 7, 2]",monotone,8,6,4,2.3670835517921143
5,"[12, 7, 2]",monotone,10,7,5,2.3780193548984467
6,"[12, 7, 2]",monotone,15,10,7,3.6642264927718027
7,"[12, 7, 2]",monotone,16,11,8,4.562109517682199
