,flop,board_type,0b,1b,2b,profit
0,"[12, 6, 5]",monotone,1,1,1,-0.5746450072954832
1,"[12, 6, 5]",monotone,2,2,2,0.2122037410256412
2,"[12, 6, 5]",monotone,3,2,2,0.5441255964896221
3,"[12, 6, 5]",monotone,4,3,2,1.338968341636141
4,"[12, 6, 5]",monotone,8,6,4,2.6631968406288147
5,"[12, 6, 5]",monotone,15,10,7,3.711672919871795
6,"[12, 6, 5]",monotone,16,11,8,4.686318152136751
