,flop,board_type,0b,1b,2b,profit
0,"[11, 10, 9]",monotone,1,1,1,5.09389149783074
1,"[11, 10, 9]",monotone,2,2,2,6.7871043151848145
2,"[11, 10, 9]",monotone,3,2,2,6.904747583866133
3,"[11, 10, 9]",monotone,4,3,2,7.480409044712429
4,"[11, 10, 9]",monotone,8,6,4,7.481745842514627
5,"[11, 10, 9]",monotone,15,10,7,7.734100598951048
