,flop,board_type,0b,1b,2b,profit
0,"[11, 10, 5]",monotone,1,1,1,1.8483069123437987
1,"[11, 10, 5]",monotone,2,2,2,3.3490758471070037
2,"[11, 10, 5]",monotone,3,2,2,3.8127637975165376
3,"[11, 10, 5]",monotone,4,3,2,4.250016725322902
4,"[11, 10, 5]",monotone,15,10,7,5.708446434395674
