,flop,board_type,0b,1b,2b,profit
0,"[11, 9, 7]",monotone,1,1,1,3.8028678697985305
1,"[11, 9, 7]",monotone,2,2,2,5.4245495537563535
2,"[11, 9, 7]",monotone,3,2,2,6.477957039757108
3,"[11, 9, 7]",monotone,4,3,2,8.48327929290623
4,"[11, 9, 7]",monotone,10,7,5,8.485511996460176
5,"[11, 9, 7]",monotone,15,10,7,8.76701690787987
