,flop,board_type,0b,1b,2b,profit
0,"[11, 8, 5]",monotone,1,1,1,0.7854979758241749
1,"[11, 8, 5]",monotone,2,2,2,1.4829541137362634
2,"[11, 8, 5]",monotone,3,2,2,1.8234403060439552
3,"[11, 8, 5]",monotone,4,3,2,2.626947235714285
4,"[11, 8, 5]",monotone,8,6,4,3.011159195604394
5,"[11, 8, 5]",monotone,10,7,5,3.0176324494505486
6,"[11, 8, 5]",monotone,15,10,7,4.56709976043956
7,"[11, 8, 5]",monotone,16,11,8,4.952767931868131
