,flop,board_type,0b,1b,2b,profit
0,"[11, 6, 3]",monotone,1,1,1,-0.38538665503147546
1,"[11, 6, 3]",monotone,8,6,4,2.584892800346683
2,"[11, 6, 3]",monotone,10,7,5,2.5975036661983397
3,"[11, 6, 3]",monotone,15,10,7,3.990530789727213
4,"[11, 6, 3]",monotone,16,11,8,5.043863836529513
