,flop,board_type,0b,1b,2b,profit
0,"[10, 9, 4]",monotone,1,1,1,1.7862827426131678
1,"[10, 9, 4]",monotone,2,2,2,3.3427887107407392
2,"[10, 9, 4]",monotone,3,2,2,3.9700781177572
3,"[10, 9, 4]",monotone,4,3,2,4.894217657633743
4,"[10, 9, 4]",monotone,10,7,5,4.899745880164609
5,"[10, 9, 4]",monotone,15,10,7,5.912145631152262
