,flop,board_type,0b,1b,2b,profit
0,"[10, 8, 7]",monotone,1,1,1,2.780391690041616
1,"[10, 8, 7]",monotone,2,2,2,3.484071155519222
2,"[10, 8, 7]",monotone,3,2,2,4.391515150832342
3,"[10, 8, 7]",monotone,4,3,2,5.689099769480776
4,"[10, 8, 7]",monotone,10,7,5,6.0779999692825974
5,"[10, 8, 7]",monotone,15,10,7,6.722228612498347
