,flop,board_type,0b,1b,2b,profit
0,"[10, 8, 6]",monotone,1,1,1,3.6484165223789162
1,"[10, 8, 6]",monotone,8,6,4,5.744381101044633
2,"[10, 8, 6]",monotone,10,7,5,6.524216056505222
3,"[10, 8, 6]",monotone,15,10,7,7.66731696488129
4,"[10, 8, 6]",monotone,16,11,8,7.670173561828108
