,flop,board_type,0b,1b,2b,profit
0,"[10, 7, 6]",monotone,1,1,1,2.5826833039392803
1,"[10, 7, 6]",monotone,2,2,2,2.590015410076364
2,"[10, 7, 6]",monotone,3,2,2,3.0177353091171537
3,"[10, 7, 6]",monotone,4,3,2,4.432128113736263
4,"[10, 7, 6]",monotone,8,6,4,4.919462373495994
5,"[10, 7, 6]",monotone,10,7,5,5.771025521214378
6,"[10, 7, 6]",monotone,15,10,7,6.878040683181224
