,flop,board_type,0b,1b,2b,profit
0,"[10, 7, 5]",monotone,1,1,1,1.244679002808988
1,"[10, 7, 5]",monotone,2,2,2,1.9971864852158474
2,"[10, 7, 5]",monotone,8,6,4,2.8453604761975155
3,"[10, 7, 5]",monotone,10,7,5,3.59655103429923
4,"[10, 7, 5]",monotone,15,10,7,5.2324087424600805
5,"[10, 7, 5]",monotone,16,11,8,5.248230585748075
