,flop,board_type,0b,1b,2b,profit
0,"[10, 7, 2]",monotone,1,1,1,1.1476002511441643
1,"[10, 7, 2]",monotone,2,2,2,1.8675608987414185
2,"[10, 7, 2]",monotone,8,6,4,2.68326647597254
3,"[10, 7, 2]",monotone,10,7,5,3.4469916252860404
4,"[10, 7, 2]",monotone,15,10,7,5.178931864416475
