,flop,board_type,0b,1b,2b,profit
0,"[10, 6, 5]",monotone,1,1,1,0.6205202621929818
1,"[10, 6, 5]",monotone,2,2,2,1.375171515701754
2,"[10, 6, 5]",monotone,3,2,2,1.7463074384210513
3,"[10, 6, 5]",monotone,4,3,2,2.5884972613157893
4,"[10, 6, 5]",monotone,8,6,4,3.0004627976315783
5,"[10, 6, 5]",monotone,10,7,5,3.772350342105261
6,"[10, 6, 5]",monotone,15,10,7,5.274953067631578
7,"[10, 6, 5]",monotone,16,11,8,5.278166796754386
