,flop,board_type,0b,1b,2b,profit
0,"[9, 8, 3]",monotone,1,1,1,0.012351246787653647
1,"[9, 8, 3]",monotone,2,2,2,0.7650162245196039
2,"[9, 8, 3]",monotone,3,2,2,1.4068476137373835
3,"[9, 8, 3]",monotone,4,3,2,2.3429574224718537
4,"[9, 8, 3]",monotone,8,6,4,2.3549719756453786
5,"[9, 8, 3]",monotone,10,7,5,3.0708082013635463
6,"[9, 8, 3]",monotone,15,10,7,4.012886705279501
