,flop,board_type,0b,1b,2b,profit
0,"[8, 7, 2]",monotone,1,1,1,1.1313213932564006
1,"[8, 7, 2]",monotone,2,2,2,1.8549335221781458
2,"[8, 7, 2]",monotone,3,2,2,2.159352743418679
3,"[8, 7, 2]",monotone,4,3,2,2.6172052472051925
4,"[8, 7, 2]",monotone,10,7,5,3.298533624684457
5,"[8, 7, 2]",monotone,15,10,7,4.518665328885683
6,"[8, 7, 2]",monotone,16,11,8,4.906098096375764
