,flop,board_type,0b,1b,2b,profit
0,"[8, 4, 3]",monotone,1,1,1,0.25760287288135597
1,"[8, 4, 3]",monotone,8,6,4,1.0425609224057426
2,"[8, 4, 3]",monotone,10,7,5,1.3868114363196125
3,"[8, 4, 3]",monotone,15,10,7,2.429346871679348
4,"[8, 4, 3]",monotone,16,11,8,3.5656190854721532
