,flop,board_type,0b,1b,2b,profit
0,"[8, 3, 2]",monotone,1,1,1,0.2277541525077813
1,"[8, 3, 2]",monotone,8,6,4,1.0309744949498445
2,"[8, 3, 2]",monotone,10,7,5,1.378216429107575
3,"[8, 3, 2]",monotone,15,10,7,2.4051396063213413
4,"[8, 3, 2]",monotone,16,11,8,3.545087505508473
