,flop,board_type,0b,1b,2b,profit
0,"[6, 4, 3]",monotone,1,1,1,1.8042419946534651
1,"[6, 4, 3]",monotone,8,6,4,2.464166525049505
2,"[6, 4, 3]",monotone,10,7,5,2.8419911092079193
3,"[6, 4, 3]",monotone,15,10,7,3.753023832673267
4,"[6, 4, 3]",monotone,16,11,8,5.489705244158415
