,flop,board_type,0b,1b,2b,profit
0,"[14, 11, 10]",monotone,1,1,1,-6.386637632563128
1,"[14, 11, 10]",monotone,2,2,2,-6.3452076311256285
