,flop,board_type,0b,1b,2b,profit
0,"[14, 4, 3]",monotone,1,1,1,-3.793510295106313
1,"[14, 4, 3]",monotone,8,6,4,-3.7895686879791195
