,flop,board_type,0b,1b,2b,profit
0,"[13, 9, 7]",monotone,1,1,1,1.3533577425698693
1,"[13, 9, 7]",monotone,2,2,2,1.6579373021547323
2,"[13, 9, 7]",monotone,3,2,2,1.7280456067991776
3,"[13, 9, 7]",monotone,8,6,4,2.1700196938991763
4,"[13, 9, 7]",monotone,10,7,5,2.1852755362325107
