,flop,board_type,0b,1b,2b,profit
0,"[13, 8, 5]",monotone,1,1,1,-1.5869541677720724
1,"[13, 8, 5]",monotone,2,2,2,-1.5831209353159328
