,flop,board_type,0b,1b,2b,profit
0,"[12, 6, 2]",monotone,1,1,1,-0.42714326922149287
1,"[12, 6, 2]",monotone,2,2,2,-0.4112394576535094
2,"[12, 6, 2]",monotone,3,2,2,-0.39235204295504345
