,flop,board_type,0b,1b,2b,profit
0,"[11, 10, 2]",monotone,1,1,1,0.765188509916487
1,"[11, 10, 2]",monotone,2,2,2,0.8468791999490382
