,flop,board_type,0b,1b,2b,profit
0,"[11, 9, 5]",monotone,1,1,1,0.3600890194705374
1,"[11, 9, 5]",monotone,2,2,2,0.6666071546254038
