,flop,board_type,0b,1b,2b,profit
0,"[11, 8, 7]",monotone,1,1,1,2.530644969629895
1,"[11, 8, 7]",monotone,8,6,4,3.3271606800408557
2,"[11, 8, 7]",monotone,10,7,5,3.340060050177839
