,flop,board_type,0b,1b,2b,profit
0,"[10, 8, 3]",monotone,1,1,1,1.0918294010683611
1,"[10, 8, 3]",monotone,2,2,2,1.092839726145653
2,"[10, 8, 3]",monotone,8,6,4,1.1644780807110964
