,flop,board_type,0b,1b,2b,profit
0,"[10, 7, 5]",monotone,1,1,1,-2.5786318875211256
1,"[10, 7, 5]",monotone,2,2,2,-2.5732538721126765
2,"[10, 7, 5]",monotone,3,2,2,-2.5696915912394367
