,flop,board_type,0b,1b,2b,profit
0,"[10, 6, 4]",monotone,1,1,1,-2.770688859633804
1,"[10, 6, 4]",monotone,2,2,2,-2.7525214627183114
