,flop,board_type,0b,1b,2b,profit
0,"[9, 4, 2]",monotone,1,1,1,-1.6069816231481486
1,"[9, 4, 2]",monotone,2,2,2,-1.597043061419753
