,flop,board_type,0b,1b,2b,profit
0,"[8, 4, 3]",monotone,1,1,1,-2.593475784177216
1,"[8, 4, 3]",monotone,2,2,2,-2.579251842405063
