,flop,board_type,0b,1b,2b,profit
0,"[7, 6, 5]",monotone,1,1,1,-2.3137546452333666
1,"[7, 6, 5]",monotone,2,2,2,-2.310237000496525
