,flop,board_type,0b,1b,2b,profit
0,"[5, 4, 3]",monotone,1,1,1,-6.1236832641502135
1,"[5, 4, 3]",monotone,2,2,2,-6.101793864653503
