,flop,board_type,0b,1b,2b,profit
0,"[5, 4, 2]",monotone,1,1,1,-4.6386099242063725
1,"[5, 4, 2]",monotone,2,2,2,-4.621953063436266
