,flop,board_type,0b,1b,2b,profit
0,"[14, 14, 13]",rainbow,1,1,1,9.377083543638491
1,"[14, 14, 13]",rainbow,2,2,2,9.38574154363849
2,"[14, 14, 13]",rainbow,15,10,7,9.915230025817024
