,flop,board_type,0b,1b,2b,profit
0,"[14, 14, 9]",rainbow,1,1,1,8.0767687726047
1,"[14, 14, 9]",rainbow,15,10,7,9.748678910435123
