,flop,board_type,0b,1b,2b,profit
0,"[14, 14, 6]",rainbow,1,1,1,8.673848205083496
1,"[14, 14, 6]",rainbow,3,2,2,8.674432085173995
2,"[14, 14, 6]",rainbow,15,10,7,10.688612128771947
3,"[14, 14, 6]",rainbow,16,11,8,10.692833891483811
