,flop,board_type,0b,1b,2b,profit
0,"[14, 14, 3]",rainbow,1,1,1,9.654327132998006
1,"[14, 14, 3]",rainbow,8,6,4,9.654721104828992
2,"[14, 14, 3]",rainbow,15,10,7,12.11671590613874
