,flop,board_type,0b,1b,2b,profit
0,"[14, 13, 7]",rainbow,1,1,1,8.725826164320882
1,"[14, 13, 7]",rainbow,8,6,4,8.727435664320883
