,flop,board_type,0b,1b,2b,profit
0,"[14, 13, 5]",rainbow,1,1,1,9.079463215232389
1,"[14, 13, 5]",rainbow,2,2,2,9.08232410808953
2,"[14, 13, 5]",rainbow,8,6,4,9.085611492018103
