,flop,board_type,0b,1b,2b,profit
0,"[14, 11, 9]",rainbow,1,1,1,5.4079213168825895
1,"[14, 11, 9]",rainbow,2,2,2,5.415700993805667
2,"[14, 11, 9]",rainbow,3,2,2,5.416543645087717
3,"[14, 11, 9]",rainbow,15,10,7,5.435651629315386
