,flop,board_type,0b,1b,2b,profit
0,"[14, 8, 2]",rainbow,1,1,1,6.7876688784584465
1,"[14, 8, 2]",rainbow,2,2,2,6.791695510025266
2,"[14, 8, 2]",rainbow,3,2,2,6.796560234218814
3,"[14, 8, 2]",rainbow,8,6,4,6.798070192283332
