,flop,board_type,0b,1b,2b,profit
0,"[14, 5, 4]",rainbow,1,1,1,8.53075956058608
1,"[14, 5, 4]",rainbow,2,2,2,8.530772624432235
