,flop,board_type,0b,1b,2b,profit
0,"[13, 13, 10]",rainbow,1,1,1,7.950883019775432
1,"[13, 13, 10]",rainbow,8,6,4,7.951587737205388
2,"[13, 13, 10]",rainbow,15,10,7,9.249689710086134
3,"[13, 13, 10]",rainbow,16,11,8,9.260416266338382
