,flop,board_type,0b,1b,2b,profit
0,"[13, 13, 8]",rainbow,1,1,1,6.864181718444262
1,"[13, 13, 8]",rainbow,2,2,2,6.866953892280961
2,"[13, 13, 8]",rainbow,4,3,2,6.866998915985965
3,"[13, 13, 8]",rainbow,8,6,4,6.870462525292374
4,"[13, 13, 8]",rainbow,15,10,7,8.353128772614324
5,"[13, 13, 8]",rainbow,16,11,8,8.35357903842126
