,flop,board_type,0b,1b,2b,profit
0,"[13, 13, 6]",rainbow,1,1,1,7.372926933162115
1,"[13, 13, 6]",rainbow,15,10,7,9.052183755332843
2,"[13, 13, 6]",rainbow,16,11,8,9.05298266297112
