,flop,board_type,0b,1b,2b,profit
0,"[13, 13, 3]",rainbow,1,1,1,8.559940869752898
1,"[13, 13, 3]",rainbow,2,2,2,8.563666505467186
2,"[13, 13, 3]",rainbow,3,2,2,8.57387990462685
3,"[13, 13, 3]",rainbow,4,3,2,8.576326191496598
4,"[13, 13, 3]",rainbow,15,10,7,10.598212213870545
