,flop,board_type,0b,1b,2b,profit
0,"[13, 12, 7]",rainbow,1,1,1,9.802939329595732
1,"[13, 12, 7]",rainbow,2,2,2,9.808011820877784
2,"[13, 12, 7]",rainbow,3,2,2,9.81750656354445
3,"[13, 12, 7]",rainbow,8,6,4,9.820945760980349
