,flop,board_type,0b,1b,2b,profit
0,"[13, 12, 5]",rainbow,1,1,1,11.175385584659264
1,"[13, 12, 5]",rainbow,2,2,2,11.201316394500534
2,"[13, 12, 5]",rainbow,8,6,4,11.211583832156212
