,flop,board_type,0b,1b,2b,profit
0,"[13, 11, 11]",rainbow,1,1,1,3.847740946891232
1,"[13, 11, 11]",rainbow,2,2,2,3.851232372605517
2,"[13, 11, 11]",rainbow,15,10,7,3.9978648392410707
