,flop,board_type,0b,1b,2b,profit
0,"[13, 10, 6]",rainbow,1,1,1,8.480115410422878
1,"[13, 10, 6]",rainbow,2,2,2,8.497212837791299
2,"[13, 10, 6]",rainbow,3,2,2,8.503445273580772
