,flop,board_type,0b,1b,2b,profit
0,"[13, 10, 5]",rainbow,1,1,1,9.66153618099105
1,"[13, 10, 5]",rainbow,2,2,2,9.662079390324383
2,"[13, 10, 5]",rainbow,15,10,7,9.668646816324381
