,flop,board_type,0b,1b,2b,profit
0,"[13, 10, 4]",rainbow,1,1,1,9.65151862832438
1,"[13, 10, 4]",rainbow,2,2,2,9.681481635324383
