,flop,board_type,0b,1b,2b,profit
0,"[13, 10, 2]",rainbow,1,1,1,9.661392238657719
1,"[13, 10, 2]",rainbow,10,7,5,9.664212353991049
2,"[13, 10, 2]",rainbow,15,10,7,9.66659956932438
3,"[13, 10, 2]",rainbow,16,11,8,9.680439394657718
