,flop,board_type,0b,1b,2b,profit
0,"[13, 9, 6]",rainbow,1,1,1,8.551106994752054
1,"[13, 9, 6]",rainbow,2,2,2,8.554019454783585
2,"[13, 9, 6]",rainbow,3,2,2,8.562536993333055
3,"[13, 9, 6]",rainbow,15,10,7,8.563868218914449
