,flop,board_type,0b,1b,2b,profit
0,"[13, 9, 4]",rainbow,1,1,1,9.519178861399276
1,"[13, 9, 4]",rainbow,2,2,2,9.533018474077444
