,flop,board_type,0b,1b,2b,profit
0,"[13, 6, 6]",rainbow,1,1,1,6.643085433849622
1,"[13, 6, 6]",rainbow,2,2,2,6.6440579561087585
2,"[13, 6, 6]",rainbow,3,2,2,6.644144617238326
3,"[13, 6, 6]",rainbow,8,6,4,6.6552239660755355
