,flop,board_type,0b,1b,2b,profit
0,"[13, 4, 3]",rainbow,1,1,1,9.48717558535853
1,"[13, 4, 3]",rainbow,2,2,2,9.488182372567833
