,flop,board_type,0b,1b,2b,profit
0,"[13, 4, 2]",rainbow,1,1,1,9.534781764428299
1,"[13, 4, 2]",rainbow,15,10,7,9.53921793535853
