,flop,board_type,0b,1b,2b,profit
0,"[13, 3, 3]",rainbow,1,1,1,8.39787802146525
1,"[13, 3, 3]",rainbow,2,2,2,8.409536357723178
