,flop,board_type,0b,1b,2b,profit
0,"[12, 11, 6]",rainbow,1,1,1,4.314825170876033
1,"[12, 11, 6]",rainbow,8,6,4,4.318645869100135
