,flop,board_type,0b,1b,2b,profit
0,"[12, 9, 8]",rainbow,1,1,1,0.6426657721932352
1,"[12, 9, 8]",rainbow,2,2,2,0.6667190303381637
