,flop,board_type,0b,1b,2b,profit
0,"[12, 9, 6]",rainbow,1,1,1,4.768488051574211
1,"[12, 9, 6]",rainbow,2,2,2,4.769853140224885
2,"[12, 9, 6]",rainbow,10,7,5,4.772978143583209
3,"[12, 9, 6]",rainbow,16,11,8,4.781323804782606
