,flop,board_type,0b,1b,2b,profit
0,"[12, 7, 5]",rainbow,1,1,1,5.397747541713417
1,"[12, 7, 5]",rainbow,10,7,5,5.402763409350165
2,"[12, 7, 5]",rainbow,15,10,7,5.406772009069658
