,flop,board_type,0b,1b,2b,profit
0,"[12, 7, 2]",rainbow,1,1,1,5.506726628179056
1,"[12, 7, 2]",rainbow,8,6,4,5.511203879862085
2,"[12, 7, 2]",rainbow,10,7,5,5.512688877197289
