,flop,board_type,0b,1b,2b,profit
0,"[12, 6, 3]",rainbow,1,1,1,5.486281597078074
1,"[12, 6, 3]",rainbow,15,10,7,5.486940799041608
