,flop,board_type,0b,1b,2b,profit
0,"[12, 5, 4]",rainbow,1,1,1,6.939881742417341
1,"[12, 5, 4]",rainbow,15,10,7,6.942452194290251
