,flop,board_type,0b,1b,2b,profit
0,"[12, 4, 2]",rainbow,1,1,1,7.019700880912325
1,"[12, 4, 2]",rainbow,2,2,2,7.023842410945769
2,"[12, 4, 2]",rainbow,8,6,4,7.024727835795268
3,"[12, 4, 2]",rainbow,15,10,7,7.026775738771859
