,flop,board_type,0b,1b,2b,profit
0,"[12, 3, 2]",rainbow,1,1,1,7.024092245092926
1,"[12, 3, 2]",rainbow,2,2,2,7.026842458805302
2,"[12, 3, 2]",rainbow,3,2,2,7.031041983554466
