,flop,board_type,0b,1b,2b,profit
0,"[11, 11, 8]",rainbow,1,1,1,-0.6003390687021064
1,"[11, 11, 8]",rainbow,2,2,2,-0.5940226605783148
2,"[11, 11, 8]",rainbow,8,6,4,-0.590990392493209
3,"[11, 11, 8]",rainbow,15,10,7,-0.20639378037199574
4,"[11, 11, 8]",rainbow,16,11,8,-0.20264325425980978
