,flop,board_type,0b,1b,2b,profit
0,"[11, 5, 4]",rainbow,1,1,1,5.133039235309849
1,"[11, 5, 4]",rainbow,2,2,2,5.140105187385185
2,"[11, 5, 4]",rainbow,3,2,2,5.145307770677829
