,flop,board_type,0b,1b,2b,profit
0,"[11, 2, 2]",rainbow,1,1,1,4.55909635378444
1,"[11, 2, 2]",rainbow,10,7,5,4.56489048538542
