,flop,board_type,0b,1b,2b,profit
0,"[10, 9, 7]",rainbow,1,1,1,2.4414413598088696
1,"[10, 9, 7]",rainbow,2,2,2,2.455107434565451
2,"[10, 9, 7]",rainbow,16,11,8,2.463982041678684
