,flop,board_type,0b,1b,2b,profit
0,"[10, 7, 5]",rainbow,1,1,1,5.602554370087498
1,"[10, 7, 5]",rainbow,8,6,4,5.605964147584794
2,"[10, 7, 5]",rainbow,10,7,5,5.616944778886633
