,flop,board_type,0b,1b,2b,profit
0,"[10, 6, 5]",rainbow,1,1,1,5.787761117550819
1,"[10, 6, 5]",rainbow,2,2,2,5.804523390468236
