,flop,board_type,0b,1b,2b,profit
0,"[10, 5, 5]",rainbow,1,1,1,6.5338290744630365
1,"[10, 5, 5]",rainbow,2,2,2,6.538245311422543
2,"[10, 5, 5]",rainbow,3,2,2,6.5386711701219244
3,"[10, 5, 5]",rainbow,10,7,5,6.539568077294197
4,"[10, 5, 5]",rainbow,15,10,7,6.541374452465782
5,"[10, 5, 5]",rainbow,16,11,8,6.549675521185756
