,flop,board_type,0b,1b,2b,profit
0,"[10, 4, 3]",rainbow,1,1,1,7.368794200583389
1,"[10, 4, 3]",rainbow,8,6,4,7.382149359471516
