,flop,board_type,0b,1b,2b,profit
0,"[9, 9, 8]",rainbow,1,1,1,5.067304540412697
1,"[9, 9, 8]",rainbow,2,2,2,5.072806506425396
