,flop,board_type,0b,1b,2b,profit
0,"[9, 9, 5]",rainbow,1,1,1,4.191898989926051
1,"[9, 9, 5]",rainbow,2,2,2,4.197881534341635
2,"[9, 9, 5]",rainbow,3,2,2,4.205012555553756
3,"[9, 9, 5]",rainbow,15,10,7,4.205428121614361
