,flop,board_type,0b,1b,2b,profit
0,"[9, 8, 8]",rainbow,1,1,1,7.059712707344261
1,"[9, 8, 8]",rainbow,8,6,4,7.075053283409835
