,flop,board_type,0b,1b,2b,profit
0,"[9, 7, 7]",rainbow,1,1,1,7.122276933765598
1,"[9, 7, 7]",rainbow,16,11,8,7.12801554278199
