,flop,board_type,0b,1b,2b,profit
0,"[9, 6, 2]",rainbow,1,1,1,5.7545389989071
1,"[9, 6, 2]",rainbow,8,6,4,5.754669166120216
2,"[9, 6, 2]",rainbow,10,7,5,5.75692842251366
