,flop,board_type,0b,1b,2b,profit
0,"[8, 8, 8]",rainbow,1,1,1,9.070193873641024
1,"[8, 8, 8]",rainbow,10,7,5,9.072357906871794
