,flop,board_type,0b,1b,2b,profit
0,"[8, 6, 6]",rainbow,1,1,1,8.216043738322577
1,"[8, 6, 6]",rainbow,10,7,5,8.220095682322578
2,"[8, 6, 6]",rainbow,15,10,7,8.237313995161287
