,flop,board_type,0b,1b,2b,profit
0,"[8, 6, 5]",rainbow,1,1,1,8.232466076129029
1,"[8, 6, 5]",rainbow,8,6,4,8.24712672219355
