,flop,board_type,0b,1b,2b,profit
0,"[8, 5, 5]",rainbow,1,1,1,7.4475489158974355
1,"[8, 5, 5]",rainbow,2,2,2,7.4570444137435885
