,flop,board_type,0b,1b,2b,profit
0,"[8, 5, 3]",rainbow,1,1,1,9.360484947605936
1,"[8, 5, 3]",rainbow,16,11,8,9.362778902067475
