,flop,board_type,0b,1b,2b,profit
0,"[7, 7, 3]",rainbow,1,1,1,9.250049147799329
1,"[7, 7, 3]",rainbow,16,11,8,9.25096161333779
