,flop,board_type,0b,1b,2b,profit
0,"[7, 6, 3]",rainbow,1,1,1,9.593746840129025
1,"[7, 6, 3]",rainbow,8,6,4,9.601161334580642
