,flop,board_type,0b,1b,2b,profit
0,"[6, 4, 2]",rainbow,1,1,1,10.803379094540944
1,"[6, 4, 2]",rainbow,2,2,2,10.806750864694788
