,flop,board_type,0b,1b,2b,profit
0,"[5, 5, 5]",rainbow,1,1,1,10.588509711058819
1,"[5, 5, 5]",rainbow,2,2,2,10.593200462235288
2,"[5, 5, 5]",rainbow,3,2,2,10.59345516588235
