,flop,board_type,0b,1b,2b,profit
0,"[5, 3, 2]",rainbow,1,1,1,12.930493409176469
1,"[5, 3, 2]",rainbow,2,2,2,12.944396694588233
2,"[5, 3, 2]",rainbow,8,6,4,12.95625045858823
