,flop,board_type,0b,1b,2b,profit
0,"[14, 13, 5]",rainbow,1,1,1,1.4097425882988022
1,"[14, 13, 5]",rainbow,2,2,2,1.5385639274842382
2,"[14, 13, 5]",rainbow,3,2,2,1.6807876409050235
3,"[14, 13, 5]",rainbow,4,3,2,1.7117374821059594
4,"[14, 13, 5]",rainbow,8,6,4,2.1429592275279643
5,"[14, 13, 5]",rainbow,10,7,5,2.1433001973286556
