,flop,board_type,0b,1b,2b,profit
0,"[14, 11, 7]",rainbow,1,1,1,1.1519367006198342
1,"[14, 11, 7]",rainbow,2,2,2,1.349732935950413
2,"[14, 11, 7]",rainbow,8,6,4,1.4336652643595043
