,flop,board_type,0b,1b,2b,profit
0,"[14, 11, 2]",rainbow,1,1,1,1.4792603803246651
1,"[14, 11, 2]",rainbow,2,2,2,1.5233090997307273
