,flop,board_type,0b,1b,2b,profit
0,"[14, 2, 2]",rainbow,1,1,1,0.8419081904808753
1,"[14, 2, 2]",rainbow,8,6,4,0.991898006252863
