,flop,board_type,0b,1b,2b,profit
0,"[13, 13, 7]",rainbow,1,1,1,1.0307646815741565
1,"[13, 13, 7]",rainbow,8,6,4,1.2538776537577347
2,"[13, 13, 7]",rainbow,10,7,5,1.3563269822795678
3,"[13, 13, 7]",rainbow,15,10,7,1.4837242662333836
4,"[13, 13, 7]",rainbow,16,11,8,1.530324427640788
