,flop,board_type,0b,1b,2b,profit
0,"[13, 13, 4]",rainbow,1,1,1,1.1092222675835839
1,"[13, 13, 4]",rainbow,2,2,2,1.1135149445487582
2,"[13, 13, 4]",rainbow,8,6,4,1.1876838149439743
3,"[13, 13, 4]",rainbow,10,7,5,1.3102022167327922
