,flop,board_type,0b,1b,2b,profit
0,"[13, 12, 3]",rainbow,1,1,1,1.079820438970402
1,"[13, 12, 3]",rainbow,2,2,2,1.122827893941725
2,"[13, 12, 3]",rainbow,10,7,5,1.2147635564381483
