,flop,board_type,0b,1b,2b,profit
0,"[13, 12, 2]",rainbow,1,1,1,1.1042343069314442
1,"[13, 12, 2]",rainbow,2,2,2,1.1352698989834653
2,"[13, 12, 2]",rainbow,10,7,5,1.2158226348228383
