,flop,board_type,0b,1b,2b,profit
0,"[13, 11, 9]",rainbow,1,1,1,1.2344183199055743
1,"[13, 11, 9]",rainbow,8,6,4,1.5260764876853479
2,"[13, 11, 9]",rainbow,10,7,5,1.7201448248604017
