,flop,board_type,0b,1b,2b,profit
0,"[13, 11, 3]",rainbow,1,1,1,1.2804551142008473
1,"[13, 11, 3]",rainbow,2,2,2,1.341220199911266
2,"[13, 11, 3]",rainbow,10,7,5,1.3782074031196412
