,flop,board_type,0b,1b,2b,profit
0,"[13, 10, 10]",rainbow,1,1,1,1.2960193898177295
1,"[13, 10, 10]",rainbow,2,2,2,1.4272582571542762
2,"[13, 10, 10]",rainbow,3,2,2,1.445570656307539
3,"[13, 10, 10]",rainbow,8,6,4,2.1255800792220816
4,"[13, 10, 10]",rainbow,10,7,5,2.3823256496040637
5,"[13, 10, 10]",rainbow,15,10,7,2.7073032430643074
6,"[13, 10, 10]",rainbow,16,11,8,2.7136250318144164
