,flop,board_type,0b,1b,2b,profit
0,"[13, 10, 5]",rainbow,1,1,1,1.236930310592144
1,"[13, 10, 5]",rainbow,2,2,2,1.3145018540839306
2,"[13, 10, 5]",rainbow,10,7,5,1.5446569390410958
