,flop,board_type,0b,1b,2b,profit
0,"[13, 9, 9]",rainbow,1,1,1,0.7166870776608911
1,"[13, 9, 9]",rainbow,8,6,4,1.5645584496028297
2,"[13, 9, 9]",rainbow,10,7,5,1.7562410492442124
3,"[13, 9, 9]",rainbow,15,10,7,2.0015026329525276
4,"[13, 9, 9]",rainbow,16,11,8,2.064018280513218
