,flop,board_type,0b,1b,2b,profit
0,"[13, 9, 7]",rainbow,1,1,1,0.634690136080645
1,"[13, 9, 7]",rainbow,2,2,2,0.6807279690403226
2,"[13, 9, 7]",rainbow,3,2,2,0.8122753607876342
3,"[13, 9, 7]",rainbow,8,6,4,1.0086934776693548
4,"[13, 9, 7]",rainbow,10,7,5,1.2531273525181903
