,flop,board_type,0b,1b,2b,profit
0,"[13, 6, 2]",rainbow,1,1,1,0.8358334066292677
1,"[13, 6, 2]",rainbow,2,2,2,0.8429137839256847
