,flop,board_type,0b,1b,2b,profit
0,"[13, 4, 4]",rainbow,1,1,1,0.8988505639705879
1,"[13, 4, 4]",rainbow,8,6,4,1.2024030920172368
2,"[13, 4, 4]",rainbow,10,7,5,1.3532856699525124
