,flop,board_type,0b,1b,2b,profit
0,"[12, 12, 5]",rainbow,1,1,1,1.1378868744547044
1,"[12, 12, 5]",rainbow,2,2,2,1.1388668567722473
2,"[12, 12, 5]",rainbow,10,7,5,1.280975993008836
