,flop,board_type,0b,1b,2b,profit
0,"[12, 11, 9]",rainbow,1,1,1,1.0287663716375268
1,"[12, 11, 9]",rainbow,2,2,2,1.2643121058546107
