,flop,board_type,0b,1b,2b,profit
0,"[12, 10, 7]",rainbow,1,1,1,0.9784393285479451
1,"[12, 10, 7]",rainbow,2,2,2,1.0190015838356163
2,"[12, 10, 7]",rainbow,8,6,4,1.0945384903561641
3,"[12, 10, 7]",rainbow,10,7,5,1.376991190634815
