,flop,board_type,0b,1b,2b,profit
0,"[12, 9, 9]",rainbow,1,1,1,0.6584529871321718
1,"[12, 9, 9]",rainbow,2,2,2,0.7860733228432981
2,"[12, 9, 9]",rainbow,3,2,2,1.0540356791087073
3,"[12, 9, 9]",rainbow,8,6,4,1.4864539590523196
4,"[12, 9, 9]",rainbow,10,7,5,1.6287588749011688
5,"[12, 9, 9]",rainbow,15,10,7,1.9257884409392994
6,"[12, 9, 9]",rainbow,16,11,8,2.0024506495046106
