,flop,board_type,0b,1b,2b,profit
0,"[12, 9, 3]",rainbow,1,1,1,0.7903237747893077
1,"[12, 9, 3]",rainbow,2,2,2,0.8283476291815318
