,flop,board_type,0b,1b,2b,profit
0,"[12, 9, 2]",rainbow,1,1,1,0.8270228366268548
1,"[12, 9, 2]",rainbow,2,2,2,0.8529409009358354
