,flop,board_type,0b,1b,2b,profit
0,"[12, 8, 2]",rainbow,1,1,1,0.3500312558709328
1,"[12, 8, 2]",rainbow,2,2,2,0.3544627104592733
