,flop,board_type,0b,1b,2b,profit
0,"[12, 6, 6]",rainbow,1,1,1,0.9788607971700448
1,"[12, 6, 6]",rainbow,8,6,4,1.4152202810263521
2,"[12, 6, 6]",rainbow,10,7,5,1.587447733571955
