,flop,board_type,0b,1b,2b,profit
0,"[11, 11, 8]",rainbow,1,1,1,1.185357250223358
1,"[11, 11, 8]",rainbow,8,6,4,1.4873014302138845
2,"[11, 11, 8]",rainbow,10,7,5,1.7030808078237678
3,"[11, 11, 8]",rainbow,15,10,7,1.8687588423179715
