,flop,board_type,0b,1b,2b,profit
0,"[11, 10, 8]",rainbow,1,1,1,1.4303896302651518
1,"[11, 10, 8]",rainbow,2,2,2,1.4636966815095234
