,flop,board_type,0b,1b,2b,profit
0,"[11, 9, 9]",rainbow,1,1,1,0.5995562290229506
1,"[11, 9, 9]",rainbow,2,2,2,0.6971822022163932
2,"[11, 9, 9]",rainbow,3,2,2,0.9485305361967212
3,"[11, 9, 9]",rainbow,4,3,2,0.9499270527245899
4,"[11, 9, 9]",rainbow,8,6,4,1.3954729538111685
5,"[11, 9, 9]",rainbow,10,7,5,1.593803144842058
6,"[11, 9, 9]",rainbow,15,10,7,1.937950384097513
7,"[11, 9, 9]",rainbow,16,11,8,2.0161657075908197
