,flop,board_type,0b,1b,2b,profit
0,"[11, 8, 8]",rainbow,1,1,1,0.559252265594845
1,"[11, 8, 8]",rainbow,8,6,4,1.1613933226156632
2,"[11, 8, 8]",rainbow,10,7,5,1.2979876337640377
3,"[11, 8, 8]",rainbow,15,10,7,1.6041965128460893
4,"[11, 8, 8]",rainbow,16,11,8,1.625015995627137
