,flop,board_type,0b,1b,2b,profit
0,"[11, 8, 6]",rainbow,1,1,1,0.9089789953353309
1,"[11, 8, 6]",rainbow,8,6,4,0.9139163540996532
2,"[11, 8, 6]",rainbow,10,7,5,1.1198963220723142
