,flop,board_type,0b,1b,2b,profit
0,"[11, 7, 5]",rainbow,1,1,1,1.0019871199999997
1,"[11, 7, 5]",rainbow,8,6,4,1.0628726832786883
2,"[11, 7, 5]",rainbow,10,7,5,1.2887479441445129
