,flop,board_type,0b,1b,2b,profit
0,"[11, 5, 4]",rainbow,1,1,1,1.175933817985682
1,"[11, 5, 4]",rainbow,10,7,5,1.3371725886500423
