,flop,board_type,0b,1b,2b,profit
0,"[10, 8, 5]",rainbow,1,1,1,0.2570174113030505
1,"[10, 8, 5]",rainbow,10,7,5,0.31014174335335154
