,flop,board_type,0b,1b,2b,profit
0,"[9, 9, 8]",rainbow,1,1,1,0.17847269258414653
1,"[9, 9, 8]",rainbow,2,2,2,0.26700717310693645
2,"[9, 9, 8]",rainbow,3,2,2,0.5389585559740969
3,"[9, 9, 8]",rainbow,4,3,2,0.5437164776624434
4,"[9, 9, 8]",rainbow,8,6,4,0.7289875128638056
5,"[9, 9, 8]",rainbow,10,7,5,1.0988056982476455
6,"[9, 9, 8]",rainbow,15,10,7,1.3658143255975104
7,"[9, 9, 8]",rainbow,16,11,8,1.3851181901563208
