,flop,board_type,0b,1b,2b,profit
0,"[9, 8, 8]",rainbow,1,1,1,-0.008092377811723714
1,"[9, 8, 8]",rainbow,2,2,2,0.10526714120371353
2,"[9, 8, 8]",rainbow,3,2,2,0.39261656921236543
3,"[9, 8, 8]",rainbow,4,3,2,0.3932874314672021
4,"[9, 8, 8]",rainbow,8,6,4,0.5753375017297935
5,"[9, 8, 8]",rainbow,10,7,5,0.8787519807942328
6,"[9, 8, 8]",rainbow,15,10,7,1.1537402160573202
7,"[9, 8, 8]",rainbow,16,11,8,1.1984182192071509
