,flop,board_type,0b,1b,2b,profit
0,"[9, 8, 5]",rainbow,1,1,1,-0.09111081872917579
1,"[9, 8, 5]",rainbow,2,2,2,0.01648328792311935
2,"[9, 8, 5]",rainbow,8,6,4,0.13331195950624253
