,flop,board_type,0b,1b,2b,profit
0,"[9, 6, 3]",rainbow,1,1,1,0.17135210808401632
1,"[9, 6, 3]",rainbow,8,6,4,0.1905919179856554
