,flop,board_type,0b,1b,2b,profit
0,"[9, 2, 2]",rainbow,1,1,1,0.14472246528632418
1,"[9, 2, 2]",rainbow,8,6,4,0.30607962174363534
