,flop,board_type,0b,1b,2b,profit
0,"[8, 8, 7]",rainbow,1,1,1,-0.17258420222222237
1,"[8, 8, 7]",rainbow,8,6,4,0.01836604511342166
2,"[8, 8, 7]",rainbow,10,7,5,0.2316087832435193
3,"[8, 8, 7]",rainbow,15,10,7,0.4294705516460616
4,"[8, 8, 7]",rainbow,16,11,8,0.5318780421421021
