,flop,board_type,0b,1b,2b,profit
0,"[8, 8, 6]",rainbow,1,1,1,-0.012413466392718453
1,"[8, 8, 6]",rainbow,8,6,4,0.03028320078477384
2,"[8, 8, 6]",rainbow,10,7,5,0.10234690778645886
3,"[8, 8, 6]",rainbow,15,10,7,0.34463024939678194
4,"[8, 8, 6]",rainbow,16,11,8,0.39480378061575566
