,flop,board_type,0b,1b,2b,profit
0,"[8, 6, 6]",rainbow,1,1,1,0.10482400867243867
1,"[8, 6, 6]",rainbow,8,6,4,0.312066504986879
2,"[8, 6, 6]",rainbow,10,7,5,0.3956747373401771
3,"[8, 6, 6]",rainbow,15,10,7,0.5988018943251965
4,"[8, 6, 6]",rainbow,16,11,8,0.7423973064225149
