,flop,board_type,0b,1b,2b,profit
0,"[8, 3, 3]",rainbow,1,1,1,-0.21228547732066244
1,"[8, 3, 3]",rainbow,2,2,2,-0.21125528713661323
