,flop,board_type,0b,1b,2b,profit
0,"[7, 3, 3]",rainbow,1,1,1,0.024251359768292763
1,"[7, 3, 3]",rainbow,2,2,2,0.02444132912195124
