,flop,board_type,0b,1b,2b,profit
0,"[6, 6, 6]",rainbow,1,1,1,0.7254912385035687
1,"[6, 6, 6]",rainbow,8,6,4,0.8099978292963084
2,"[6, 6, 6]",rainbow,15,10,7,0.905864256875804
3,"[6, 6, 6]",rainbow,16,11,8,1.1465639648217136
