,flop,board_type,0b,1b,2b,profit
0,"[5, 5, 5]",rainbow,1,1,1,0.5672388454083137
1,"[5, 5, 5]",rainbow,8,6,4,0.6030654679432113
2,"[5, 5, 5]",rainbow,15,10,7,0.6179430463288049
3,"[5, 5, 5]",rainbow,16,11,8,0.8109935974189865
